position,policy,method,mapping,q0,a_final,ell,pv,price,E_before,E_after,R,plan_time,version_id,published,c,s,g,w,normal,adjustment,emergency,total
11232,C2,P1,Q43,582.97806887534,582.97806887534,568.4183333333334,0.0,0.4495,4485.31990276248,4498.423664750286,4485.31990276248,11232,C2_d78_s0,11232,14.559735542006592,0.0,0.0,0.0,262.04864195946533,0.0,0.0,262.04864195946533
11233,C2,P1,Q43,583.8106204508025,583.8106204508025,549.8448166666667,0.0,0.4487,4498.423664750286,4528.992888156008,4485.31990276248,11232,C2_d78_s0,11232,33.9658037841358,0.0,0.0,0.0,261.9558253962751,0.0,0.0,261.9558253962751
11234,C2,P1,Q43,578.1753967536122,578.1753967536122,570.3135,0.0,0.4373,4528.992888156008,4536.068595234259,4485.31990276248,11232,C2_d78_s0,11232,7.8618967536122,0.0,0.0,0.0,252.83610100035463,0.0,0.0,252.83610100035463
11235,C2,P1,Q43,578.7412321114311,578.7412321114311,613.8516666666667,0.0,0.4311,4536.068595234259,4497.057001283997,4485.31990276248,11232,C2_d78_s0,11232,0.0,35.11043455523554,0.0,0.0,249.49534516323797,0.0,0.0,249.49534516323797
11236,C2,P1,Q43,581.7286625062479,581.7286625062479,579.4561666666667,0.0,0.4344,4497.057001283997,4499.10224753962,4485.31990276248,11232,C2_d78_s0,11232,2.272495839581211,0.0,0.0,0.0,252.7029309927141,0.0,0.0,252.7029309927141
11237,C2,P1,Q43,578.681899991882,578.681899991882,550.4449166666667,0.0,0.4238,4499.10224753962,4524.515532532314,4485.31990276248,11232,C2_d78_s0,11232,28.236983325215306,0.0,0.0,0.0,245.2453892165596,0.0,0.0,245.2453892165596
11238,C2,P1,Q43,571.8802187877394,571.8802187877394,571.1566666666666,0.0,0.4296,4524.515532532314,4525.166729441279,4524.515532532314,11238,C2_d78_s0,11232,0.7235521210727711,0.0,0.0,0.0,245.67974199121284,0.0,0.0,245.67974199121284
11239,C2,P1,Q43,569.69516928473,569.69516928473,601.5890499999999,0.0,0.4989,4525.166729441279,4524.515532532314,4524.515532532314,11238,C2_d78_s0,11232,0.0,0.5860772180686581,31.307803497201256,0.0,284.2209199561518,0.0,78.09731582376853,362.3182357799203
11240,C2,P1,Q43,1394.618350765239,1394.618350765239,611.48375,0.0,0.5083,4524.515532532314,5229.336673221029,5235.319902762476,11238,C2_d78_s0,11232,783.134600765239,0.0,0.0,0.0,708.8845076939709,0.0,0.0,708.8845076939709
11241,C2,P1,Q43,551.4208710910599,551.4208710910599,598.2166666666667,0.0,0.4468,5229.336673221029,5229.336673221029,5235.319902762476,11238,C2_d78_s0,11232,0.0,0.0,46.7957955756068,0.0,246.37484520348553,0.0,104.5418073159056,350.91665251939116
11242,C2,P1,Q43,559.6652489630391,559.6652489630391,583.9359499999999,0.0,0.4284,5229.336673221029,5229.336673221029,5235.319902762476,11238,C2_d78_s0,11232,0.0,0.0,24.270701036960872,0.0,239.76059265576595,0.0,51.98784162117018,291.7484342769361
11243,C2,P1,Q43,579.8412710123164,579.8412710123164,590.99505,0.0,0.4436,5229.336673221029,5229.336673221029,5235.319902762476,11238,C2_d78_s0,11232,0.0,0.0,11.153778987683609,0.0,257.21758782106355,0.0,24.739081794682242,281.9566696157458
11244,C2,P1,Q43,592.5995962868262,592.5995962868262,598.4433333333333,0.0,0.454,5229.336673221029,5229.336673221029,5229.336673221029,11244,C2_d78_s0,11232,0.0,0.0,5.843737046507044,0.0,269.0402167142191,0.0,13.265283095570991,282.3054998097901
11245,C2,P1,Q43,1414.5291578308636,1414.5291578308636,565.9836166666666,0.0,0.4404,5229.336673221029,5979.336673221029,5979.336673221029,11244,C2_d78_s0,11232,833.3333333333334,0.0,0.0,15.212207830863576,622.9586411087123,0.0,0.0,622.9586411087123
11246,C2,P1,Q43,1398.7729444469874,1398.7729444469874,546.1207666666667,0.0,0.4405,5979.336673221029,6729.336673221029,6729.336673221029,11244,C2_d78_s0,11232,833.3333333333334,0.0,0.0,19.318844446987328,616.159482028898,0.0,0.0,616.159482028898
11247,C2,P1,Q43,566.0525717603463,566.0525717603463,565.7133333333334,0.0,0.4545,6729.336673221029,6729.64198780534,6729.336673221029,11244,C2_d78_s0,11232,0.3392384270129014,0.0,0.0,0.0,257.27089386507737,0.0,0.0,257.27089386507737
11248,C2,P1,Q43,587.0293727570012,587.0293727570012,597.9265666666666,0.0,0.4389,6729.64198780534,6729.336673221029,6729.336673221029,11244,C2_d78_s0,11232,0.0,0.2747831258802762,10.622410783785199,0.0,257.64719170304784,0.0,23.31088046501662,280.95807216806446
11249,C2,P1,Q43,1432.5803512542907,1432.5803512542907,600.9544666666667,0.0,0.3868,6729.336673221029,7477.7999693498905,7479.336673221029,11244,C2_d78_s0,11232,831.625884587624,0.0,0.0,0.0,554.1220798651597,0.0,0.0,554.1220798651597
11250,C2,P1,Q43,1423.1463986239155,1423.1463986239155,587.1316666666667,0.0,0.3634,7477.7999693498905,8227.79996934989,8227.79996934989,11250,C2_d78_s0,11232,833.3333333333334,0.0,0.0,2.68139862391547,517.1714012599309,0.0,0.0,517.1714012599309
11251,C2,P1,Q43,1405.3475009696945,1405.3475009696945,605.2103000000001,0.0,0.4416,8227.79996934989,8947.923450222614,8977.79996934989,11250,C2_d78_s0,11232,800.1372009696944,0.0,0.0,0.0,620.601456428217,0.0,0.0,620.601456428217
11252,C2,P1,Q43,565.5724255546145,565.5724255546145,621.8923833333333,0.0,0.4839,8947.923450222614,8947.923450222614,8977.79996934989,11250,C2_d78_s0,11232,0.0,0.0,56.319957778718845,0.0,273.68049672587796,0.0,136.26613784561025,409.9466345714882
11253,C2,P1,Q43,577.8874742693696,577.8874742693696,620.1683333333334,0.0,0.4574,8947.923450222614,8947.923450222614,8977.79996934989,11250,C2_d78_s0,11232,0.0,0.0,42.28085906396382,0.0,264.32573073080965,0.0,96.69632467928524,361.0220554100949
11254,C2,P1,Q43,596.6449479438356,596.6449479438356,616.6230833333333,0.0,0.4575,8947.923450222614,8947.923450222614,8977.79996934989,11250,C2_d78_s0,11232,0.0,0.0,19.978135389497652,0.0,272.9650636843048,0.0,45.69998470347588,318.6650483877807
11255,C2,P1,Q43,587.9184764375702,587.9184764375702,612.46375,0.0,0.4629,8947.923450222614,8947.923450222614,8977.79996934989,11250,C2_d78_s0,11232,0.0,0.0,24.54527356242977,0.0,272.14746274295123,0.0,56.8100356602437,328.9574984031949
11256,C2,P1,Q43,571.4944678489675,571.4944678489675,603.93,0.0,0.4426,8947.923450222614,8947.923450222614,8947.923450222614,11256,C2_d78_s0,11232,0.0,0.0,32.435532151032476,0.0,252.943451469953,0.0,71.77983265023487,324.7232841201879
11257,C2,P1,Q43,596.9275754274705,596.9275754274705,589.79495,0.00031666666666666665,0.4023,8947.923450222614,8954.343098107338,8947.923450222614,11256,C2_d78_s0,11232,7.132942094137206,0.0,0.0,0.0,240.1439635944714,0.0,0.0,240.1439635944714
11258,C2,P1,Q43,600.7948970731424,600.7948970731424,581.4640499999999,0.0,0.4075,8954.343098107338,8971.740860473166,8947.923450222614,11256,C2_d78_s0,11232,19.330847073142422,0.0,0.0,0.0,244.82392055730548,0.0,0.0,244.82392055730548
11259,C2,P1,Q43,927.1454476503069,927.1454476503069,585.585,0.0,0.452,8971.740860473166,9279.145263358443,9262.603547460134,11256,C2_d78_s0,11232,341.56044765030686,0.0,0.0,0.0,419.06974233793875,0.0,0.0,419.06974233793875
11260,C2,P1,Q43,586.4719439559017,586.4719439559017,599.72965,0.004516666666666666,0.4646,9279.145263358443,9264.419497383518,9262.603547460134,11256,C2_d78_s0,11232,0.0,13.253189377431681,0.0,0.0,272.4748651619119,0.0,0.0,272.4748651619119
11261,C2,P1,Q43,601.4692364474504,601.4692364474504,616.7393166666667,0.0,0.4561,9264.419497383518,9262.603547460134,9262.603547460134,11256,C2_d78_s0,11232,0.0,1.6343549310458911,13.63572528817042,0.0,274.33011874368214,0.0,31.09627151967264,305.4263902633548
11262,C2,P1,Q43,1432.832742662315,1432.832742662315,625.595,0.0,0.4379,9262.603547460134,9989.117515856218,10012.603547460134,11262,C2_d78_s0,11232,807.237742662315,0.0,0.0,0.0,627.4374580118277,0.0,0.0,627.4374580118277
11263,C2,P1,Q43,1420.8092605811564,1420.8092605811564,619.49685,0.06293333333333333,0.4177,9989.117515856218,10710.35532537926,10762.603547460134,11262,C2_d78_s0,11232,801.3753439144898,0.0,0.0,0.0,593.4720281447491,0.0,0.0,593.4720281447491
11264,C2,P1,Q43,588.0467014846787,588.0467014846787,617.8444000000001,0.0,0.464,10710.35532537926,10710.35532537926,10762.603547460134,11262,C2_d78_s0,11232,0.0,0.0,29.797698515321372,0.0,272.85366948889094,0.0,69.13066055554559,341.98433004443655
11265,C2,P1,Q43,594.887133433296,594.887133433296,607.115,0.0,0.4802,10710.35532537926,10710.35532537926,10762.603547460134,11262,C2_d78_s0,11232,0.0,0.0,12.227866566704051,0.0,285.6648014746687,0.0,29.35910762665643,315.02390910132516
11266,C2,P1,Q43,595.2847849052292,595.2847849052292,576.3066333333334,0.8765666666666667,0.352,10710.35532537926,10728.224571793966,10762.603547460134,11262,C2_d78_s0,11232,19.854718238562555,0.0,0.0,0.0,209.54024428664067,0.0,0.0,209.54024428664067
11267,C2,P1,Q43,674.4472430976772,674.4472430976772,671.4631166666667,0.0,0.5794,10728.224571793966,10730.910285581875,10762.603547460134,11262,C2_d78_s0,11232,2.984126431010509,0.0,0.0,0.0,390.7747326507942,0.0,0.0,390.7747326507942
11268,C2,P1,Q43,0.0,0.0,827.015,0.0,1.0185,10730.910285581875,9861.40106942884,9861.40106942884,11268,C2_d78_s36,11268,0.0,782.5582945377304,44.45670546226961,0.0,0.0,0.0,226.39577256660797,226.39577256660797
11269,C2,P1,Q43,0.0,0.0,817.5199666666667,25.57003333333333,0.995,9861.40106942884,9026.63157934254,9026.63157934254,11268,C2_d78_s36,11268,0.0,751.2925410776706,40.657392255662785,0.0,0.0,0.0,202.27052647192235,202.27052647192235
11270,C2,P1,Q43,0.0,0.0,776.8039833333333,66.84066666666666,0.8932,9026.63157934254,8241.5664422169,8241.5664422169,11268,C2_d78_s36,11268,0.0,706.5586234130768,3.404693253589926,0.0,0.0,0.0,15.20536007053261,15.20536007053261
11271,C2,P1,Q43,0.0,0.0,783.9583333333334,112.58749999999999,0.9281,8241.5664422169,7495.598849624306,7482.848139409841,11268,C2_d78_s36,11268,0.0,671.3708333333334,0.0,0.0,0.0,0.0,0.0,0.0
11272,C2,P1,Q43,0.0,0.0,787.8168000000001,158.77193333333335,0.9231,7495.598849624306,6809.815645701782,6809.815645701782,11268,C2_d78_s36,11268,0.0,617.2048835302717,11.839983136395063,0.0,0.0,0.0,54.64744216603141,54.64744216603141
11273,C2,P1,Q43,0.0,0.0,803.24555,217.08963333333335,0.902,6809.815645701782,6201.925545444435,6201.925545444435,11268,C2_d78_s36,11268,0.0,547.1010902316128,39.05482643505377,0.0,0.0,0.0,176.1372672220925,176.1372672220925
11274,C2,P1,Q43,0.0,0.0,813.3883333333333,282.20625,0.8707,6201.925545444435,5629.033435816892,5629.033435816892,11274,C2_d78_s36,11268,0.0,515.6028986647883,15.579184668545054,0.0,0.0,0.0,67.8239804545109,67.8239804545109
11275,C2,P1,Q43,0.0,0.0,781.5626833333334,334.98718333333335,0.7992,5629.033435816892,5132.838435816892,5126.9170396814825,11274,C2_d78_s36,11268,0.0,446.5755000000001,0.0,0.0,0.0,0.0,0.0,0.0
11276,C2,P1,Q43,0.0,0.0,785.5607666666666,384.31915000000004,0.7957,5132.838435816892,4687.014417298374,4686.4699168920215,11274,C2_d78_s36,11268,0.0,401.2416166666666,0.0,0.0,0.0,0.0,0.0,0.0
11277,C2,P1,Q43,0.0,0.0,804.5333333333333,434.95625,0.8046,4687.014417298374,4305.134432211761,4305.134432211761,11274,C2_d78_s36,11268,0.0,343.69198657795135,25.885096755381937,0.0,0.0,0.0,104.13574424690152,104.13574424690152
11278,C2,P1,Q43,236.00538623421448,213.85547623326352,763.026,482.3358,0.7001,4305.134432211761,4250.435421099593,4250.435421099593,11274,C2_d78_s36,11268,0.0,49.22911000095092,17.605613765785456,0.0,149.7202189109078,7.753575995832885,61.628450987131984,219.10224589387263
11279,C2,P1,Q43,0.0,0.0,864.5061333333333,529.9280666666667,0.8467,4250.435421099593,3878.682013692186,3873.05415478543,11274,C2_d78_s36,11268,0.0,334.5780666666666,0.0,0.0,0.0,0.0,0.0,0.0
11280,C2,P1,Q43,0.0,0.0,1067.5983333333334,579.4187499999999,1.1788,3878.682013692186,3337.383049145707,3337.383049145707,11280,C2_d78_s36,11268,0.0,487.16906809183115,1.0105152415022758,0.0,0.0,0.0,5.955976833414414,5.955976833414414
11281,C2,P1,Q43,0.0,0.0,1109.6747666666668,626.8709166666666,1.2356,3337.383049145707,2872.443746154746,2872.443746154746,11280,C2_d78_s36,11268,0.0,418.445372691865,64.35847730813515,0.0,0.0,0.0,397.60667280965896,397.60667280965896
11282,C2,P1,Q43,0.0,0.0,1101.1000166666665,662.7286166666667,1.1876,2872.443746154746,2497.2017600513786,2497.2017600513786,11280,C2_d78_s36,11268,0.0,337.7177874930305,100.65361250696935,0.0,0.0,0.0,597.681151066384,597.681151066384
11283,C2,P1,Q43,0.0,0.0,1114.545,703.3874999999999,1.1569,2497.2017600513786,2136.896330636184,2136.896330636184,11280,C2_d78_s36,11268,0.0,324.27488647367534,86.8826135263248,0.0,0.0,0.0,502.5724779430259,502.5724779430259
11284,C2,P1,Q43,0.0,0.0,1108.296,775.6238166666667,1.0869,2136.896330636184,1849.7334148959874,1849.7334148959874,11280,C2_d78_s36,11268,0.0,258.44662416617683,74.22555916715652,0.0,0.0,0.0,403.3788012939121,403.3788012939121
11285,C2,P1,Q43,0.0,0.0,1117.5889166666666,839.5837833333334,1.0527,1849.7334148959874,1615.9383227814244,1615.9383227814244,11280,C2_d78_s36,11268,0.0,210.4155829031067,67.58955043022652,0.0,0.0,0.0,355.7575986894973,355.7575986894973
11286,C2,P1,Q43,0.0,0.0,1126.3016666666667,863.4812499999999,1.068,1615.9383227814244,1407.7120274794736,1407.7120274794736,11286,C2_d78_s36,11268,0.0,187.40366577175573,75.41675089491108,0.0,0.0,0.0,402.7254497788251,402.7254497788251
11287,C2,P1,Q43,0.0,0.0,1082.3667333333333,861.0829666666667,1.0672,1407.7120274794736,1274.0200063207235,1274.0200063207235,11286,C2_d78_s36,11268,0.0,120.32281904287508,100.96094762379148,0.0,0.0,0.0,538.7276165205514,538.7276165205514
11288,C2,P1,Q43,0.0,0.0,1072.7398666666666,922.2215,1.0563,1274.0200063207235,1215.7721901200766,1215.7721901200766,11286,C2_d78_s36,11268,0.0,52.42303458058218,98.09533208608438,0.0,0.0,0.0,518.0904964126547,518.0904964126547
11289,C2,P1,Q43,0.0,0.0,1095.1416666666667,1017.9562500000001,1.0344,1215.7721901200766,1205.6278589067558,1205.6278589067558,11286,C2_d78_s36,11268,0.0,9.12989809198873,68.05551857467785,0.0,0.0,0.0,351.9831420682338,351.9831420682338
11290,C2,P1,Q43,0.0,0.0,1066.5605833333334,1030.4658333333334,0.9937,1205.6278589067558,1205.6278589067558,1227.6815821961486,11286,C2_d78_s36,11268,0.0,0.0,36.094749999999976,0.0,0.0,0.0,179.3367653749999,179.3367653749999
11291,C2,P1,Q43,0.0,0.0,1074.3216833333333,1033.0643333333335,0.9971,1205.6278589067558,1205.6278589067558,1277.1459581611596,11286,C2_d78_s36,11268,0.0,0.0,41.25734999999986,0.0,0.0,0.0,205.6885184249993,205.6885184249993
11292,C2,P1,Q43,0.0,0.0,1116.2383333333335,1071.03125,1.0131,1205.6278589067558,1205.6278589067558,1268.1784749255885,11292,C2_d78_s36,11268,0.0,0.0,45.20708333333346,0.0,0.0,0.0,228.9964806250006,228.9964806250006
11293,C2,P1,Q43,0.0,0.0,1096.3326,1112.54135,0.948,1205.6278589067558,1220.2157339067558,1360.3147130826237,11292,C2_d78_s36,11268,16.20875000000001,0.0,0.0,0.0,0.0,0.0,0.0,0.0
11294,C2,P1,Q43,0.0,0.0,1074.2128666666667,1129.0006666666666,0.9058,1220.2157339067558,1269.5247539067557,1476.9111744309234,11292,C2_d78_s36,11268,54.787799999999834,0.0,0.0,0.0,0.0,0.0,0.0,0.0
11295,C2,P1,Q43,0.0,0.0,1078.935,1146.5125,0.9279,1269.5247539067557,1330.3445039067558,1613.3295218294272,11292,C2_d78_s36,11268,67.5775000000001,0.0,0.0,0.0,0.0,0.0,0.0,0.0
11296,C2,P1,Q43,0.0,0.0,1075.7058833333333,1211.41895,0.927,1330.3445039067558,1452.4862639067558,1783.624212117901,11292,C2_d78_s36,11268,135.7130666666667,0.0,0.0,0.0,0.0,0.0,0.0,0.0
11297,C2,P1,Q43,0.0,0.0,1058.7226666666668,1242.5592333333334,0.7628,1452.4862639067558,1617.9391739067557,1986.4928817722412,11292,C2_d78_s36,11268,183.8365666666666,0.0,0.0,0.0,0.0,0.0,0.0,0.0
11298,C2,P1,Q43,508.62450071281853,88.54324189707393,1046.6499999999999,1210.5,0.544,1617.9391739067557,1845.0930916141224,1920.4198359725854,11298,C2_d78_s36,11268,252.39324189707418,0.0,0.0,0.0,48.167523592008216,114.26210239788254,0.0,162.42962598989075
11299,C2,P1,Q43,517.9470765018606,0.0,1060.3406,1170.2779833333334,0.5346,1845.0930916141224,1944.0367366141224,2160.950959620911,11298,C2_d78_s36,11268,109.9373833333334,0.0,0.0,0.0,0.0,138.44725354894732,0.0,138.44725354894732
11300,C2,P1,Q43,0.0,0.0,1065.63955,1175.4807,0.5872,1944.0367366141224,2042.8937716141224,2437.868523894269,11298,C2_d78_s36,11268,109.84114999999997,0.0,0.0,0.0,0.0,0.0,0.0,0.0
11301,C2,P1,Q43,493.06753112777585,483.1309894611089,1060.0166666666667,1219.59375,0.577,2042.8937716141224,2621.331037129121,3187.868523894269,11298,C2_d78_s36,11268,642.7080727944424,0.0,0.0,0.0,278.76658091905983,2.866692270833408,0.0,281.63327318989326
11302,C2,P1,Q43,520.6620846713864,0.0,1070.6712666666667,1250.9388833333335,0.5241,2621.331037129121,2783.571892129121,3504.345232690021,11298,C2_d78_s36,11268,180.26761666666675,0.0,0.0,0.0,0.0,136.4394992881368,0.0,136.4394992881368
11303,C2,P1,Q43,529.8664451034596,0.0,1063.2702666666667,1272.5053833333334,0.5111,2783.571892129121,2971.8834971291208,3838.6677145969074,11298,C2_d78_s36,11268,209.23511666666673,0.0,0.0,0.0,0.0,135.4073700461891,0.0,135.4073700461891
11304,C2,P1,Q43,514.0904084748379,549.4083251415045,1028.0533333333333,1303.075,0.5158,2971.8834971291208,3713.870489756475,3721.8834971291208,11304,C2_d78_s72,11304,824.4299918081713,0.0,0.0,0.0,283.38481410798806,9.108490708333326,0.0,292.49330481632137
11305,C2,P1,Q43,538.6312089920566,532.5303228809457,993.1352666666667,1347.1565833333334,0.4519,3713.870489756475,4463.870489756475,4471.883497129121,11304,C2_d78_s72,11304,833.3333333333334,0.0,0.0,53.218306214279096,240.6504529098994,1.3784952168055005,0.0,242.0289481267049
11306,C2,P1,Q43,567.3422913151519,519.8226024262628,975.87165,1348.42845,0.4435,4463.870489756475,5213.870489756475,5221.883497129121,11304,C2_d78_s72,11304,833.3333333333334,0.0,0.0,59.04606909292954,230.54132417604757,10.537491011111147,0.0,241.0788151871587
11307,C2,P1,Q43,222.1202870329201,509.2195910433006,980.61,1284.89375,0.4915,5213.870489756475,5946.023496695445,5971.883497129121,11304,C2_d78_s72,11304,813.5033410433006,0.0,0.0,0.0,250.28142899778226,70.55465396055102,0.0,320.8360829583333
11308,C2,P1,Q43,658.2081293073168,527.8508348628723,1001.0465666666668,1200.876,0.4972,5946.023496695445,6600.93573807203,6721.883497129121,11304,C2_d78_s72,11304,727.6802681962055,0.0,0.0,0.0,262.44743509382005,32.4068233988889,0.0,294.85425849270894
11309,C2,P1,Q43,0.0,99.62524665458216,1028.0591333333334,1201.1573666666666,0.6604,6600.93573807203,6846.386870061154,7062.9441344361885,11304,C2_d78_s72,11304,272.7234799879154,0.0,0.0,0.0,65.79251289068606,32.89625644534303,0.0,98.68876933602908
11310,C2,P1,Q43,0.0,0.0,1058.5633333333333,1254.3,0.9001,6846.386870061154,7022.549870061153,7074.236027878364,11310,C2_d78_s72,11304,195.73666666666668,0.0,0.0,0.0,0.0,0.0,0.0,0.0
11311,C2,P1,Q43,0.0,0.0,1085.1036000000001,1223.1791666666666,0.9125,7022.549870061153,7146.817880061153,7266.317937647283,11310,C2_d78_s72,11304,138.07556666666642,0.0,0.0,0.0,0.0,0.0,0.0,0.0
11312,C2,P1,Q43,9.465591645117229,9.465591645117229,1059.8052500000001,1150.1056333333333,0.919,7146.817880061153,7236.607257541758,7444.2821576472825,11310,C2_d78_s72,11304,99.76597497845046,0.0,0.0,0.0,8.698878721862734,0.0,0.0,8.698878721862734
11313,C2,P1,Q43,15.371420699272221,15.371420699272221,1006.5500000000001,1101.66875,0.9817,7236.607257541758,7336.048411171103,7615.290782647282,11310,C2_d78_s72,11304,110.4901706992722,0.0,0.0,0.0,15.090123700475539,0.0,0.0,15.090123700475539
11314,C2,P1,Q43,0.0,0.0,1004.8308000000001,1107.0299166666666,0.9361,7336.048411171103,7428.027616171103,7748.22027338061,11310,C2_d78_s72,11304,102.19911666666655,0.0,0.0,0.0,0.0,0.0,0.0,0.0
11315,C2,P1,Q43,34.06140029976348,34.06140029976348,1029.6302166666667,1134.42295,0.8829,7428.027616171103,7552.9963364408895,7905.3177083806095,11310,C2_d78_s72,11304,138.85413363309658,0.0,0.0,0.0,30.072810324661173,0.0,0.0,30.072810324661173
11316,C2,P1,Q43,0.0,0.0,1046.67,1133.325,0.8924,7552.9963364408895,7630.985836440889,7674.811810963815,11316,C2_d78_s72,11304,86.65499999999997,0.0,0.0,0.0,0.0,0.0,0.0,0.0
11317,C2,P1,Q43,0.0,0.0,1047.24705,1075.6022833333334,0.9351,7630.985836440889,7656.50554644089,7736.754886769021,11316,C2_d78_s72,11304,28.355233333333445,0.0,0.0,0.0,0.0,0.0,0.0,0.0
11318,C2,P1,Q43,0.0,0.0,1052.4853333333333,1033.9314333333334,0.9817,7656.50554644089,7656.50554644089,7754.445882618485,11316,C2_d78_s72,11304,0.0,0.0,18.553899999999885,0.0,0.0,0.0,91.07181814999944,91.07181814999944
11319,C2,P1,Q43,0.0,0.0,1058.7983333333334,1019.28125,1.0267,7656.50554644089,7656.50554644089,7754.445882618485,11316,C2_d78_s72,11304,0.0,0.0,39.5170833333334,0.0,0.0,0.0,202.860947291667,202.860947291667
11320,C2,P1,Q43,0.0,0.0,1043.2368833333333,972.9436000000001,1.0547,7656.50554644089,7656.50554644089,7754.445882618485,11316,C2_d78_s72,11304,0.0,0.0,70.29328333333319,0.0,0.0,0.0,370.6916296583326,370.6916296583326
11321,C2,P1,Q43,0.0,0.0,1031.6857666666667,905.3272499999999,0.9267,7656.50554644089,7656.50554644089,7754.445882618485,11316,C2_d78_s72,11304,0.0,0.0,126.35851666666679,0.0,0.0,0.0,585.4821869750006,585.4821869750006
11322,C2,P1,Q43,1219.6075902117595,1002.113173545093,1026.1066666666668,845.4625,0.7137,7656.50554644089,8395.827652631473,8406.50554644089,11322,C2_d78_s72,11304,821.4690068784262,0.0,0.0,0.0,715.2081719591329,77.61288258749995,0.0,792.8210545466328
11323,C2,P1,Q43,992.9265035155997,992.9265035155997,1006.5609833333333,809.2424166666666,0.6525,8395.827652631473,9111.874795795513,9116.379220003671,11322,C2_d78_s72,11304,795.6079368489332,0.0,0.0,0.0,647.8845435439288,0.0,0.0,647.8845435439288
11324,C2,P1,Q43,442.2225877029505,442.2225877029505,1009.11315,760.3063833333334,0.6799,9111.874795795513,9285.949034728168,9292.053585003672,11322,C2_d78_s72,11304,193.415821036284,0.0,0.0,0.0,300.667137379236,0.0,0.0,300.667137379236
11325,C2,P1,Q43,489.09816580285553,489.09816580285553,1031.28,691.1374999999999,0.7301,9285.949034728168,9420.009133950738,9457.692645003672,11322,C2_d78_s72,11304,148.9556658028555,0.0,0.0,0.0,357.0905708526648,0.0,0.0,357.0905708526648
11326,C2,P1,Q43,551.5428850987512,551.5428850987512,1032.5620166666665,629.77975,0.805,9420.009133950738,9553.893690539615,9613.296400003672,11322,C2_d78_s72,11304,148.76061843208458,0.0,0.0,0.0,443.99202250449474,0.0,0.0,443.99202250449474
11327,C2,P1,Q43,587.5637243247111,587.5637243247111,1031.0229333333334,578.5704833333333,0.8788,9553.893690539615,9675.493837431855,9758.864850003672,11322,C2_d78_s72,11304,135.11127432471108,0.0,0.0,0.0,516.3510009365561,0.0,0.0,516.3510009365561
11328,C2,P1,Q43,608.162774078018,608.162774078018,1033.3616666666667,526.0375,0.9089,9675.493837431855,9766.248584102072,9811.026982431855,11328,C2_d78_s72,11304,100.8386074113514,0.0,0.0,0.0,552.7591453595105,0.0,0.0,552.7591453595105
11329,C2,P1,Q43,647.935693168056,647.935693168056,1025.5623833333334,463.3008333333333,0.8767,9766.248584102072,9843.355312953321,9927.623519931854,11328,C2_d78_s72,11304,85.67414316805593,0.0,0.0,0.0,568.0452222004348,0.0,0.0,568.0452222004348
11330,C2,P1,Q43,692.441039318288,692.441039318288,1016.9598666666667,417.89265,0.8888,9843.355312953321,9927.39175333978,10025.283449931854,11328,C2_d78_s72,11304,93.37382265162125,0.0,0.0,0.0,615.4415957460943,0.0,0.0,615.4415957460943
11331,C2,P1,Q43,722.8718309464405,722.8718309464405,1019.8249999999999,389.06874999999997,0.9441,9927.39175333978,10010.295776191577,10104.006772431854,11328,C2_d78_s72,11304,92.11558094644045,0.0,0.0,0.0,682.4632955965345,0.0,0.0,682.4632955965345
11332,C2,P1,Q43,753.1740142029939,753.1740142029939,1034.9158166666666,346.1802666666667,0.946,10010.295776191577,10068.290393974272,10163.793487431854,11328,C2_d78_s72,11304,64.43846420299406,0.0,0.0,0.0,712.5026174360322,0.0,0.0,712.5026174360322
11333,C2,P1,Q43,784.3571413650621,784.3571413650621,1031.6998333333333,288.97555,0.9677,10068.290393974272,10105.759966202828,10204.643594931855,11328,C2_d78_s72,11304,41.6328580317288,0.0,0.0,0.0,759.0224056989706,0.0,0.0,759.0224056989706
11334,C2,P1,Q43,813.1849578469055,813.1849578469055,1017.0316666666666,229.61875,1.0139,10105.759966202828,10128.954803265044,10127.673466202828,11334,C2_d78_s72,11304,25.772041180238944,0.0,0.0,0.0,824.4882287609774,0.0,0.0,824.4882287609774
11335,C2,P1,Q43,854.4040273821975,854.4040273821975,1023.8828166666667,180.65036666666666,1.0152,10128.954803265044,10139.00922290902,10145.934716202828,11334,C2_d78_s72,11304,11.171577382197484,0.0,0.0,0.0,867.390968598407,0.0,0.0,867.390968598407
11336,C2,P1,Q43,881.6306912968835,881.6306912968835,1012.5022333333333,138.64705,1.0487,10139.00922290902,10146.007180076216,10160.543716202828,11334,C2_d78_s72,11304,7.77550796355024,0.0,0.0,0.0,924.5661059630417,0.0,0.0,924.5661059630417
11337,C2,P1,Q43,928.3591219480475,928.3591219480475,1004.2800000000001,99.55624999999999,1.0879,10146.007180076216,10167.279014829459,10171.500466202828,11334,C2_d78_s72,11304,23.635371948047464,0.0,0.0,0.0,1009.9618887672809,0.0,0.0,1009.9618887672809
11338,C2,P1,Q43,1010.5440290014714,1010.5440290014714,1035.5736,62.482850000000006,1.0391,10167.279014829459,10200.986965930782,10178.804966202828,11334,C2_d78_s72,11304,37.4532790014714,0.0,0.0,0.0,1050.0563005354288,0.0,0.0,1050.0563005354288
11339,C2,P1,Q43,924.3562372150811,924.3562372150811,899.02445,26.021266666666666,1.0932,10200.986965930782,10247.204714424355,10182.457216202827,11334,C2_d78_s72,11304,51.35305388174777,0.0,0.0,0.0,1010.5062385235267,0.0,0.0,1010.5062385235267
11340,C2,P1,Q43,728.5872161015458,728.5872161015458,682.3533333333334,0.0,1.2488,10247.204714424355,10288.815208915747,10270.623854424355,11340,C2_d78_s108,11340,46.233882768212425,0.0,0.0,0.0,909.8597154676103,0.0,0.0,909.8597154676103
11341,C2,P1,Q43,0.0,0.0,697.9972833333333,0.0,1.2993,10288.815208915747,9518.466754113557,9518.466754113557,11340,C2_d78_s108,11340,0.0,693.3136093219708,4.683674011362427,0.0,0.0,0.0,30.427488214816005,30.427488214816005
11342,C2,P1,Q43,-0.0,418.77516213182855,740.2377833333334,0.9295666666666667,1.2761,9518.466754113557,9199.720781047241,9199.720781047241,11340,C2_d78_s108,11340,0.0,286.87137575968427,33.66167877515386,0.0,534.3989843964264,267.1994921982132,214.77834142486918,1016.3768180195087
11343,C2,P1,Q43,716.0890660383965,716.0890660383965,709.2416666666667,0.0,1.2567,9199.720781047241,9205.883440481797,9210.09139538699,11340,C2_d78_s108,11340,6.847399371729807,0.0,0.0,0.0,899.9091292904528,0.0,0.0,899.9091292904528
11344,C2,P1,Q43,-0.0,0.0,714.4228166666667,0.0,1.2773,9205.883440481797,8416.055369907252,8416.055369907252,11340,C2_d78_s108,11340,0.0,710.845263517091,3.5775531495756923,0.0,0.0,0.0,22.84804318976516,22.84804318976516
11345,C2,P1,Q43,0.0,0.0,745.0410666666667,0.06673333333333333,1.2813,8416.055369907252,7615.949179040911,7615.949179040911,11340,C2_d78_s108,11340,0.0,720.0955717797065,24.878761553626873,0.0,0.0,0.0,159.38578589331058,159.38578589331058
11346,C2,P1,Q43,0.0,0.0,763.2066666666666,0.0,1.2693,7615.949179040911,6821.003952346115,6821.003952346115,11346,C2_d78_s108,11340,0.0,715.4507040253169,47.7559626413497,0.0,0.0,0.0,303.0832169033259,303.0832169033259
11347,C2,P1,Q43,0.0,0.0,746.7180333333334,0.0,1.2899,6821.003952346115,6028.4419804704,6028.4419804704,11346,C2_d78_s108,11340,0.0,713.305774688143,33.41225864519049,0.0,0.0,0.0,215.49236213215607,215.49236213215607
11348,C2,P1,Q43,4.384996519542938,4.384996519542938,714.2603,0.0048,1.2669,6028.4419804704,5241.478602914541,5241.478602914541,11346,C2_d78_s108,11340,0.0,708.2670398002737,1.6034636801833813,0.0,5.555352090608947,0.0,10.157140682121627,15.712492772730574
11349,C2,P1,Q43,-0.0,0.0,699.4633333333333,0.0,1.2323,5241.478602914541,4464.297121433059,4440.555658448983,11346,C2_d78_s108,11340,0.0,699.4633333333333,0.0,0.0,0.0,0.0,0.0,0.0
11350,C2,P1,Q43,-0.0,0.0,721.8114,0.0,1.2902,4464.297121433059,3662.2844547663926,3610.9123556169843,11346,C2_d78_s108,11340,0.0,721.8114,0.0,0.0,0.0,0.0,0.0,0.0
11351,C2,P1,Q43,-0.0,0.0,728.4913499999999,0.00035,1.2824,3662.2844547663926,2852.8500103219485,2789.5450480751206,11346,C2_d78_s108,11340,0.0,728.4909999999999,0.0,0.0,0.0,0.0,0.0,0.0
11352,C2,P1,Q43,0.0,0.0,726.3683333333333,0.0,1.2233,2852.8500103219485,2062.0412157490186,2062.0412157490186,11352,C2_d78_s108,11340,0.0,711.7279151156368,14.640418217696492,0.0,0.0,0.0,89.5481180285406,89.5481180285406
11353,C2,P1,Q43,726.4630286528637,726.4630286528637,764.3365166666667,0.0,1.2789,2062.0412157490186,2062.0412157490186,2062.0412157490186,11352,C2_d78_s108,11340,0.0,0.0,37.87348801380301,0.0,929.0735673441474,0.0,242.18201910426336,1171.2555864484107
11354,C2,P1,Q43,727.9443436628575,727.9443436628575,753.9438166666667,0.0,1.2779,2062.0412157490186,2062.0412157490186,2062.0412157490186,11352,C2_d78_s108,11340,0.0,0.0,25.99947300380927,0.0,930.2400767667656,0.0,166.12363275783935,1096.363709524605
11355,C2,P1,Q43,708.136202280447,708.136202280447,702.5616666666666,0.0,1.2388,2062.0412157490186,2067.058297801421,2062.0412157490186,11352,C2_d78_s108,11340,5.5745356137804265,0.0,0.0,0.0,877.2391273850177,0.0,0.0,877.2391273850177
11356,C2,P1,Q43,-0.0,0.0,709.3744833333334,0.0,1.3228,2067.058297801421,1278.8644274310504,1263.3049622468284,11352,C2_d78_s108,11340,0.0,709.3744833333334,0.0,0.0,0.0,0.0,0.0,0.0
11357,C2,P1,Q43,740.7064911781828,740.7064911781828,719.8359833333334,0.0,1.1769,1278.8644274310504,1297.647884491415,1263.3049622468284,11352,C2_d78_s108,11340,20.870507844849385,0.0,0.0,0.0,871.7374694676033,0.0,0.0,871.7374694676033
11358,C2,P1,Q43,745.0427415950435,745.0427415950435,709.5416666666666,0.0,0.8862,1297.647884491415,1329.5988519269542,1297.647884491415,11358,C2_d78_s108,11340,35.50107492837685,0.0,0.0,0.0,660.2568776015275,0.0,0.0,660.2568776015275
11359,C2,P1,Q43,723.8834229160761,723.8834229160761,715.0446833333334,0.0,0.917,1329.5988519269542,1337.5537175514228,1297.647884491415,11358,C2_d78_s108,11340,8.838739582742733,0.0,0.0,0.0,663.8010988140419,0.0,0.0,663.8010988140419
11360,C2,P1,Q43,712.4946535275631,712.4946535275631,736.4506,0.0,0.9999,1337.5537175514228,1310.935999248715,1297.647884491415,11358,C2_d78_s108,11340,0.0,23.95594647243695,0.0,0.0,712.4234040622104,0.0,0.0,712.4234040622104
11361,C2,P1,Q43,723.4907144478902,723.4907144478902,758.9333333333334,0.0,0.9964,1310.935999248715,1297.647884491415,1297.647884491415,11358,C2_d78_s108,11340,0.0,11.959303281570033,23.48331560387312,0.0,720.8861478758778,0.0,116.99387833849586,837.8800262143736
11362,C2,P1,Q43,725.3820934994337,725.3820934994337,754.3754666666667,0.0,1.0003,1297.647884491415,1297.647884491415,1297.647884491415,11358,C2_d78_s108,11340,0.0,0.0,28.993373167233017,0.0,725.5997081274835,0.0,145.01035589591592,870.6100640233994
11363,C2,P1,Q43,649.3924190034239,649.3924190034239,666.9375333333334,0.0,0.7708,1297.647884491415,1297.647884491415,1297.647884491415,11358,C2_d78_s108,11340,0.0,0.0,17.54511432990944,0.0,500.5516765678392,0.0,67.61887062747098,568.1705471953102
11364,C2,P1,Q43,547.0781257501739,547.0781257501739,553.1566666666666,0.0,0.419,1297.647884491415,1297.647884491415,1297.647884491415,11364,C2_d78_s108,11340,0.0,0.0,6.078540916492784,0.0,229.22573468932285,0.0,12.734543220052382,241.96027790937524
11365,C2,P1,Q43,545.9252760009703,545.9252760009703,538.9014666666667,0.0,0.3484,1297.647884491415,1303.9693128922881,1297.647884491415,11364,C2_d78_s108,11340,7.023809334303564,0.0,0.0,0.0,190.20036615873803,0.0,0.0,190.20036615873803
11366,C2,P1,Q43,564.6824499175764,564.6824499175764,553.3285,0.0,0.3833,1303.9693128922881,1314.187867818107,1297.647884491415,11364,C2_d78_s108,11340,11.353949917576415,0.0,0.0,0.0,216.442783053407,0.0,0.0,216.442783053407
11367,C2,P1,Q43,560.2111567649889,560.2111567649889,542.64,0.0,0.3903,1314.187867818107,1330.001908906597,1297.647884491415,11364,C2_d78_s108,11340,17.571156764988928,0.0,0.0,0.0,218.65041448537517,0.0,0.0,218.65041448537517
11368,C2,P1,Q43,567.4070415941833,567.4070415941833,524.0221,0.0,0.4126,1330.001908906597,1369.048356341362,1297.647884491415,11364,C2_d78_s108,11340,43.38494159418326,0.0,0.0,0.0,234.11214536176004,0.0,0.0,234.11214536176004
11369,C2,P1,Q43,567.3951928566946,567.3951928566946,526.9695666666667,0.0,0.4343,1369.048356341362,1405.4314199123871,1297.647884491415,11364,C2_d78_s108,11340,40.42562619002797,0.0,0.0,0.0,246.41973225766247,0.0,0.0,246.41973225766247
11370,C2,P1,Q43,564.729665142902,564.729665142902,549.4,0.0,0.4428,1405.4314199123871,1419.228118540999,1405.4314199123871,11370,C2_d78_s108,11340,15.329665142902059,0.0,0.0,0.0,250.06229572527704,0.0,0.0,250.06229572527704
11371,C2,P1,Q43,583.2063542371387,583.2063542371387,559.40135,0.0,0.4397,1419.228118540999,1440.652622354424,1405.4314199123871,11370,C2_d78_s108,11340,23.805004237138746,0.0,0.0,0.0,256.4358339580699,0.0,0.0,256.4358339580699
11372,C2,P1,Q43,580.6022942625549,580.6022942625549,543.6279333333333,0.0,0.4049,1440.652622354424,1473.9295471907235,1405.4314199123871,11370,C2_d78_s108,11340,36.974360929221575,0.0,0.0,0.0,235.08586894690848,0.0,0.0,235.08586894690848
11373,C2,P1,Q43,561.8789656997507,561.8789656997507,544.6216666666667,0.0,0.3814,1473.9295471907235,1489.461116320499,1405.4314199123871,11370,C2_d78_s108,11340,17.257299033083996,0.0,0.0,0.0,214.30063751788492,0.0,0.0,214.30063751788492
11374,C2,P1,Q43,566.3556696993226,566.3556696993226,600.6793333333334,0.0,0.4248,1489.461116320499,1451.3237122827093,1405.4314199123871,11370,C2_d78_s108,11340,0.0,34.32366363401081,0.0,0.0,240.58788848827223,0.0,0.0,240.58788848827223
11375,C2,P1,Q43,514.4854188085396,514.4854188085396,540.9781833333333,0.0,0.3795,1451.3237122827093,1421.8873072551607,1405.4314199123871,11370,C2_d78_s108,11340,0.0,26.492764524793643,0.0,0.0,195.2472164378408,0.0,0.0,195.2472164378408
11376,C2,P1,Q43,405.49065753512247,405.49065753512247,400.1666666666667,0.0,0.2794,1421.8873072551607,1426.6788990367709,1421.8873072551607,11376,C2_d79_s0,11376,5.32399086845578,0.0,0.0,0.0,113.2940897153132,0.0,0.0,113.2940897153132
11377,C2,P1,Q43,394.6740923819303,394.6740923819303,393.23795,0.0,0.3172,1426.6788990367709,1427.971427180508,1421.8873072551607,11376,C2_d79_s0,11376,1.4361423819302672,0.0,0.0,0.0,125.19062210354828,0.0,0.0,125.19062210354828
11378,C2,P1,Q43,403.85819044277525,403.85819044277525,427.63655,0.0,0.3548,1427.971427180508,1421.8873072551607,1421.8873072551607,11376,C2_d79_s0,11376,0.0,5.475707932812566,18.30265162441218,0.0,143.28888596909667,0.0,32.46890398170721,175.75778995080387
11379,C2,P1,Q43,392.5730437692188,392.5730437692188,429.21333333333337,0.0,0.3402,1421.8873072551607,1421.8873072551607,1421.8873072551607,11376,C2_d79_s0,11376,0.0,0.0,36.64028956411454,0.0,133.55334949028824,0.0,62.325132548558834,195.87848203884707
11380,C2,P1,Q43,380.69182357482146,380.69182357482146,419.69265,0.0,0.3566,1421.8873072551607,1421.8873072551607,1421.8873072551607,11376,C2_d79_s0,11376,0.0,0.0,39.00082642517856,0.0,135.75470428678133,0.0,69.53847351609336,205.2931778028747
11381,C2,P1,Q43,392.5156086111696,392.5156086111696,411.53908333333334,0.0,0.3495,1421.8873072551607,1421.8873072551607,1421.8873072551607,11376,C2_d79_s0,11376,0.0,0.0,19.023474722163712,0.0,137.1842052096038,0.0,33.24352207698109,170.42772728658488
11382,C2,P1,Q43,413.42561812968535,413.42561812968535,408.69166666666666,0.0,0.3096,1421.8873072551607,1426.1478635718777,1421.8873072551607,11382,C2_d79_s0,11376,4.733951463018684,0.0,0.0,0.0,127.99657137295058,0.0,0.0,127.99657137295058
11383,C2,P1,Q43,404.6741367491467,404.6741367491467,411.3135333333333,0.0,0.2969,1426.1478635718777,1421.8873072551607,1421.8873072551607,11382,C2_d79_s0,11376,0.0,3.8345006850452363,2.80489589914132,0.0,120.14775120082166,0.0,4.163867962275289,124.31161916309695
11384,C2,P1,Q43,390.2172818952994,390.2172818952994,424.3117333333333,0.0,0.319,1421.8873072551607,1421.8873072551607,1421.8873072551607,11382,C2_d79_s0,11376,0.0,0.0,34.0944514380339,0.0,124.4793129246005,0.0,54.38065004366407,178.85996296826457
11385,C2,P1,Q43,1222.7649394640734,1222.7649394640734,438.34999999999997,0.0,0.3348,1421.8873072551607,2127.860752772827,2171.8873072551605,11382,C2_d79_s0,11376,784.4149394640735,0.0,0.0,0.0,409.3817017325718,0.0,0.0,409.3817017325718
11386,C2,P1,Q43,400.29306779813135,400.29306779813135,435.501,0.0,0.2987,2127.860752772827,2127.860752772827,2171.8873072551605,11382,C2_d79_s0,11376,0.0,0.0,35.20793220186863,0.0,119.56753935130185,0.0,52.5830467434908,172.15058609479263
11387,C2,P1,Q43,415.2464167568588,415.2464167568588,425.37193333333335,0.0,0.2831,2127.860752772827,2127.860752772827,2171.8873072551605,11382,C2_d79_s0,11376,0.0,0.0,10.125516576474524,0.0,117.55626058386675,0.0,14.332668713999691,131.88892929786644
11388,C2,P1,Q43,423.2099095658491,423.2099095658491,423.615,0.0,0.3196,2127.860752772827,2127.860752772827,2127.860752772827,11388,C2_d79_s0,11376,0.0,0.0,0.40509043415090673,0.0,135.25788709724537,0.0,0.6473345137731489,135.90522161101853
11389,C2,P1,Q43,413.58833304153467,413.58833304153467,436.5751,0.0,0.3679,2127.860752772827,2127.860752772827,2127.860752772827,11388,C2_d79_s0,11376,0.0,0.0,22.986766958465353,0.0,152.1591477259806,0.0,42.28415782009702,194.44330554607762
11390,C2,P1,Q43,1221.7892455875276,1221.7892455875276,439.04361666666665,0.0,0.3883,2127.860752772827,2832.331818801602,2877.860752772827,11388,C2_d79_s0,11376,782.745628920861,0.0,0.0,0.0,474.42076406163693,0.0,0.0,474.42076406163693
11391,C2,P1,Q43,1203.3466980464668,1203.3466980464668,435.25500000000005,0.0,0.3775,2832.331818801602,3523.6143470434217,3627.860752772827,11388,C2_d79_s0,11376,768.0916980464667,0.0,0.0,0.0,454.26337851254124,0.0,0.0,454.26337851254124
11392,C2,P1,Q43,1217.5973128930864,1217.5973128930864,453.35414999999995,0.0,0.3651,3523.6143470434217,4211.4331936472,4377.860752772827,11388,C2_d79_s0,11376,764.2431628930865,0.0,0.0,0.0,444.5447789372658,0.0,0.0,444.5447789372658
11393,C2,P1,Q43,405.2391695036832,405.2391695036832,468.5789333333333,0.0,0.3651,4211.4331936472,4211.4331936472,4377.860752772827,11388,C2_d79_s0,11376,0.0,0.0,63.33976382965011,0.0,147.95282078579473,0.0,115.62673887102628,263.579559656821
11394,C2,P1,Q43,0.0,0.0,459.1933333333333,0.0,0.3531,4211.4331936472,3746.9396292352562,3746.9396292352562,11394,C2_d79_s0,11376,0.0,418.0442079707493,41.149125362584016,0.0,0.0,0.0,72.64878082764209,72.64878082764209
11395,C2,P1,Q43,-0.0,-0.0,430.9861833333334,0.0,0.3061,3746.9396292352562,3271.9464708519545,3271.9464708519545,11394,C2_d79_s0,11376,0.0,427.4938425449716,3.492340788361787,0.0,-0.0,0.0,5.345027576587714,5.345027576587714
11396,C2,P1,Q43,421.1907768851843,421.1907768851843,430.5171,0.0,0.3341,3271.9464708519545,3271.9464708519545,3271.9464708519545,11394,C2_d79_s0,11376,0.0,0.0,9.32632311481575,0.0,140.71983855734007,0.0,15.579622763299712,156.29946132063978
11397,C2,P1,Q43,404.16375731546776,404.16375731546776,453.47,0.0,0.3952,3271.9464708519545,3271.9464708519545,3271.9464708519545,11394,C2_d79_s0,11376,0.0,0.0,49.306242684532265,0.0,159.72551689107286,0.0,97.42913554463576,257.1546524357086
11398,C2,P1,Q43,398.89347869476313,398.89347869476313,452.9327166666667,0.0,0.3411,3271.9464708519545,3271.9464708519545,3271.9464708519545,11394,C2_d79_s0,11376,0.0,0.0,54.03923797190356,0.0,136.06256558278372,0.0,92.16392036108152,228.22648594386524
11399,C2,P1,Q43,409.25097032219327,409.25097032219327,453.22025,0.0,0.3314,3271.9464708519545,3271.9464708519545,3271.9464708519545,11394,C2_d79_s0,11376,0.0,0.0,43.96927967780675,0.0,135.62577156477485,0.0,72.85709642612578,208.48286799090062
11400,C2,P1,Q43,424.3247379189115,424.3247379189115,453.23499999999996,0.0,0.3858,3271.9464708519545,3271.9464708519545,3271.9464708519545,11400,C2_d79_s0,11376,0.0,0.0,28.910262081088433,0.0,163.70448388911606,0.0,55.76789555441958,219.47237944353566
11401,C2,P1,Q43,0.0,0.0,428.82093333333336,0.00038333333333333334,0.3601,3271.9464708519545,2797.27380178972,2797.27380178972,11400,C2_d79_s0,11376,0.0,427.2054021560111,1.6151478439889502,0.0,0.0,0.0,2.908073693102105,2.908073693102105
11402,C2,P1,Q43,417.17487287016326,417.17487287016326,435.38100000000003,0.0,0.3237,2797.27380178972,2797.27380178972,2797.27380178972,11400,C2_d79_s0,11376,0.0,0.0,18.206127129836773,0.0,135.03950634807185,0.0,29.466616759640818,164.50612310771268
11403,C2,P1,Q43,1245.3294200625346,1245.3294200625346,463.1133333333333,0.0,0.3382,2797.27380178972,3501.2682798460014,3547.27380178972,11400,C2_d79_s0,11376,782.2160867292014,0.0,0.0,0.0,421.1704098651492,0.0,0.0,421.1704098651492
11404,C2,P1,Q43,712.2776807811667,712.2776807811667,446.1720666666667,0.0053,0.3813,3501.2682798460014,3740.7681025490515,3801.2462576021608,11400,C2_d79_s0,11376,266.1109141145001,0.0,0.0,0.0,271.59147968185886,0.0,0.0,271.59147968185886
11405,C2,P1,Q43,-0.0,-0.0,434.3296666666667,0.0,0.357,3740.7681025490515,3526.1820569615793,3526.1820569615793,11400,C2_d79_s0,11376,0.0,193.12744102872497,241.20222563794172,0.0,-0.0,0.0,430.54597276372596,430.54597276372596
11406,C2,P1,Q43,0.0,0.0,450.04333333333335,0.0,0.299,3526.1820569615793,3053.490464216862,3053.490464216862,11406,C2_d79_s0,11376,0.0,425.42243347024544,24.620899863087914,0.0,0.0,0.0,36.808245295316425,36.808245295316425
11407,C2,P1,Q43,421.1292668346407,421.1292668346407,462.98946666666666,0.07376666666666666,0.3359,3053.490464216862,3053.490464216862,3053.490464216862,11406,C2_d79_s0,11376,0.0,0.0,41.78643316535931,0.0,141.4573207297558,0.0,70.18031450122096,211.63763523097674
11408,C2,P1,Q43,1252.3545880794322,1252.3545880794322,461.1494333333333,0.0,0.3867,3053.490464216862,3765.5751034883515,3803.490464216862,11406,C2_d79_s0,11376,791.205154746099,0.0,0.0,0.0,484.2855192103164,0.0,0.0,484.2855192103164
11409,C2,P1,Q43,1245.5268167086458,1245.5268167086458,455.6116666666667,0.0,0.359,3765.5751034883515,4476.498738526133,4553.490464216862,11406,C2_d79_s0,11376,789.9151500419791,0.0,0.0,0.0,447.14412719840385,0.0,0.0,447.14412719840385
11410,C2,P1,Q43,405.81916303568875,405.81916303568875,465.7543333333333,1.02755,0.2788,4476.498738526133,4476.498738526133,4553.490464216862,11406,C2_d79_s0,11376,0.0,0.0,58.90762029764454,0.0,113.14238265435002,0.0,82.11722269491649,195.2596053492665
11411,C2,P1,Q43,0.0,0.0,473.1871833333333,0.0,0.4535,4476.498738526133,4080.278606594355,4080.278606594355,11406,C2_d79_s0,11376,0.0,356.5981187386,116.58906459473326,0.0,0.0,0.0,264.3657039685577,264.3657039685577
11412,C2,P1,Q43,0.0,0.0,465.435,0.0,0.7742,4080.278606594355,3579.5108653086177,3579.5108653086177,11412,C2_d79_s36,11412,0.0,450.6909671571637,14.744032842836305,0.0,0.0,0.0,57.074151134619335,57.074151134619335
11413,C2,P1,Q43,0.0,0.0,449.4866,28.6397,0.8068,3579.5108653086177,3124.057585142652,3124.057585142652,11412,C2_d79_s36,11412,0.0,409.9079521493691,10.938947850630882,0.0,0.0,0.0,44.12771562944498,44.12771562944498
11414,C2,P1,Q43,0.0,0.0,446.8888,68.20651666666667,0.7532,3124.057585142652,2721.089328085597,2721.089328085597,11412,C2_d79_s36,11412,0.0,362.6714313513494,16.010851981983933,0.0,0.0,0.0,60.296868564151495,60.296868564151495
11415,C2,P1,Q43,0.0,0.0,458.03833333333336,110.27499999999999,0.738,2721.089328085597,2361.4348884199303,2361.4348884199303,11412,C2_d79_s36,11412,0.0,323.68899569910013,24.074337634233245,0.0,0.0,0.0,88.83430587032068,88.83430587032068
11416,C2,P1,Q43,0.0,0.0,469.3276,158.66258333333334,0.6845,2361.4348884199303,2064.9983077126317,2064.9983077126317,11412,C2_d79_s36,11412,0.0,266.7929226365688,43.87209403009791,0.0,0.0,0.0,150.1522418180101,150.1522418180101
11417,C2,P1,Q43,0.0,64.9118694642346,506.9368,204.43355,0.6712,2064.9983077126317,1854.9628709141105,1854.9628709141105,11412,C2_d79_s36,11412,0.0,189.0318931186691,48.55948741709628,0.0,43.56884678439426,21.78442339219713,162.9656397717751,228.3189099483665
11418,C2,P1,Q43,0.0,0.0,546.5216666666666,252.525,0.6935,1854.9628709141105,1558.2901284450522,1558.2901284450522,11418,C2_d79_s36,11412,0.0,267.0054682221524,26.991198444514282,0.0,0.0,0.0,93.59198060635327,93.59198060635327
11419,C2,P1,Q43,0.0,0.0,534.4570666666667,316.4893,0.6599,1558.2901284450522,1334.3970095343007,1334.3970095343007,11418,C2_d79_s36,11412,0.0,201.50380701967643,16.463959646990276,0.0,0.0,0.0,54.322834855244416,54.322834855244416
11420,C2,P1,Q43,0.0,0.0,538.6449333333334,376.7662833333333,0.6208,1334.3970095343007,1200.0000000000002,1200.0000000000002,11418,C2_d79_s36,11412,0.0,120.95730858087039,40.92134141912966,0.0,0.0,0.0,127.01984376497848,127.01984376497848
11421,C2,P1,Q43,0.0,52.20604720243165,559.82,436.20625,0.5691,1200.0000000000002,1200.0000000000002,1200.0000000000002,11418,C2_d79_s36,11412,0.0,0.0,71.40770279756839,0.0,29.710461462903854,14.855230731451927,203.1906183104809,247.75631050483668
11422,C2,P1,Q43,0.0,0.0,533.3480166666667,517.3082833333334,0.4824,1200.0000000000002,1200.0000000000002,1200.0000000000002,11418,C2_d79_s36,11412,0.0,0.0,16.039733333333288,0.0,0.0,0.0,38.68783679999989,38.68783679999989
11423,C2,P1,Q43,0.0,0.0,522.1882166666667,598.0763666666667,0.6353,1200.0000000000002,1268.2993350000002,1200.0000000000002,11418,C2_d79_s36,11412,75.88815,0.0,0.0,0.0,0.0,0.0,0.0,0.0
11424,C2,P1,Q43,0.0,0.0,535.9166666666666,654.65,0.9037,1268.2993350000002,1375.1593350000003,1268.2993350000002,11424,C2_d79_s36,11412,118.73333333333335,0.0,0.0,0.0,0.0,0.0,0.0,0.0
11425,C2,P1,Q43,0.0,0.0,524.6581333333334,684.4751833333333,0.8655,1375.1593350000003,1518.9946800000002,1268.2993350000002,11424,C2_d79_s36,11412,159.81705,0.0,0.0,0.0,0.0,0.0,0.0,0.0
11426,C2,P1,Q43,0.0,0.0,541.6352499999999,729.5257333333334,0.7845,1518.9946800000002,1688.0961150000003,1268.2993350000002,11424,C2_d79_s36,11412,187.89048333333346,0.0,0.0,0.0,0.0,0.0,0.0,0.0
11427,C2,P1,Q43,0.0,0.0,563.515,790.3874999999999,0.7703,1688.0961150000003,1892.2813650000003,1268.2993350000002,11424,C2_d79_s36,11412,226.87249999999995,0.0,0.0,0.0,0.0,0.0,0.0,0.0
11428,C2,P1,Q43,0.0,0.0,518.4480666666667,830.7737333333333,0.6818,1892.2813650000003,2173.3744650000003,1268.2993350000002,11424,C2_d79_s36,11412,312.3256666666666,0.0,0.0,0.0,0.0,0.0,0.0,0.0
11429,C2,P1,Q43,0.0,0.0,544.4419166666667,874.3743333333333,0.6884,2173.3744650000003,2470.3136400000003,1268.2993350000002,11424,C2_d79_s36,11412,329.93241666666665,0.0,0.0,0.0,0.0,0.0,0.0,0.0
11430,C2,P1,Q43,0.0,0.0,623.9233333333333,910.61875,0.794,2470.3136400000003,2728.3395150000006,2470.3136400000003,11430,C2_d79_s36,11412,286.6954166666667,0.0,0.0,0.0,0.0,0.0,0.0,0.0
11431,C2,P1,Q43,0.0,0.0,604.1303,904.5523,0.813,2728.3395150000006,2998.7193150000003,2470.3136400000003,11430,C2_d79_s36,11412,300.4219999999999,0.0,0.0,0.0,0.0,0.0,0.0,0.0
11432,C2,P1,Q43,0.0,0.0,619.2490833333333,920.0186166666667,0.7837,2998.7193150000003,3269.411895,2470.3136400000003,11430,C2_d79_s36,11412,300.76953333333347,0.0,0.0,0.0,0.0,0.0,0.0,0.0
11433,C2,P1,Q43,0.0,0.0,672.3983333333333,978.15,0.7427,3269.411895,3544.588395,2470.3136400000003,11430,C2_d79_s36,11412,305.75166666666667,0.0,0.0,0.0,0.0,0.0,0.0,0.0
11434,C2,P1,Q43,0.0,0.0,624.7448666666667,1038.2509499999999,0.6811,3544.588395,3916.7438700000002,2470.3136400000003,11430,C2_d79_s36,11412,413.5060833333332,0.0,0.0,0.0,0.0,0.0,0.0,0.0
11435,C2,P1,Q43,0.0,0.0,584.9065333333333,1084.5235,0.6473,3916.7438700000002,4366.39914,2470.3136400000003,11430,C2_d79_s36,11412,499.6169666666667,0.0,0.0,0.0,0.0,0.0,0.0,0.0
11436,C2,P1,Q43,0.0,0.0,608.3383333333334,1116.6625000000001,0.6482,4366.39914,4823.890890000001,4366.39914,11436,C2_d79_s36,11412,508.32416666666677,0.0,0.0,0.0,0.0,0.0,0.0,0.0
11437,C2,P1,Q43,0.0,0.0,638.8362333333333,1144.36595,0.6397,4823.890890000001,5278.8676350000005,4366.39914,11436,C2_d79_s36,11412,505.5297166666668,0.0,0.0,0.0,0.0,0.0,0.0,0.0
11438,C2,P1,Q43,0.0,0.0,643.9225833333334,1182.7385666666667,0.606,5278.8676350000005,5763.80202,4366.39914,11436,C2_d79_s36,11412,538.8159833333333,0.0,0.0,0.0,0.0,0.0,0.0,0.0
11439,C2,P1,Q43,0.0,0.0,626.65,1236.3374999999999,0.589,5763.80202,6312.52077,4366.39914,11436,C2_d79_s36,11412,609.6874999999999,0.0,0.0,0.0,0.0,0.0,0.0,0.0
11440,C2,P1,Q43,0.0,0.0,617.27735,1295.5080500000001,0.6157,6312.52077,6922.928400000001,4366.39914,11436,C2_d79_s36,11412,678.2307000000002,0.0,0.0,0.0,0.0,0.0,0.0,0.0
11441,C2,P1,Q43,0.0,0.0,639.3030833333333,1341.1442,0.4675,6922.928400000001,7554.585405000001,4366.39914,11436,C2_d79_s36,11412,701.8411166666666,0.0,0.0,0.0,0.0,0.0,0.0,0.0
11442,C2,P1,Q43,0.0,0.0,660.8516666666667,1355.8625,0.227,7554.585405000001,8180.095155000001,7554.585405000001,11442,C2_d79_s36,11412,695.0108333333333,0.0,0.0,0.0,0.0,0.0,0.0,0.0
11443,C2,P1,Q43,0.0,0.0,629.1357666666667,1345.1078666666667,0.208,8180.095155000001,8824.470045000002,7554.585405000001,11442,C2_d79_s36,11412,715.9721000000001,0.0,0.0,0.0,0.0,0.0,0.0,0.0
11444,C2,P1,Q43,0.0,0.0,617.3747833333333,1384.7061,0.208,8824.470045000002,9515.068230000003,7554.585405000001,11442,C2_d79_s36,11412,767.3313166666668,0.0,0.0,0.0,0.0,0.0,0.0,0.0
11445,C2,P1,Q43,0.0,0.0,643.5816666666666,1451.7875000000001,0.1656,9515.068230000003,10242.453480000002,7554.585405000001,11442,C2_d79_s36,11412,808.2058333333335,0.0,0.0,0.0,0.0,0.0,0.0,0.0
11446,C2,P1,Q43,0.0,0.0,651.1271166666667,1451.80405,0.2205,10242.453480000002,10800.0,7554.585405000001,11442,C2_d79_s36,11412,619.4961333333312,0.0,0.0,181.18080000000214,0.0,0.0,0.0,0.0
11447,C2,P1,Q43,0.0,0.0,634.8849166666666,1463.0396833333334,0.2295,10800.0,10800.0,7554.585405000001,11442,C2_d79_s36,11412,0,0.0,0.0,828.1547666666668,0.0,0.0,0.0,0.0
11448,C2,P1,Q43,0.0,0.0,623.885,1484.41875,0.1806,10800.0,10800.0,10800.0,11448,C2_d79_s72,11448,0,0.0,0.0,860.53375,0.0,0.0,0.0,0.0
11449,C2,P1,Q43,0.0,0.0,642.6170666666667,1436.1980333333333,0.2057,10800.0,10800.0,10800.0,11448,C2_d79_s72,11448,0,0.0,0.0,793.5809666666667,0.0,0.0,0.0,0.0
11450,C2,P1,Q43,0.0,0.0,621.1401833333333,1413.9203,0.1996,10800.0,10800.0,10800.0,11448,C2_d79_s72,11448,0,0.0,0.0,792.7801166666667,0.0,0.0,0.0,0.0
11451,C2,P1,Q43,0.0,0.0,579.7733333333333,1434.9125000000001,0.1365,10800.0,10800.0,10800.0,11448,C2_d79_s72,11448,0,0.0,0.0,855.1391666666668,0.0,0.0,0.0,0.0
11452,C2,P1,Q43,0.0,0.0,610.1972,1417.0670333333335,0.1352,10800.0,10800.0,10800.0,11448,C2_d79_s72,11448,0,0.0,0.0,806.8698333333335,0.0,0.0,0.0,0.0
11453,C2,P1,Q43,0.0,0.0,636.7426333333334,1373.66655,0.3171,10800.0,10800.0,10800.0,11448,C2_d79_s72,11448,0,0.0,0.0,736.9239166666665,0.0,0.0,0.0,0.0
11454,C2,P1,Q43,0.0,0.0,621.795,1332.625,0.5654,10800.0,10800.0,10800.0,11454,C2_d79_s72,11448,0,0.0,0.0,710.83,0.0,0.0,0.0,0.0
11455,C2,P1,Q43,0.0,0.0,602.7656666666667,1306.72825,0.6184,10800.0,10800.0,10800.0,11454,C2_d79_s72,11448,0,0.0,0.0,703.9625833333332,0.0,0.0,0.0,0.0
11456,C2,P1,Q43,0.0,0.0,592.0163,1290.5802333333334,0.5805,10800.0,10800.0,10800.0,11454,C2_d79_s72,11448,0,0.0,0.0,698.5639333333334,0.0,0.0,0.0,0.0
11457,C2,P1,Q43,0.0,0.0,581.7666666666667,1275.29375,0.5725,10800.0,10800.0,10800.0,11454,C2_d79_s72,11448,0,0.0,0.0,693.5270833333334,0.0,0.0,0.0,0.0
11458,C2,P1,Q43,0.0,0.0,563.9814833333334,1256.1704333333334,0.6163,10800.0,10800.0,10800.0,11454,C2_d79_s72,11448,0,0.0,0.0,692.1889500000001,0.0,0.0,0.0,0.0
11459,C2,P1,Q43,0.0,0.0,578.7424833333333,1240.2158,0.6518,10800.0,10800.0,10800.0,11454,C2_d79_s72,11448,0,0.0,0.0,661.4733166666666,0.0,0.0,0.0,0.0
11460,C2,P1,Q43,0.0,0.0,614.28,1207.8062499999999,0.657,10800.0,10800.0,10800.0,11460,C2_d79_s72,11448,0,0.0,0.0,593.5262499999999,0.0,0.0,0.0,0.0
11461,C2,P1,Q43,0.0,0.0,614.79725,1128.5381166666666,0.6635,10800.0,10800.0,10800.0,11460,C2_d79_s72,11448,0,0.0,0.0,513.7408666666666,0.0,0.0,0.0,0.0
11462,C2,P1,Q43,0.0,0.0,603.33885,1045.4608833333334,0.6879,10800.0,10800.0,10800.0,11460,C2_d79_s72,11448,0,0.0,0.0,442.12203333333343,0.0,0.0,0.0,0.0
11463,C2,P1,Q43,0.0,0.0,597.3483333333334,983.78125,0.7335,10800.0,10800.0,10800.0,11460,C2_d79_s72,11448,0,0.0,0.0,386.43291666666664,0.0,0.0,0.0,0.0
11464,C2,P1,Q43,0.0,0.0,591.2195833333334,937.0163833333332,0.762,10800.0,10800.0,10800.0,11460,C2_d79_s72,11448,0,0.0,0.0,345.79679999999985,0.0,0.0,0.0,0.0
11465,C2,P1,Q43,0.0,0.0,590.5133,916.8027666666667,0.6193,10800.0,10800.0,10800.0,11460,C2_d79_s72,11448,0,0.0,0.0,326.2894666666667,0.0,0.0,0.0,0.0
11466,C2,P1,Q43,0.0,0.0,588.0616666666666,911.36875,0.4027,10800.0,10800.0,10800.0,11466,C2_d79_s72,11448,0,0.0,0.0,323.30708333333337,0.0,0.0,0.0,0.0
11467,C2,P1,Q43,0.0,0.0,571.5420166666667,890.9352166666666,0.3845,10800.0,10800.0,10800.0,11466,C2_d79_s72,11448,0,0.0,0.0,319.3932,0.0,0.0,0.0,0.0
11468,C2,P1,Q43,0.0,0.0,569.6767666666666,865.8474,0.4221,10800.0,10800.0,10800.0,11466,C2_d79_s72,11448,0,0.0,0.0,296.1706333333334,0.0,0.0,0.0,0.0
11469,C2,P1,Q43,0.0,0.0,586.1366666666667,829.40625,0.4466,10800.0,10800.0,10800.0,11466,C2_d79_s72,11448,0,0.0,0.0,243.26958333333334,0.0,0.0,0.0,0.0
11470,C2,P1,Q43,0.0,0.0,592.3508833333334,763.3850666666667,0.5206,10800.0,10800.0,10800.0,11466,C2_d79_s72,11448,0,0.0,0.0,171.03418333333332,0.0,0.0,0.0,0.0
11471,C2,P1,Q43,1.9507228295321966,0.0,574.2744666666666,710.57665,0.5223,10800.0,10800.0,10800.0,11466,C2_d79_s72,11448,0,0.0,0.0,136.30218333333335,0.0,0.5094312669323331,0.0,0.5094312669323331
11472,C2,P1,Q43,17.927411149565387,0.0,557.0433333333334,674.34375,0.4752,10800.0,10800.0,10800.0,11472,C2_d79_s72,11448,0,0.0,0.0,117.30041666666659,0.0,4.259552889136736,0.0,4.259552889136736
11473,C2,P1,Q43,52.504201119213576,0.0,575.71035,614.1343166666667,0.5319,10800.0,10800.0,10800.0,11472,C2_d79_s72,11448,0,0.0,0.0,38.42396666666673,0.0,13.963492287654852,0.0,13.963492287654852
11474,C2,P1,Q43,105.06129147994551,39.63656925772318,568.75985,533.8931833333334,0.5949,10800.0,10800.0,10800.0,11472,C2_d79_s72,11448,0,0.0,0.0,4.769902591056507,23.57979505141952,19.46058362500003,0.0,43.04037867641955
11475,C2,P1,Q43,172.19151605341358,125.82345772008028,550.2833333333333,454.13124999999997,0.6306,10800.0,10800.0,10800.0,11472,C2_d79_s72,11448,0,0.0,0.0,29.671374386746947,79.34427243828263,14.619848792499988,0.0,93.96412123078262
11476,C2,P1,Q43,215.9096360346449,188.59824159020053,585.8236499999999,391.93146666666667,0.6941,10800.0,10800.0,10800.0,11472,C2_d79_s72,11448,0.0,0.0,5.293941743132677,0.0,130.9060394877582,9.478419441944421,18.372624819541958,158.75708374924457
11477,C2,P1,Q43,203.61745998910823,195.36272943355272,553.6576166666667,332.08503333333334,0.6881,10800.0,10800.0,10800.0,11472,C2_d79_s72,11448,0.0,0.0,26.209853899780683,0.0,134.42909412322763,2.840040047638874,90.17500234219544,227.44413651306195
11478,C2,P1,Q43,182.92628391762923,193.7282172509626,454.12166666666667,268.78749999999997,0.6353,10800.0,10800.0,10800.0,11478,C2_d79_s72,11448,0,0.0,0.0,8.394050584295883,123.07553641953653,3.431234123333339,0.0,126.50677054286987
11479,C2,P1,Q43,247.97140272772614,256.9730138388373,419.16615,211.97548333333336,0.6674,10800.0,10800.0,10800.0,11478,C2_d79_s72,11448,0,0.0,0.0,49.7823471721706,171.50378943604,3.003837627777789,0.0,174.50762706381778
11480,C2,P1,Q43,310.6420200358416,317.8433089247304,428.21365,164.18721666666667,0.7157,10800.0,10800.0,10800.0,11478,C2_d79_s72,11448,0,0.0,0.0,53.81687559139715,227.48045619742956,2.576981228888866,0.0,230.05743742631842
11481,C2,P1,Q43,343.84298328739817,349.2439499540649,441.67833333333334,120.45,0.7139,10800.0,10800.0,10800.0,11478,C2_d79_s72,11448,0,0.0,0.0,28.01561662073152,249.3252558722069,1.92787505166668,0.0,251.25313092387358
11482,C2,P1,Q43,394.32978503840434,397.9304294828488,445.5400833333333,73.47745,0.6932,10800.0,10800.0,10800.0,11478,C2_d79_s72,11448,0,0.0,0.0,25.86779614951547,275.8453737175108,1.2479833644444533,0.0,277.0933570819553
11483,C2,P1,Q43,-0.0,0.0,444.05315,28.8115,0.8471,10800.0,10338.620388888889,10315.538211412812,11478,C2_d79_s72,11448,0.0,415.24165,0.0,0.0,0.0,0.0,0.0,0.0
11484,C2,P1,Q43,0.0,0.0,445.28833333333336,0.0,1.0876,10338.620388888889,9870.605778920104,9870.605778920104,11484,C2_d79_s108,11484,0.0,421.21314897190604,24.07518436142732,0.0,0.0,0.0,130.92085255744175,130.92085255744175
11485,C2,P1,Q43,0.0,0.0,452.26051666666666,0.0,1.1224,9870.605778920104,9401.404025889697,9401.404025889697,11484,C2_d79_s108,11484,0.0,422.2815777273667,29.97893893929995,0.0,0.0,0.0,168.24180532735133,168.24180532735133
11486,C2,P1,Q43,0.0,0.0,450.48769999999996,0.9997333333333334,1.119,9401.404025889697,8930.449278900354,8930.449278900354,11484,C2_d79_s108,11484,0.0,423.8592722904081,25.628694376258522,0.0,0.0,0.0,143.39254503516642,143.39254503516642
11487,C2,P1,Q43,0.0,0.0,435.71000000000004,0.0,1.1477,8930.449278900354,8459.476421362884,8459.476421362884,11484,C2_d79_s108,11484,0.0,423.87557178372316,11.834428216276876,0.0,0.0,0.0,67.91186631910486,67.91186631910486
11488,C2,P1,Q43,0.0,0.0,423.5798,0.0,1.1148,8459.476421362884,7988.832199140662,7987.646159631716,11484,C2_d79_s108,11484,0.0,423.5798,0.0,0.0,0.0,0.0,0.0,0.0
11489,C2,P1,Q43,0.0,0.0,448.0878333333333,0.07178333333333334,1.1269,7988.832199140662,7511.875824497142,7511.875824497142,11484,C2_d79_s108,11484,0.0,429.26073717916773,18.755312820832273,0.0,0.0,0.0,105.67681008897945,105.67681008897945
11490,C2,P1,Q43,0.0,0.0,480.5783333333333,0.0,1.1778,7511.875824497142,7026.596574396092,7026.596574396092,11490,C2_d79_s108,11484,0.0,436.75132509094493,43.82700824238839,0.0,0.0,0.0,258.0972515394252,258.0972515394252
11491,C2,P1,Q43,0.0,0.0,457.11830000000003,0.0,1.1421,7026.596574396092,6533.08290212961,6533.08290212961,11490,C2_d79_s108,11484,0.0,444.1623050398338,12.955994960166208,0.0,0.0,0.0,73.98520922002913,73.98520922002913
11492,C2,P1,Q43,0.0,0.0,438.2265,0.00515,1.0779,6533.08290212961,6054.480896237039,6054.480896237039,11490,C2_d79_s108,11484,0.0,430.7418053033143,7.47954469668565,0.0,0.0,0.0,40.31100614278731,40.31100614278731
11493,C2,P1,Q43,0.0,0.0,454.32666666666665,0.0,1.0561,6054.480896237039,5589.620725242397,5589.620725242397,11490,C2_d79_s108,11484,0.0,418.37415389517736,35.952512771489296,0.0,0.0,0.0,189.84724368984922,189.84724368984922
11494,C2,P1,Q43,0.0,0.0,477.2536333333333,0.0,1.0917,5589.620725242397,5088.090218612773,5088.090218612773,11490,C2_d79_s108,11484,0.0,451.3774559666617,25.876177366671584,0.0,0.0,0.0,141.2451141559768,141.2451141559768
11495,C2,P1,Q43,0.0,0.0,492.0402166666667,0.00036666666666666667,1.1173,5088.090218612773,4572.739895583801,4572.739895583801,11490,C2_d79_s108,11484,0.0,463.81529072607526,28.224559273924797,0.0,0.0,0.0,157.67650038378088,157.67650038378088
11496,C2,P1,Q43,0.0,0.0,482.5516666666667,0.0,1.1105,4572.739895583801,4081.2220692775254,4081.2220692775254,11496,C2_d79_s108,11484,0.0,442.3660436756478,40.185622991018874,0.0,0.0,0.0,223.13067165763232,223.13067165763232
11497,C2,P1,Q43,0.0,0.0,446.72555000000006,0.0,1.1102,4081.2220692775254,3593.766005142192,3593.766005142192,11496,C2_d79_s108,11484,0.0,438.7104577217999,8.015092278200143,0.0,0.0,0.0,44.491777236288996,44.491777236288996
11498,C2,P1,Q43,0.0,0.0,454.9432166666666,0.0,1.1385,3593.766005142192,3102.280735008502,3102.280735008502,11496,C2_d79_s108,11484,0.0,442.3367431203214,12.606473546345228,0.0,0.0,0.0,71.76235066257021,71.76235066257021
11499,C2,P1,Q43,0.0,0.0,494.825,0.0,1.1788,3102.280735008502,2609.7026811223095,2609.7026811223095,11496,C2_d79_s108,11484,0.0,443.32024849757306,51.50475150242693,0.0,0.0,0.0,303.56900535530434,303.56900535530434
11500,C2,P1,Q43,0.0,0.0,483.52681666666666,0.0,1.1666,2609.7026811223095,2112.479598225666,2112.479598225666,11496,C2_d79_s108,11484,0.0,447.5007746069792,36.026042059687484,0.0,0.0,0.0,210.1399033341571,210.1399033341571
11501,C2,P1,Q43,0.0,0.0,458.3337166666667,0.0,0.9932,2112.479598225666,1606.499584103729,1606.499584103729,11496,C2_d79_s108,11484,0.0,455.3820127097434,2.9517039569233248,0.0,0.0,0.0,14.658161850081232,14.658161850081232
11502,C2,P1,Q43,459.0312245522368,459.0312245522368,448.37166666666667,0.0,0.7711,1606.499584103729,1616.093186200742,1606.499584103729,11502,C2_d79_s108,11484,10.65955788557011,0.0,0.0,0.0,353.9589772522298,0.0,0.0,353.9589772522298
11503,C2,P1,Q43,450.19187318273435,450.19187318273435,445.5922166666667,0.0,0.745,1616.093186200742,1620.2328770652027,1606.499584103729,11502,C2_d79_s108,11484,4.599656516067682,0.0,0.0,0.0,335.3929455211371,0.0,0.0,335.3929455211371
11504,C2,P1,Q43,446.32005610783176,446.32005610783176,450.55286666666666,0.0,0.7656,1620.2328770652027,1615.5297542220528,1606.499584103729,11502,C2_d79_s108,11484,0.0,4.232810558834899,0.0,0.0,341.702634956156,0.0,0.0,341.702634956156
11505,C2,P1,Q43,456.506807442145,456.506807442145,468.72333333333336,0.0,0.7761,1615.5297542220528,1606.499584103729,1606.499584103729,11502,C2_d79_s108,11484,0.0,8.127153106491505,4.089372784696877,0.0,354.2949332558487,0.0,15.868811091016232,370.163744346865
11506,C2,P1,Q43,216.09748141040117,101.67908891171493,491.0152166666667,0.0,0.8209,1606.499584103729,1200.0,1200.0,11502,C2_d79_s108,11484,0.0,365.849625693356,23.48650206159573,0.0,83.46836408762678,46.96302920108577,96.40034771181966,226.8317410005322
11507,C2,P1,Q43,438.9870811838477,438.9870811838477,446.1972166666667,0.0,0.6005,1200.0,1200.0,1200.0,11502,C2_d79_s108,11484,0.0,0.0,7.210135482818998,0.0,263.61174225090053,0.0,21.648431787164046,285.2601740380646
11508,C2,P1,Q43,1216.4645010453714,1216.4645010453714,370.4316666666667,0.0,0.2516,1200.0,1950.0,1950.0,11508,C2_d79_s108,11484,833.3333333333334,0.0,0.0,12.699501045371449,306.0624684630154,0.0,0.0,306.0624684630154
11509,C2,P1,Q43,1191.6402608665571,1191.6402608665571,379.84864999999996,0.0,0.2468,1950.0,2680.6124497799015,2700.0,11508,C2_d79_s108,11484,811.7916108665572,0.0,0.0,0.0,294.0968163818663,0.0,0.0,294.0968163818663
11510,C2,P1,Q43,1203.1704061709213,1203.1704061709213,420.1874833333333,0.0,0.3199,2680.6124497799015,3385.2970803337307,3450.0,11508,C2_d79_s108,11484,782.9829228375879,0.0,0.0,0.0,384.89421293407776,0.0,0.0,384.89421293407776
11511,C2,P1,Q43,386.83186465816186,386.83186465816186,428.68833333333333,0.0,0.3082,3385.2970803337307,3385.2970803337307,3450.0,11508,C2_d79_s108,11484,0.0,0.0,41.85646867517147,0.0,119.22158068764547,0.0,64.50081822843923,183.7223989160847
11512,C2,P1,Q43,373.5552180983611,373.5552180983611,397.25781666666666,0.0,0.3096,3385.2970803337307,3385.2970803337307,3450.0,11508,C2_d79_s108,11484,0.0,0.0,23.702598568305575,0.0,115.65269552325259,0.0,36.69162258373703,152.34431810698962
11513,C2,P1,Q43,361.8477221040845,361.8477221040845,390.7609333333333,0.0,0.2958,3385.2970803337307,3385.2970803337307,3450.0,11508,C2_d79_s108,11484,0.0,0.0,28.913211229248816,0.0,107.03455619838819,0.0,42.762639408059,149.7971956064472
11514,C2,P1,Q43,1199.0229198428274,1199.0229198428274,402.99333333333334,0.0,0.2748,3385.2970803337307,4101.723708192276,4135.29708033373,11514,C2_d79_s108,11484,796.029586509494,0.0,0.0,0.0,329.49149837280896,0.0,0.0,329.49149837280896
11515,C2,P1,Q43,370.5869582061244,370.5869582061244,376.56061666666665,0.0,0.3009,4101.723708192276,4101.723708192276,4135.29708033373,11514,C2_d79_s108,11484,0.0,0.0,5.973658460542254,0.0,111.50961572422283,0.0,8.98736915388582,120.49698487810865
11516,C2,P1,Q43,390.21145313163845,390.21145313163845,398.49354999999997,0.0,0.3281,4101.723708192276,4101.723708192276,4135.29708033373,11514,C2_d79_s108,11484,0.0,0.0,8.28209686836152,0.0,128.0283777724906,0.0,13.586779912547074,141.61515768503767
11517,C2,P1,Q43,410.44877562693796,410.44877562693796,445.205,0.0,0.3349,4101.723708192276,4101.723708192276,4135.29708033373,11514,C2_d79_s108,11484,0.0,0.0,34.756224373062025,0.0,137.4592949574615,0.0,58.199297712692356,195.65859267015387
11518,C2,P1,Q43,628.9300421572433,628.9300421572433,402.79061666666666,0.0,0.3405,4101.723708192276,4305.249191133795,4343.076162274593,11514,C2_d79_s108,11484,226.13942549057663,0.0,0.0,0.0,214.15067935454135,0.0,0.0,214.15067935454135
11519,C2,P1,Q43,379.8313629113166,379.8313629113166,380.8200166666666,0.0,0.3286,4305.249191133795,4305.249191133795,4343.076162274593,11514,C2_d79_s108,11484,0.0,0.0,0.9886537553500148,0.0,124.81258585265864,0.0,1.6243581200400743,126.43694397269871
24624,C2,P1,Q43,543.035555227836,543.035555227836,538.4916666666667,0.0,0.3917,2153.983003871577,2158.072503576629,2153.983003871577,24624,C2_d171_s0,24624,4.543888561169297,0.0,0.0,0.0,212.70702698274334,0.0,0.0,212.70702698274334
24625,C2,P1,Q43,555.442460130504,555.442460130504,514.6639666666666,0.0,0.3564,2158.072503576629,2194.7731476940826,2153.983003871577,24624,C2_d171_s0,24624,40.77849346383732,0.0,0.0,0.0,197.9596927905116,0.0,0.0,197.9596927905116
24626,C2,P1,Q43,554.2409280248727,554.2409280248727,533.34865,0.0,0.3908,2194.7731476940826,2213.576197916468,2153.983003871577,24624,C2_d171_s0,24624,20.892278024872667,0.0,0.0,0.0,216.59735467212025,0.0,0.0,216.59735467212025
24627,C2,P1,Q43,-0.0,-0.0,566.91,0.0,0.4598,2213.576197916468,1583.676197916468,1551.3057072999225,24624,C2_d171_s0,24624,0.0,566.91,0.0,0.0,-0.0,0.0,0.0,0.0
24628,C2,P1,Q43,541.340980529589,541.340980529589,510.58768333333336,0.0,0.409,1583.676197916468,1611.3541653930981,1551.3057072999225,24624,C2_d171_s0,24624,30.753297196255687,0.0,0.0,0.0,221.4084610366019,0.0,0.0,221.4084610366019
24629,C2,P1,Q43,1376.2436503005133,1376.2436503005133,470.04286666666667,0.0,0.3618,1611.3541653930981,2361.354165393098,2301.3057072999227,24624,C2_d171_s0,24624,833.3333333333334,0.0,0.0,72.86745030051327,497.92495267872573,0.0,0.0,497.92495267872573
24630,C2,P1,Q43,541.9235898836101,541.9235898836101,480.56333333333333,0.0,0.3786,2361.354165393098,2416.578396288347,2361.354165393098,24630,C2_d171_s0,24624,61.3602565502768,0.0,0.0,0.0,205.17227112993478,0.0,0.0,205.17227112993478
24631,C2,P1,Q43,538.6260339196816,538.6260339196816,478.3299333333334,0.0,0.3988,2416.578396288347,2470.8448868160604,2361.354165393098,24630,C2_d171_s0,24624,60.296100586348246,0.0,0.0,0.0,214.80406232716902,0.0,0.0,214.80406232716902
24632,C2,P1,Q43,519.004837359627,519.004837359627,497.6381166666667,0.0,0.4164,2470.8448868160604,2490.0749354397244,2361.354165393098,24630,C2_d171_s0,24624,21.366720692960314,0.0,0.0,0.0,216.11361427654867,0.0,0.0,216.11361427654867
24633,C2,P1,Q43,500.951459060948,500.951459060948,527.3633333333333,0.0,0.4254,2490.0749354397244,2460.7284084704074,2361.354165393098,24630,C2_d171_s0,24624,0.0,26.41187427238532,0.0,0.0,213.1047506845273,0.0,0.0,213.1047506845273
24634,C2,P1,Q43,516.4708943778596,516.4708943778596,510.80761666666666,0.0,0.4165,2460.7284084704074,2465.825358410481,2361.354165393098,24630,C2_d171_s0,24624,5.663277711192961,0.0,0.0,0.0,215.11012750837853,0.0,0.0,215.11012750837853
24635,C2,P1,Q43,511.3055601620363,511.3055601620363,492.3409833333333,0.0,0.4295,2465.825358410481,2482.8934775563134,2361.354165393098,24630,C2_d171_s0,24624,18.964576828702945,0.0,0.0,0.0,219.60573808959458,0.0,0.0,219.60573808959458
24636,C2,P1,Q43,490.8405156364147,490.8405156364147,499.1033333333333,0.0,0.4451,2482.8934775563134,2482.8934775563134,2482.8934775563134,24636,C2_d171_s0,24624,0.0,0.0,8.262817696918603,0.0,218.47311350976818,0.0,18.38890078449235,236.86201429426052
24637,C2,P1,Q43,0.0,0.0,512.0669,0.0,0.405,2482.8934775563134,1915.841007859811,1915.841007859811,24636,C2_d171_s0,24624,0.0,510.3472227268522,1.7196772731478518,0.0,0.0,0.0,3.4823464781244007,3.4823464781244007
24638,C2,P1,Q43,21.809869976093978,21.809869976093978,502.1835833333334,0.0,0.3784,1915.841007859811,1382.0924374628785,1381.5877702563907,24636,C2_d171_s0,24624,0.0,480.3737133572394,0.0,0.0,8.252854798953962,0.0,0.0,8.252854798953962
24639,C2,P1,Q43,469.9186914717975,469.9186914717975,473.125,0.0,0.3917,1382.0924374628785,1381.5877702563907,1381.5877702563907,24636,C2_d171_s0,24624,0.0,0.4542004858389646,2.752108042363534,0.0,184.0671514495031,0.0,5.3900036009689805,189.45715505047207
24640,C2,P1,Q43,481.8125146154742,481.8125146154742,458.3199833333333,0.0,0.3964,1381.5877702563907,1402.7310484103175,1381.5877702563907,24636,C2_d171_s0,24624,23.492531282140874,0.0,0.0,0.0,190.99048079357397,0.0,0.0,190.99048079357397
24641,C2,P1,Q43,477.91790900219013,477.91790900219013,470.09745,0.0,0.3495,1402.7310484103175,1409.7694615122887,1381.5877702563907,24636,C2_d171_s0,24624,7.820459002190148,0.0,0.0,0.0,167.03230919626543,0.0,0.0,167.03230919626543
24642,C2,P1,Q43,1287.0897197794643,1287.0897197794643,489.3733333333333,0.0,0.3048,1409.7694615122887,2127.714209313807,1950.0,24642,C2_d171_s0,24624,797.7163864461311,0.0,0.0,0.0,392.30494658878075,0.0,0.0,392.30494658878075
24643,C2,P1,Q43,468.051411800142,468.051411800142,486.69823333333335,0.00019999999999999998,0.3585,2127.714209313807,2106.9957409435942,1950.0,24642,C2_d171_s0,24624,0.0,18.646621533191365,0.0,0.0,167.7964311303509,0.0,0.0,167.7964311303509
24644,C2,P1,Q43,413.5246994327941,413.5246994327941,491.8388,0.0,0.4058,2106.9957409435942,2019.9800736466987,1879.553080512379,24642,C2_d171_s0,24624,0.0,78.31410056720591,0.0,0.0,167.80832302982785,0.0,0.0,167.80832302982785
24645,C2,P1,Q43,472.28089305086297,472.28089305086297,496.2516666666667,0.0,0.4053,2019.9800736466987,1993.34588074025,1879.553080512379,24642,C2_d171_s0,24624,0.0,23.97077361580375,0.0,0.0,191.41544595351476,0.0,0.0,191.41544595351476
24646,C2,P1,Q43,490.1165087517332,490.1165087517332,463.383,0.0026999999999999997,0.4087,1993.34588074025,2017.40846861681,1879.553080512379,24642,C2_d171_s0,24624,26.736208751733216,0.0,0.0,0.0,200.31061712683336,0.0,0.0,200.31061712683336
24647,C2,P1,Q43,495.0794427450096,495.0794427450096,454.71765,0.0,0.3866,2017.40846861681,2053.7340820873187,1879.553080512379,24642,C2_d171_s0,24624,40.36179274500961,0.0,0.0,0.0,191.3977125652207,0.0,0.0,191.3977125652207
24648,C2,P1,Q43,475.4376649654678,475.4376649654678,477.0316666666667,0.0,0.3566,2053.7340820873187,2053.7340820873187,2053.7340820873187,24648,C2_d171_s0,24624,0.0,0.0,1.5940017011989198,0.0,169.5410713266858,0.0,2.842105033237674,172.38317635992348
24649,C2,P1,Q43,458.21405353859865,458.21405353859865,474.3197,0.03771666666666667,0.3708,2053.7340820873187,2053.7340820873187,2053.7340820873187,24648,C2_d171_s0,24624,0.0,0.0,16.06792979473471,0.0,169.90577105211239,0.0,29.789941839438153,199.69571289155053
24650,C2,P1,Q43,456.16532517452487,456.16532517452487,458.1585,0.0,0.3532,2053.7340820873187,2053.7340820873187,2053.7340820873187,24648,C2_d171_s0,24624,0.0,0.0,1.993174825475137,0.0,161.1175928516422,0.0,3.519946741789092,164.63753959343128
24651,C2,P1,Q43,462.18110347746523,462.18110347746523,446.2183333333333,0.0,0.3096,2053.7340820873187,2068.1005752170377,2053.7340820873187,24648,C2_d171_s0,24624,15.962770144131923,0.0,0.0,0.0,143.09126963662322,0.0,0.0,143.09126963662322
24652,C2,P1,Q43,459.17842959003775,459.17842959003775,443.47855,0.5252666666666667,0.3237,2068.1005752170377,2082.7032068480717,2053.7340820873187,24648,C2_d171_s0,24624,16.22514625670442,0.0,0.0,0.0,148.63605765829521,0.0,0.0,148.63605765829521
24653,C2,P1,Q43,453.16332502874883,453.16332502874883,450.38674999999995,0.0,0.3321,2082.7032068480717,2085.2021243739455,2053.7340820873187,24648,C2_d171_s0,24624,2.77657502874888,0.0,0.0,0.0,150.4955402420475,0.0,0.0,150.4955402420475
24654,C2,P1,Q43,446.49734138039446,446.49734138039446,455.3866666666667,1.2125000000000001,0.3143,2085.2021243739455,2085.2021243739455,2085.2021243739455,24654,C2_d171_s0,24624,0.0,0.0,7.676825286272276,0.0,140.334114395858,0.0,12.064130937376882,152.39824533323488
24655,C2,P1,Q43,424.20900377278315,424.20900377278315,444.1196333333333,19.460916666666666,0.3191,2085.2021243739455,2085.2021243739455,2085.2021243739455,24654,C2_d171_s0,24624,0.0,0.0,0.44971289388348623,0.0,135.3650931038951,0.0,0.7175169221911022,136.0826100260862
24656,C2,P1,Q43,411.4441885975474,411.4441885975474,434.4785,43.99505,0.3488,2085.2021243739455,2104.066789111738,2085.2021243739455,24654,C2_d171_s0,24624,20.96073859754739,0.0,0.0,0.0,143.51173298282453,0.0,0.0,143.51173298282453
24657,C2,P1,Q43,1246.7019943654336,1246.7019943654336,440.35833333333335,69.5125,0.3395,2104.066789111738,2854.066789111738,2629.553080512379,24654,C2_d171_s0,24624,833.3333333333334,0.0,0.0,42.522827698766946,423.25532708706476,0.0,0.0,423.25532708706476
24658,C2,P1,Q43,1242.2740847624625,1242.2740847624625,457.51068333333336,97.93268333333333,0.2621,2854.066789111738,3604.066789111738,3379.553080512379,24654,C2_d171_s0,24624,833.3333333333334,0.0,0.0,49.362751429128934,325.6000376162414,0.0,0.0,325.6000376162414
24659,C2,P1,Q43,0.0,0.0,459.67366666666663,122.63875,0.4169,3604.066789111738,3229.5835483709975,2962.2845964175754,24654,C2_d171_s0,24624,0.0,337.0349166666666,0.0,0.0,0.0,0.0,0.0,0.0
24660,C2,P1,Q43,0.0,0.0,456.94,148.45000000000002,0.7087,3229.5835483709975,2886.8168817043306,2843.4304175022467,24660,C2_d171_s36,24660,0.0,308.49,0.0,0.0,0.0,0.0,0.0,0.0
24661,C2,P1,Q43,0.0,0.0,481.45506666666665,189.49256666666668,0.7158,2886.8168817043306,2562.414103926553,2511.460948021834,24660,C2_d171_s36,24660,0.0,291.9625,0.0,0.0,0.0,0.0,0.0,0.0
24662,C2,P1,Q43,0.0,0.0,488.7051666666667,242.2338,0.6144,2562.414103926553,2288.5570298524785,2233.055655335563,24660,C2_d171_s36,24660,0.0,246.47136666666668,0.0,0.0,0.0,0.0,0.0,0.0
24663,C2,P1,Q43,0.0,0.0,460.67,294.31874999999997,0.5732,2288.5570298524785,2103.722307630256,2022.9822219712514,24660,C2_d171_s36,24660,0.0,166.35125000000005,0.0,0.0,0.0,0.0,0.0,0.0
24664,C2,P1,Q43,0.0,0.0,434.43561666666665,337.05043333333333,0.586,2103.722307630256,1995.516548370997,1882.5548133145653,24660,C2_d171_s36,24660,0.0,97.38518333333332,0.0,0.0,0.0,0.0,0.0,0.0
24665,C2,P1,Q43,0.0,0.0,477.9608166666667,391.74871666666667,0.6004,1995.516548370997,1899.725326148775,1778.993826526598,24660,C2_d171_s36,24660,0.0,86.21210000000002,0.0,0.0,0.0,0.0,0.0,0.0
24666,C2,P1,Q43,0.0,0.0,550.7116666666667,449.875,0.5991,1899.725326148775,1810.667661969078,1810.667661969078,24666,C2_d171_s36,24660,0.0,80.15189776172728,20.684768904939418,0.0,0.0,0.0,61.96122525474602,61.96122525474602
24667,C2,P1,Q43,0.0,0.0,542.3861499999999,479.10384999999997,0.598,1810.667661969078,1740.3539953024112,1737.784443113199,24666,C2_d171_s36,24660,0.0,63.282299999999964,0.0,0.0,0.0,0.0,0.0,0.0
24668,C2,P1,Q43,0.0,0.0,522.9324666666666,501.0047833333333,0.5678,1740.3539953024112,1715.9899027098186,1698.1356730675602,24666,C2_d171_s36,24660,0.0,21.927683333333334,0.0,0.0,0.0,0.0,0.0,0.0
24669,C2,P1,Q43,0.0,0.0,529.1416666666667,537.4812499999999,0.5032,1715.9899027098186,1723.4955277098186,1694.0740904644879,24666,C2_d171_s36,24660,8.33958333333328,0.0,0.0,0.0,0.0,0.0,0.0,0.0
24670,C2,P1,Q43,0.0,0.0,526.62105,589.5878333333334,0.4634,1723.4955277098186,1780.1656327098187,1694.0740904644879,24666,C2_d171_s36,24660,62.96678333333341,0.0,0.0,0.0,0.0,0.0,0.0,0.0
24671,C2,P1,Q43,0.0,0.0,514.59605,630.8997666666667,0.6087,1780.1656327098187,1884.8389777098187,1694.0740904644879,24666,C2_d171_s36,24660,116.30371666666667,0.0,0.0,0.0,0.0,0.0,0.0,0.0
24672,C2,P1,Q43,0.0,0.0,510.3933333333334,667.2375000000001,0.8359,1884.8389777098187,2025.9987277098187,1884.8389777098187,24672,C2_d171_s36,24660,156.8441666666667,0.0,0.0,0.0,0.0,0.0,0.0,0.0
24673,C2,P1,Q43,0.0,0.0,527.0032833333333,722.4553999999999,0.8537,2025.9987277098187,2201.9056327098187,1884.8389777098187,24672,C2_d171_s36,24660,195.4521166666666,0.0,0.0,0.0,0.0,0.0,0.0,0.0
24674,C2,P1,Q43,0.0,0.0,526.8320333333334,740.3005833333333,0.7708,2201.9056327098187,2394.0273277098186,1884.8389777098187,24672,C2_d171_s36,24660,213.46854999999994,0.0,0.0,0.0,0.0,0.0,0.0,0.0
24675,C2,P1,Q43,0.0,0.0,506.26500000000004,726.4499999999999,0.7264,2394.0273277098186,2592.1938277098184,1884.8389777098187,24672,C2_d171_s36,24660,220.1849999999999,0.0,0.0,0.0,0.0,0.0,0.0,0.0
24676,C2,P1,Q43,0.0,0.0,505.16623333333337,746.6491666666667,0.7632,2592.1938277098184,2809.5284677098184,1884.8389777098187,24672,C2_d171_s36,24660,241.48293333333334,0.0,0.0,0.0,0.0,0.0,0.0,0.0
24677,C2,P1,Q43,0.0,0.0,548.3231666666667,778.0861,0.8305,2809.5284677098184,3016.315107709818,1884.8389777098187,24672,C2_d171_s36,24660,229.7629333333333,0.0,0.0,0.0,0.0,0.0,0.0,0.0
24678,C2,P1,Q43,0.0,0.0,608.4366666666666,791.0124999999999,0.8764,3016.315107709818,3180.633357709818,3016.315107709818,24678,C2_d171_s36,24660,182.57583333333332,0.0,0.0,0.0,0.0,0.0,0.0,0.0
24679,C2,P1,Q43,0.0,0.0,630.9835166666667,791.1589,0.8731,3180.633357709818,3324.791202709818,3016.315107709818,24678,C2_d171_s36,24660,160.17538333333334,0.0,0.0,0.0,0.0,0.0,0.0,0.0
24680,C2,P1,Q43,0.0,0.0,641.60305,856.5730166666667,0.8073,3324.791202709818,3518.264172709818,3016.315107709818,24678,C2_d171_s36,24660,214.96996666666666,0.0,0.0,0.0,0.0,0.0,0.0,0.0
24681,C2,P1,Q43,0.0,0.0,637.4333333333333,965.71875,0.7234,3518.264172709818,3813.721047709818,3016.315107709818,24678,C2_d171_s36,24660,328.2854166666667,0.0,0.0,0.0,0.0,0.0,0.0,0.0
24682,C2,P1,Q43,0.0,0.0,597.0597666666666,1018.178,0.6977,3813.721047709818,4192.727457709818,3016.315107709818,24678,C2_d171_s36,24660,421.11823333333336,0.0,0.0,0.0,0.0,0.0,0.0,0.0
24683,C2,P1,Q43,0.0,0.0,614.65745,1064.1836333333333,0.7164,4192.727457709818,4597.3010227098175,3016.315107709818,24678,C2_d171_s36,24660,449.5261833333333,0.0,0.0,0.0,0.0,0.0,0.0,0.0
24684,C2,P1,Q43,0.0,0.0,666.6899999999999,1107.2562500000001,0.7212,4597.3010227098175,4993.810647709818,4597.3010227098175,24684,C2_d171_s36,24660,440.5662500000002,0.0,0.0,0.0,0.0,0.0,0.0,0.0
24685,C2,P1,Q43,0.0,0.0,637.6840166666667,1098.3148833333332,0.6702,4993.810647709818,5408.378427709818,4597.3010227098175,24684,C2_d171_s36,24660,460.6308666666665,0.0,0.0,0.0,0.0,0.0,0.0,0.0
24686,C2,P1,Q43,0.0,0.0,626.9162666666667,1115.9334000000001,0.6649,5408.378427709818,5848.4938477098185,4597.3010227098175,24684,C2_d171_s36,24660,489.0171333333334,0.0,0.0,0.0,0.0,0.0,0.0,0.0
24687,C2,P1,Q43,0.0,0.0,650.3183333333333,1166.83125,0.7152,5848.4938477098185,6313.355472709818,4597.3010227098175,24684,C2_d171_s36,24660,516.5129166666667,0.0,0.0,0.0,0.0,0.0,0.0,0.0
24688,C2,P1,Q43,0.0,0.0,621.1255833333333,1182.3068166666667,0.7053,6313.355472709818,6818.418582709818,4597.3010227098175,24684,C2_d171_s36,24660,561.1812333333334,0.0,0.0,0.0,0.0,0.0,0.0,0.0
24689,C2,P1,Q43,0.0,0.0,594.26015,1207.1864666666668,0.5367,6818.418582709818,7370.052267709818,4597.3010227098175,24684,C2_d171_s36,24660,612.9263166666668,0.0,0.0,0.0,0.0,0.0,0.0,0.0
24690,C2,P1,Q43,0.0,0.0,613.2016666666667,1233.3500000000001,0.3314,7370.052267709818,7928.185767709818,7370.052267709818,24690,C2_d171_s36,24660,620.1483333333334,0.0,0.0,0.0,0.0,0.0,0.0,0.0
24691,C2,P1,Q43,0.0,0.0,657.6027666666666,1217.7636,0.3161,7928.185767709818,8432.330517709817,7370.052267709818,24690,C2_d171_s36,24660,560.1608333333334,0.0,0.0,0.0,0.0,0.0,0.0,0.0
24692,C2,P1,Q43,0.0,0.0,650.1067166666667,1297.1492333333333,0.2901,8432.330517709817,9014.668782709818,7370.052267709818,24690,C2_d171_s36,24660,647.0425166666666,0.0,0.0,0.0,0.0,0.0,0.0,0.0
24693,C2,P1,Q43,0.0,0.0,607.6266666666667,1415.0375000000001,0.2072,9014.668782709818,9741.338532709819,7370.052267709818,24690,C2_d171_s36,24660,807.4108333333335,0.0,0.0,0.0,0.0,0.0,0.0,0.0
24694,C2,P1,Q43,0.0,0.0,617.5237833333333,1363.4527333333333,0.2258,9741.338532709819,10412.674587709818,7370.052267709818,24690,C2_d171_s36,24660,745.92895,0.0,0.0,0.0,0.0,0.0,0.0,0.0
24695,C2,P1,Q43,0.0,0.0,620.7188833333333,1279.6117666666667,0.2711,10412.674587709818,10800.0,7370.052267709818,24690,C2_d171_s36,24660,430.361569211313,0.0,0.0,228.53131412202032,0.0,0.0,0.0,0.0
24696,C2,P1,Q43,0.0,0.0,605.18,1277.51875,0.2744,10800.0,10800.0,10800.0,24696,C2_d171_s72,24696,0,0.0,0.0,672.33875,0.0,0.0,0.0,0.0
24697,C2,P1,Q43,0.0,0.0,622.59025,1340.7105166666668,0.2473,10800.0,10800.0,10800.0,24696,C2_d171_s72,24696,0,0.0,0.0,718.1202666666668,0.0,0.0,0.0,0.0
24698,C2,P1,Q43,0.0,0.0,642.0392,1383.4959166666667,0.2497,10800.0,10800.0,10800.0,24696,C2_d171_s72,24696,0,0.0,0.0,741.4567166666667,0.0,0.0,0.0,0.0
24699,C2,P1,Q43,0.0,0.0,654.76,1397.16875,0.2484,10800.0,10800.0,10800.0,24696,C2_d171_s72,24696,0,0.0,0.0,742.40875,0.0,0.0,0.0,0.0
24700,C2,P1,Q43,0.0,0.0,676.6507333333333,1434.2979500000001,0.1828,10800.0,10800.0,10800.0,24696,C2_d171_s72,24696,0,0.0,0.0,757.6472166666668,0.0,0.0,0.0,0.0
24701,C2,P1,Q43,0.0,0.0,652.0988,1423.7868166666667,0.2868,10800.0,10800.0,10800.0,24696,C2_d171_s72,24696,0,0.0,0.0,771.6880166666667,0.0,0.0,0.0,0.0
24702,C2,P1,Q43,0.0,0.0,614.6683333333334,1341.6000000000001,0.5464,10800.0,10800.0,10800.0,24702,C2_d171_s72,24696,0,0.0,0.0,726.9316666666667,0.0,0.0,0.0,0.0
24703,C2,P1,Q43,0.0,0.0,651.7447166666667,1248.9026999999999,0.681,10800.0,10800.0,10800.0,24702,C2_d171_s72,24696,0,0.0,0.0,597.1579833333332,0.0,0.0,0.0,0.0
24704,C2,P1,Q43,0.0,0.0,643.7692333333333,1225.8205166666667,0.6383,10800.0,10800.0,10800.0,24702,C2_d171_s72,24696,0,0.0,0.0,582.0512833333333,0.0,0.0,0.0,0.0
24705,C2,P1,Q43,0.0,0.0,598.215,1223.48125,0.5716,10800.0,10800.0,10800.0,24702,C2_d171_s72,24696,0,0.0,0.0,625.26625,0.0,0.0,0.0,0.0
24706,C2,P1,Q43,0.0,0.0,641.5370166666667,1119.1241499999999,0.6829,10800.0,10800.0,10800.0,24702,C2_d171_s72,24696,0,0.0,0.0,477.5871333333332,0.0,0.0,0.0,0.0
24707,C2,P1,Q43,0.0,0.0,663.0396999999999,1021.2925,0.797,10800.0,10800.0,10800.0,24702,C2_d171_s72,24696,0,0.0,0.0,358.2528000000001,0.0,0.0,0.0,0.0
24708,C2,P1,Q43,0.0,0.0,643.6416666666667,992.6999999999999,0.8133,10800.0,10800.0,10800.0,24708,C2_d171_s72,24696,0,0.0,0.0,349.0583333333333,0.0,0.0,0.0,0.0
24709,C2,P1,Q43,0.0,0.0,674.6484166666667,990.2996333333334,0.7993,10800.0,10800.0,10800.0,24708,C2_d171_s72,24696,0,0.0,0.0,315.65121666666676,0.0,0.0,0.0,0.0
24710,C2,P1,Q43,0.0,0.0,682.5380166666666,971.2156666666666,0.8114,10800.0,10800.0,10800.0,24708,C2_d171_s72,24696,0,0.0,0.0,288.67764999999997,0.0,0.0,0.0,0.0
24711,C2,P1,Q43,0.0,0.0,667.8983333333333,956.3562499999999,0.8574,10800.0,10800.0,10800.0,24708,C2_d171_s72,24696,0,0.0,0.0,288.4579166666666,0.0,0.0,0.0,0.0
24712,C2,P1,Q43,0.0,0.0,704.50855,994.04345,0.8672,10800.0,10800.0,10800.0,24708,C2_d171_s72,24696,0,0.0,0.0,289.5349,0.0,0.0,0.0,0.0
24713,C2,P1,Q43,0.0,0.0,697.0747666666666,996.54085,0.6527,10800.0,10800.0,10800.0,24708,C2_d171_s72,24696,0,0.0,0.0,299.46608333333336,0.0,0.0,0.0,0.0
24714,C2,P1,Q43,0.0,0.0,646.6133333333333,946.74375,0.3818,10800.0,10800.0,10800.0,24714,C2_d171_s72,24696,0,0.0,0.0,300.13041666666663,0.0,0.0,0.0,0.0
24715,C2,P1,Q43,0.0,0.0,652.7055833333333,909.52565,0.4347,10800.0,10800.0,10800.0,24714,C2_d171_s72,24696,0,0.0,0.0,256.8200666666668,0.0,0.0,0.0,0.0
24716,C2,P1,Q43,0.0,0.0,654.0566333333334,858.8448,0.5156,10800.0,10800.0,10800.0,24714,C2_d171_s72,24696,0,0.0,0.0,204.7881666666666,0.0,0.0,0.0,0.0
24717,C2,P1,Q43,0.0,0.0,645.9166666666666,801.85,0.4952,10800.0,10800.0,10800.0,24714,C2_d171_s72,24696,0,0.0,0.0,155.9333333333334,0.0,0.0,0.0,0.0
24718,C2,P1,Q43,0.0,0.0,689.5025833333334,780.1588666666667,0.5311,10800.0,10800.0,10800.0,24714,C2_d171_s72,24696,0,0.0,0.0,90.65628333333325,0.0,0.0,0.0,0.0
24719,C2,P1,Q43,54.99911211238623,45.407334334608436,719.5433666666667,746.87235,0.5692,10800.0,10800.0,10800.0,24714,C2_d171_s72,24696,0,0.0,0.0,72.73631766794176,25.845854703259125,2.72981995555556,0.0,28.575674658814684
24720,C2,P1,Q43,142.53756542841154,100.09603209507816,702.9050000000001,675.9,0.5723,10800.0,10800.0,10800.0,24720,C2_d171_s72,24696,0,0.0,0.0,73.09103209507805,57.28495916801323,12.144644763333348,0.0,69.42960393134658
24721,C2,P1,Q43,198.06036129940094,161.8177640771786,672.3809666666667,593.8094166666666,0.5744,10800.0,10800.0,10800.0,24720,C2_d171_s72,24696,0,0.0,0.0,83.24621407717848,92.94812368593139,10.408873922222257,0.0,103.35699760815365
24722,C2,P1,Q43,203.52270465666038,173.4790435455492,663.4524333333333,560.2481333333334,0.599,10800.0,10800.0,10800.0,24720,C2_d171_s72,24696,0,0.0,0.0,70.27474354554931,103.91394708378397,8.998076502777801,0.0,112.91202358656177
24723,C2,P1,Q43,193.06409150869723,169.21936650869714,673.67,567.7624999999999,0.6284,10800.0,10800.0,10800.0,24720,C2_d171_s72,24696,0,0.0,0.0,63.31186650869711,106.33744991406527,7.49201259500003,0.0,113.82946250906531
24724,C2,P1,Q43,257.24920374445355,239.6034148555646,663.9623333333333,548.5383,0.6239,10800.0,10800.0,10800.0,24720,C2_d171_s72,24696,0,0.0,0.0,124.17938152223144,149.48857052838676,5.504603843888907,0.0,154.99317437227566
24725,C2,P1,Q43,263.6311181738518,252.184265396074,603.6488499999999,494.0291666666667,0.6144,10800.0,10800.0,10800.0,24720,C2_d171_s72,24696,0,0.0,0.0,142.56458206274078,154.94201265934785,3.5164731733333374,0.0,158.4584858326812
24726,C2,P1,Q43,211.7550861236664,206.5071694569997,540.0500000000001,437.26875,0.6289,10800.0,10800.0,10800.0,24726,C2_d171_s72,24696,0,0.0,0.0,103.72591945699958,129.87235887150712,1.650207395833343,0.0,131.52256626734047
24727,C2,P1,Q43,252.37722259860396,248.63554482082617,555.8345333333333,413.2071,0.6705,10800.0,10800.0,10800.0,24726,C2_d171_s72,24696,0,0.0,0.0,106.0081114874929,166.71013280236394,1.2543974750000058,0.0,167.96453027736396
24728,C2,P1,Q43,307.44925294622857,305.21381405733973,577.1041333333334,364.30913333333336,0.7075,10800.0,10800.0,10800.0,24726,C2_d171_s72,24696,0,0.0,0.0,92.41881405733977,215.93877344556788,0.790786506944426,0.0,216.7295599525123
24729,C2,P1,Q43,340.10560820496056,339.37640820496057,580.7116666666667,291.74375000000003,0.7038,10800.0,10800.0,10800.0,24726,C2_d171_s72,24696,0,0.0,0.0,50.4084915382939,238.85311609465126,0.25660547999999705,0.0,239.10972157465125
24730,C2,P1,Q43,382.91093818419495,383.68797707308374,608.2013499999999,254.73118333333332,0.6796,10800.0,10800.0,10800.0,24726,C2_d171_s72,24696,0,0.0,0.0,30.21781040641713,260.75434921886773,0.26403781444441304,0.0,261.01838703331214
24731,C2,P1,Q43,426.2381972219978,428.5214749997756,600.7254833333333,218.40456666666668,0.8445,10800.0,10800.0,10800.0,24726,C2_d171_s72,24696,0,0.0,0.0,46.20055833310903,361.8863856373105,0.9641140416666811,0.0,362.8504996789772
24732,C2,P1,Q43,466.36694722731704,413.84509722731696,558.2516666666667,172.35,1.1012,10800.0,10800.0,10800.0,24732,C2_d171_s108,24732,0,0.0,0.0,27.943430560650313,455.7262210667214,28.918530610000047,0.0,484.64475167672146
24733,C2,P1,Q43,0.0,0.0,545.7471333333334,143.3881,1.1314,10800.0,10352.934407407407,10288.6807276815,24732,C2_d171_s108,24732,0.0,402.3590333333334,0.0,0.0,0.0,0.0,0.0,0.0
24734,C2,P1,Q43,538.2127632666128,503.1856077110573,549.5005333333334,112.87578333333333,1.1374,10352.934407407407,10412.839179347358,10288.6807276815,24732,C2_d171_s108,24732,66.56085771105722,0.0,0.0,0.0,572.3233102105565,19.919943364444418,0.0,592.243253575001
24735,C2,P1,Q43,165.66521598303223,165.66521598303223,557.1316666666667,75.45,1.1803,10412.839179347358,10061.709789698876,9866.357578630184,24732,C2_d171_s108,24732,0.0,316.01645068363445,0.0,0.0,195.53465442477292,0.0,0.0,195.53465442477292
24736,C2,P1,Q43,-0.0,0.0,576.1385666666666,46.0094,1.1266,10061.709789698876,9472.67738229147,9202.534623352229,24732,C2_d171_s108,24732,0.0,530.1291666666666,0.0,0.0,0.0,0.0,0.0,0.0
24737,C2,P1,Q43,638.0790365521732,541.669383774394,605.7608,20.306116666666664,1.153,9472.67738229147,9424.027049448203,9105.174024586795,24732,C2_d171_s108,24732,0.0,43.785299558939414,0.0,0.0,624.5447994918762,55.580164826389726,0.0,680.1249643182659
24738,C2,P1,Q43,-0.0,0.0,642.12,1.29375,1.2618,9424.027049448203,8711.997882781536,8710.401347096193,24738,C2_d171_s108,24732,0.0,640.82625,0.0,0.0,0.0,0.0,0.0,0.0
24739,C2,P1,Q43,0.0,0.0,667.4907,0.0,1.2633,8711.997882781536,7987.706893974092,7987.706893974092,24738,C2_d171_s108,24732,0.0,651.8618899266993,15.628810073300656,0.0,0.0,0.0,98.7193788280036,98.7193788280036
24740,C2,P1,Q43,0.0,0.0,617.7905666666667,0.54365,1.2161,7987.706893974092,7301.8769865666845,7260.995840512716,24738,C2_d171_s108,24732,0.0,617.2469166666667,0.0,0.0,0.0,0.0,0.0,0.0
24741,C2,P1,Q43,-0.0,0.0,548.9133333333333,0.0,1.1876,7301.8769865666845,6691.973282862981,6546.813872090399,24738,C2_d171_s108,24732,0.0,548.9133333333333,0.0,0.0,0.0,0.0,0.0,0.0
24742,C2,P1,Q43,0.0,0.0,582.0875666666667,0.0,1.1812,6691.973282862981,6045.209319900018,5844.509190972614,24738,C2_d171_s108,24732,0.0,582.0875666666667,0.0,0.0,0.0,0.0,0.0,0.0
24743,C2,P1,Q43,0.0,0.0,581.7777833333333,0.03903333333333333,1.1704,6045.209319900018,5398.832931011129,5153.096468295152,24738,C2_d171_s108,24732,0.0,581.73875,0.0,0.0,0.0,0.0,0.0,0.0
24744,C2,P1,Q43,0.0,0.0,531.6033333333334,0.0,1.1558,5398.832931011129,4808.162560640759,4700.278342073361,24744,C2_d171_s108,24732,0.0,531.6033333333334,0.0,0.0,0.0,0.0,0.0,0.0
24745,C2,P1,Q43,0.0,0.0,558.0394333333334,0.0,1.1611,4808.162560640759,4188.118745825944,3961.1222717073033,24744,C2_d171_s108,24732,0.0,558.0394333333334,0.0,0.0,0.0,0.0,0.0,0.0
24746,C2,P1,Q43,0.0,0.0,620.8675333333333,0.0028,1.1692,4188.118745825944,3498.26904212224,3219.646236557206,24744,C2_d171_s108,24732,0.0,620.8647333333333,0.0,0.0,0.0,0.0,0.0,0.0
24747,C2,P1,Q43,-0.0,0.0,660.0216666666666,0.0,1.198,3498.26904212224,2764.911634714833,2504.0217375890584,24744,C2_d171_s108,24732,0.0,660.0216666666666,0.0,0.0,0.0,0.0,0.0,0.0
24748,C2,P1,Q43,0.0,0.0,646.9707500000001,0.0,1.2507,2764.911634714833,2046.055245825944,1764.5894875773865,24744,C2_d171_s108,24732,0.0,646.9707500000001,0.0,0.0,0.0,0.0,0.0,0.0
24749,C2,P1,Q43,674.3841084935359,674.3841084935359,585.61215,0.00019999999999999998,1.1066,2046.055245825944,2125.9501884701262,1764.5894875773865,24744,C2_d171_s108,24732,88.77215849353581,0.0,0.0,0.0,746.2734544589468,0.0,0.0,746.2734544589468
24750,C2,P1,Q43,646.408860635314,646.408860635314,526.72,0.0,0.857,2125.9501884701262,2233.670163041909,2125.9501884701262,24750,C2_d171_s108,24732,119.68886063531397,0.0,0.0,0.0,553.9723935644641,0.0,0.0,553.9723935644641
24751,C2,P1,Q43,617.9412395280939,617.9412395280939,535.7850999999999,0.0,0.8345,2233.670163041909,2307.6106886171933,2125.9501884701262,24750,C2_d171_s108,24732,82.15613952809395,0.0,0.0,0.0,515.6719643861944,0.0,0.0,515.6719643861944
24752,C2,P1,Q43,604.8663209701593,604.8663209701593,581.51715,0.0,0.871,2307.6106886171933,2328.6249424903367,2125.9501884701262,24750,C2_d171_s108,24732,23.34917097015932,0.0,0.0,0.0,526.8385655650088,0.0,0.0,526.8385655650088
24753,C2,P1,Q43,607.4698158879514,607.4698158879514,618.915,0.0,0.8848,2328.6249424903367,2315.908071254727,2125.9501884701262,24750,C2_d171_s108,24732,0.0,11.445184112048537,0.0,0.0,537.4892930976595,0.0,0.0,537.4892930976595
24754,C2,P1,Q43,613.418614338228,613.418614338228,619.2412833333334,0.0,0.9243,2315.908071254727,2309.438439037943,2125.9501884701262,24750,C2_d171_s108,24732,0.0,5.822668995105346,0.0,0.0,566.9828252328242,0.0,0.0,566.9828252328242
24755,C2,P1,Q43,600.3317807808902,600.3317807808902,576.7794666666667,0.0,0.7155,2309.438439037943,2330.6355217407445,2125.9501884701262,24750,C2_d171_s108,24732,23.552314114223464,0.0,0.0,0.0,429.53738914872696,0.0,0.0,429.53738914872696
24756,C2,P1,Q43,575.5579508202582,575.5579508202582,528.28,0.0,0.3942,2330.6355217407445,2373.1856774789767,2330.6355217407445,24756,C2_d171_s108,24732,47.277950820258184,0.0,0.0,0.0,226.88494421334576,0.0,0.0,226.88494421334576
24757,C2,P1,Q43,1400.3397313742746,1400.3397313742746,526.8737333333333,0.0,0.4048,2373.1856774789767,3123.1856774789767,3080.6355217407445,24756,C2_d171_s108,24732,833.3333333333334,0.0,0.0,40.13266470760789,566.8575232603064,0.0,0.0,566.8575232603064
24758,C2,P1,Q43,1391.1585239437932,1391.1585239437932,544.7410833333333,0.0,0.4701,3123.1856774789767,3873.1856774789767,3830.6355217407445,24756,C2_d171_s108,24732,833.3333333333334,0.0,0.0,13.084107277126463,653.9836221059772,0.0,0.0,653.9836221059772
24759,C2,P1,Q43,1387.8490978799252,1387.8490978799252,552.865,0.0,0.4227,3873.1856774789767,4623.185677478977,4580.6355217407445,24756,C2_d171_s108,24732,833.3333333333334,0.0,0.0,1.6507645465918586,586.6438136738444,0.0,0.0,586.6438136738444
24760,C2,P1,Q43,582.568682727779,582.568682727779,546.83985,0.0,0.374,4623.185677478977,4655.341626933978,4580.6355217407445,24756,C2_d171_s108,24732,35.728832727779036,0.0,0.0,0.0,217.88068734018935,0.0,0.0,217.88068734018935
24761,C2,P1,Q43,604.6307329882794,604.6307329882794,541.7929,0.0,0.3646,4655.341626933978,4711.89567662343,4580.6355217407445,24756,C2_d171_s108,24732,62.83783298827939,0.0,0.0,0.0,220.44836524752665,0.0,0.0,220.44836524752665
24762,C2,P1,Q43,585.1686277665011,585.1686277665011,531.7316666666667,0.0,0.3809,4711.89567662343,4759.988941613281,4711.89567662343,24762,C2_d171_s108,24732,53.436961099834434,0.0,0.0,0.0,222.8907303162603,0.0,0.0,222.8907303162603
24763,C2,P1,Q43,1361.6606539600775,1361.6606539600775,499.8227166666666,0.0,0.3872,4759.988941613281,5509.988941613281,5461.89567662343,24762,C2_d171_s108,24732,833.3333333333334,0.0,0.0,28.50460396007759,527.235005213342,0.0,0.0,527.235005213342
24764,C2,P1,Q43,1356.052371574031,1356.052371574031,486.82905,0.0,0.3936,5509.988941613281,6259.988941613281,6211.89567662343,24762,C2_d171_s108,24732,833.3333333333334,0.0,0.0,35.88998824069756,533.7422134515386,0.0,0.0,533.7422134515386
24765,C2,P1,Q43,1393.9824252457854,1393.9824252457854,498.2166666666667,0.0,0.3844,6259.988941613281,7009.988941613281,6961.89567662343,24762,C2_d171_s108,24732,833.3333333333334,0.0,0.0,62.43242524578534,535.84684426448,0.0,0.0,535.84684426448
24766,C2,P1,Q43,1393.4187895621887,1393.4187895621887,504.09516666666667,0.0,0.3399,7009.988941613281,7759.988941613281,7711.89567662343,24762,C2_d171_s108,24732,833.3333333333334,0.0,0.0,55.99028956218865,473.62304657218795,0.0,0.0,473.62304657218795
24767,C2,P1,Q43,601.3624189510218,601.3624189510218,532.2190166666667,0.0,0.3684,7759.988941613281,7822.218003669201,7711.89567662343,24762,C2_d171_s108,24732,69.14340228435515,0.0,0.0,0.0,221.54191514155644,0.0,0.0,221.54191514155644
24768,C2,P1,Q43,718.7923307424711,718.7923307424711,606.0233333333333,0.0,0.4712,7822.218003669201,7923.710101337425,7822.218003669201,24768,C2_d172_s0,24768,112.7689974091378,0.0,0.0,0.0,338.6949462458524,0.0,0.0,338.6949462458524
24769,C2,P1,Q43,730.2438380287697,730.2438380287697,706.99215,0.0,0.5344,7923.710101337425,7944.636620563318,7822.218003669201,24768,C2_d172_s0,24768,23.25168802876965,0.0,0.0,0.0,390.2423070425745,0.0,0.0,390.2423070425745
24770,C2,P1,Q43,726.6010379577017,726.6010379577017,731.4089166666666,0.0,0.5427,7944.636620563318,7939.294533108912,7822.218003669201,24768,C2_d172_s0,24768,0.0,4.8078787089649495,0.0,0.0,394.3263832996447,0.0,0.0,394.3263832996447
24771,C2,P1,Q43,726.0450433310264,726.0450433310264,679.2383333333333,0.0,0.5063,7939.294533108912,7981.420572106836,7822.218003669201,24768,C2_d172_s0,24768,46.80670999769302,0.0,0.0,0.0,367.5966054384986,0.0,0.0,367.5966054384986
24772,C2,P1,Q43,699.9264491577818,699.9264491577818,652.7777166666666,0.0,0.4472,7981.420572106836,8023.854431348839,7822.218003669201,24768,C2_d172_s0,24768,47.1487324911152,0.0,0.0,0.0,313.00710806336,0.0,0.0,313.00710806336
24773,C2,P1,Q43,691.2545336797116,691.2545336797116,664.1264166666666,0.0,0.4327,8023.854431348839,8048.26973666058,7822.218003669201,24768,C2_d172_s0,24768,27.12811701304497,0.0,0.0,0.0,299.1058367232112,0.0,0.0,299.1058367232112
24774,C2,P1,Q43,697.4654955493482,697.4654955493482,691.225,0.0,0.4825,8048.26973666058,8053.886182654993,8048.26973666058,24774,C2_d172_s0,24768,6.240495549348225,0.0,0.0,0.0,336.5271016025605,0.0,0.0,336.5271016025605
24775,C2,P1,Q43,672.5056208009137,672.5056208009137,704.2615666666667,0.0,0.5488,8053.886182654993,8048.26973666058,8048.26973666058,24774,C2_d172_s0,24768,0.0,5.0548013949716735,26.701144470781333,0.0,369.0710846955414,0.0,73.26794042782397,442.3390251233654
24776,C2,P1,Q43,656.8043703519339,656.8043703519339,684.9268833333334,0.0,0.5499,8048.26973666058,8048.26973666058,8048.26973666058,24774,C2_d172_s0,24768,0.0,0.0,28.122512981399495,0.0,361.1767232565285,0.0,77.32284944235792,438.49957269888637
24777,C2,P1,Q43,670.2570601526196,670.2570601526196,653.395,0.0,0.4947,8048.26973666058,8063.445590797937,8048.26973666058,24774,C2_d172_s0,24768,16.86206015261962,0.0,0.0,0.0,331.5761676575009,0.0,0.0,331.5761676575009
24778,C2,P1,Q43,690.8926888633473,690.8926888633473,647.9949,0.0,0.4646,8063.445590797937,8102.05360077495,8048.26973666058,24774,C2_d172_s0,24768,42.89778886334727,0.0,0.0,0.0,320.98874324591117,0.0,0.0,320.98874324591117
24779,C2,P1,Q43,696.689531227432,696.689531227432,639.683,0.0,0.4385,8102.05360077495,8153.359478879638,8048.26973666058,24774,C2_d172_s0,24768,57.00653122743199,0.0,0.0,0.0,305.49835944322894,0.0,0.0,305.49835944322894
24780,C2,P1,Q43,678.0980785921997,678.0980785921997,627.4116666666666,0.0,0.4239,8153.359478879638,8198.977249612617,8153.359478879638,24780,C2_d172_s0,24768,50.68641192553309,0.0,0.0,0.0,287.44577551523344,0.0,0.0,287.44577551523344
24781,C2,P1,Q43,648.9301332674428,648.9301332674428,636.8600333333333,0.0,0.4537,8198.977249612617,8209.840339553315,8153.359478879638,24780,C2_d172_s0,24768,12.070099934109521,0.0,0.0,0.0,294.41960146343877,0.0,0.0,294.41960146343877
24782,C2,P1,Q43,664.2526386119378,664.2526386119378,623.4595833333334,0.0,0.4473,8209.840339553315,8246.55408930406,8153.359478879638,24780,C2_d172_s0,24768,40.793055278604356,0.0,0.0,0.0,297.1202052511197,0.0,0.0,297.1202052511197
24783,C2,P1,Q43,696.3926059975798,696.3926059975798,610.165,0.0,0.4212,8246.55408930406,8324.158934701882,8153.359478879638,24780,C2_d172_s0,24768,86.22760599757987,0.0,0.0,0.0,293.3205656461806,0.0,0.0,293.3205656461806
24784,C2,P1,Q43,663.4160558142188,663.4160558142188,662.3186333333333,0.0,0.4729,8324.158934701882,8325.146614934678,8153.359478879638,24780,C2_d172_s0,24768,1.0974224808854842,0.0,0.0,0.0,313.72945279454404,0.0,0.0,313.72945279454404
24785,C2,P1,Q43,634.691472681566,634.691472681566,677.8734333333333,0.0,0.5194,8325.146614934678,8277.166658654936,8153.359478879638,24780,C2_d172_s0,24768,0.0,43.18196065176733,0.0,0.0,329.65875091080534,0.0,0.0,329.65875091080534
24786,C2,P1,Q43,1428.2443105709692,1428.2443105709692,634.585,0.0,0.5047,8277.166658654936,8991.460038168809,8529.435040522614,24786,C2_d172_s0,24768,793.6593105709692,0.0,0.0,0.0,720.8349035451682,0.0,0.0,720.8349035451682
24787,C2,P1,Q43,650.8117439943297,650.8117439943297,611.3527166666667,0.0002666666666666667,0.4521,8991.460038168809,9026.973402763706,8529.435040522614,24786,C2_d172_s0,24768,39.459293994329755,0.0,0.0,0.0,294.2319894598365,0.0,0.0,294.2319894598365
24788,C2,P1,Q43,655.293670683993,655.293670683993,602.4874666666666,0.0,0.4101,9026.973402763706,9074.4989863793,8529.435040522614,24786,C2_d172_s0,24768,52.80620401732642,0.0,0.0,0.0,268.7359343475055,0.0,0.0,268.7359343475055
24789,C2,P1,Q43,-0.0,-0.0,607.0616666666666,0.0,0.4282,9074.4989863793,8399.986023416337,7799.999999999998,24786,C2_d172_s0,24768,0.0,607.0616666666666,0.0,0.0,-0.0,0.0,0.0,0.0
24790,C2,P1,Q43,651.9743635674167,651.9743635674167,631.2434833333333,0.0036833333333333336,0.5058,8399.986023416337,8418.647130627012,7799.999999999998,24786,C2_d172_s0,24768,20.734563567416785,0.0,0.0,0.0,329.7686330923994,0.0,0.0,329.7686330923994
24791,C2,P1,Q43,642.0757118193568,642.0757118193568,606.0768666666667,0.0,0.4716,8418.647130627012,8451.046091264434,7799.999999999998,24786,C2_d172_s0,24768,35.99884515269014,0.0,0.0,0.0,302.8029056940087,0.0,0.0,302.8029056940087
24792,C2,P1,Q43,639.5081539497887,639.5081539497887,569.0233333333333,0.0,0.3775,8451.046091264434,8514.482429819243,8451.046091264434,24792,C2_d172_s0,24768,70.48482061645541,0.0,0.0,0.0,241.41432811604525,0.0,0.0,241.41432811604525
24793,C2,P1,Q43,656.7063438031884,656.7063438031884,621.31695,0.051383333333333336,0.4409,8514.482429819243,8546.379129242114,8451.046091264434,24792,C2_d172_s0,24768,35.44077713652166,0.0,0.0,0.0,289.54182698282574,0.0,0.0,289.54182698282574
24794,C2,P1,Q43,659.9339211484082,659.9339211484082,625.28385,0.0,0.4845,8546.379129242114,8577.56419327568,8451.046091264434,24792,C2_d172_s0,24768,34.65007114840819,0.0,0.0,0.0,319.7379847964038,0.0,0.0,319.7379847964038
24795,C2,P1,Q43,638.6894368368678,638.6894368368678,564.015,0.0,0.4457,8577.56419327568,8644.771186428861,8451.046091264434,24792,C2_d172_s0,24768,74.67443683686781,0.0,0.0,0.0,284.663881998192,0.0,0.0,284.663881998192
24796,C2,P1,Q43,617.3692689798503,617.3692689798503,562.4064500000001,0.7157166666666667,0.4408,8644.771186428861,8694.881868510727,8451.046091264434,24792,C2_d172_s0,24768,55.678535646516934,0.0,0.0,0.0,272.136373766318,0.0,0.0,272.136373766318
24797,C2,P1,Q43,1452.2373368971375,1452.2373368971375,586.6876666666667,0.0,0.4359,8694.881868510727,9444.881868510727,8549.999999999998,24792,C2_d172_s0,24768,833.3333333333334,0.0,0.0,32.21633689713747,633.0302551534622,0.0,0.0,633.0302551534622
24798,C2,P1,Q43,1464.4995347509773,1464.4995347509773,597.7383333333333,1.66875,0.412,9444.881868510727,10194.881868510727,9444.881868510727,24798,C2_d172_s0,24768,833.3333333333334,0.0,0.0,35.09661808431065,603.3738083174027,0.0,0.0,603.3738083174027
24799,C2,P1,Q43,598.2033379201054,598.2033379201054,597.65195,26.20911666666667,0.4007,10194.881868510727,10218.966322638822,9444.881868510727,24798,C2_d172_s0,24768,26.760504586771958,0.0,0.0,0.0,239.7000775045862,0.0,0.0,239.7000775045862
24800,C2,P1,Q43,565.93573459425,565.93573459425,606.5420166666667,57.214666666666666,0.418,10218.966322638822,10233.913868773647,9444.881868510727,24798,C2_d172_s0,24768,16.60838459424997,0.0,0.0,0.0,236.56113706039648,0.0,0.0,236.56113706039648
24801,C2,P1,Q43,1369.0654390524746,1369.0654390524746,612.8316666666666,88.43124999999999,0.4071,10233.913868773647,10800.0,10049.999999999998,24798,C2_d172_s0,24768,628.9845902515036,0.0,0.0,215.6804321343045,557.3465402382625,0.0,0.0,557.3465402382625
24802,C2,P1,Q43,1324.867393563173,1324.867393563173,600.8789666666667,126.87374999999999,0.3355,10800.0,10800.0,10799.999999999998,24798,C2_d172_s0,24768,0,0.0,0.0,850.8621768965063,444.4930105404446,0.0,0.0,444.4930105404446
24803,C2,P1,Q43,516.536813418208,516.536813418208,674.4176333333334,168.72863333333333,0.5187,10800.0,10800.0,10799.999999999998,24798,C2_d172_s0,24768,0,0.0,0.0,10.84781341820792,267.9276451200245,0.0,0.0,267.9276451200245
24804,C2,P1,Q43,0.0,0.0,795.6633333333333,212.525,0.8567,10800.0,10152.06851851852,10104.384698049602,24804,C2_d172_s36,24804,0.0,583.1383333333333,0.0,0.0,0.0,0.0,0.0,0.0
24805,C2,P1,Q43,0.0,0.0,812.54705,258.1764166666667,0.9075,10152.06851851852,9536.10114814815,9454.684849689223,24804,C2_d172_s36,24804,0.0,554.3706333333333,0.0,0.0,0.0,0.0,0.0,0.0
24806,C2,P1,Q43,0.0,0.0,799.4881,291.1736,0.8644,9536.10114814815,8971.30725925926,8869.01103010847,24804,C2_d172_s36,24804,0.0,508.3145,0.0,0.0,0.0,0.0,0.0,0.0
24807,C2,P1,Q43,0.0,0.0,812.1983333333333,314.80625000000003,0.8725,8971.30725925926,8418.649388888889,8323.123122244619,24804,C2_d172_s36,24804,0.0,497.39208333333323,0.0,0.0,0.0,0.0,0.0,0.0
24808,C2,P1,Q43,0.0,0.0,827.3690666666666,353.1188333333334,0.8648,8418.649388888889,7891.704685185186,7838.165407841538,24804,C2_d172_s36,24804,0.0,474.25023333333326,0.0,0.0,0.0,0.0,0.0,0.0
24809,C2,P1,Q43,0.0,0.0,816.6924166666666,425.13725,0.7814,7891.704685185186,7456.64338888889,7424.1730454305425,24804,C2_d172_s36,24804,0.0,391.55516666666665,0.0,0.0,0.0,0.0,0.0,0.0
24810,C2,P1,Q43,0.0,0.0,801.8566666666667,498.59375,0.6944,7456.64338888889,7119.684592592594,7108.533074237886,24810,C2_d172_s36,24804,0.0,303.2629166666667,0.0,0.0,0.0,0.0,0.0,0.0
24811,C2,P1,Q43,273.8602006898765,0.0,827.9662666666667,521.7031333333333,0.7373,7119.684592592594,6799.57377717506,6799.57377717506,24810,C2_d172_s36,24804,0.0,288.0997338757802,18.16339945755317,0.0,0.0,100.95856298432295,66.95937210026975,167.9179350845927
24812,C2,P1,Q43,247.60600066714176,247.60600066714176,834.5498666666667,559.4722666666667,0.78,6799.57377717506,6796.967314212097,6796.967314212097,24810,C2_d172_s36,24804,0.0,2.345816666666451,25.125782666191867,0.0,193.13268052037057,0.0,97.9905523981483,291.12323291851885
24813,C2,P1,Q43,206.14614818026791,0.0,787.64,607.6625,0.7172,6796.967314212097,6596.992314212097,6567.373297715503,24810,C2_d172_s36,24804,0.0,179.97749999999996,0.0,0.0,0.0,73.92400873744407,0.0,73.92400873744407
24814,C2,P1,Q43,145.22783540926844,143.858952075935,742.2260166666666,603.3040333333333,0.6172,6596.992314212097,6601.435586080439,6567.373297715503,24810,C2_d172_s36,24804,4.936968742601721,0.0,0.0,0.0,88.78974522126708,0.42243739666669605,0.0,89.21218261793378
24815,C2,P1,Q43,0.0,0.0,881.4332333333333,638.8640333333334,0.8436,6601.435586080439,6340.448822662751,6340.448822662751,24810,C2_d172_s36,24804,0.0,234.88808707591926,7.681112924080651,0.0,0.0,0.0,32.39893431377219,32.39893431377219
24816,C2,P1,Q43,0.0,0.0,1103.95,719.3249999999999,1.2077,6340.448822662751,5975.414281300715,5975.414281300715,24816,C2_d172_s36,24804,0.0,328.53108722583255,56.09391277416756,0.0,0.0,0.0,338.7230922868108,338.7230922868108
24817,C2,P1,Q43,0.0,0.0,1111.1976333333334,755.25495,1.1412,5975.414281300715,5655.958080799171,5655.958080799171,24816,C2_d172_s36,24804,0.0,287.5105804513897,68.4321028819437,0.0,0.0,0.0,390.47357904437075,390.47357904437075
24818,C2,P1,Q43,0.0,0.0,1070.61095,786.9695833333334,1.037,5655.958080799171,5418.2773875502635,5418.2773875502635,24816,C2_d172_s36,24804,0.0,213.9126239240164,69.72874274265021,0.0,0.0,0.0,361.5435311206413,361.5435311206413
24819,C2,P1,Q43,0.0,0.0,1077.2916666666667,835.8125,1.0725,5418.2773875502635,5222.689425644873,5222.689425644873,24816,C2_d172_s36,24804,0.0,176.0291657148513,65.45000095181544,0.0,0.0,0.0,350.9756301041103,350.9756301041103
24820,C2,P1,Q43,0.0,0.0,1062.5259333333333,880.7957833333334,1.0378,5222.689425644873,5083.702778325027,5083.702778325027,24816,C2_d172_s36,24804,0.0,125.08798258786165,56.642167412138335,0.0,0.0,0.0,293.91620670158585,293.91620670158585
24821,C2,P1,Q43,0.0,0.0,1068.7385833333333,941.0792833333334,1.0185,5083.702778325027,4994.4664225339275,4994.4664225339275,24816,C2_d172_s36,24804,0.0,80.31272021198947,47.346579788010445,0.0,0.0,0.0,241.11245757044315,241.11245757044315
24822,C2,P1,Q43,0.0,0.0,1103.865,1006.31875,1.0441,4994.4664225339275,4935.609698909718,4935.609698909718,24822,C2_d172_s36,24804,0.0,52.971051261788766,44.57519873821122,0.0,0.0,0.0,232.7048250128317,232.7048250128317
24823,C2,P1,Q43,0.0,0.0,1116.28825,1032.0099,1.0338,4935.609698909718,4881.391536334192,4881.391536334192,24822,C2_d172_s36,24804,0.0,48.796346317973075,35.48200368202697,0.0,0.0,0.0,183.40647703239742,183.40647703239742
24824,C2,P1,Q43,0.0,0.0,1076.9035833333335,1000.1059,1.0078,4881.391536334192,4861.681942059217,4861.681942059217,24822,C2_d172_s36,24804,0.0,17.73863484747726,59.059048485856195,0.0,0.0,0.0,297.59854532022933,297.59854532022933
24825,C2,P1,Q43,0.0,0.0,1035.1016666666667,959.0437499999999,0.9901,4861.681942059217,4861.681942059217,4861.681942059217,24822,C2_d172_s36,24804,0.0,0.0,76.05791666666676,0.0,0.0,0.0,376.5247164583338,376.5247164583338
24826,C2,P1,Q43,0.0,0.0,1069.1477666666667,986.8517499999999,0.9776,4861.681942059217,4861.681942059217,4926.809491258022,24822,C2_d172_s36,24804,0.0,0.0,82.29601666666679,0.0,0.0,0.0,402.26292946666723,402.26292946666723
24827,C2,P1,Q43,0.0,0.0,1088.98185,1044.3761833333333,0.9498,4861.681942059217,4861.681942059217,5004.845379926502,24822,C2_d172_s36,24804,0.0,0.0,44.60566666666659,0.0,0.0,0.0,211.83231099999963,211.83231099999963
24828,C2,P1,Q43,0.0,0.0,1071.23,1111.8125,0.91,4861.681942059217,4898.206192059218,4942.19276700796,24828,C2_d172_s36,24804,40.58249999999998,0.0,0.0,0.0,0.0,0.0,0.0,0.0
24829,C2,P1,Q43,0.0,0.0,1078.5808666666667,1193.3662333333334,0.886,4898.206192059218,5001.513022059218,5032.512441552346,24828,C2_d172_s36,24804,114.78536666666673,0.0,0.0,0.0,0.0,0.0,0.0,0.0
24830,C2,P1,Q43,0.0,0.0,1081.2777333333333,1198.6438666666666,0.8914,5001.513022059218,5107.142542059218,5139.348419269121,24828,C2_d172_s36,24804,117.36613333333321,0.0,0.0,0.0,0.0,0.0,0.0,0.0
24831,C2,P1,Q43,0.0,0.0,1060.4133333333332,1162.1000000000001,0.9171,5107.142542059218,5198.660542059218,5253.19380321981,24828,C2_d172_s36,24804,101.68666666666695,0.0,0.0,0.0,0.0,0.0,0.0,0.0
24832,C2,P1,Q43,0.0,0.0,1037.8001833333333,1209.8022166666667,0.9132,5198.660542059218,5353.462372059218,5360.219661425582,24828,C2_d172_s36,24804,172.00203333333343,0.0,0.0,0.0,0.0,0.0,0.0,0.0
24833,C2,P1,Q43,0.0,0.0,1054.4679833333332,1242.9991666666667,0.7502,5353.462372059218,5523.140437059218,5473.0089267691665,24828,C2_d172_s36,24804,188.5311833333335,0.0,0.0,0.0,0.0,0.0,0.0,0.0
24834,C2,P1,Q43,31.256722873237095,0.0,1087.5466666666666,1216.2875000000001,0.5501,5523.140437059218,5639.007187059218,5647.164736473304,24834,C2_d172_s36,24804,128.7408333333335,0.0,0.0,0.0,0.0,8.597161626283864,0.0,8.597161626283864
24835,C2,P1,Q43,845.5250707377194,709.4169818488305,1073.8781000000001,1181.3241666666665,0.5821,5639.007187059218,6374.183930723166,6397.164736473304,24834,C2_d172_s36,24804,816.863048515497,0.0,0.0,0.0,412.95162513420416,39.614259271111116,0.0,452.5658844053153
24836,C2,P1,Q43,812.8291787789454,709.6745010011676,1060.2514833333332,1134.9569666666666,0.6331,6374.183930723166,7080.125916624217,7147.164736473304,24834,C2_d172_s36,24804,784.3799843345012,0.0,0.0,0.0,449.29492658383924,32.653613250555566,0.0,481.9485398343948
24837,C2,P1,Q43,0.0,0.0,1072.295,1098.0625,0.6194,7080.125916624217,7103.316666624217,7256.04828952177,24834,C2_d172_s36,24804,25.767499999999927,0.0,0.0,0.0,0.0,0.0,0.0,0.0
24838,C2,P1,Q43,0.0,0.0,1083.8683166666667,1109.2651833333332,0.653,7103.316666624217,7126.173846624217,7312.411979513267,24834,C2_d172_s36,24804,25.396866666666483,0.0,0.0,0.0,0.0,0.0,0.0,0.0
24839,C2,P1,Q43,129.19832492291798,0.0,1061.3972333333334,1123.9459833333333,0.6233,7126.173846624217,7182.467721624217,7355.56689798364,24834,C2_d172_s36,24804,62.54874999999993,0.0,0.0,0.0,0.0,40.26465796222738,0.0,40.26465796222738
24840,C2,P1,Q43,729.3162169631303,719.9771502964636,1016.5283333333333,1112.125,0.5383,7182.467721624217,7916.484156891034,7932.467721624217,24840,C2_d172_s72,24840,815.5738169631303,0.0,0.0,0.0,387.56370000458634,2.5136097933333335,0.0,390.07730979791967
24841,C2,P1,Q43,721.8061903971205,561.0579274712736,1000.0734000000001,1088.3119666666666,0.539,7916.484156891034,8500.851001615181,8535.282127490955,24840,C2_d172_s72,24840,649.2964941379402,0.0,0.0,0.0,302.4102229070165,43.321656858515745,0.0,345.7318797655322
24842,C2,P1,Q43,693.2070072124651,693.2070072124651,1030.5130666666666,1099.0616666666667,0.5907,8500.851001615181,9186.4310481064,9271.852652490954,24840,C2_d172_s72,24840,761.7556072124651,0.0,0.0,0.0,409.47737916040313,0.0,0.0,409.47737916040313
24843,C2,P1,Q43,645.4646219023108,645.4646219023108,1052.9933333333333,1143.90625,0.584,9186.4310481064,9849.17083281848,9997.505859990953,24840,C2_d172_s72,24840,736.3775385689773,0.0,0.0,0.0,376.95133919094945,0.0,0.0,376.95133919094945
24844,C2,P1,Q43,668.3845776953491,668.3845776953491,1001.0641833333334,1174.9260833333333,0.4785,9849.17083281848,10599.17083281848,10712.241749990953,24840,C2_d172_s72,24840,833.3333333333334,0.0,0.0,8.913144362015487,319.8220204272245,0.0,0.0,319.8220204272245
24845,C2,P1,Q43,0.0,0.0,1012.47615,1172.7081,0.6016,10599.17083281848,10743.37958781848,10773.233899793338,24840,C2_d172_s72,24840,160.2319500000001,0.0,0.0,0.0,0.0,0.0,0.0,0.0
24846,C2,P1,Q43,0.0,0.0,1086.16,1119.9875,0.9165,10743.37958781848,10773.82433781848,10770.14568802514,24846,C2_d172_s72,24840,33.82749999999987,0.0,0.0,0.0,0.0,0.0,0.0,0.0
24847,C2,P1,Q43,0.0,4.093610210589532,1081.6348,1019.5125166666667,1.0458,10773.82433781848,10770.14568802514,10770.14568802514,24846,C2_d172_s72,24840,0.0,3.310784814005092,54.71788830873875,0.0,4.281097558234532,2.140548779117266,286.1198379663949,292.5414843037467
24848,C2,P1,Q43,0.0,16.28111646242587,1060.1243666666667,970.80785,1.069,10770.14568802514,10770.14568802514,10770.14568802514,24846,C2_d172_s72,24840,0.0,0.0,73.03540020424077,0.0,17.404513498333255,8.702256749166628,390.3742140916669,416.48098433916675
24849,C2,P1,Q43,0.0,41.977641516184576,1067.7116666666668,970.4562500000001,1.0624,10770.14568802514,10770.14568802514,10770.14568802514,24846,C2_d172_s72,24840,0.0,0.0,55.27777515048217,0.0,44.59704634679449,22.298523173397246,293.6355415993613,360.5311111195531
24850,C2,P1,Q43,0.0,0.0,1081.7052166666667,929.1812,1.0047,10770.14568802514,10666.868305208342,10666.868305208342,24846,C2_d172_s72,24840,0.0,92.9496445351193,59.574372131547435,0.0,0.0,0.0,299.2718584028285,299.2718584028285
24851,C2,P1,Q43,0.0,0.0,1076.9884166666668,917.42565,0.9707,10666.868305208342,10489.576342245378,10479.509385887586,24846,C2_d172_s72,24840,0.0,159.5627666666668,0.0,0.0,0.0,0.0,0.0,0.0
24852,C2,P1,Q43,0.0,0.0,1074.7,918.81875,1.0301,10489.576342245378,10316.37495335649,10295.19216385617,24852,C2_d172_s72,24840,0.0,155.88125000000002,0.0,0.0,0.0,0.0,0.0,0.0
24853,C2,P1,Q43,0.0,0.0,1112.2152833333332,839.53975,1.1658,10316.37495335649,10078.09083227296,10078.09083227296,24852,C2_d172_s72,24840,0.0,214.45570897517737,58.21982435815582,0.0,0.0,0.0,339.36335618369026,339.36335618369026
24854,C2,P1,Q43,0.0,0.0,1112.1910166666667,783.7402000000001,1.1491,10078.09083227296,9815.70168775044,9815.70168775044,24852,C2_d172_s72,24840,0.0,236.15023007026795,92.30058659639863,0.0,0.0,0.0,530.3130202896083,530.3130202896083
24855,C2,P1,Q43,0.0,0.0,1077.4533333333334,797.40625,1.0457,9815.70168775044,9505.456035361993,9505.456035361993,24852,C2_d172_s72,24840,0.0,279.22108714960194,0.8259961837314336,0.0,0.0,0.0,4.3187210466398005,4.3187210466398005
24856,C2,P1,Q43,0.0,0.0,1090.0596,821.6511333333333,1.1187,9505.456035361993,9207.224405732362,9159.903674776746,24852,C2_d172_s72,24840,0.0,268.40846666666675,0.0,0.0,0.0,0.0,0.0,0.0
24857,C2,P1,Q43,0.0,0.0,1112.6326333333334,816.3665833333333,1.0516,9207.224405732362,8878.039905732363,8806.729358372615,24852,C2_d172_s72,24840,0.0,296.26605000000006,0.0,0.0,0.0,0.0,0.0,0.0
24858,C2,P1,Q43,499.51788409522163,886.502101790698,1100.9466666666667,792.9125,0.8272,8878.039905732363,9398.66104734399,9300.0,24858,C2_d172_s72,24840,578.4679351240313,0.0,0.0,0.0,733.3145386012654,160.05667243884903,0.0,893.3712110401145
24859,C2,P1,Q43,1056.3193526735788,1186.5931693402456,1055.5117666666667,790.41755,0.7712,9398.66104734399,10148.66104734399,10050.0,24858,C2_d172_s72,24840,833.3333333333334,0.0,0.0,88.16561934024537,915.1006521951974,50.233583706666714,0.0,965.3342359018642
24860,C2,P1,Q43,266.03720643765314,385.74303977098646,1055.2248833333333,778.4194166666666,0.7934,10148.66104734399,10246.704863137878,10050.0,24858,C2_d172_s72,24840,108.93757310431965,0.0,0.0,0.0,306.04852775430066,47.48730408333333,0.0,353.53583183763396
24861,C2,P1,Q43,293.47031287093,402.6081628709301,1113.9366666666667,745.7375000000001,0.8087,10246.704863137878,10277.672959721715,10050.0,24858,C2_d172_s72,24840,34.4089962042633,0.0,0.0,0.0,325.5892213137211,44.12988964750003,0.0,369.71911096122113
24862,C2,P1,Q43,321.9054343062277,420.4753009728944,1161.8889333333334,715.8341166666668,0.8305,10277.672959721715,10249.251275617524,10050.0,24858,C2_d172_s72,24840,0.0,25.579515693772237,0.0,0.0,349.2047374579888,40.93113713333335,0.0,390.13587459132214
24863,C2,P1,Q43,352.6794397408647,1274.0146564075314,1136.6629333333333,700.7820499999999,0.8131,10249.251275617524,10800.0,10800.0,24858,C2_d172_s72,24840,611.9430270916403,0.0,0.0,226.19074598255793,1035.901317124964,374.56883233583335,0.0,1410.4701494607973
24864,C2,P1,Q43,382.732952980017,460.166852980017,1075.675,681.1875,0.7894,10800.0,10800.0,10800.0,24864,C2_d172_s72,24840,0,0.0,0.0,65.67935298001703,363.2557137424254,30.56316033,0.0,393.81887407242544
24865,C2,P1,Q43,440.0563119391684,512.8779230502795,1079.4688166666667,629.8999166666666,0.8464,10800.0,10800.0,10800.0,24864,C2_d172_s72,24840,0,0.0,0.0,63.30902305027939,434.0998740697566,30.818105822222222,0.0,464.9179798919788
24866,C2,P1,Q43,495.0052571262398,563.214579348462,1113.5731833333332,598.5915166666667,0.9133,10800.0,10800.0,10800.0,24864,C2_d172_s72,24840,0,0.0,0.0,48.2329126817956,514.3838753189503,31.147786992777778,0.0,545.5316623117282
24867,C2,P1,Q43,538.2771032872732,601.8741366206066,1126.1616666666666,590.86875,0.9323,10800.0,10800.0,10800.0,24864,C2_d172_s72,24840,0,0.0,0.0,66.58121995393981,561.1272575713915,29.645757088333337,0.0,590.7730146597248
24868,C2,P1,Q43,561.7520403275845,620.736784772029,1102.8649833333334,556.1816,0.9161,10800.0,10800.0,10800.0,24864,C2_d172_s72,24840,0,0.0,0.0,74.05340143869557,568.6569685296557,27.017962192777784,0.0,595.6749307224335
24869,C2,P1,Q43,602.7166877524174,657.089143307973,1105.9544666666668,499.82958333333335,0.9405,10800.0,10800.0,10800.0,24864,C2_d172_s72,24840,0,0.0,0.0,50.96425997463962,617.9923392811486,25.56864722500001,0.0,643.5609865061487
24870,C2,P1,Q43,661.6062950436394,711.3664617103061,1140.9816666666668,445.21875,1.0002,10800.0,10800.0,10800.0,24870,C2_d172_s72,24840,0,0.0,0.0,15.603545043639315,711.5087350026481,24.885059350000013,0.0,736.3937943526481
24871,C2,P1,Q43,703.5234057289067,750.0236196177957,1157.00115,408.5088166666667,1.0237,10800.0,10800.0,10800.0,24870,C2_d172_s72,24840,0,0.0,0.0,1.5312862844623396,767.7991794027375,23.801134479027834,0.0,791.6003138817654
24872,C2,P1,Q43,755.3055420020207,798.5458031131318,1178.2718,364.59788333333336,1.0562,10800.0,10800.0,10800.0,24870,C2_d172_s72,24840,0.0,0.0,15.128113553534831,0.0,843.4240772480898,22.835181892777754,79.89156767621745,946.1508268170851
24873,C2,P1,Q43,828.7940476554145,868.7743559887479,1213.1933333333334,307.77500000000003,1.0927,10800.0,10800.0,10800.0,24870,C2_d172_s72,24840,0.0,0.0,36.64397734458544,0.0,949.3097387889048,21.843241457916687,200.20437022214253,1171.357350468964
24874,C2,P1,Q43,887.8628482246529,924.5832037802084,1211.5557666666666,257.86246666666665,1.0884,10800.0,10800.0,10800.0,24870,C2_d172_s72,24840,0.0,0.0,29.110096219791558,0.0,1006.3163589943788,19.983217493333274,158.41714362810566,1184.7167201158177
24875,C2,P1,Q43,825.3096717676683,858.7700745454459,1042.2540000000001,217.79278333333332,1.1524,10800.0,10800.0,10800.0,24870,C2_d172_s72,24840,0,0.0,0.0,34.30885787877901,989.6466339061719,19.279884080555473,0.0,1008.9265179867274
24876,C2,P1,Q43,697.8902568981096,700.2865568981096,817.6999999999999,184.86249999999998,1.2656,10800.0,10800.0,10800.0,24876,C2_d172_s108,24876,0,0.0,0.0,67.44905689810957,886.2826664102475,1.516378639999998,0.0,887.7990450502475
24877,C2,P1,Q43,687.9951342914892,689.9920509581558,801.8896666666666,154.42611666666667,1.2863,10800.0,10800.0,10800.0,24876,C2_d172_s108,24876,0,0.0,0.0,42.52850095815586,887.5367751474759,1.2843169541666282,0.0,888.8210921016425
24878,C2,P1,Q43,746.5024169485507,748.099950281884,821.1812166666667,118.92295,1.255,10800.0,10800.0,10800.0,24876,C2_d172_s108,24876,0,0.0,0.0,45.841683615217335,938.8654376037643,1.002452166666665,0.0,939.867889770431
24879,C2,P1,Q43,812.554901741525,813.7530517415249,804.1433333333333,81.58749999999999,1.2579,10800.0,10800.0,10800.0,24876,C2_d172_s108,24876,0,0.0,0.0,91.19721840819159,1023.6199637856643,0.7535764424999631,0.0,1024.3735402281643
24880,C2,P1,Q43,35.697575992092084,36.49634265875875,847.8163333333333,52.558249999999994,1.3373,10800.0,9956.931399250472,9874.074074074075,24876,C2_d172_s108,24876,0.0,758.7617406745746,0.0,0.0,48.806559037558074,0.5340953316666659,0.0,49.34065436922474
24881,C2,P1,Q43,59.88645654833647,60.285839881669744,869.8048666666667,24.280066666666666,1.3746,9956.931399250472,9084.44366578566,8948.14814814815,24876,C2_d172_s108,24876,0.0,785.2389601183303,0.0,0.0,82.86891550134324,0.27449616499996055,0.0,83.1434116663432
24882,C2,P1,Q43,64.25322456250285,64.25322456250285,848.1816666666667,1.45625,1.3457,9084.44366578566,8215.030119003257,8158.517739859734,24882,C2_d172_s108,24876,0.0,782.4721921041639,0.0,0.0,86.46556429376008,0.0,0.0,86.46556429376008
24883,C2,P1,Q43,66.00097335523935,66.00097335523935,850.6176833333334,0.0,1.3409,8215.030119003257,7343.233774583153,7232.591813933808,24882,C2_d172_s108,24876,0.0,784.616709978094,0.0,0.0,88.50070517204044,0.0,0.0,88.50070517204044
24884,C2,P1,Q43,592.9520688663567,592.9520688663567,872.4547166666666,0.6802833333333332,1.3658,7343.233774583153,7033.431147397623,6891.851073193067,24882,C2_d172_s108,24876,0.0,278.8223644669765,0.0,0.0,809.8539356576699,0.0,0.0,809.8539356576699
24885,C2,P1,Q43,895.9978492113815,895.9978492113815,890.125,0.0,1.3906,7033.431147397623,7038.716711687866,6891.851073193067,24882,C2_d172_s108,24876,5.872849211381549,0.0,0.0,0.0,1245.9746091133472,0.0,0.0,1245.9746091133472
24886,C2,P1,Q43,76.45217027920012,76.45217027920012,888.6714499999999,0.0,1.3899,7038.716711687866,6136.250845331422,5965.925147267141,24882,C2_d172_s108,24876,0.0,812.2192797207998,0.0,0.0,106.26087147106024,0.0,0.0,106.26087147106024
24887,C2,P1,Q43,71.92990185671351,71.92990185671351,885.1057500000001,0.048850000000000005,1.4029,6136.250845331422,5232.776402949993,5039.999221341215,24882,C2_d172_s108,24876,0.0,813.1269981432865,0.0,0.0,100.9104593147834,0.0,0.0,100.9104593147834
24888,C2,P1,Q43,54.68087066358589,54.68087066358589,880.5533333333333,0.0,1.4122,5232.776402949993,4315.14033331694,4306.850477024067,24888,C2_d172_s108,24876,0.0,825.8724626697474,0.0,0.0,77.22032555111599,0.0,0.0,77.22032555111599
24889,C2,P1,Q43,67.4726813550634,67.4726813550634,860.8405166666666,0.0,1.3631,4315.14033331694,3433.6205163040477,3380.924551098141,24888,C2_d172_s108,24876,0.0,793.3678353116032,0.0,0.0,91.97201195508691,0.0,0.0,91.97201195508691
24890,C2,P1,Q43,912.3887572101848,912.3887572101848,845.6564,0.0035,1.3399,3433.6205163040477,3493.682787793214,3380.924551098141,24888,C2_d172_s108,24876,66.73585721018492,0.0,0.0,0.0,1222.5096957859269,0.0,0.0,1222.5096957859269
24891,C2,P1,Q43,67.3950159449538,67.39501594495368,853.4283333333333,0.0,1.3744,3493.682787793214,2620.312435139459,2454.998625172215,24888,C2_d172_s108,24876,0.0,786.0333173883796,0.0,0.0,92.62770991474434,7.812559488229454e-14,0.0,92.62770991474441
24892,C2,P1,Q43,44.374706955227566,44.374706955227566,882.4396,0.0,1.3936,2620.312435139459,1694.386509213533,1529.0726992462887,24888,C2_d172_s108,24876,0.0,833.3333333333334,4.731559711439104,0.0,61.840591612805135,0.0,32.96950806930768,94.81009968211282
24893,C2,P1,Q43,875.7503786515994,875.7503786515994,892.5536333333333,0.00025,1.2657,1694.386509213533,1675.7165040116063,1529.0726992462887,24888,C2_d172_s108,24876,0.0,16.80300468173391,0.0,0.0,1108.4372542593294,0.0,0.0,1108.4372542593294
24894,C2,P1,Q43,891.4293782468432,891.4293782468432,884.1350000000001,0.0,1.0636,1675.7165040116063,1682.281444433765,1675.7165040116063,24894,C2_d172_s108,24876,7.294378246843053,0.0,0.0,0.0,948.1242867033425,0.0,0.0,948.1242867033425
24895,C2,P1,Q43,892.3949467724651,892.3949467724651,889.1677,0.0,1.0032,1682.281444433765,1685.1859665289837,1675.7165040116063,24894,C2_d172_s108,24876,3.2272467724651506,0.0,0.0,0.0,895.250610602137,0.0,0.0,895.250610602137
24896,C2,P1,Q43,893.0408057884551,893.0408057884551,870.0274666666666,0.0,1.0036,1685.1859665289837,1705.8979717385935,1675.7165040116063,24894,C2_d172_s108,24876,23.01333912178859,0.0,0.0,0.0,896.2557526892937,0.0,0.0,896.2557526892937
24897,C2,P1,Q43,914.2535044649286,914.2535044649286,859.8533333333334,0.0,1.0403,1705.8979717385935,1754.8581257570293,1675.7165040116063,24894,C2_d172_s108,24876,54.40017113159524,0.0,0.0,0.0,951.0979206948653,0.0,0.0,951.0979206948653
24898,C2,P1,Q43,943.2441970869362,943.2441970869362,912.7835833333334,0.0,1.1205,1754.8581257570293,1782.272678135272,1675.7165040116063,24894,C2_d172_s108,24876,30.460613753602843,0.0,0.0,0.0,1056.9051228359122,0.0,0.0,1056.9051228359122
24899,C2,P1,Q43,863.7711054767652,863.7711054767652,825.9281333333333,0.0,0.8749,1782.272678135272,1816.3313530643607,1675.7165040116063,24894,C2_d172_s108,24876,37.84297214343189,0.0,0.0,0.0,755.7133401816219,0.0,0.0,755.7133401816219
24900,C2,P1,Q43,731.4525990009502,731.4525990009502,645.8683333333333,0.0,0.4618,1816.3313530643607,1893.3571921652158,1816.3313530643607,24900,C2_d172_s108,24876,85.58426566761682,0.0,0.0,0.0,337.78481021863877,0.0,0.0,337.78481021863877
24901,C2,P1,Q43,1394.8345313432355,1394.8345313432355,634.3130666666667,0.0,0.4454,1893.3571921652158,2577.826510374128,2416.331353064361,24900,C2_d172_s108,24876,760.5214646765688,0.0,0.0,0.0,621.2593002602771,0.0,0.0,621.2593002602771
24902,C2,P1,Q43,754.9247365288212,754.9247365288212,662.02065,0.0,0.5311,2577.826510374128,2661.440188250067,2416.331353064361,24900,C2_d172_s108,24876,92.90408652882115,0.0,0.0,0.0,400.94052757045694,0.0,0.0,400.94052757045694
24903,C2,P1,Q43,747.9742149878981,747.9742149878981,665.8416666666667,0.0,0.5191,2661.440188250067,2735.3594817391754,2416.331353064361,24900,C2_d172_s108,24876,82.13254832123141,0.0,0.0,0.0,388.27341500021794,0.0,0.0,388.27341500021794
24904,C2,P1,Q43,742.6342762235532,742.6342762235532,711.3985333333334,0.0,0.5014,2735.3594817391754,2763.4716503403733,2416.331353064361,24900,C2_d172_s108,24876,31.235742890219854,0.0,0.0,0.0,372.35682609848953,0.0,0.0,372.35682609848953
24905,C2,P1,Q43,740.2916593027288,740.2916593027288,715.6982166666667,0.0,0.4737,2763.4716503403733,2785.605748712829,2416.331353064361,24900,C2_d172_s108,24876,24.59344263606215,0.0,0.0,0.0,350.6761590117026,0.0,0.0,350.6761590117026
24906,C2,P1,Q43,740.2572014220044,740.2572014220044,680.74,0.0,0.454,2785.605748712829,2839.171229992633,2785.605748712829,24906,C2_d172_s108,24876,59.517201422004405,0.0,0.0,0.0,336.07676944559,0.0,0.0,336.07676944559
24907,C2,P1,Q43,743.7148996552642,743.7148996552642,692.0645666666666,0.0,0.4803,2839.171229992633,2885.656529682371,2785.605748712829,24906,C2_d172_s108,24876,51.6503329885976,0.0,0.0,0.0,357.20626630442337,0.0,0.0,357.20626630442337
24908,C2,P1,Q43,735.3749578141682,735.3749578141682,678.9196666666667,0.0,0.4766,2885.656529682371,2936.466291715122,2785.605748712829,24906,C2_d172_s108,24876,56.4552911475015,0.0,0.0,0.0,350.47970489423255,0.0,0.0,350.47970489423255
24909,C2,P1,Q43,724.624359588675,724.624359588675,654.775,0.0,0.4618,2936.466291715122,2999.3307153449296,2785.605748712829,24906,C2_d172_s108,24876,69.84935958867504,0.0,0.0,0.0,334.63152925805014,0.0,0.0,334.63152925805014
24910,C2,P1,Q43,736.5988293414927,736.5988293414927,705.0811166666667,0.0,0.5272,2999.3307153449296,3027.6966567522727,2785.605748712829,24906,C2_d172_s108,24876,31.51771267482593,0.0,0.0,0.0,388.3349028288349,0.0,0.0,388.3349028288349
24911,C2,P1,Q43,739.8933050038072,739.8933050038072,711.28885,0.0,0.5608,3027.6966567522727,3053.440666255699,2785.605748712829,24906,C2_d172_s108,24876,28.604455003807175,0.0,0.0,0.0,414.93216544613506,0.0,0.0,414.93216544613506
38160,C2,P1,Q43,596.1922430842724,596.1922430842724,570.8566666666667,0.0,0.4085,3475.983874418339,3498.785893194184,3475.983874418339,38160,C2_d265_s0,38160,25.335576417605694,0.0,0.0,0.0,243.54453129992524,0.0,0.0,243.54453129992524
38161,C2,P1,Q43,-0.0,-0.0,570.1843333333334,0.0,0.4059,3498.785893194184,2865.247745046036,2785.1548426070303,38160,C2_d265_s0,38160,0.0,570.1843333333334,0.0,0.0,-0.0,0.0,0.0,0.0
38162,C2,P1,Q43,617.0871006222533,617.0871006222533,560.3181833333333,0.0,0.4324,2865.247745046036,2916.339770606064,2785.1548426070303,38160,C2_d265_s0,38160,56.768917288919965,0.0,0.0,0.0,266.82846230906233,0.0,0.0,266.82846230906233
38163,C2,P1,Q43,589.9428768648545,589.9428768648545,564.7666666666667,0.0,0.4539,2916.339770606064,2938.998359784433,2785.1548426070303,38160,C2_d265_s0,38160,25.176210198187846,0.0,0.0,0.0,267.7750718089575,0.0,0.0,267.7750718089575
38164,C2,P1,Q43,1409.2997631071125,1409.2997631071125,598.5089166666667,0.0,0.4117,2938.998359784433,3668.7101215808343,3535.1548426070303,38160,C2_d265_s0,38160,810.7908464404459,0.0,0.0,0.0,580.2087124711983,0.0,0.0,580.2087124711983
38165,C2,P1,Q43,1401.6811973852698,1401.6811973852698,606.51065,0.0,0.4114,3668.7101215808343,4384.363614227577,4285.15484260703,38160,C2_d265_s0,38160,795.1705473852697,0.0,0.0,0.0,576.6516446043,0.0,0.0,576.6516446043
38166,C2,P1,Q43,1395.861950474725,1395.861950474725,589.77,0.0,0.4549,4384.363614227577,5109.84636965483,5035.15484260703,38166,C2_d265_s0,38160,806.0919504747251,0.0,0.0,0.0,634.9776012709525,0.0,0.0,634.9776012709525
38167,C2,P1,Q43,1396.9717289726493,1396.9717289726493,597.35335,0.0,0.4413,5109.84636965483,5829.502910730214,5785.15484260703,38166,C2_d265_s0,38160,799.6183789726493,0.0,0.0,0.0,616.4836239956302,0.0,0.0,616.4836239956302
38168,C2,P1,Q43,1396.4125349664068,1396.4125349664068,579.9716666666667,0.0,0.4365,5829.502910730214,6564.29969219998,6535.15484260703,38166,C2_d265_s0,38160,816.4408682997401,0.0,0.0,0.0,609.5340715128366,0.0,0.0,609.5340715128366
38169,C2,P1,Q43,1393.9002889388753,1393.9002889388753,552.68,0.0,0.4529,6564.29969219998,7314.29969219998,7285.15484260703,38166,C2_d265_s0,38160,833.3333333333334,0.0,0.0,7.886955605541971,631.2974408604166,0.0,0.0,631.2974408604166
38170,C2,P1,Q43,566.3096948339747,566.3096948339747,584.05335,0.0,0.4318,7314.29969219998,7294.584519793286,7285.15484260703,38166,C2_d265_s0,38160,0.0,17.74365516602529,0.0,0.0,244.5325262293103,0.0,0.0,244.5325262293103
38171,C2,P1,Q43,583.8749976943806,583.8749976943806,601.8616166666667,0.0,0.418,7294.584519793286,7285.15484260703,7285.15484260703,38166,C2_d265_s0,38160,0.0,8.486709467629954,9.49990950465617,0.0,244.05974903625108,0.0,19.854810864731395,263.91455990098245
38172,C2,P1,Q43,594.0762923377941,594.0762923377941,590.6066666666667,0.0,0.4413,7285.15484260703,7288.277505711045,7285.15484260703,38172,C2_d265_s0,38160,3.46962567112746,0.0,0.0,0.0,262.16586780866857,0.0,0.0,262.16586780866857
38173,C2,P1,Q43,1406.9178139263026,1406.9178139263026,604.56305,0.0,0.4794,7288.277505711045,8010.396793244718,8035.15484260703,38172,C2_d265_s0,38160,802.3547639263027,0.0,0.0,0.0,674.4763999962695,0.0,0.0,674.4763999962695
38174,C2,P1,Q43,1058.9727626530503,1058.9727626530503,607.7995500000001,0.0,0.4675,8010.396793244718,8416.452684632462,8480.250533097855,38172,C2_d265_s0,38160,451.1732126530502,0.0,0.0,0.0,495.06976654030103,0.0,0.0,495.06976654030103
38175,C2,P1,Q43,581.258101530751,581.258101530751,594.9866666666667,0.0,0.4225,8416.452684632462,8416.452684632462,8480.250533097855,38172,C2_d265_s0,38160,0.0,0.0,13.728565135915687,0.0,245.58154789674228,0.0,29.001593849621887,274.58314174636416
38176,C2,P1,Q43,597.0186835555063,597.0186835555063,598.5124,0.0,0.4268,8416.452684632462,8416.452684632462,8480.250533097855,38172,C2_d265_s0,38160,0.0,0.0,1.493716444493657,0.0,254.8075741414901,0.0,3.187590892549464,257.9951650340396
38177,C2,P1,Q43,594.5103171780166,594.5103171780166,587.2797666666667,0.0,0.4588,8416.452684632462,8422.960180092678,8480.250533097855,38172,C2_d265_s0,38160,7.230550511349975,0.0,0.0,0.0,272.761333521274,0.0,0.0,272.761333521274
38178,C2,P1,Q43,586.0656121708506,586.0656121708506,567.005,0.0,0.4777,8422.960180092678,8440.114731046444,8422.960180092678,38178,C2_d265_s0,38160,19.060612170850618,0.0,0.0,0.0,279.9635429340153,0.0,0.0,279.9635429340153
38179,C2,P1,Q43,595.9720058559428,595.9720058559428,578.4799333333334,0.0,0.4584,8440.114731046444,8455.857596316793,8422.960180092678,38178,C2_d265_s0,38160,17.49207252260942,0.0,0.0,0.0,273.19356748436417,0.0,0.0,273.19356748436417
38180,C2,P1,Q43,592.0299615182553,592.0299615182553,591.0519666666667,0.0,0.4106,8455.857596316793,8456.737791683223,8422.960180092678,38178,C2_d265_s0,38160,0.977994851588619,0.0,0.0,0.0,243.08750219939563,0.0,0.0,243.08750219939563
38181,C2,P1,Q43,1406.14160906689,1406.14160906689,586.85,0.0,0.3812,8456.737791683223,9194.100239843425,9172.960180092678,38178,C2_d265_s0,38160,819.2916090668899,0.0,0.0,0.0,536.0211813762984,0.0,0.0,536.0211813762984
38182,C2,P1,Q43,1404.9778082930447,1404.9778082930447,582.1735833333333,0.0,0.4192,9194.100239843425,9934.624042307165,9922.960180092678,38178,C2_d265_s0,38160,822.8042249597114,0.0,0.0,0.0,588.9666972364444,0.0,0.0,588.9666972364444
38183,C2,P1,Q43,580.8654423971781,580.8654423971781,602.7533333333333,0.0,0.4681,9934.624042307165,9922.960180092678,9922.960180092678,38178,C2_d265_s0,38160,0.0,10.497475993038643,11.390414943116616,0.0,271.90311358611905,0.0,26.65926617436444,298.5623797604835
38184,C2,P1,Q43,596.6699027692272,596.6699027692272,623.1283333333333,0.0,0.4666,9922.960180092678,9922.960180092678,9922.960180092678,38184,C2_d265_s0,38160,0.0,0.0,26.458430564106152,0.0,278.4061766321214,0.0,61.72751850605966,340.13369513818105
38185,C2,P1,Q43,620.9698751020975,620.9698751020975,595.523,0.00031666666666666665,0.4048,9922.960180092678,9945.862652684566,9922.960180092678,38184,C2_d265_s0,38160,25.447191768764128,0.0,0.0,0.0,251.36860544132907,0.0,0.0,251.36860544132907
38186,C2,P1,Q43,622.1023837973066,622.1023837973066,591.4709333333334,0.0,0.3873,9945.862652684566,9973.43095810214,9922.960180092678,38184,C2_d265_s0,38160,30.631450463973238,0.0,0.0,0.0,240.94025324469683,0.0,0.0,240.94025324469683
38187,C2,P1,Q43,606.6147116667797,606.6147116667797,616.0716666666666,0.0,0.4222,9973.43095810214,9962.923230324488,9922.960180092678,38184,C2_d265_s0,38160,0.0,9.456954999886875,0.0,0.0,256.1127312657144,0.0,0.0,256.1127312657144
38188,C2,P1,Q43,611.5379324379797,611.5379324379797,604.9007666666666,0.0044666666666666665,0.4225,9962.923230324488,9968.90069951867,9922.960180092678,38184,C2_d265_s0,38160,6.641632437979752,0.0,0.0,0.0,258.37477645504646,0.0,0.0,258.37477645504646
38189,C2,P1,Q43,610.3177062987401,610.3177062987401,600.4158166666667,0.0,0.4173,9968.90069951867,9977.812400187537,9922.960180092678,38184,C2_d265_s0,38160,9.901889632073335,0.0,0.0,0.0,254.68557883846424,0.0,0.0,254.68557883846424
38190,C2,P1,Q43,1428.3130745014698,1428.3130745014698,618.1233333333333,0.0,0.4256,9977.812400187537,10706.98316723886,10727.812400187537,38190,C2_d265_s0,38160,810.1897411681365,0.0,0.0,0.0,607.8900445078256,0.0,0.0,607.8900445078256
38191,C2,P1,Q43,590.55153524288,590.55153524288,625.22745,0.062183333333333334,0.433,10706.98316723886,10706.98316723886,10727.812400187537,38190,C2_d265_s0,38160,0.0,0.0,34.61373142378659,0.0,255.70881476016706,0.0,74.93872853249796,330.64754329266503
38192,C2,P1,Q43,0.0,0.0,614.9081333333334,0.0,0.4518,10706.98316723886,10050.0,10050.0,38190,C2_d265_s0,38160,0.0,591.2848505149732,23.623282818360167,0.0,0.0,0.0,53.364995886675615,53.364995886675615
38193,C2,P1,Q43,629.5515484199963,629.5515484199963,592.9466666666666,0.0,0.4325,10050.0,10082.944393577996,10050.0,38190,C2_d265_s0,38160,36.604881753329664,0.0,0.0,0.0,272.2810446916484,0.0,0.0,272.2810446916484
38194,C2,P1,Q43,1441.02352361894,1441.02352361894,584.8440666666667,0.8660166666666668,0.3613,10082.944393577996,10800.0,10800.0,38190,C2_d265_s0,38160,796.728451580004,0.0,0.0,60.31702203893599,520.6417990835231,0.0,0.0,520.6417990835231
38195,C2,P1,Q43,658.2489074830987,658.2489074830987,666.9134333333333,0.0,0.6152,10800.0,10800.0,10800.0,38190,C2_d265_s0,38160,0.0,0.0,8.664525850234554,0.0,404.9547278836023,0.0,26.652081515321484,431.60680939892376
38196,C2,P1,Q43,0.0,0.0,790.6233333333333,0.0,1.0325,10800.0,9948.539409429473,9948.539409429473,38196,C2_d265_s36,38196,0.0,766.314531513474,24.308801819859355,0.0,0.0,0.0,125.49418939502391,125.49418939502391
38197,C2,P1,Q43,0.0,0.0,818.5693,24.797216666666667,1.0391,9948.539409429473,9098.678966620793,9098.678966620793,38196,C2_d265_s36,38196,0.0,764.8743985278121,28.89768480552118,0.0,0.0,0.0,150.13792140708526,150.13792140708526
38198,C2,P1,Q43,0.0,0.0,805.3289166666667,62.66909999999999,0.9449,9098.678966620793,8308.715740220818,8308.715740220818,38196,C2_d265_s36,38196,0.0,710.9669037599781,31.69291290668866,0.0,0.0,0.0,149.73316702765058,149.73316702765058
38199,C2,P1,Q43,0.0,0.0,798.6999999999999,108.23125,0.9432,8308.715740220818,7569.478273143221,7569.478273143221,38196,C2_d265_s36,38196,0.0,665.3137203698374,25.155029630162517,0.0,0.0,0.0,118.63111973584644,118.63111973584644
38200,C2,P1,Q43,0.0,0.0,792.88475,162.30073333333334,0.9146,7569.478273143221,6868.829365735814,6861.264427239195,38196,C2_d265_s36,38196,0.0,630.5840166666667,0.0,0.0,0.0,0.0,0.0,0.0
38201,C2,P1,Q43,0.0,0.0,792.5254333333334,207.64328333333333,0.8673,6868.829365735814,6218.960310180258,6198.878310689041,38196,C2_d265_s36,38196,0.0,584.88215,0.0,0.0,0.0,0.0,0.0,0.0
38202,C2,P1,Q43,0.0,0.0,798.1750000000001,251.9625,0.8271,6218.960310180258,5621.354137304939,5621.354137304939,38202,C2_d265_s36,38196,0.0,537.8455555877866,8.366944412213456,0.0,0.0,0.0,34.601498616708746,34.601498616708746
38203,C2,P1,Q43,0.0,0.0,802.7136666666667,317.99083333333334,0.8061,5621.354137304939,5086.964387794535,5086.964387794535,38202,C2_d265_s36,38196,0.0,480.9507745593643,3.772058773969036,0.0,0.0,0.0,15.2032828884822,15.2032828884822
38204,C2,P1,Q43,0.0,0.0,797.7029833333332,372.39463333333333,0.8269,5086.964387794535,4614.399554461202,4590.840954883514,38202,C2_d265_s36,38196,0.0,425.3083499999999,0.0,0.0,0.0,0.0,0.0,0.0
38205,C2,P1,Q43,0.0,0.0,776.7516666666667,415.43125000000003,0.8096,4614.399554461202,4212.9324248315725,4148.564415787483,38202,C2_d265_s36,38196,0.0,361.32041666666663,0.0,0.0,0.0,0.0,0.0,0.0
38206,C2,P1,Q43,138.5294330134894,92.26462468015853,767.8137,482.34543333333335,0.6878,4212.9324248315725,3998.2617115132302,3911.155184353182,38202,C2_d265_s36,38196,0.0,193.20364198650816,0.0,0.0,63.45960885501304,15.910467585832487,0.0,79.37007644084552
38207,C2,P1,Q43,0.0,0.0,914.9736166666667,557.2434,0.8469,3998.2617115132302,3600.7836929947116,3549.9578245637504,38202,C2_d265_s36,38196,0.0,357.7302166666667,0.0,0.0,0.0,0.0,0.0,0.0
38208,C2,P1,Q43,0.0,0.0,1116.8433333333335,625.5187500000001,1.1849,3600.7836929947116,3129.4189751287477,3129.4189751287477,38208,C2_d265_s36,38196,0.0,424.2282460793676,67.09633725396583,0.0,0.0,0.0,397.51225006112054,397.51225006112054
38209,C2,P1,Q43,0.0,0.0,1110.83115,686.60415,1.1921,3129.4189751287477,2676.5048552772137,2676.5048552772137,38208,C2_d265_s36,38196,0.0,407.6227078663806,16.604292133619367,0.0,0.0,0.0,98.96988326243823,98.96988326243823
38210,C2,P1,Q43,0.0,0.0,1078.2838,737.9841500000001,1.1184,2676.5048552772137,2303.6210176763325,2303.6210176763325,38208,C2_d265_s36,38196,0.0,335.5954538407931,4.704196159206731,0.0,0.0,0.0,26.30586492228404,26.30586492228404
38211,C2,P1,Q43,0.0,0.0,1105.9950000000001,783.1062499999999,1.1227,2303.6210176763325,1999.289675266905,1999.289675266905,38208,C2_d265_s36,38196,0.0,273.8982081684847,48.990541831515486,0.0,0.0,0.0,275.00840657121216,275.00840657121216
38212,C2,P1,Q43,0.0,0.0,1100.0135833333334,832.8488333333333,1.0962,1999.289675266905,1754.9283212833052,1754.9283212833052,38208,C2_d265_s36,38196,0.0,219.9252185852399,47.23953141476014,0.0,0.0,0.0,258.9198716843003,258.9198716843003
38213,C2,P1,Q43,0.0,0.0,1077.0705500000001,900.0535666666666,1.0174,1754.9283212833052,1579.811533740839,1579.811533740839,38208,C2_d265_s36,38196,0.0,157.6051087882196,19.411874545113932,0.0,0.0,0.0,98.74820581099458,98.74820581099458
38214,C2,P1,Q43,0.0,0.0,1071.2616666666665,967.975,0.9516,1579.811533740839,1473.3395006085968,1473.3395006085968,38214,C2_d265_s36,38196,0.0,95.82482981901792,7.461836847648598,0.0,0.0,0.0,35.50341972111203,35.50341972111203
38215,C2,P1,Q43,0.0,0.0,1091.9557166666666,1003.4251833333333,0.9817,1473.3395006085968,1379.8085328150398,1379.8085328150398,38214,C2_d265_s36,38196,0.0,84.17787101420132,4.352662319132008,0.0,0.0,0.0,21.365042993459465,21.365042993459465
38216,C2,P1,Q43,0.0,0.0,1101.9716166666667,1026.5778833333334,1.0171,1379.8085328150398,1303.7140761832095,1303.7140761832095,38214,C2_d265_s36,38196,0.0,68.4850109686473,6.908722364686028,0.0,0.0,0.0,35.13430758561079,35.13430758561079
38217,C2,P1,Q43,0.0,0.0,1097.4033333333334,1051.04375,1.0072,1303.7140761832095,1270.907867922178,1270.907867922178,38214,C2_d265_s36,38196,0.0,29.52558743492839,16.833995898404986,0.0,0.0,0.0,84.77600334436751,84.77600334436751
38218,C2,P1,Q43,0.0,0.0,1104.6482166666667,1070.56755,0.9839,1270.907867922178,1270.907867922178,1270.907867922178,38214,C2_d265_s36,38196,0.0,0.0,34.08066666666673,0.0,0.0,0.0,167.65983966666698,167.65983966666698
38219,C2,P1,Q43,0.0,0.0,1094.5292666666667,1080.5508333333335,0.9725,1270.907867922178,1270.907867922178,1270.907867922178,38214,C2_d265_s36,38196,0.0,0.0,13.978433333333214,0.0,0.0,0.0,67.97013208333276,67.97013208333276
38220,C2,P1,Q43,0.0,0.0,1075.9933333333333,1081.29375,0.9784,1270.907867922178,1275.678242922178,1270.907867922178,38220,C2_d265_s36,38196,5.300416666666706,0.0,0.0,0.0,0.0,0.0,0.0,0.0
38221,C2,P1,Q43,0.0,0.0,1087.8485333333333,1084.4595666666667,0.9839,1275.678242922178,1275.678242922178,1303.6581477887305,38220,C2_d265_s36,38196,0.0,0.0,3.388966666666647,0.0,0.0,0.0,16.67202151666657,16.67202151666657
38222,C2,P1,Q43,0.0,0.0,1081.4083166666667,1127.3218833333333,0.9513,1275.678242922178,1317.000452922178,1382.9492347511764,38220,C2_d265_s36,38196,45.91356666666661,0.0,0.0,0.0,0.0,0.0,0.0,0.0
38223,C2,P1,Q43,0.0,0.0,1056.0183333333332,1189.95,0.9073,1317.000452922178,1437.5389529221782,1505.4864443282918,38220,C2_d265_s36,38196,133.93166666666684,0.0,0.0,0.0,0.0,0.0,0.0,0.0
38224,C2,P1,Q43,0.0,0.0,1062.8238666666666,1209.6129166666667,0.8981,1437.5389529221782,1569.6490979221783,1654.3857350441017,38220,C2_d265_s36,38196,146.7890500000001,0.0,0.0,0.0,0.0,0.0,0.0,0.0
38225,C2,P1,Q43,0.0,0.0,1078.9491166666667,1206.7621833333333,0.7781,1569.6490979221783,1684.6808579221781,1814.01980987762,38220,C2_d265_s36,38196,127.8130666666666,0.0,0.0,0.0,0.0,0.0,0.0,0.0
38226,C2,P1,Q43,0.0,0.0,1078.4266666666667,1226.6125,0.5639,1684.6808579221781,1818.0481079221781,1853.885194296685,38226,C2_d265_s36,38196,148.18583333333322,0.0,0.0,0.0,0.0,0.0,0.0,0.0
38227,C2,P1,Q43,665.0435001572235,475.7147664386265,1059.5224333333333,1297.46415,0.4409,1818.0481079221781,2460.338942716942,2496.233501449948,38226,C2_d265_s36,38196,713.6564831052931,0.0,0.0,0.0,209.74264052279042,41.73751934826472,0.0,251.48015987105515
38228,C2,P1,Q43,322.38572183695965,0.0,1051.7829166666668,1368.2814333333333,0.4252,2460.338942716942,2745.187607716942,2744.9630893311137,38226,C2_d265_s36,38196,316.49851666666655,0.0,0.0,0.0,0.0,68.53920446253763,0.0,68.53920446253763
38229,C2,P1,Q43,575.7485138128735,529.7820888128737,1071.92,1399.95625,0.4696,2745.187607716942,3495.187607716942,3494.9630893311137,38226,C2_d265_s36,38196,833.3333333333334,0.0,0.0,24.48500547954029,248.78566890652547,10.792916589999964,0.0,259.5785854965254
38230,C2,P1,Q43,519.6655083867746,485.57374172010816,1100.6726166666667,1396.6131666666668,0.5048,3495.187607716942,4198.55047026504,4244.963089331113,38226,C2_d265_s36,38196,781.5142917201083,0.0,0.0,0.0,245.11762482031062,8.604761906666612,0.0,253.72238672697725
38231,C2,P1,Q43,449.4940707902932,427.2769624569604,1061.9253666666666,1405.9018166666667,0.4546,4198.55047026504,4892.6785414763035,4994.963089331113,38226,C2_d265_s36,38196,771.2534124569604,0.0,0.0,0.0,194.2401071329342,5.0499487241665495,0.0,199.29005585710075
38232,C2,P1,Q43,367.8476126399729,320.2290408118945,982.2816666666666,1435.59375,0.3613,4892.6785414763035,5588.865553207009,5553.881626831033,38232,C2_d265_s72,38232,773.5411241452279,0.0,0.0,0.0,115.69875244533749,8.602295000742366,0.0,124.30104744607985
38233,C2,P1,Q43,340.08948005213097,340.08948005213097,969.2598833333333,1448.3985833333334,0.3481,5588.865553207009,6326.170915253927,6275.329781831032,38232,C2_d265_s72,38232,819.228180052131,0.0,0.0,0.0,118.38514800614679,0.0,0.0,118.38514800614679
38234,C2,P1,Q43,345.5284141199634,345.5284141199634,988.3075333333333,1430.2115666666666,0.3859,6326.170915253927,7034.8601179618945,7014.166291831032,38232,C2_d265_s72,38232,787.4324474532967,0.0,0.0,0.0,133.33941500889387,0.0,0.0,133.33941500889387
38235,C2,P1,Q43,391.5144340203933,384.5979173537264,993.0716666666667,1414.08125,0.387,7034.8601179618945,7759.906868580249,7764.166291831032,38232,C2_d265_s72,38232,805.6075006870597,0.0,0.0,0.0,148.83939401589214,1.338345975000044,0.0,150.17773999089218
38236,C2,P1,Q43,446.9163259809957,420.67941486988457,980.4257666666667,1440.8882833333334,0.3271,7759.906868580249,8509.906868580249,8514.166291831032,38232,C2_d265_s72,38232,833.3333333333334,0.0,0.0,47.80859820321791,137.60423660393926,4.2910468122222225,0.0,141.89528341616148
38237,C2,P1,Q43,0.0,0.0,1015.2651999999999,1424.4440000000002,0.4936,8509.906868580249,8878.16778858025,8856.467162370134,38232,C2_d265_s72,38232,409.17880000000025,0.0,0.0,0.0,0.0,0.0,0.0,0.0
38238,C2,P1,Q43,0.0,0.0,1068.0883333333334,1355.85625,0.8213,8878.16778858025,9137.15891358025,9168.849243512526,38238,C2_d265_s72,38232,287.7679166666667,0.0,0.0,0.0,0.0,0.0,0.0,0.0
38239,C2,P1,Q43,0.0,0.0,1042.2472166666666,1314.1581333333334,0.9285,9137.15891358025,9381.87873858025,9453.922171820748,38238,C2_d265_s72,38232,271.9109166666667,0.0,0.0,0.0,0.0,0.0,0.0,0.0
38240,C2,P1,Q43,0.0,0.0,1013.4041833333334,1292.3498,0.8854,9381.87873858025,9632.92979358025,9732.19677560371,38238,C2_d265_s72,38232,278.9456166666665,0.0,0.0,0.0,0.0,0.0,0.0,0.0
38241,C2,P1,Q43,0.0,0.0,1019.2716666666666,1267.8812500000001,0.8377,9632.92979358025,9856.67841858025,10004.654275352663,38238,C2_d265_s72,38232,248.6095833333335,0.0,0.0,0.0,0.0,0.0,0.0,0.0
38242,C2,P1,Q43,0.0,0.0,1026.9902333333332,1232.4264166666667,0.8574,9856.67841858025,10041.57098358025,10224.059408917828,38238,C2_d265_s72,38232,205.43618333333347,0.0,0.0,0.0,0.0,0.0,0.0,0.0
38243,C2,P1,Q43,0.0,0.0,1048.6416333333334,1204.69615,0.8948,10041.57098358025,10182.02004858025,10402.251435574015,38238,C2_d265_s72,38232,156.0545166666666,0.0,0.0,0.0,0.0,0.0,0.0,0.0
38244,C2,P1,Q43,0.0,0.0,1068.2549999999999,1182.4937499999999,0.9188,10182.02004858025,10284.83492358025,10353.429838182077,38244,C2_d265_s72,38232,114.23874999999998,0.0,0.0,0.0,0.0,0.0,0.0,0.0
38245,C2,P1,Q43,0.0,0.0,1049.77675,1139.6694666666667,0.9422,10284.83492358025,10365.73836858025,10487.288272654405,38244,C2_d265_s72,38232,89.89271666666673,0.0,0.0,0.0,0.0,0.0,0.0,0.0
38246,C2,P1,Q43,0.0,0.0,1035.4709833333334,1065.57745,0.9638,10365.73836858025,10392.834188580251,10569.171773550714,38244,C2_d265_s72,38232,30.10646666666662,0.0,0.0,0.0,0.0,0.0,0.0,0.0
38247,C2,P1,Q43,0.0,0.0,1039.4333333333334,975.6750000000001,1.0143,10392.834188580251,10392.834188580251,10579.768613006236,38244,C2_d265_s72,38232,0.0,0.0,63.758333333333326,0.0,0.0,0.0,323.3503875,323.3503875
38248,C2,P1,Q43,0.0,0.0,1036.1879000000001,898.9024333333333,1.099,10392.834188580251,10392.834188580251,10533.089899039907,38244,C2_d265_s72,38232,0.0,0.0,137.28546666666682,0.0,0.0,0.0,754.3836393333341,754.3836393333341
38249,C2,P1,Q43,0.0,0.0,1034.3812666666665,831.80015,0.9913,10392.834188580251,10392.834188580251,10533.089899039907,38244,C2_d265_s72,38232,0.0,0.0,202.5811166666665,0.0,0.0,0.0,1004.0933047583326,1004.0933047583326
38250,C2,P1,Q43,833.7566161366447,508.1658627148644,1043.78,793.6062499999999,0.7708,10392.834188580251,10625.027090023628,10659.744289540344,38250,C2_d265_s72,38232,257.99211271486433,0.0,0.0,0.0,391.6942469806175,125.48267636875413,0.0,517.1769233493716
38251,C2,P1,Q43,321.7436012852636,248.33581239637465,1062.8975166666667,807.0136666666667,0.7575,10625.027090023628,10625.027090023628,10659.744289540344,38250,C2_d265_s72,38232,0.0,0.0,7.548037603625289,0.0,188.1143778902538,27.803200041666685,28.58819242373078,244.50577035565126
38252,C2,P1,Q43,381.15596585517505,309.71402141073065,1076.8336166666666,789.0494166666667,0.7846,10625.027090023628,10644.763929293285,10659.744289540344,38250,C2_d265_s72,38232,21.929821410730938,0.0,0.0,0.0,243.00162119885925,28.026674805555537,0.0,271.0282960044148
38253,C2,P1,Q43,436.99095952949517,367.5148595294953,1063.7416666666666,736.2062500000001,0.7548,10644.763929293285,10680.745427869831,10659.744289540344,38250,C2_d265_s72,38232,39.97944286282882,0.0,0.0,0.0,277.40021597286307,26.220280139999947,0.0,303.620496112863
38254,C2,P1,Q43,455.51081461115655,388.000559055601,1020.0329333333334,717.7256666666667,0.7536,10680.745427869831,10757.869391019873,10659.744289540344,38250,C2_d265_s72,38232,85.69329238893442,0.0,0.0,0.0,292.39722130430096,25.43786429333333,0.0,317.8350855976343
38255,C2,P1,Q43,449.9061090585425,384.3616979474315,1025.6049500000001,672.6557666666666,0.8148,10757.869391019873,10786.140654172561,10659.744289540344,38250,C2_d265_s72,38232,31.412514614097972,0.0,0.0,0.0,313.17791148756714,26.70279308666662,0.0,339.8807045742338
38256,C2,P1,Q43,464.83420071247656,401.25563404580987,1084.195,590.6125000000001,0.8978,10786.140654172561,10786.140654172561,10786.140654172561,38256,C2_d265_s72,38232,0.0,0.0,92.32686595419,0.0,360.24730824632815,28.540418576666678,414.4553012683589,803.2430280913537
38257,C2,P1,Q43,555.5838196559771,498.3366502115326,1117.4952,528.06255,0.9325,10786.140654172561,10786.140654172561,10786.140654172561,38256,C2_d265_s72,38232,0.0,0.0,91.09599978846745,0.0,464.6989263222542,26.691492753472232,424.73509901372944,916.1255180894559
38258,C2,P1,Q43,632.0725143732677,581.1567421510456,1108.5640166666667,472.75036666666665,0.9637,10786.140654172561,10786.140654172561,10786.140654172561,38256,C2_d265_s72,38232,0.0,0.0,54.65690784895446,0.0,560.0607524109627,24.533764845277734,263.3643104701871,847.9588277264274
38259,C2,P1,Q43,669.4013990861049,624.817024086105,1085.4916666666666,417.25624999999997,0.9927,10786.140654172561,10786.140654172561,10786.140654172561,38256,C2_d265_s72,38232,0.0,0.0,43.41839258056166,0.0,620.2558598102764,22.129454531249955,215.50719157361777,857.8925059151442
38260,C2,P1,Q43,710.0616791555943,671.8087013778165,1086.1258833333334,369.77835,0.9735,10786.140654172561,10786.140654172561,10786.140654172561,38256,C2_d265_s72,38232,0.0,0.0,44.5388319555168,0.0,654.0057707913044,18.619636933333346,216.792764543478,889.4181722681158
38261,C2,P1,Q43,770.883102661568,738.9615221060124,1075.4214333333332,310.59875,0.9613,10786.140654172561,10786.140654172561,10786.140654172561,38256,C2_d265_s72,38232,0.0,0.0,25.861161227320963,0.0,710.3637112005097,15.343107694027845,124.30167143911821,850.0084903336557
38262,C2,P1,Q43,834.3075063338778,808.7173230005444,1058.285,244.23125000000002,1.0104,10786.140654172561,10786.140654172561,10786.140654172561,38262,C2_d265_s72,38232,0.0,0.0,5.336426999455625,0.0,817.12798315975,12.928160620000012,26.959629201249818,857.0157729809998
38263,C2,P1,Q43,860.2926039403465,838.9674511625686,1073.5455166666668,196.45853333333332,1.1132,10786.140654172561,10786.140654172561,10786.140654172561,38262,C2_d265_s72,38232,0.0,0.0,38.11953217076484,0.0,933.9385666341714,11.869580036111133,212.1733160624771,1157.9814627327596
38264,C2,P1,Q43,887.8897315509787,870.8296093287564,1066.3225166666666,152.9859,1.1301,10786.140654172561,10786.140654172561,10786.140654172561,38262,C2_d265_s72,38232,0.0,0.0,42.50700733791018,0.0,984.1245415024277,9.639822061666697,240.18584496286152,1233.950208526956
38265,C2,P1,Q43,944.9613758289688,932.1662841623021,1061.415,105.03125,1.0787,10786.140654172561,10786.140654172561,10786.140654172561,38262,C2_d265_s72,38232,0.0,0.0,24.217465837698,0.0,1005.5277707258753,6.901032690416704,130.61690199562415,1143.045705411916
38266,C2,P1,Q43,1011.5901987110316,1003.0601375999204,1111.2723333333333,59.40966666666667,1.1143,10786.140654172561,10786.140654172561,10786.140654172561,38262,C2_d265_s72,38232,0.0,0.0,48.802529066746274,0.0,1117.7099113275913,4.752523548055603,271.9032906953769,1394.3657255710239
38267,C2,P1,Q43,950.0806665485155,945.81563599296,981.0726333333333,21.90731666666667,1.1899,10786.140654172561,10786.140654172561,10786.140654172561,38262,C2_d265_s72,38232,0.0,0.0,13.349680673706644,0.0,1125.426025268023,2.5374799290277688,79.42392516821766,1207.3874303652685
38268,C2,P1,Q43,-0.0,0.0,752.645,0.0,1.26,10786.140654172561,9949.868431950339,9914.167561531493,38268,C2_d265_s108,38268,0.0,752.645,0.0,0.0,0.0,0.0,0.0,0.0
38269,C2,P1,Q43,0.0,0.0,764.32985,0.0,1.3273,9949.868431950339,9100.61304306145,9067.419858251338,38268,C2_d265_s108,38268,0.0,764.32985,0.0,0.0,0.0,0.0,0.0,0.0
38270,C2,P1,Q43,795.9703894508281,764.8709918487889,830.9645,0.7372333333333333,1.3739,9100.61304306145,9043.937258089809,9043.937258089809,38268,C2_d265_s108,38268,0.0,51.00820647447727,14.348068343400605,0.0,1050.856255701051,21.36373118272081,98.56405548499045,1170.7840423687621
38271,C2,P1,Q43,-0.0,0.0,834.4166666666666,0.0,1.3863,9043.937258089809,8159.823866664334,8159.823866664334,38268,C2_d265_s108,38268,0.0,795.7020522829276,38.71461438373899,0.0,0.0,0.0,268.35034960088683,268.35034960088683
38272,C2,P1,Q43,-0.0,0.0,836.15965,0.0,1.3617,8159.823866664334,7267.650185165929,7267.650185165929,38268,C2_d265_s108,38268,0.0,802.9563133485647,33.20333665143539,0.0,0.0,0.0,226.06491759129787,226.06491759129787
38273,C2,P1,Q43,-0.0,0.0,810.4176333333334,0.05293333333333333,1.2989,7267.650185165929,6393.259928998392,6393.259928998392,38268,C2_d265_s108,38268,0.0,786.9512305507832,23.41346944921679,0.0,0.0,0.0,152.05877733793844,152.05877733793844
38274,C2,P1,Q43,0.0,0.0,777.4266666666667,0.0,1.242,6393.259928998392,5539.689773275124,5539.689773275124,38274,C2_d265_s108,38268,0.0,768.2131401509411,9.213526515725675,0.0,0.0,0.0,57.21599966265644,57.21599966265644
38275,C2,P1,Q43,0.0,0.0,799.0988833333334,0.0,1.2579,5539.689773275124,4662.144962417858,4662.144962417858,38274,C2_d265_s108,38268,0.0,789.7903297715397,9.308553561793701,0.0,0.0,0.0,58.54614762690149,58.54614762690149
38276,C2,P1,Q43,-0.0,0.0,825.5996666666666,0.0038,1.3209,4662.144962417858,3772.3136755239866,3772.3136755239866,38274,C2_d265_s108,38268,0.0,800.848158204484,24.747708462182686,0.0,0.0,0.0,163.44624053848554,163.44624053848554
38277,C2,P1,Q43,789.8344020520375,789.8344020520375,817.8166666666666,0.0,1.3658,3772.3136755239866,3772.3136755239866,3772.3136755239866,38274,C2_d265_s108,38268,0.0,0.0,27.982264614629116,0.0,1078.7558263226726,0.0,191.09088505330223,1269.8467113759748
38278,C2,P1,Q43,795.5547015359008,795.5547015359008,786.83635,0.0,1.3425,3772.3136755239866,3780.1601919062973,3772.3136755239866,38274,C2_d265_s108,38268,8.718351535900752,0.0,0.0,0.0,1068.0321868119468,0.0,0.0,1068.0321868119468
38279,C2,P1,Q43,791.8005228026949,791.8005228026949,784.2191666666666,0.0002666666666666667,1.3213,3780.1601919062973,3786.983652428723,3772.3136755239866,38274,C2_d265_s108,38268,7.5816228026949375,0.0,0.0,0.0,1046.2060307792008,0.0,0.0,1046.2060307792008
38280,C2,P1,Q43,774.7915097401184,774.7915097401184,811.9116666666667,0.0,1.3115,3786.983652428723,3786.983652428723,3786.983652428723,38280,C2_d265_s108,38268,0.0,0.0,37.12015692654836,0.0,1016.1390650241653,0.0,243.4154290458409,1259.5544940700063
38281,C2,P1,Q43,0.0,0.0,827.1781166666666,0.0,1.2687,3786.983652428723,2930.288546795083,2930.288546795083,38280,C2_d265_s108,38268,0.0,771.0255950702758,56.152521596390784,0.0,0.0,0.0,356.2035207467049,356.2035207467049
38282,C2,P1,Q43,15.703473282420305,-0.0,843.5677000000001,0.0,1.2951,2930.288546795083,2073.54926275488,2073.54926275488,38280,C2_d265_s108,38268,0.0,771.0653556361827,72.50234436381731,0.0,-0.0,10.168784124031268,469.488930927899,479.65771505193027
38283,C2,P1,Q43,770.2750727110234,770.2750727110234,839.7083333333334,0.0,1.3829,2073.54926275488,2073.54926275488,2073.54926275488,38280,C2_d265_s108,38268,0.0,0.0,69.43326062230994,0.0,1065.2133980520744,0.0,480.09628057296214,1545.3096786250364
38284,C2,P1,Q43,-0.0,0.0,784.8952833333333,0.0,1.3866,2073.54926275488,1214.6699769047343,1214.6699769047343,38280,C2_d265_s108,38268,0.0,772.9913572651312,11.903926068202054,0.0,0.0,0.0,82.52991943084484,82.52991943084484
38285,C2,P1,Q43,764.0731785318826,764.0731785318826,801.6618,0.0,1.2125,1214.6699769047343,1214.6699769047343,1214.6699769047343,38280,C2_d265_s108,38268,0.0,0.0,37.58862146811737,0.0,926.4387289699076,0.0,227.88101765046153,1154.3197466203692
38286,C2,P1,Q43,757.656247217206,757.656247217206,869.2166666666667,0.0,0.9884,1214.6699769047343,1214.6699769047343,1214.6699769047343,38286,C2_d265_s108,38268,0.0,0.0,111.56041944946071,0.0,748.8674347494864,0.0,551.3315929192348,1300.199027668721
38287,C2,P1,Q43,779.3431064941827,779.3431064941827,842.5243833333334,0.0,0.9549,1214.6699769047343,1214.6699769047343,1214.6699769047343,38286,C2_d265_s108,38268,0.0,0.0,63.181276839150655,0.0,744.194732391295,0.0,301.65900626852476,1045.8537386598198
38288,C2,P1,Q43,767.8031645853839,767.8031645853839,804.5951833333334,0.0,0.9828,1214.6699769047343,1214.6699769047343,1214.6699769047343,38286,C2_d265_s108,38268,0.0,0.0,36.79201874794944,0.0,754.5969501545153,0.0,180.79598012742355,935.3929302819388
38289,C2,P1,Q43,739.9000434976583,739.9000434976583,813.3816666666667,0.0,1.0059,1214.6699769047343,1214.6699769047343,1214.6699769047343,38286,C2_d265_s108,38268,0.0,0.0,73.48162316900834,0.0,744.2654537542945,0.0,369.5758237285275,1113.841277482822
38290,C2,P1,Q43,764.2453780856755,764.2453780856755,829.8691333333333,0.0,1.0449,1214.6699769047343,1214.6699769047343,1214.6699769047343,38286,C2_d265_s108,38268,0.0,0.0,65.62375524765775,0.0,798.5599955617223,0.0,342.85130929138796,1141.4113048531103
38291,C2,P1,Q43,722.6966734466808,722.6966734466808,768.1864999999999,0.0,0.8538,1214.6699769047343,1214.6699769047343,1214.6699769047343,38286,C2_d265_s108,38268,0.0,0.0,45.48982655331906,0.0,617.0384197887761,0.0,194.19606955611908,811.2344893448951
38292,C2,P1,Q43,619.303581776194,619.303581776194,639.2433333333333,0.0,0.5154,1214.6699769047343,1214.6699769047343,1214.6699769047343,38292,C2_d265_s108,38268,0.0,0.0,19.93975155713929,0.0,319.1890660474504,0.0,51.38473976274795,370.57380581019834
38293,C2,P1,Q43,585.8747427834977,585.8747427834977,553.4415666666666,0.0,0.3997,1214.6699769047343,1243.8598354098822,1214.6699769047343,38292,C2_d265_s108,38268,32.43317611683108,0.0,0.0,0.0,234.17413469056405,0.0,0.0,234.17413469056405
38294,C2,P1,Q43,587.2645632771959,587.2645632771959,582.6785666666666,0.0,0.4421,1243.8598354098822,1247.9872323593586,1214.6699769047343,38292,C2_d265_s108,38268,4.585996610529264,0.0,0.0,0.0,259.6296634248483,0.0,0.0,259.6296634248483
38295,C2,P1,Q43,1421.0386426851344,1421.0386426851344,647.2066666666666,0.0,0.4839,1247.9872323593586,1944.4360107759796,1964.6699769047343,38292,C2_d265_s108,38268,773.8319760184678,0.0,0.0,0.0,687.6405991953366,0.0,0.0,687.6405991953366
38296,C2,P1,Q43,592.9730141542851,592.9730141542851,596.69985,0.0,0.4396,1944.4360107759796,1944.4360107759796,1964.6699769047343,38292,C2_d265_s108,38268,0.0,0.0,3.726835845714845,0.0,260.6709370222237,0.0,8.191585188881229,268.86252221110493
38297,C2,P1,Q43,603.4980256536869,603.4980256536869,555.3522833333333,0.0,0.4292,1944.4360107759796,1987.7671788642979,1964.6699769047343,38292,C2_d265_s108,38268,48.145742320353634,0.0,0.0,0.0,259.0213526105624,0.0,0.0,259.0213526105624
38298,C2,P1,Q43,608.6375274994507,608.6375274994507,569.35,0.0,0.4608,1987.7671788642979,2023.1259536138034,1987.7671788642979,38298,C2_d265_s108,38268,39.287527499450675,0.0,0.0,0.0,280.4601726717469,0.0,0.0,280.4601726717469
38299,C2,P1,Q43,597.4269676025975,597.4269676025975,564.6558666666666,0.0,0.4279,2023.1259536138034,2052.619944456141,1987.7671788642979,38298,C2_d265_s108,38268,32.77110093593092,0.0,0.0,0.0,255.63899943715148,0.0,0.0,255.63899943715148
38300,C2,P1,Q43,594.407418781121,594.407418781121,576.5015666666667,0.0,0.4124,2052.619944456141,2068.73521135915,1987.7671788642979,38298,C2_d265_s108,38268,17.90585211445432,0.0,0.0,0.0,245.1336195053343,0.0,0.0,245.1336195053343
38301,C2,P1,Q43,1133.4307682146434,1133.4307682146434,610.3249999999999,0.0,0.4355,2068.73521135915,2539.5304027523293,2471.15682243097,38298,C2_d265_s108,38268,523.1057682146435,0.0,0.0,0.0,493.60909955747724,0.0,0.0,493.60909955747724
38302,C2,P1,Q43,580.7729838507696,580.7729838507696,617.0673,0.0,0.4312,2539.5304027523293,2499.20338480874,2471.15682243097,38298,C2_d265_s108,38268,0.0,36.29431614923044,0.0,0.0,250.42931063645187,0.0,0.0,250.42931063645187
38303,C2,P1,Q43,591.0045674970082,591.0045674970082,568.2980833333334,0.0,0.4204,2499.20338480874,2519.6392205560473,2471.15682243097,38298,C2_d265_s108,38268,22.706484163674872,0.0,0.0,0.0,248.45832017574224,0.0,0.0,248.45832017574224
38304,C2,P1,Q43,612.1438721339127,612.1438721339127,524.6016666666667,0.0,0.4259,2519.6392205560473,2598.427205476569,2519.6392205560473,38304,C2_d266_s0,38304,87.54220546724605,0.0,0.0,0.0,260.71207514183345,0.0,0.0,260.71207514183345
38305,C2,P1,Q43,583.5006715653693,583.5006715653693,577.5057,0.0,0.4429,2598.427205476569,2603.822679885401,2519.6392205560473,38304,C2_d266_s0,38304,5.994971565369269,0.0,0.0,0.0,258.4324474363021,0.0,0.0,258.4324474363021
38306,C2,P1,Q43,571.2109272178678,571.2109272178678,614.62275,0.0,0.4414,2603.822679885401,2555.5873212385877,2519.6392205560473,38304,C2_d266_s0,38304,0.0,43.41182278213216,0.0,0.0,252.13250327396688,0.0,0.0,252.13250327396688
38307,C2,P1,Q43,1417.4240054339534,1417.4240054339534,589.0566666666667,0.0,0.4251,2555.5873212385877,3301.117926129146,3269.6392205560473,38304,C2_d266_s0,38304,828.3673387672867,0.0,0.0,0.0,602.5469447099736,0.0,0.0,602.5469447099736
38308,C2,P1,Q43,1402.058609204478,1402.058609204478,563.8487333333334,0.0,0.4244,3301.117926129146,4051.117926129146,4019.6392205560473,38304,C2_d266_s0,38304,833.3333333333334,0.0,0.0,4.876542537811247,595.0336737463805,0.0,0.0,595.0336737463805
38309,C2,P1,Q43,574.6308701627304,574.6308701627304,570.4596666666666,0.0,0.4193,4051.117926129146,4054.8720092756034,4019.6392205560473,38304,C2_d266_s0,38304,4.171203496063754,0.0,0.0,0.0,240.94272385923284,0.0,0.0,240.94272385923284
38310,C2,P1,Q43,601.633155042152,601.633155042152,590.3933333333333,0.0,0.3983,4054.8720092756034,4064.98784881354,4054.8720092756034,38310,C2_d266_s0,38304,11.239821708818681,0.0,0.0,0.0,239.63048565328913,0.0,0.0,239.63048565328913
38311,C2,P1,Q43,594.0184337968836,594.0184337968836,584.1105,0.0,0.3763,4064.98784881354,4073.9049892307353,4054.8720092756034,38310,C2_d266_s0,38304,9.90793379688364,0.0,0.0,0.0,223.52913663776732,0.0,0.0,223.52913663776732
38312,C2,P1,Q43,578.2795612150863,578.2795612150863,588.7974666666667,0.0,0.3861,4073.9049892307353,4062.218427617868,4054.8720092756034,38310,C2_d266_s0,38304,0.0,10.517905451580305,0.0,0.0,223.27373858514483,0.0,0.0,223.27373858514483
38313,C2,P1,Q43,574.2843077706049,574.2843077706049,611.4683333333334,0.0,0.4223,4062.218427617868,4054.8720092756034,4054.8720092756034,38310,C2_d266_s0,38304,0.0,6.611776508038292,30.5722490546902,0.0,242.52026317152644,0.0,64.55330387897835,307.0735670505048
38314,C2,P1,Q43,1405.8269823869302,1405.8269823869302,614.7788166666667,0.0,0.4455,4054.8720092756034,4766.815358423841,4769.639220556048,38310,C2_d266_s0,38304,791.0481657202636,0.0,0.0,0.0,626.2959206533774,0.0,0.0,626.2959206533774
38315,C2,P1,Q43,1392.4633568585637,1392.4633568585637,585.2497333333333,0.0,0.4511,4766.815358423841,5493.307619596548,5519.639220556048,38310,C2_d266_s0,38304,807.2136235252303,0.0,0.0,0.0,628.140220278898,0.0,0.0,628.140220278898
38316,C2,P1,Q43,1383.1055959999635,1383.1055959999635,563.5216666666666,0.0,0.4583,5493.307619596548,6230.933155996515,6243.307619596548,38316,C2_d266_s0,38304,819.5839293332969,0.0,0.0,0.0,633.8772946467833,0.0,0.0,633.8772946467833
38317,C2,P1,Q43,571.5732151829416,571.5732151829416,604.4209333333333,0.0,0.4879,6230.933155996515,6230.933155996515,6243.307619596548,38316,C2_d266_s0,38304,0.0,0.0,32.847718150391756,0.0,278.8705716877572,0.0,80.13200842788068,359.0025801156379
38318,C2,P1,Q43,580.0137695365046,580.0137695365046,632.3308499999999,0.0,0.5104,6230.933155996515,6230.933155996515,6243.307619596548,38316,C2_d266_s0,38304,0.0,0.0,52.31708046349536,0.0,296.0390279714319,0.0,133.51318934284012,429.552217314272
38319,C2,P1,Q43,568.3865931067595,568.3865931067595,612.18,0.0,0.4918,6230.933155996515,6230.933155996515,6243.307619596548,38316,C2_d266_s0,38304,0.0,0.0,43.793406893240444,0.0,279.53252648990434,0.0,107.68798755047825,387.22051404038257
38320,C2,P1,Q43,572.2781319183081,572.2781319183081,583.4838666666667,0.0,0.432,6230.933155996515,6230.933155996515,6243.307619596548,38316,C2_d266_s0,38304,0.0,0.0,11.205734748358623,0.0,247.22415298870908,0.0,24.204387056454628,271.4285400451637
38321,C2,P1,Q43,573.381380580763,573.381380580763,587.2488,0.0,0.4275,6230.933155996515,6230.933155996515,6243.307619596548,38316,C2_d266_s0,38304,0.0,0.0,13.867419419236967,0.0,245.1205401982762,0.0,29.641609008619017,274.76214920689523
38322,C2,P1,Q43,-0.0,-0.0,615.3666666666667,0.0,0.4708,6230.933155996515,5640.7465782732,5640.7465782732,38322,C2_d266_s0,38304,0.0,531.1679199509837,84.198746715683,0.0,-0.0,0.0,198.2038497687178,198.2038497687178
38323,C2,P1,Q43,567.292182490494,567.292182490494,623.4173166666667,0.0,0.4601,5640.7465782732,5640.7465782732,5640.7465782732,38322,C2_d266_s0,38304,0.0,0.0,56.12513417617265,0.0,261.0111331638763,0.0,129.11587117228518,390.12700433616146
38324,C2,P1,Q43,578.5756212270222,578.5756212270222,616.7603,0.0,0.4245,5640.7465782732,5640.7465782732,5640.7465782732,38322,C2_d266_s0,38304,0.0,0.0,38.184678772977804,0.0,245.60535121087094,0.0,81.04698069564539,326.65233190651634
38325,C2,P1,Q43,588.4930415272853,588.4930415272853,620.9683333333334,0.0,0.4023,5640.7465782732,5640.7465782732,5640.7465782732,38322,C2_d266_s0,38304,0.0,0.0,32.47529180604806,0.0,236.75075060642686,0.0,65.32404946786568,302.0748000742925
38326,C2,P1,Q43,1417.9098066323443,1417.9098066323443,646.9895166666666,0.0,0.4023,5640.7465782732,6334.574839242309,6390.7465782732,38322,C2_d266_s0,38304,770.9202899656776,0.0,0.0,0.0,570.4251152081921,0.0,0.0,570.4251152081921
38327,C2,P1,Q43,1416.073768838126,1416.073768838126,623.4562500000001,0.0,0.414,6334.574839242309,7047.930606196623,7140.7465782732,38322,C2_d266_s0,38304,792.6175188381259,0.0,0.0,0.0,586.2545402989841,0.0,0.0,586.2545402989841
38328,C2,P1,Q43,584.5153964564481,584.5153964564481,574.7316666666667,0.0,0.4243,7047.930606196623,7056.735963007426,7047.930606196623,38328,C2_d266_s0,38304,9.783729789781432,0.0,0.0,0.0,248.00988271647094,0.0,0.0,248.00988271647094
38329,C2,P1,Q43,577.1051474528948,577.1051474528948,597.6445666666667,0.0003,0.4241,7056.735963007426,7047.930606196623,7047.930606196623,38328,C2_d266_s0,38304,0.0,7.924821129723114,12.614298084048755,0.0,244.75029303477268,0.0,26.748619087225382,271.49891212199805
38330,C2,P1,Q43,1409.1552669891828,1409.1552669891828,617.3939333333334,0.0,0.4135,7047.930606196623,7760.515806486887,7797.930606196623,38328,C2_d266_s0,38304,791.7613336558494,0.0,0.0,0.0,582.6857029000271,0.0,0.0,582.6857029000271
38331,C2,P1,Q43,1416.6775295357202,1416.6775295357202,607.4416666666667,0.0,0.4187,7760.515806486887,8488.828083069035,8547.930606196624,38328,C2_d266_s0,38304,809.2358628690534,0.0,0.0,0.0,593.1628816166061,0.0,0.0,593.1628816166061
38332,C2,P1,Q43,1420.68406266178,1420.68406266178,616.8702666666667,0.0041,0.4641,8488.828083069035,9212.264189464637,9297.930606196624,38328,C2_d266_s0,38304,803.8178959951134,0.0,0.0,0.0,659.3394734813321,0.0,0.0,659.3394734813321
38333,C2,P1,Q43,1326.9278101600974,1326.9278101600974,628.19845,0.0,0.4764,9212.264189464637,9841.120613608724,9957.184027923424,38328,C2_d266_s0,38304,698.7293601600974,0.0,0.0,0.0,632.1484087602704,0.0,0.0,632.1484087602704
38334,C2,P1,Q43,600.3987158673144,600.3987158673144,623.38,0.0,0.4466,9841.120613608724,9841.120613608724,9841.120613608724,38334,C2_d266_s0,38304,0.0,0.0,22.981284132685573,0.0,268.1380665063426,0.0,51.31720746828689,319.4552739746295
38335,C2,P1,Q43,595.7234371641872,595.7234371641872,610.5440666666667,0.05706666666666666,0.4417,9841.120613608724,9841.120613608724,9841.120613608724,38334,C2_d266_s0,38304,0.0,0.0,14.763562835812877,0.0,263.13104219542146,0.0,32.60532852289274,295.7363707183142
38336,C2,P1,Q43,609.4399234752555,609.4399234752555,630.3266166666666,0.0,0.4726,9841.120613608724,9841.120613608724,9841.120613608724,38334,C2_d266_s0,38304,0.0,0.0,20.886693191411155,0.0,288.0213078344057,0.0,49.35525601130456,337.3765638457103
38337,C2,P1,Q43,620.5249324871965,620.5249324871965,644.2316666666667,0.0,0.4631,9841.120613608724,9841.120613608724,9841.120613608724,38334,C2_d266_s0,38304,0.0,0.0,23.70673417947023,0.0,287.36509623482067,0.0,54.89294299256333,342.258039227384
38338,C2,P1,Q43,1428.6709956983336,1428.6709956983336,589.4069499999999,0.7948166666666667,0.3701,9841.120613608724,10591.120613608724,10591.120613608724,38334,C2_d266_s0,38304,833.3333333333334,0.0,0.0,6.725529031667065,528.7511355079532,0.0,0.0,528.7511355079532
38339,C2,P1,Q43,678.5808534087566,678.5808534087566,642.6664999999999,0.0,0.5474,10591.120613608724,10623.443531676605,10591.120613608724,38334,C2_d266_s0,38304,35.91435340875671,0.0,0.0,0.0,371.45515915595337,0.0,0.0,371.45515915595337
38340,C2,P1,Q43,0.0,0.0,787.0816666666666,0.0,0.9078,10623.443531676605,9748.90834649142,9716.650576516122,38340,C2_d266_s36,38340,0.0,787.0816666666666,0.0,0.0,0.0,0.0,0.0,0.0
38341,C2,P1,Q43,0.0,0.0,819.0873,23.11845,0.9788,9748.90834649142,8864.498513158087,8862.823069510778,38340,C2_d266_s36,38340,0.0,795.96885,0.0,0.0,0.0,0.0,0.0,0.0
38342,C2,P1,Q43,0.0,0.0,803.9742333333334,60.185583333333334,0.9036,8864.498513158087,8089.551331859626,8089.551331859626,38340,C2_d266_s36,38340,0.0,697.452463168615,46.33618683138502,0.0,0.0,0.0,209.3468921041975,209.3468921041975
38343,C2,P1,Q43,0.0,0.0,807.375,103.35000000000001,0.8679,8089.551331859626,7337.527127480101,7337.527127480101,38340,C2_d266_s36,38340,0.0,676.8217839415727,27.2032160584273,0.0,0.0,0.0,118.04835608554528,118.04835608554528
38344,C2,P1,Q43,0.0,0.0,822.6353333333333,150.3393,0.9083,7337.527127480101,6630.098096891152,6630.098096891152,38340,C2_d266_s36,38340,0.0,636.6861275300541,35.60990580327916,0.0,0.0,0.0,161.72238720559233,161.72238720559233
38345,C2,P1,Q43,0.0,0.0,832.9876166666667,199.96685,0.9382,6630.098096891152,5979.145903942675,5979.145903942675,38340,C2_d266_s36,38340,0.0,585.8569736536286,47.163793013038,0.0,0.0,0.0,221.24535302416126,221.24535302416126
38346,C2,P1,Q43,0.0,0.0,827.9316666666667,252.91875000000002,0.9082,5979.145903942675,5377.3037799008525,5377.3037799008525,38346,C2_d266_s36,38340,0.0,541.6579116376406,33.355005029026074,0.0,0.0,0.0,151.4650778368074,151.4650778368074
38347,C2,P1,Q43,0.0,0.0,811.0918333333334,309.0668166666667,0.8451,5377.3037799008525,4819.498205826779,4816.325512945917,38346,C2_d266_s36,38340,0.0,502.0250166666667,0.0,0.0,0.0,0.0,0.0,0.0
38348,C2,P1,Q43,165.76099528606443,371.5410847608624,808.2398499999999,358.9004166666667,0.8105,4819.498205826779,4733.055596301811,4715.382918821528,38346,C2_d266_s36,38340,0.0,77.79834857247079,0.0,0.0,301.134049198679,83.39238125966189,0.0,384.5264304583409
38349,C2,P1,Q43,410.50620419406556,410.50620419406556,799.8466666666667,402.2375,0.7807,4733.055596301811,4744.662930076471,4722.836163821527,38346,C2_d266_s36,38340,12.89703752739888,0.0,0.0,0.0,320.48219361430694,0.0,0.0,320.48219361430694
38350,C2,P1,Q43,349.3613329893611,349.3613329893611,767.6323833333332,447.8757,0.7211,4744.662930076471,4771.307114766896,4729.750508821528,38346,C2_d266_s36,38340,29.604649656027846,0.0,0.0,0.0,251.92445721862825,0.0,0.0,251.92445721862825
38351,C2,P1,Q43,0.0,0.0,888.04715,494.30944999999997,0.9056,4771.307114766896,4333.820781433563,4285.010303993558,38346,C2_d266_s36,38340,0.0,393.7377,0.0,0.0,0.0,0.0,0.0,0.0
38352,C2,P1,Q43,0.0,0.0,1085.0183333333332,549.78125,1.2089,4333.820781433563,3759.5710606025636,3759.5710606025636,38352,C2_d266_s36,38340,0.0,516.8247487478993,18.412334585433882,0.0,0.0,0.0,111.2933564016551,111.2933564016551
38353,C2,P1,Q43,0.0,0.0,1091.5758333333333,622.1355833333333,1.2031,3759.5710606025636,3237.970782824786,3218.2507985100096,38352,C2_d266_s36,38340,0.0,469.44025,0.0,0.0,0.0,0.0,0.0,0.0
38354,C2,P1,Q43,0.0,0.0,1074.8903333333333,670.6308666666666,1.1463,3237.970782824786,2788.793597639601,2751.229373656721,38352,C2_d266_s36,38340,0.0,404.25946666666664,0.0,0.0,0.0,0.0,0.0,0.0
38355,C2,P1,Q43,0.0,0.0,1101.9383333333333,706.3000000000001,1.1645,2788.793597639601,2349.195449491453,2331.98590337061,38352,C2_d266_s36,38340,0.0,395.6383333333332,0.0,0.0,0.0,0.0,0.0,0.0
38356,C2,P1,Q43,0.0,0.0,1072.4998,778.1827499999999,1.1243,2349.195449491453,2022.1765050470085,1978.236157331694,38352,C2_d266_s36,38340,0.0,294.3170500000001,0.0,0.0,0.0,0.0,0.0,0.0
38357,C2,P1,Q43,0.0,0.0,1061.6290333333334,834.2467,1.0886,2022.1765050470085,1769.5294680099714,1702.2409044645347,38352,C2_d266_s36,38340,0.0,227.38233333333335,0.0,0.0,0.0,0.0,0.0,0.0
38358,C2,P1,Q43,0.0,0.0,1096.7766666666666,867.74375,1.0932,1769.5294680099714,1565.7486482493798,1565.7486482493798,38358,C2_d266_s36,38340,0.0,183.40273778453246,45.6301788821342,0.0,0.0,0.0,249.41455776974553,249.41455776974553
38359,C2,P1,Q43,0.0,0.0,1118.9703833333333,924.7711666666668,1.0903,1565.7486482493798,1426.9530544330532,1426.9530544330532,38358,C2_d266_s36,38340,0.0,124.91603443469391,69.28318223197262,0.0,0.0,0.0,377.6972679375987,377.6972679375987
38360,C2,P1,Q43,0.0,0.0,1100.5620999999999,979.21225,1.0222,1426.9530544330532,1341.2767281278684,1341.2767281278684,38358,C2_d266_s36,38340,0.0,77.10869367466636,44.24115632533348,0.0,0.0,0.0,226.1165499787794,226.1165499787794
38361,C2,P1,Q43,0.0,0.0,1068.4116666666666,1018.65,0.9415,1341.2767281278684,1316.0990409854405,1316.0990409854405,38358,C2_d266_s36,38340,0.0,22.659918428185097,27.10174823848156,0.0,0.0,0.0,127.58147983265192,127.58147983265192
38362,C2,P1,Q43,0.0,0.0,1072.2797166666667,1064.1418999999999,0.9528,1316.0990409854405,1316.0990409854405,1316.0990409854405,38358,C2_d266_s36,38340,0.0,0.0,8.137816666666822,0.0,0.0,0.0,38.768558600000745,38.768558600000745
38363,C2,P1,Q43,0.0,0.0,1073.6317999999999,1138.0566666666666,0.9286,1316.0990409854405,1374.0814209854407,1348.2724745226099,38358,C2_d266_s36,38340,64.42486666666673,0.0,0.0,0.0,0.0,0.0,0.0,0.0
38364,C2,P1,Q43,0.0,0.0,1072.5066666666667,1207.1937500000001,0.8765,1374.0814209854407,1495.2997959854408,1487.2240652904725,38364,C2_d266_s36,38340,134.68708333333348,0.0,0.0,0.0,0.0,0.0,0.0,0.0
38365,C2,P1,Q43,0.0,0.0,1105.1577833333333,1214.2233333333334,0.9309,1495.2997959854408,1593.4587909854408,1651.5104716424548,38364,C2_d266_s36,38340,109.06555000000003,0.0,0.0,0.0,0.0,0.0,0.0,0.0
38366,C2,P1,Q43,0.0,0.0,1111.25555,1224.6486666666667,0.9632,1593.4587909854408,1695.5125959854408,1841.291411469428,38364,C2_d266_s36,38340,113.39311666666663,0.0,0.0,0.0,0.0,0.0,0.0,0.0
38367,C2,P1,Q43,0.0,0.0,1077.3700000000001,1271.4125000000001,0.9228,1695.5125959854408,1870.1508459854408,2062.0803467500523,38364,C2_d266_s36,38340,194.04250000000002,0.0,0.0,0.0,0.0,0.0,0.0,0.0
38368,C2,P1,Q43,0.0,0.0,1055.1354333333334,1320.5893833333332,0.8655,1870.1508459854408,2109.059400985441,2329.757718595663,38364,C2_d266_s36,38340,265.45394999999985,0.0,0.0,0.0,0.0,0.0,0.0,0.0
38369,C2,P1,Q43,0.0,0.0,1067.7281,1329.8048999999999,0.6989,2109.059400985441,2344.9285209854406,2623.769165153929,38364,C2_d266_s36,38340,262.0767999999998,0.0,0.0,0.0,0.0,0.0,0.0,0.0
38370,C2,P1,Q43,0.0,0.0,1088.435,1335.075,0.4885,2344.9285209854406,2566.9045209854407,2647.9709689229444,38370,C2_d266_s36,38340,246.6400000000001,0.0,0.0,0.0,0.0,0.0,0.0,0.0
38371,C2,P1,Q43,0.0,473.2972449695518,1074.9875833333333,1406.5611500000002,0.4302,2566.9045209854407,3291.288251458038,3397.9709689229444,38370,C2_d266_s36,38340,804.8708116362188,0.0,0.0,0.0,203.61247478590118,101.80623739295059,0.0,305.41871217885176
38372,C2,P1,Q43,0.0,0.0,1086.8508666666667,1436.8404666666665,0.4576,3291.288251458038,3606.278891458038,3734.706985345476,38370,C2_d266_s36,38340,349.9895999999999,0.0,0.0,0.0,0.0,0.0,0.0,0.0
38373,C2,P1,Q43,0.0,0.0,1118.6066666666668,1387.79375,0.4896,3606.278891458038,3848.547266458038,4060.6470907165385,38370,C2_d266_s36,38340,269.18708333333325,0.0,0.0,0.0,0.0,0.0,0.0,0.0
38374,C2,P1,Q43,0.0,0.0,1096.8615666666667,1330.3994500000001,0.501,3848.547266458038,4058.731361458038,4371.796477223167,38370,C2_d266_s36,38340,233.5378833333334,0.0,0.0,0.0,0.0,0.0,0.0,0.0
38375,C2,P1,Q43,0.0,0.0,1039.90475,1312.3172166666666,0.4821,4058.731361458038,4303.902581458038,4697.052040019867,38370,C2_d266_s36,38340,272.41246666666666,0.0,0.0,0.0,0.0,0.0,0.0,0.0
38376,C2,P1,Q43,0.0,505.1012423149433,1000.6716666666666,1342.2124999999999,0.4616,4303.902581458038,5053.902581458038,5053.902581458038,38376,C2_d266_s72,38376,833.3333333333334,0.0,0.0,13.308742314943288,233.15473345257783,116.57736672628891,0.0,349.73210017886674
38377,C2,P1,Q43,0.0,477.495508751633,1015.3240333333333,1385.2904500000002,0.4812,5053.902581458038,5803.902581458038,5803.902581458038,38376,C2_d266_s72,38376,833.3333333333334,0.0,0.0,14.128592084966499,229.7708388112858,114.8854194056429,0.0,344.65625821692873
38378,C2,P1,Q43,0.0,445.1317590762719,1014.22345,1365.4050833333333,0.4959,5803.902581458038,6520.584634626683,6553.902581458038,38376,C2_d266_s72,38376,796.3133924096053,0.0,0.0,0.0,220.74083932592325,110.37041966296162,0.0,331.11125898888486
38379,C2,P1,Q43,0.0,413.9944403944612,996.8833333333333,1307.175,0.4674,6520.584634626683,7172.442130981698,7303.902581458038,38376,C2_d266_s72,38376,724.2861070611278,0.0,0.0,0.0,193.50100144037117,96.75050072018558,0.0,290.25150216055675
38380,C2,P1,Q43,0.0,432.5268093704582,1027.1080166666668,1310.3369333333333,0.4274,7172.442130981698,7816.622284415111,8053.902581458038,38376,C2_d266_s72,38376,715.7557260371248,0.0,0.0,0.0,184.86195832493382,92.43097916246691,0.0,277.29293748740076
38381,C2,P1,Q43,0.0,191.7635532883479,1046.2812666666666,1333.8372166666666,0.5596,7816.622284415111,8248.009837374624,8557.7088685556,38376,C2_d266_s72,38376,479.31950328834796,0.0,0.0,0.0,107.31088442015948,53.65544221007974,0.0,160.96632663023922
38382,C2,P1,Q43,0.0,0.0,1039.0866666666668,1339.8875,0.7876,8248.009837374624,8518.730587374625,8552.60498457714,38382,C2_d266_s72,38376,300.80083333333323,0.0,0.0,0.0,0.0,0.0,0.0,0.0
38383,C2,P1,Q43,0.0,0.0,1047.1197166666668,1329.8637,0.8339,8518.730587374625,8773.200172374625,8825.141331631987,38382,C2_d266_s72,38376,282.7439833333333,0.0,0.0,0.0,0.0,0.0,0.0,0.0
38384,C2,P1,Q43,0.0,0.0,1041.67755,1304.1728333333333,0.8023,8773.200172374625,9009.445927374625,9079.426150093785,38382,C2_d266_s72,38376,262.4952833333332,0.0,0.0,0.0,0.0,0.0,0.0,0.0
38385,C2,P1,Q43,0.0,0.0,1018.46,1287.4375,0.8081,9009.445927374625,9251.525677374626,9328.020240070215,38382,C2_d266_s72,38376,268.97749999999996,0.0,0.0,0.0,0.0,0.0,0.0,0.0
38386,C2,P1,Q43,0.0,0.0,1007.7803333333333,1304.9877,0.8533,9251.525677374626,9519.012307374625,9559.71219108777,38382,C2_d266_s72,38376,297.20736666666664,0.0,0.0,0.0,0.0,0.0,0.0,0.0
38387,C2,P1,Q43,0.0,0.0,1007.4713166666667,1288.8681166666668,0.8377,9519.012307374625,9772.269427374626,9777.206383523124,38382,C2_d266_s72,38376,281.3968000000001,0.0,0.0,0.0,0.0,0.0,0.0,0.0
38388,C2,P1,Q43,0.0,0.0,1012.9200000000001,1226.25,0.8063,9772.269427374626,9964.266427374625,9982.304529492008,38388,C2_d266_s72,38376,213.32999999999993,0.0,0.0,0.0,0.0,0.0,0.0,0.0
38389,C2,P1,Q43,0.0,0.0,1022.3434833333334,1170.3775333333333,0.8962,9964.266427374625,10097.497072374625,10156.702817473219,38388,C2_d266_s72,38376,148.03404999999987,0.0,0.0,0.0,0.0,0.0,0.0,0.0
38390,C2,P1,Q43,0.0,0.0,1021.5801166666666,1124.2607500000001,0.9453,10097.497072374625,10189.909642374625,10297.634824850593,38388,C2_d266_s72,38376,102.6806333333335,0.0,0.0,0.0,0.0,0.0,0.0,0.0
38391,C2,P1,Q43,0.0,0.0,1013.3249999999999,1085.66875,0.931,10189.909642374625,10255.019017374625,10404.411405789993,38388,C2_d266_s72,38376,72.34375000000011,0.0,0.0,0.0,0.0,0.0,0.0,0.0
38392,C2,P1,Q43,0.0,0.0,1013.6390333333334,1056.1211166666667,0.9652,10255.019017374625,10293.252892374625,10465.95054144462,38388,C2_d266_s72,38376,42.48208333333332,0.0,0.0,0.0,0.0,0.0,0.0,0.0
38393,C2,P1,Q43,0.0,0.0,1013.0500499999999,1019.8701666666666,0.8521,10293.252892374625,10299.390997374625,10485.364012670527,38388,C2_d266_s72,38376,6.8201166666666495,0.0,0.0,0.0,0.0,0.0,0.0,0.0
38394,C2,P1,Q43,0.0,29.041876880132918,1020.04,967.25625,0.6581,10299.390997374625,10299.390997374625,10299.390997374625,38394,C2_d266_s72,38376,0.0,0.0,23.741873119867023,0.0,19.112459174815474,9.556229587407737,78.12263350092245,106.79132226314566
38395,C2,P1,Q43,48.5424663072115,101.1271190849892,1052.9867,901.9529833333332,0.6765,10299.390997374625,10299.390997374625,10299.390997374625,38394,C2_d266_s72,38376,0.0,0.0,49.90659758167749,0.0,68.4124960609952,17.78675880208331,168.8090663200241,255.00832118310262
38396,C2,P1,Q43,113.38929444078292,168.57974999633848,1072.9906666666668,838.39695,0.7492,10299.390997374625,10299.390997374625,10299.390997374625,38394,C2_d266_s72,38376,0.0,0.0,66.01396667032839,0.0,126.29994869725678,20.674344651111113,247.28831914705015,394.262612495418
38397,C2,P1,Q43,159.3151020972673,217.1113604306007,1057.6933333333334,780.15625,0.7568,10299.390997374625,10299.390997374625,10299.390997374625,38394,C2_d266_s72,38376,0.0,0.0,60.42572290273267,0.0,164.30987757387862,21.870104153333365,228.65093546394044,414.8309171911524
38398,C2,P1,Q43,205.56476304891146,265.9668241600225,1028.3715,722.3312999999999,0.7497,10299.390997374625,10299.390997374625,10299.390997374625,38394,C2_d266_s72,38376,0.0,0.0,40.07337583997753,0.0,199.39532807276888,22.641712607499972,150.21504933615577,372.25209001642463
38399,C2,P1,Q43,277.4031497893633,340.4110136782522,1051.3494166666667,678.7870166666667,0.8252,10299.390997374625,10299.390997374625,10299.390997374625,38394,C2_d266_s72,38376,0.0,0.0,32.15138632174785,0.0,280.9071684872937,25.997044640555558,132.65661996353165,439.5608330913809
38400,C2,P1,Q43,347.1443013514453,412.7579680181119,1090.73,642.275,0.9146,10299.390997374625,10299.390997374625,10299.390997374625,38400,C2_d266_s72,38376,0.0,0.0,35.69703198188813,0.0,377.5084375493651,30.00512976666665,163.24252725317442,570.7560945692062
38401,C2,P1,Q43,377.5121233019829,441.9021816353163,1051.12625,586.82295,0.8615,10299.390997374625,10299.390997374625,10299.390997374625,38400,C2_d266_s72,38376,0.0,0.0,22.401118364683725,0.0,380.69872947882504,27.736017627083363,96.49281735587515,504.92756446178356
38402,C2,P1,Q43,444.6802041612614,507.84665416126137,1044.8176,515.61245,0.8522,10299.390997374625,10299.390997374625,10299.390997374625,38400,C2_d266_s72,38376,0.0,0.0,21.35849583873869,0.0,432.7869186762269,26.915224345,91.00855076886556,550.7106937900925
38403,C2,P1,Q43,548.1778620887674,610.1207037554341,1079.3883333333333,444.88124999999997,0.9282,10299.390997374625,10299.390997374625,10299.390997374625,38400,C2_d266_s72,38376,0.0,0.0,24.386379577899334,0.0,566.314037225794,28.74767281750002,113.17718762103081,708.2388976643249
38404,C2,P1,Q43,600.2426437122781,660.9618770456113,1052.1743,388.92738333333335,0.9472,10299.390997374625,10299.390997374625,10299.390997374625,38400,C2_d266_s72,38376,0.0,0.0,2.285039621055148,0.0,626.0630899376031,28.756628906666627,10.821947645317183,665.6416664895869
38405,C2,P1,Q43,643.4540928513047,702.9497178513047,1046.0400666666667,333.0659,0.9589,10299.390997374625,10299.390997374625,10299.390997374625,38400,C2_d266_s72,38376,0.0,0.0,10.024448815361893,0.0,674.0584844476161,28.52517740625001,48.0622198452526,750.6458816991187
38406,C2,P1,Q43,703.5107094359254,761.782726102592,1080.535,271.3625,0.9856,10299.390997374625,10299.390997374625,10299.390997374625,38406,C2_d266_s72,38376,0.0,0.0,47.38977389740808,0.0,750.8130548467147,28.716449813333337,233.536805766427,1013.0663104264752
38407,C2,P1,Q43,758.6776709731788,807.2376848620677,1084.1268666666667,212.36323333333334,0.9909,10299.390997374625,10299.390997374625,10299.390997374625,38406,C2_d266_s72,38376,0.0,0.0,64.52594847126568,0.0,799.8918219298229,24.059058881249992,319.6938117008858,1143.6446925119585
38408,C2,P1,Q43,826.8620759061934,865.7100870173044,1067.1776,158.25141666666667,1.0128,10299.390997374625,10299.390997374625,10299.390997374625,38406,C2_d266_s72,38376,0.0,0.0,43.216096316028825,0.0,876.7911761311259,19.672632826666646,218.84631174436998,1115.3101207021625
38409,C2,P1,Q43,912.1114534671999,941.2474618005332,1072.945,108.13125000000001,1.0629,10299.390997374625,10299.390997374625,10299.390997374625,38406,C2_d266_s72,38376,0.0,0.0,23.566288199466726,0.0,1000.4519271477867,15.48433162874997,125.2430386360659,1141.1792974126026
38410,C2,P1,Q43,976.4346657659228,995.8586713214784,1103.1205,61.2194,1.1163,10299.390997374625,10299.390997374625,10299.390997374625,38406,C2_d266_s72,38376,0.0,0.0,46.042428678521674,0.0,1111.6770347961665,10.841508700833357,256.98581566916874,1379.5043591661686
38411,C2,P1,Q43,894.2873266165225,903.9993293943003,962.97025,22.50023333333333,1.1886,10299.390997374625,10299.390997374625,10299.390997374625,38406,C2_d266_s72,38376,0.0,0.0,36.470687272366376,0.0,1074.4936029180653,5.771843250833346,216.7452944596734,1297.0107406285722
38412,C2,P1,Q43,-0.0,0.0,741.4033333333333,0.0,1.2707,10299.390997374625,9488.582446637702,9488.582446637702,38412,C2_d266_s108,38412,0.0,729.727695663231,11.675637670102333,0.0,0.0,0.0,74.18116393699516,74.18116393699516
38413,C2,P1,Q43,758.5234585843091,758.5234585843091,743.5941166666667,0.0,1.3275,9488.582446637702,9502.01885436358,9505.218365709434,38412,C2_d266_s108,38412,14.929341917642432,0.0,0.0,0.0,1006.9398912706703,0.0,0.0,1006.9398912706703
38414,C2,P1,Q43,781.703687087862,781.703687087862,814.5888666666666,0.75575,1.3578,9502.01885436358,9502.01885436358,9518.52710096682,38412,C2_d266_s108,38412,0.0,0.0,32.12942957880455,0.0,1061.397266327899,0.0,218.12669741050405,1279.523963738403
38415,C2,P1,Q43,0.0,0.0,824.0749999999999,0.0,1.3523,9502.01885436358,8690.62318185248,8690.62318185248,38412,C2_d266_s108,38412,0.0,730.2561052599902,93.81889474000968,0.0,0.0,0.0,634.3564567845755,634.3564567845755
38416,C2,P1,Q43,-0.0,0.0,791.9465166666668,0.0,1.3039,8690.62318185248,7826.688334196722,7826.688334196722,38412,C2_d266_s108,38412,0.0,777.5413628901814,14.40515377648535,0.0,0.0,0.0,93.91440004579624,93.91440004579624
38417,C2,P1,Q43,-0.0,0.0,764.8304833333333,0.054266666666666664,1.2815,7826.688334196722,6976.936982344871,6935.932573573578,38412,C2_d266_s108,38412,0.0,764.7762166666666,0.0,0.0,0.0,0.0,0.0,0.0
38418,C2,P1,Q43,-0.0,0.0,776.9766666666666,0.0,1.3111,6976.936982344871,6113.629574937463,6098.55189147167,38418,C2_d266_s108,38412,0.0,776.9766666666666,0.0,0.0,0.0,0.0,0.0,0.0
38419,C2,P1,Q43,701.4983529299951,701.4983529299951,819.40935,0.0,1.3507,6113.629574937463,6007.517561401555,6007.517561401555,38418,C2_d266_s108,38412,0.0,95.50081218231708,22.41018488768782,0.0,947.5138253025444,0.0,151.3471836389997,1098.8610089415442
38420,C2,P1,Q43,-0.0,0.0,787.7049833333334,0.0039000000000000003,1.3385,6007.517561401555,5132.294135475629,5130.443017996347,38418,C2_d266_s108,38412,0.0,787.7010833333334,0.0,0.0,0.0,0.0,0.0,0.0
38421,C2,P1,Q43,-0.0,0.0,724.6683333333334,0.0,1.2978,5132.294135475629,4327.107098438592,4255.033338852193,38418,C2_d266_s108,38412,0.0,724.6683333333334,0.0,0.0,0.0,0.0,0.0,0.0
38422,C2,P1,Q43,-0.0,378.9164547043237,776.5199666666667,0.0,1.3141,4327.107098438592,3885.3254184804337,3833.601699011703,38418,C2_d266_s108,38412,0.0,397.603511962343,0.0,0.0,497.9341131269518,248.9670565634759,0.0,746.9011696904277
38423,C2,P1,Q43,739.5556934428423,739.5556934428423,825.1172166666666,0.0002833333333333333,1.3627,3885.3254184804337,3833.601699011703,3833.601699011703,38418,C2_d266_s108,38412,0.0,46.55134752185741,39.00989236863363,0.0,1007.7925434545613,0.0,265.7939016536852,1273.5864451082466
38424,C2,P1,Q43,755.5717583986229,755.5717583986229,810.9716666666667,0.0,1.3658,3833.601699011703,3833.601699011703,3833.601699011703,38424,C2_d266_s108,38412,0.0,0.0,55.39990826804376,0.0,1031.9599076208392,0.0,378.32597356247084,1410.28588118331
38425,C2,P1,Q43,-0.0,0.0,792.5119,0.0,1.2793,3833.601699011703,2955.601730553926,2955.601730553926,38424,C2_d266_s108,38412,0.0,790.1999716119997,2.3119283880002968,0.0,0.0,0.0,14.788249933843899,14.788249933843899
38426,C2,P1,Q43,-0.0,0.0,792.3809833333333,0.0,1.2802,2955.601730553926,2075.178415739111,2073.637122985656,38424,C2_d266_s108,38412,0.0,792.3809833333333,0.0,0.0,0.0,0.0,0.0,0.0
38427,C2,P1,Q43,765.1140471236695,765.1140471236695,801.0133333333333,0.0,1.3677,2075.178415739111,2073.637122985656,2073.637122985656,38424,C2_d266_s108,38412,0.0,1.3871634781097784,34.512122731554065,0.0,1046.4464822510427,0.0,236.01115129973246,1282.4576335507752
38428,C2,P1,Q43,0.0,0.0,794.2424833333333,0.0,1.3452,2073.637122985656,1241.0044087712922,1241.0044087712922,38424,C2_d266_s108,38412,0.0,749.3694427929273,44.87304054040601,0.0,0.0,0.0,301.8160706747708,301.8160706747708
38429,C2,P1,Q43,750.6000627145257,750.6000627145257,777.4709833333333,0.0,1.1727,1241.0044087712922,1241.0044087712922,1241.0044087712922,38424,C2_d266_s108,38412,0.0,0.0,26.87092061880753,0.0,880.2286935453244,0.0,157.55764304837797,1037.7863365937023
38430,C2,P1,Q43,763.5359567378504,763.5359567378504,774.88,0.0,0.9756,1241.0044087712922,1241.0044087712922,1241.0044087712922,38430,C2_d266_s108,38412,0.0,0.0,11.344043262149626,0.0,744.9056793934468,0.0,55.33624303276588,800.2419224262127
38431,C2,P1,Q43,780.0439019595013,780.0439019595013,805.5286666666666,0.0,0.9371,1241.0044087712922,1241.0044087712922,1241.0044087712922,38430,C2_d266_s108,38412,0.0,0.0,25.484764707165255,0.0,730.9791405262488,0.0,119.4088650354228,850.3880055616715
38432,C2,P1,Q43,776.4191659507,776.4191659507,825.47385,0.0,0.9825,1241.0044087712922,1241.0044087712922,1241.0044087712922,38430,C2_d266_s108,38412,0.0,0.0,49.05468404930002,0.0,762.8318305465627,0.0,240.9811353921864,1003.8129659387491
38433,C2,P1,Q43,772.6273346584608,772.6273346584608,821.98,0.0,1.0367,1241.0044087712922,1241.0044087712922,1241.0044087712922,38430,C2_d266_s108,38412,0.0,0.0,49.35266534153925,0.0,800.9827578404262,0.0,255.81954079786868,1056.8022986382948
38434,C2,P1,Q43,796.3497076570812,796.3497076570812,807.4129833333333,0.0,1.0462,1241.0044087712922,1241.0044087712922,1241.0044087712922,38430,C2_d266_s108,38412,0.0,0.0,11.063275676252033,0.0,833.1410641508384,0.0,57.87199506247438,891.0130592133128
38435,C2,P1,Q43,724.5895118183911,724.5895118183911,712.6438333333334,0.0,0.7968,1241.0044087712922,1251.755519407844,1241.0044087712922,38430,C2_d266_s108,38412,11.94567848505767,0.0,0.0,0.0,577.352923016894,0.0,0.0,577.352923016894
38436,C2,P1,Q43,595.9114942886878,595.9114942886878,593.7583333333333,0.0,0.4553,1251.755519407844,1253.6933642676631,1251.755519407844,38436,C2_d266_s108,38412,2.1531609553544513,0.0,0.0,0.0,271.3185033496395,0.0,0.0,271.3185033496395
38437,C2,P1,Q43,1414.4694957509382,1414.4694957509382,588.5550666666667,0.0,0.4373,1253.6933642676631,1997.0163504435077,2001.755519407844,38436,C2_d266_s108,38412,825.9144290842715,0.0,0.0,0.0,618.5475104918853,0.0,0.0,618.5475104918853
38438,C2,P1,Q43,586.5522813888459,586.5522813888459,584.1847166666666,0.0,0.4792,1997.0163504435077,1999.147158693469,2001.755519407844,38436,C2_d266_s108,38412,2.3675647221792815,0.0,0.0,0.0,281.07585324153496,0.0,0.0,281.07585324153496
38439,C2,P1,Q43,574.3597665079029,574.3597665079029,561.0533333333334,0.0,0.4506,1999.147158693469,2011.1229485505817,2001.755519407844,38436,C2_d266_s108,38412,13.30643317456952,0.0,0.0,0.0,258.8065107884611,0.0,0.0,258.8065107884611
38440,C2,P1,Q43,604.093782810245,604.093782810245,607.7949666666667,0.0,0.4738,2011.1229485505817,2007.0105220434464,2001.755519407844,38436,C2_d266_s108,38412,0.0,3.7011838564217214,0.0,0.0,286.2196342954941,0.0,0.0,286.2196342954941
38441,C2,P1,Q43,629.4133421759358,629.4133421759358,621.9866333333333,0.0,0.4579,2007.0105220434464,2013.6945600017887,2001.755519407844,38436,C2_d266_s108,38412,7.426708842602466,0.0,0.0,0.0,288.20836938236096,0.0,0.0,288.20836938236096
38442,C2,P1,Q43,615.7253419353825,615.7253419353825,591.0083333333333,0.0,0.412,2013.6945600017887,2035.939867743633,2013.6945600017887,38442,C2_d266_s108,38412,24.71700860204919,0.0,0.0,0.0,253.67884087737758,0.0,0.0,253.67884087737758
38443,C2,P1,Q43,578.4466591972902,578.4466591972902,602.6010666666667,0.0,0.4469,2035.939867743633,2013.6945600017887,2013.6945600017887,38442,C2_d266_s108,38412,0.0,20.020776967659845,4.13363050171672,0.0,258.507811995269,0.0,9.236597356086012,267.744409351355
38444,C2,P1,Q43,571.7000614733707,571.7000614733707,593.3914666666667,0.0,0.4609,2013.6945600017887,2013.6945600017887,2013.6945600017887,38442,C2_d266_s108,38412,0.0,0.0,21.691405193295964,0.0,263.49655833307656,0.0,49.987843267950545,313.4844016010271
38445,C2,P1,Q43,590.4920335450097,590.4920335450097,566.1333333333333,0.0,0.4325,2013.6945600017887,2035.6173901922973,2013.6945600017887,38442,C2_d266_s108,38412,24.358700211676364,0.0,0.0,0.0,255.38780450821668,0.0,0.0,255.38780450821668
38446,C2,P1,Q43,582.6624666129463,582.6624666129463,595.4494333333333,0.0,0.4481,2035.6173901922973,2021.4096493918673,2013.6945600017887,38442,C2_d266_s108,38412,0.0,12.786966720387,0.0,0.0,261.09105128926126,0.0,0.0,261.09105128926126
38447,C2,P1,Q43,579.0032106065868,579.0032106065868,623.8005833333333,0.0,0.4868,2021.4096493918673,2013.6945600017887,2013.6945600017887,38442,C2_d266_s108,38412,0.0,6.943580451070807,37.85379227567571,0.0,281.85876292328646,0.0,92.13613039899468,373.99489332228114
50976,C2,P1,Q43,616.462874675568,616.462874675568,562.2116666666667,0.0,0.4221,10459.806807978282,10508.632895186294,10459.806807978282,50976,C2_d354_s0,50976,54.251208008901244,0.0,0.0,0.0,260.2089794005572,0.0,0.0,260.2089794005572
50977,C2,P1,Q43,1001.4474648152279,1001.4474648152279,596.0177166666666,0.0,0.4264,10508.632895186294,10800.0,10800.0,50976,C2_d354_s0,50976,323.74122757078413,0.0,0.0,81.68852057777718,427.0171989972132,0.0,0.0,427.0171989972132
50978,C2,P1,Q43,609.0509247778476,609.0509247778476,589.6451666666667,0.0,0.4293,10800.0,10800.0,10800.0,50976,C2_d354_s0,50976,0,0.0,0.0,19.405758111180944,261.46556200713,0.0,0.0,261.46556200713
50979,C2,P1,Q43,623.0744493578094,623.0744493578094,578.6833333333333,0.0,0.4388,10800.0,10800.0,10800.0,50976,C2_d354_s0,50976,0,0.0,0.0,44.391116024476105,273.40506837820675,0.0,0.0,273.40506837820675
50980,C2,P1,Q43,649.08790573468,649.08790573468,564.7100333333334,0.0,0.4138,10800.0,10800.0,10800.0,50976,C2_d354_s0,50976,0,0.0,0.0,84.37787240134662,268.5925753930106,0.0,0.0,268.5925753930106
50981,C2,P1,Q43,660.2416880036156,660.2416880036156,549.9038833333333,0.0,0.41,10800.0,10800.0,10800.0,50976,C2_d354_s0,50976,0,0.0,0.0,110.33780467028237,270.6990920814824,0.0,0.0,270.6990920814824
50982,C2,P1,Q43,650.6430479978607,650.6430479978607,558.21,0.0,0.4471,10800.0,10800.0,10800.0,50982,C2_d354_s0,50976,0,0.0,0.0,92.43304799786063,290.9025067598435,0.0,0.0,290.9025067598435
50983,C2,P1,Q43,638.2873853384458,638.2873853384458,610.3485166666667,0.0,0.4797,10800.0,10800.0,10800.0,50982,C2_d354_s0,50976,0,0.0,0.0,27.93886867177912,306.18645874685245,0.0,0.0,306.18645874685245
50984,C2,P1,Q43,644.0027152722274,644.0027152722274,633.23595,0.0,0.4466,10800.0,10800.0,10800.0,50982,C2_d354_s0,50976,0,0.0,0.0,10.766765272227417,287.61161264057677,0.0,0.0,287.61161264057677
50985,C2,P1,Q43,658.0843901702489,658.0843901702489,622.6966666666666,0.0,0.3961,10800.0,10800.0,10800.0,50982,C2_d354_s0,50976,0,0.0,0.0,35.387723503582265,260.66722694643556,0.0,0.0,260.66722694643556
50986,C2,P1,Q43,652.1329677452937,652.1329677452937,637.4892666666666,0.0,0.4368,10800.0,10800.0,10800.0,50982,C2_d354_s0,50976,0,0.0,0.0,14.643701078627146,284.8516803111443,0.0,0.0,284.8516803111443
50987,C2,P1,Q43,646.037072043507,646.037072043507,622.368,0.0,0.475,10800.0,10800.0,10800.0,50982,C2_d354_s0,50976,0,0.0,0.0,23.669072043506958,306.8676092206658,0.0,0.0,306.8676092206658
50988,C2,P1,Q43,651.8797183218611,651.8797183218611,597.8583333333333,0.0,0.4651,10800.0,10800.0,10800.0,50988,C2_d354_s0,50976,0,0.0,0.0,54.02138498852776,303.1892569914976,0.0,0.0,303.1892569914976
50989,C2,P1,Q43,662.3763152155425,662.3763152155425,642.7462333333334,0.0,0.455,10800.0,10800.0,10800.0,50988,C2_d354_s0,50976,0,0.0,0.0,19.630081882209083,301.38122342307184,0.0,0.0,301.38122342307184
50990,C2,P1,Q43,675.4658647324031,675.4658647324031,653.8691166666666,0.0,0.4629,10800.0,10800.0,10800.0,50988,C2_d354_s0,50976,0,0.0,0.0,21.596748065736506,312.6731487846294,0.0,0.0,312.6731487846294
50991,C2,P1,Q43,689.4610826741477,689.4610826741477,621.75,0.0,0.4713,10800.0,10800.0,10800.0,50988,C2_d354_s0,50976,0,0.0,0.0,67.71108267414775,324.94300826432584,0.0,0.0,324.94300826432584
50992,C2,P1,Q43,699.1443169309554,699.1443169309554,636.6433333333333,0.0,0.4513,10800.0,10800.0,10800.0,50988,C2_d354_s0,50976,0,0.0,0.0,62.50098359762205,315.5238302309401,0.0,0.0,315.5238302309401
50993,C2,P1,Q43,689.3897881903084,689.3897881903084,631.9107333333333,0.0,0.4352,10800.0,10800.0,10800.0,50988,C2_d354_s0,50976,0,0.0,0.0,57.479054856975154,300.02243582042223,0.0,0.0,300.02243582042223
50994,C2,P1,Q43,675.5225369853073,675.5225369853073,625.2883333333333,0.0,0.4577,10800.0,10800.0,10800.0,50994,C2_d354_s0,50976,0,0.0,0.0,50.234203651973985,309.18666517817513,0.0,0.0,309.18666517817513
50995,C2,P1,Q43,689.5143951828771,689.5143951828771,696.7576833333333,0.0,0.5147,10800.0,10800.0,10800.0,50994,C2_d354_s0,50976,0.0,0.0,7.243288150456124,0.0,354.8930592006269,0.0,18.640602055198837,373.53366125582573
50996,C2,P1,Q43,701.8596346573592,701.8596346573592,685.8887833333333,0.0,0.5083,10800.0,10800.0,10800.0,50994,C2_d354_s0,50976,0,0.0,0.0,15.97085132402583,356.75525229633564,0.0,0.0,356.75525229633564
50997,C2,P1,Q43,694.2521292812744,694.2521292812744,624.79,0.0,0.4686,10800.0,10800.0,10800.0,50994,C2_d354_s0,50976,0,0.0,0.0,69.46212928127443,325.3265477812052,0.0,0.0,325.3265477812052
50998,C2,P1,Q43,680.1212806785662,680.1212806785662,703.4143,0.0,0.5119,10800.0,10800.0,10800.0,50994,C2_d354_s0,50976,0.0,0.0,23.293019321433803,0.0,348.1540835793581,0.0,59.61848295320981,407.7725665325679
50999,C2,P1,Q43,688.4684466717234,688.4684466717234,737.3209499999999,0.0,0.5023,10800.0,10800.0,10800.0,50994,C2_d354_s0,50976,0.0,0.0,48.8525033282765,0.0,345.81770076320663,0.0,122.69306210896642,468.510762872173
51000,C2,P1,Q43,708.4937345052073,708.4937345052073,679.8583333333333,0.0,0.4324,10800.0,10800.0,10800.0,51000,C2_d354_s0,50976,0,0.0,0.0,28.635401171873923,306.3526908000516,0.0,0.0,306.3526908000516
51001,C2,P1,Q43,704.1668563294758,704.1668563294758,673.1570666666667,0.0,0.4412,10800.0,10800.0,10800.0,51000,C2_d354_s0,50976,0,0.0,0.0,31.009789662809112,310.6784170125647,0.0,0.0,310.6784170125647
51002,C2,P1,Q43,710.1845218666617,710.1845218666617,680.3992333333333,0.0,0.4805,10800.0,10800.0,10800.0,51000,C2_d354_s0,50976,0,0.0,0.0,29.785288533328412,341.243662756931,0.0,0.0,341.243662756931
51003,C2,P1,Q43,737.237206086152,737.237206086152,677.4783333333334,0.0,0.5015,10800.0,10800.0,10800.0,51000,C2_d354_s0,50976,0,0.0,0.0,59.75887275281866,369.7244588522052,0.0,0.0,369.7244588522052
51004,C2,P1,Q43,755.5030130819978,755.5030130819978,686.9797333333332,0.0,0.5024,10800.0,10800.0,10800.0,51000,C2_d354_s0,50976,0,0.0,0.0,68.52327974866455,379.56471377239563,0.0,0.0,379.56471377239563
51005,C2,P1,Q43,743.6412349254056,743.6412349254056,680.6025666666667,0.0,0.4798,10800.0,10800.0,10800.0,51000,C2_d354_s0,50976,0,0.0,0.0,63.03866825873888,356.7990645172096,0.0,0.0,356.7990645172096
51006,C2,P1,Q43,50.50823433973517,50.50823433973517,672.0516666666666,0.0,0.4753,10800.0,10109.39618630341,10050.0,51006,C2_d354_s0,50976,0.0,621.5434323269315,0.0,0.0,24.006563781676125,0.0,0.0,24.006563781676125
51007,C2,P1,Q43,743.945245286387,743.945245286387,702.9903666666668,0.00038333333333333334,0.535,10109.39618630341,10146.255922061158,10050.0,51006,C2_d354_s0,50976,40.95526195305365,0.0,0.0,0.0,398.0107062282171,0.0,0.0,398.0107062282171
51008,C2,P1,Q43,749.7295628813704,749.7295628813704,708.8747333333334,0.0,0.5436,10146.255922061158,10183.025268654392,10050.0,51006,C2_d354_s0,50976,40.854829548036946,0.0,0.0,0.0,407.55299038231294,0.0,0.0,407.55299038231294
51009,C2,P1,Q43,725.8937309902008,725.8937309902008,677.7633333333333,0.0,0.468,10183.025268654392,10226.342626545573,10050.0,51006,C2_d354_s0,50976,48.130397656867444,0.0,0.0,0.0,339.71826610341395,0.0,0.0,339.71826610341395
51010,C2,P1,Q43,1552.6209099724063,1552.6209099724063,679.6296833333333,0.005266666666666667,0.4338,10226.342626545573,10800.0,10799.999999999998,51006,C2_d354_s0,50976,637.3970816160303,0.0,0.0,235.5994116897092,673.5269507460299,0.0,0.0,673.5269507460299
51011,C2,P1,Q43,802.9579855037928,802.9579855037928,786.2857666666667,0.0,0.6915,10800.0,10800.0,10799.999999999998,51006,C2_d354_s0,50976,0,0.0,0.0,16.672218837126024,555.2454469758727,0.0,0.0,555.2454469758727
51012,C2,P1,Q43,916.7991559898243,916.7991559898243,915.1083333333332,0.0,1.0594,10800.0,10800.0,10800.0,51012,C2_d354_s36,51012,0,0.0,0.0,1.6908226564910365,971.2570258556198,0.0,0.0,971.2570258556198
51013,C2,P1,Q43,920.0301128397269,920.0301128397269,906.553,0.07343333333333334,1.081,10800.0,10800.0,10800.0,51012,C2_d354_s36,51012,0,0.0,0.0,13.550546173060297,994.5525519797447,0.0,0.0,994.5525519797447
51014,C2,P1,Q43,901.3932202159309,901.3932202159309,901.3054166666667,0.0,1.0359,10800.0,10800.0,10800.0,51012,C2_d354_s36,51012,0,0.0,0.0,0.08780354926420841,933.7532368216829,0.0,0.0,933.7532368216829
51015,C2,P1,Q43,914.4985810307313,914.4985810307313,931.1750000000001,0.0,1.0597,10800.0,10800.0,10800.0,51012,C2_d354_s36,51012,0.0,0.0,16.676418969268752,0.0,969.0941463182661,0.0,88.3600059086705,1057.4541522269367
51016,C2,P1,Q43,927.0417189056337,927.0417189056337,891.8811000000001,1.0227666666666666,1.0176,10800.0,10800.0,10800.0,51012,C2_d354_s36,51012,0,0.0,0.0,36.18338557230038,943.357653158373,0.0,0.0,943.357653158373
51017,C2,P1,Q43,938.5323481510062,938.5323481510062,872.2081666666667,0.0,1.0168,10800.0,10800.0,10800.0,51012,C2_d354_s36,51012,0,0.0,0.0,66.32418148433953,954.299691599943,0.0,0.0,954.299691599943
51018,C2,P1,Q43,266.68904132045134,266.68904132045134,895.6999999999999,0.0,1.0595,10800.0,10101.098934800502,10050.0,51018,C2_d354_s36,51012,0.0,629.0109586795486,0.0,0.0,282.5570392790182,0.0,0.0,282.5570392790182
51019,C2,P1,Q43,893.6997740991873,893.6997740991873,893.4640166666667,28.780483333333333,1.0282,10101.098934800502,10127.21355148977,10049.818021604939,51018,C2_d354_s36,51012,29.016240765853922,0.0,0.0,0.0,918.9021077287844,0.0,0.0,918.9021077287844
51020,C2,P1,Q43,847.8178430910699,847.8178430910699,886.8849333333333,70.00593333333333,0.9987,10127.21355148977,10155.058510271734,10049.454064814816,51018,C2_d354_s36,51012,30.938843091069998,0.0,0.0,0.0,846.7156798950515,0.0,0.0,846.7156798950515
51021,C2,P1,Q43,808.1323034642428,808.1323034642428,871.9533333333334,115.1125,0.9724,10155.058510271734,10201.220833389552,10048.90812962963,51018,C2_d354_s36,51012,51.291470130909374,0.0,0.0,0.0,785.8278518886298,0.0,0.0,785.8278518886298
51022,C2,P1,Q43,1589.75637603947,1589.75637603947,844.3141166666666,166.12295,0.9109,10201.220833389552,10800.0,10798.318519629627,51018,C2_d354_s36,51012,665.3101851227196,0.0,0.0,246.2550242500838,1448.1090829343534,0.0,0.0,1448.1090829343534
51023,C2,P1,Q43,808.306277281977,808.306277281977,981.5207666666666,212.7854166666667,1.0903,10800.0,10800.0,10797.408627654318,51018,C2_d354_s36,51012,0,0.0,0.0,39.570927281977106,881.2963341205395,0.0,0.0,881.2963341205395
51024,C2,P1,Q43,83.38407667504327,84.36676000837656,1196.7983333333334,256.64375,1.4063,10800.0,9874.074074074075,9874.074074074075,51024,C2_d354_s36,51012,0.0,833.3333333333327,22.4544899916242,0.0,118.64497459977997,0.6909737858332989,157.88874637610556,277.2246947617188
51025,C2,P1,Q43,73.09300787515565,69.25578009737785,1209.0584999999999,310.02568333333335,1.4458,9874.074074074075,8952.099588997087,8948.14814814815,51024,C2_d354_s36,51012,0.0,829.7770365692886,0.0,0.0,100.1300068647889,2.7739319605555703,0.0,102.90393882534447
51026,C2,P1,Q43,15.671238596686521,7.0140997077977545,1192.14925,368.6034333333334,1.3908,8952.099588997087,8044.842125709455,8022.2222222222235,51024,C2_d354_s36,51012,0.0,816.5317169588689,0.0,0.0,9.755209873605118,6.020174383333249,0.0,15.775384256938366
51027,C2,P1,Q43,0.0,0.0,1227.835,429.9375,1.3742,8044.842125709455,7158.289347931677,7146.144231429107,51024,C2_d354_s36,51012,0.0,797.8975,0.0,0.0,0.0,0.0,0.0,0.0
51028,C2,P1,Q43,0.0,0.0,1222.1887666666667,492.19644999999997,1.345,7158.289347931677,6347.186773857603,6335.958060630626,51024,C2_d354_s36,51012,0.0,729.9923166666667,0.0,0.0,0.0,0.0,0.0,0.0
51029,C2,P1,Q43,0.0,0.0,1212.6767166666666,532.6005833333334,1.3284,6347.186773857603,5591.546625709455,5582.439139646024,51024,C2_d354_s36,51012,0.0,680.0761333333332,0.0,0.0,0.0,0.0,0.0,0.0
51030,C2,P1,Q43,0.0,0.0,1209.2749999999999,556.93125,1.3231,5591.546625709455,4884.28407488293,4884.28407488293,51030,C2_d354_s36,51012,0.0,636.5362957438722,15.807454256127698,0.0,0.0,0.0,104.57421363141279,104.57421363141279
51031,C2,P1,Q43,307.0736047220741,70.0593770554093,1179.4681,595.46445,1.2929,4884.28407488293,4313.234882722274,4307.178778043901,51030,C2_d354_s36,51012,0.0,513.9442729445907,0.0,0.0,90.57976859493868,153.21784747511546,0.0,243.79761607005415
51032,C2,P1,Q43,594.1280223915445,551.8958112804333,1169.0280500000001,641.3426833333333,1.2522,4313.234882722274,4335.024282874664,4307.178778043901,51030,C2_d354_s36,51012,24.21044461376664,0.0,0.0,0.0,691.0839348853586,26.441587376666693,0.0,717.5255222620253
51033,C2,P1,Q43,568.7900687306693,519.4101437306693,1191.765,686.1,1.2211,4335.024282874664,4347.3949122322665,4307.178778043901,51030,C2_d354_s36,51012,13.74514373066927,0.0,0.0,0.0,634.2517265095204,30.148913208749978,0.0,664.4006397182703
51034,C2,P1,Q43,0.0,0.0,1209.90835,728.4494833333333,1.2184,4347.3949122322665,3812.4406159359705,3787.2882688263253,51030,C2_d354_s36,51012,0.0,481.4588666666666,0.0,0.0,0.0,0.0,0.0,0.0
51035,C2,P1,Q43,0.0,0.0,1190.447,763.8465500000001,1.2822,3812.4406159359705,3338.440115935971,3337.475438891094,51030,C2_d354_s36,51012,0.0,426.6004499999998,0.0,0.0,0.0,0.0,0.0,0.0
51036,C2,P1,Q43,0.0,0.0,1152.0383333333332,791.7312499999999,1.3753,3338.440115935971,2946.7754525004466,2946.7754525004466,51036,C2_d354_s36,51012,0.0,352.49819709197186,7.808886241361392,0.0,0.0,0.0,53.69780623872162,53.69780623872162
51037,C2,P1,Q43,0.0,0.0,1145.5621333333333,814.3685166666668,1.4027,2946.7754525004466,2578.7825450930395,2556.0091467714255,51036,C2_d354_s36,51012,0.0,331.19361666666657,0.0,0.0,0.0,0.0,0.0,0.0
51038,C2,P1,Q43,0.0,0.0,1152.1980833333334,826.1046500000001,1.3591,2578.7825450930395,2216.4565080560023,2178.843201343577,51036,C2_d354_s36,51012,0.0,326.09343333333334,0.0,0.0,0.0,0.0,0.0,0.0
51039,C2,P1,Q43,0.0,0.0,1158.5783333333334,826.7937499999999,1.3321,2216.4565080560023,1847.8069710189652,1835.0640804340178,51036,C2_d354_s36,51012,0.0,331.78458333333344,0.0,0.0,0.0,0.0,0.0,0.0
51040,C2,P1,Q43,0.0,0.0,1173.44865,824.36915,1.3769,1847.8069710189652,1506.3465891576923,1506.3465891576923,51036,C2_d354_s36,51012,0.0,307.31434367514566,41.76515632485439,0.0,0.0,0.0,287.53221871846006,287.53221871846006
51041,C2,P1,Q43,343.01530886701255,316.4768810892348,1199.1954,828.13465,1.1651,1506.3465891576923,1506.3465891576923,1506.3465891576923,51036,C2_d354_s36,51012,0.0,0.0,54.58386891076543,0.0,368.72721415706746,15.45996110194444,317.978328339664,702.165503598676
51042,C2,P1,Q43,1189.1701310859248,1171.4886310859247,1211.1033333333332,829.86875,0.8057,1506.3465891576923,2217.5752321350246,2243.683053703704,51042,C2_d354_s36,51012,790.2540477525915,0.0,0.0,0.0,943.8683900659295,7.1229922750000565,0.0,950.9913823409295
51043,C2,P1,Q43,1134.277661215399,1096.95004732651,1180.0967333333333,817.9991,0.7611,2217.5752321350246,2878.942404728884,2993.683053703704,51042,C2_d354_s36,51012,734.8524139931767,0.0,0.0,0.0,834.8886810202067,14.205023465416668,0.0,849.0937044856233
51044,C2,P1,Q43,1085.3670115868617,1028.393283809084,1158.1015666666667,835.8504166666667,0.7807,2878.942404728884,3514.4703251570595,3743.683053703704,51042,C2_d354_s36,51012,706.142133809084,0.0,0.0,0.0,802.8666366697519,22.2396946380555,0.0,825.1063313078074
51045,C2,P1,Q43,1075.9447960687478,999.3249544020811,1159.0266666666666,876.05625,0.7378,3514.4703251570595,4159.189409118932,4493.683053703704,51042,C2_d354_s36,51012,716.3545377354144,0.0,0.0,0.0,737.3019513578554,28.265059590833356,0.0,765.5670109486888
51046,C2,P1,Q43,1082.1419190924312,985.8759635368754,1143.3451,891.3363666666668,0.7527,4159.189409118932,4819.66991630212,5243.683053703704,51042,C2_d354_s36,51012,733.867230203542,0.0,0.0,0.0,742.0688377542061,36.229692373333435,0.0,778.2985301275396
51047,C2,P1,Q43,1055.93146759104,940.0193981465956,1094.3222833333332,929.6148666666667,0.7117,4819.66991630212,5517.450699634057,5993.683053703704,51042,C2_d354_s36,51012,775.311981479929,0.0,0.0,0.0,669.011805660932,41.24730991180556,0.0,710.2591155727376
51048,C2,P1,Q43,1000.5559212812484,1004.8865546145817,1055.1499999999999,981.8000000000001,0.6418,5517.450699634057,6267.450699634057,6267.450699634057,51048,C2_d354_s72,51048,833.3333333333334,0.0,0.0,98.2032212812486,644.9361907516385,1.389700236666641,0.0,646.3258909883051
51049,C2,P1,Q43,959.9547388859353,974.7844138859352,1083.6438333333333,984.1491333333333,0.6936,6267.450699634057,7017.450699634057,7017.450699634057,51048,C2_d354_s72,51048,833.3333333333334,0.0,0.0,41.9563805526019,676.1104694712847,5.142931289999983,0.0,681.2534007612846
51050,C2,P1,Q43,960.4679267658411,985.7966434325076,1086.7223999999999,978.0274166666667,0.7105,7017.450699634057,7767.450699634057,7767.450699634057,51048,C2_d354_s72,51048,833.3333333333334,0.0,0.0,43.76832676584115,700.4085151587967,8.998026595833288,0.0,709.40654175463
51051,C2,P1,Q43,965.4367573293243,1001.2645156626578,1045.5516666666667,977.4499999999999,0.6294,7767.450699634057,8517.450699634057,8517.450699634057,51048,C2_d354_s72,51048,833.3333333333334,0.0,0.0,99.82951566265763,630.1958861580767,11.27499554750004,0.0,641.4708817055767
51052,C2,P1,Q43,928.8008526309831,975.1276526309832,1039.1261166666666,953.79435,0.5829,8517.450699634057,9267.450699634057,9267.450699634057,51048,C2_d354_s72,51048,833.3333333333334,0.0,0.0,56.46255263098317,568.4019087186001,13.501945860000047,0.0,581.9038545786002
51053,C2,P1,Q43,944.3459244026626,1001.1717660693292,1085.4605,924.9784,0.7799,9267.450699634057,10017.450699634057,10017.450699634057,51048,C2_d354_s72,51048,833.3333333333334,0.0,0.0,7.356332735996034,780.8138603574699,22.159236957916654,0.0,802.9730973153866
51054,C2,P1,Q43,175.67988454841452,243.00476788174785,1139.4066666666665,898.40625,1.0833,10017.450699634057,10019.25461572763,10017.450699634057,51054,C2_d354_s72,51048,2.004351215081215,0.0,0.0,0.0,263.24706504629745,36.4665230575,0.0,299.71358810379746
51055,C2,P1,Q43,194.75148121991015,256.1305617754657,1132.8891,868.5766166666667,1.1248,10019.25461572763,10017.450699634057,10017.450699634057,51054,C2_d354_s72,51048,0.0,1.6235244842158865,6.558397073651895,0.0,288.0956558850438,34.519594904444446,36.88442514221826,359.4996759317065
51056,C2,P1,Q43,190.3748389541173,245.8081167318951,1092.3976,867.0114333333332,1.0564,10017.450699634057,10035.830454692763,10017.450699634057,51054,C2_d354_s72,51048,20.421950065228202,0.0,0.0,0.0,259.67169451557396,29.279857322222227,0.0,288.95155183779616
51057,C2,P1,Q43,196.34807373001775,245.83554873001765,1058.3466666666666,881.3249999999999,1.0304,10035.830454692763,10097.762948549778,10017.450699634057,51054,C2_d354_s72,51048,68.813882063351,0.0,0.0,0.0,253.30894941141017,25.49594711999995,0.0,278.8048965314101
51058,C2,P1,Q43,213.80671627964273,257.34838850186486,1055.568,863.0583,1.0675,10097.762948549778,10156.117768201457,10017.450699634057,51054,C2_d354_s72,51048,64.83868850186491,0.0,0.0,0.0,274.71940472574073,23.24036754861106,0.0,297.9597722743518
51059,C2,P1,Q43,234.3000928803075,271.89596232475185,1085.9077333333332,832.2836166666666,1.1926,10156.117768201457,10172.562429293734,10017.450699634057,51054,C2_d354_s72,51048,18.27184565808534,0.0,0.0,0.0,324.2631246684991,22.418416949722175,0.0,346.6815416182213
51060,C2,P1,Q43,0.0,0.0,1109.8016666666667,807.9187499999999,1.3352,10172.562429293734,9848.07479630209,9848.07479630209,51060,C2_d354_s72,51048,0.0,292.0388696924798,9.844046974186995,0.0,0.0,0.0,65.71885759967238,65.71885759967238
51061,C2,P1,Q43,0.0,0.0,1079.1305666666667,784.2339833333334,1.3689,9848.07479630209,9520.41192593172,9455.96121269881,51060,C2_d354_s72,51048,0.0,294.8965833333333,0.0,0.0,0.0,0.0,0.0,0.0
51062,C2,P1,Q43,0.0,0.0,1051.8516166666666,734.1358666666666,1.3382,9520.41192593172,9167.39442593172,8995.396856273466,51060,C2_d354_s72,51048,0.0,317.71574999999996,0.0,0.0,0.0,0.0,0.0,0.0
51063,C2,P1,Q43,0.0,0.0,1048.9283333333333,664.7312499999999,1.3596,9167.39442593172,8740.50877778357,8484.338077955506,51060,C2_d354_s72,51048,0.0,384.19708333333335,0.0,0.0,0.0,0.0,0.0,0.0
51064,C2,P1,Q43,0.0,0.0,1040.1812499999999,609.7969166666667,1.4656,8740.50877778357,8262.303962968756,7941.848852333225,51060,C2_d354_s72,51048,0.0,430.3843333333332,0.0,0.0,0.0,0.0,0.0,0.0
51065,C2,P1,Q43,0.0,0.0,1044.6055,553.5727499999999,1.2648,8262.303962968756,7716.712018524311,7336.828298240086,51060,C2_d354_s72,51048,0.0,491.03274999999996,0.0,0.0,0.0,0.0,0.0,0.0
51066,C2,P1,Q43,1374.3520704682373,1456.9806038015704,1051.4716666666666,492.93125000000003,0.8874,7716.712018524311,8466.712018524311,7931.71656858041,51066,C2_d354_s72,51048,833.3333333333334,0.0,0.0,65.10685380157054,1292.9245878135134,36.66228023999987,0.0,1329.5868680535134
51067,C2,P1,Q43,1419.0032261983092,1490.6671345316427,1030.7194166666666,444.2658333333333,0.882,8466.712018524311,9216.712018524311,8681.71656858041,51066,C2_d354_s72,51048,833.3333333333334,0.0,0.0,70.88021786497609,1314.7684126569088,31.603783575000048,0.0,1346.372196231909
51068,C2,P1,Q43,1451.216774845514,1511.9160581788474,1041.5735,400.76741666666663,0.9712,9216.712018524311,9966.712018524311,9431.71656858041,51066,C2_d354_s72,51048,833.3333333333334,0.0,0.0,37.77664151218062,1468.3728757032966,29.475571986666683,0.0,1497.8484476899632
51069,C2,P1,Q43,1497.2161369832775,1546.9507953166108,1068.8316666666667,361.14375,0.9596,9966.712018524311,10716.712018524311,10181.71656858041,51066,C2_d354_s72,51048,833.3333333333334,0.0,0.0,5.929545316610643,1484.4539831858197,23.862689068333317,0.0,1508.316672254153
51070,C2,P1,Q43,822.7151368147688,1456.1036108839203,1038.2059166666666,329.51135,0.9392,10716.712018524311,10800.0,10800.0,51066,C2_d354_s72,51048,92.5422016396543,0.0,0.0,654.8668425775994,1367.572511342178,297.43922742287356,0.0,1665.0117387650514
51071,C2,P1,Q43,772.5622505350354,800.3676588683688,1023.3541333333333,286.50898333333333,0.9693,10800.0,10800.0,10800.0,51066,C2_d354_s72,51048,0,0.0,0.0,63.52250886836896,775.79637174111,13.475891148750028,0.0,789.27226288986
51072,C2,P1,Q43,793.1424820618475,809.9832653951809,1031.7366666666667,235.80625,1.0104,10800.0,10800.0,10800.0,51072,C2_d354_s72,51048,0,0.0,0.0,14.052848728514164,818.4070913552907,8.507963739999994,0.0,826.9150550952908
51073,C2,P1,Q43,831.2808665453749,845.314852656486,1001.224,199.84213333333332,0.98,10800.0,10800.0,10800.0,51072,C2_d354_s72,51048,0,0.0,0.0,43.93298598981926,828.4085556033563,6.876653194444421,0.0,835.2852087978007
51074,C2,P1,Q43,872.391512464765,883.6187013536539,1003.6383666666667,160.99521666666666,0.9673,10800.0,10800.0,10800.0,51072,C2_d354_s72,51048,0,0.0,0.0,40.97555135365394,854.7243698193895,5.430029906111125,0.0,860.1543997255006
51075,C2,P1,Q43,919.2904926525174,927.7108843191841,1038.5466666666666,113.4375,1.0182,10800.0,10800.0,10800.0,51072,C2_d354_s72,51048,0,0.0,0.0,2.6017176525174364,944.5952224137932,4.286821397499996,0.0,948.8820438112932
51076,C2,P1,Q43,991.9801237073978,997.5937181518423,1029.6313666666667,69.83856666666667,1.0861,10800.0,10800.0,10800.0,51072,C2_d354_s72,51048,0,0.0,0.0,37.8009181518421,1083.486537284716,3.0484624630555945,0.0,1086.5349997477715
51077,C2,P1,Q43,1018.756547108647,1021.5633443308693,1021.8329333333332,28.96875,1.1066,10800.0,10800.0,10800.0,51072,C2_d354_s72,51048,0,0.0,0.0,28.69916099753607,1130.46199683654,1.5530009030555754,0.0,1132.0149977395956
51078,C2,P1,Q43,1003.0779814086528,1003.0779814086528,1028.7966666666666,0.0,1.0879,10800.0,10800.0,10800.0,51078,C2_d354_s72,51048,0.0,0.0,25.718685258013807,0.0,1091.2485359744735,0.0,139.89678846096612,1231.1453244354395
51079,C2,P1,Q43,1012.8508610406165,1012.8508610406165,1018.6957000000001,0.0,1.0972,10800.0,10800.0,10800.0,51078,C2_d354_s72,51048,0.0,0.0,5.844838959383651,0.0,1111.2999647337642,0.0,32.064786531178704,1143.364751264943
51080,C2,P1,Q43,1024.0127502821585,1024.0127502821585,1026.7837833333333,1.0334833333333333,1.1283,10800.0,10800.0,10800.0,51078,C2_d354_s72,51048,0.0,0.0,1.7375497178413752,0.0,1155.3935861433595,0.0,9.80238673320212,1165.1959728765617
51081,C2,P1,Q43,1026.867564689445,1026.867564689445,1056.4616666666668,0.0,1.1382,10800.0,10800.0,10800.0,51078,C2_d354_s72,51048,0.0,0.0,29.594101977221726,0.0,1168.7806621295265,0.0,168.42003435236887,1337.2006964818954
51082,C2,P1,Q43,1043.893421334886,1043.893421334886,1048.3491333333334,0.0,1.103,10800.0,10800.0,10800.0,51078,C2_d354_s72,51048,0.0,0.0,4.455711998447441,0.0,1151.4144437323791,0.0,24.573251671437635,1175.9876954038168
51083,C2,P1,Q43,925.9221547263819,925.9221547263819,898.8176333333334,0.0742,1.1407,10800.0,10800.0,10800.0,51078,C2_d354_s72,51048,0,0.0,0.0,27.178721393048477,1056.199401896384,0.0,0.0,1056.199401896384
51084,C2,P1,Q43,746.0900015410506,746.0158015410506,712.6333333333333,0.0,1.2479,10800.0,10800.0,10800.0,51084,C2_d354_s108,51084,0,0.0,0.0,33.38246820771724,930.953118743077,0.0462970900000118,0.0,930.999415833077
51085,C2,P1,Q43,743.6630191721468,743.6011858388135,715.4144500000001,0.0,1.2957,10800.0,10800.0,10800.0,51084,C2_d354_s108,51084,0,0.0,0.0,28.186735838813433,963.4840564913508,0.04005872499998567,0.0,963.5241152163508
51086,C2,P1,Q43,766.0750512768818,766.0255846102151,748.2732666666667,0.005333333333333333,1.2826,10800.0,10800.0,10800.0,51084,C2_d354_s108,51084,0,0.0,0.0,17.75765127688169,982.5044148210619,0.031722973333365725,0.0,982.5361377943952
51087,C2,P1,Q43,740.5446385089537,740.5075385089536,730.0083333333333,0.0,1.238,10800.0,10800.0,10800.0,51084,C2_d354_s108,51084,0,0.0,0.0,10.499205175620318,916.7483326740846,0.022964900000005856,0.0,916.7712975740847
51088,C2,P1,Q43,745.7232216023898,745.6984882690565,734.3443833333334,0.0,1.2107,10800.0,10800.0,10800.0,51084,C2_d354_s108,51084,0,0.0,0.0,11.354104935723058,902.8171597473468,0.014972323333314212,0.0,902.83213207068
51089,C2,P1,Q43,283.4832076617421,283.4708409950754,750.0835999999999,0.00038333333333333334,1.3293,10800.0,10286.238933976938,10286.238933976938,51084,C2_d354_s108,51084,0.0,462.3849594207559,4.227416250835347,0.0,376.81778893475365,0.008219505000027282,28.09752211117713,404.92353055093076
51090,C2,P1,Q43,0.0,0.0,748.46,0.0,1.5214,10286.238933976938,9472.39317677333,9472.39317677333,51090,C2_d354_s108,51084,0.0,732.461181483247,15.99881851675309,0.0,0.0,0.0,121.70301245694075,121.70301245694075
51091,C2,P1,Q43,-0.0,0.0,722.4832333333334,0.0,1.5659,9472.39317677333,8669.634028625182,8648.2516861758,51090,C2_d354_s108,51084,0.0,722.4832333333334,0.0,0.0,0.0,0.0,0.0,0.0
51092,C2,P1,Q43,-0.0,0.0,726.1655166666666,0.0,1.5266,8669.634028625182,7862.783454551108,7806.112742403908,51090,C2_d354_s108,51084,0.0,726.1655166666666,0.0,0.0,0.0,0.0,0.0,0.0
51093,C2,P1,Q43,-0.0,0.0,744.4316666666667,0.0,1.4847,7862.783454551108,7035.637158254812,6963.523262521992,51090,C2_d354_s108,51084,0.0,744.4316666666667,0.0,0.0,0.0,0.0,0.0,0.0
51094,C2,P1,Q43,0.0,0.0,716.9286999999999,0.0,1.4671,7035.637158254812,6239.049713810367,6144.5910138890695,51090,C2_d354_s108,51084,0.0,716.9286999999999,0.0,0.0,0.0,0.0,0.0,0.0
51095,C2,P1,Q43,0.0,0.0,733.1194999999999,0.0,1.5039,6239.049713810367,5424.472491588145,5336.335633978271,51090,C2_d354_s108,51084,0.0,733.1194999999999,0.0,0.0,0.0,0.0,0.0,0.0
51096,C2,P1,Q43,0.0,0.0,780.2683333333333,0.0,1.5483,5424.472491588145,4601.705948692042,4601.705948692042,51096,C2_d354_s108,51084,0.0,740.4898886064933,39.77844472684001,0.0,0.0,0.0,307.9448298528319,307.9448298528319
51097,C2,P1,Q43,-0.0,0.0,747.5859,0.0,1.5137,4601.705948692042,3771.0549486920418,3762.0824981749065,51096,C2_d354_s108,51084,0.0,747.5859,0.0,0.0,0.0,0.0,0.0,0.0
51098,C2,P1,Q43,-0.0,0.0,692.8171000000001,0.0,1.4654,3771.0549486920418,3001.258170914264,2922.640203893122,51096,C2_d354_s108,51084,0.0,692.8171000000001,0.0,0.0,0.0,0.0,0.0,0.0
51099,C2,P1,Q43,0.0,0.0,681.7516666666667,0.0,1.488,3001.258170914264,2243.7563190624123,2099.2336618002137,51096,C2_d354_s108,51084,0.0,681.7516666666667,0.0,0.0,0.0,0.0,0.0,0.0
51100,C2,P1,Q43,0.0,0.0,720.3711,0.0,1.5616,2243.7563190624123,1443.3439857290791,1288.1368576098744,51096,C2_d354_s108,51084,0.0,720.3711,0.0,0.0,0.0,0.0,0.0,0.0
51101,C2,P1,Q43,734.6681933608404,734.6681933608404,722.8001666666668,0.0,1.3465,1443.3439857290791,1454.0252097538355,1288.1368576098744,51096,C2_d354_s108,51084,11.868026694173636,0.0,0.0,0.0,989.2307223603716,0.0,0.0,989.2307223603716
51102,C2,P1,Q43,741.1236309503016,741.1236309503016,690.7433333333333,0.0,0.9601,1454.0252097538355,1499.367477609107,1454.0252097538355,51102,C2_d354_s108,51084,50.38029761696828,0.0,0.0,0.0,711.5527980753845,0.0,0.0,711.5527980753845
51103,C2,P1,Q43,725.1346521644954,725.1346521644954,704.5435000000001,0.0,0.8829,1499.367477609107,1517.8995145571528,1454.0252097538355,51102,C2_d354_s108,51084,20.59115216449527,0.0,0.0,0.0,640.2213843960329,0.0,0.0,640.2213843960329
51104,C2,P1,Q43,721.9849199566266,721.9849199566266,721.1607166666666,0.0,0.9151,1517.8995145571528,1518.6412975181167,1454.0252097538355,51102,C2_d354_s108,51084,0.8242032899599963,0.0,0.0,0.0,660.6884002523091,0.0,0.0,660.6884002523091
51105,C2,P1,Q43,743.4624972101326,743.4624972101326,726.305,0.0,0.9345,1518.6412975181167,1534.083045007236,1454.0252097538355,51102,C2_d354_s108,51084,17.157497210132647,0.0,0.0,0.0,694.7657036428689,0.0,0.0,694.7657036428689
51106,C2,P1,Q43,754.3672635152096,754.3672635152096,739.5190333333334,0.0,0.9815,1534.083045007236,1547.4464521709247,1454.0252097538355,51102,C2_d354_s108,51084,14.84823018187626,0.0,0.0,0.0,740.4114691401783,0.0,0.0,740.4114691401783
51107,C2,P1,Q43,688.9547969547639,688.9547969547639,678.4992333333333,0.0,0.7546,1547.4464521709247,1556.8564594302122,1454.0252097538355,51102,C2_d354_s108,51084,10.455563621430542,0.0,0.0,0.0,519.8852897820649,0.0,0.0,519.8852897820649
51108,C2,P1,Q43,1426.3213122891186,1426.3213122891186,572.4,0.0,0.4001,1556.8564594302122,2306.8564594302125,2306.8564594302125,51108,C2_d354_s108,51084,833.3333333333334,0.0,0.0,20.587978955785275,570.6711570468764,0.0,0.0,570.6711570468764
51109,C2,P1,Q43,1418.2006875774214,1418.2006875774214,545.0923166666666,0.0,0.4032,2306.8564594302125,3056.8564594302125,3056.8564594302125,51108,C2_d354_s108,51084,833.3333333333334,0.0,0.0,39.77503757742136,571.8185172312163,0.0,0.0,571.8185172312163
51110,C2,P1,Q43,602.4455662166359,602.4455662166359,550.8361333333334,0.0,0.4747,3056.8564594302125,3103.3049490251847,3056.8564594302125,51108,C2_d354_s108,51084,51.60943288330259,0.0,0.0,0.0,285.9809102830371,0.0,0.0,285.9809102830371
51111,C2,P1,Q43,1429.357112565121,1429.357112565121,542.6,0.0,0.4323,3103.3049490251847,3853.3049490251847,3806.8564594302125,51108,C2_d354_s108,51084,833.3333333333334,0.0,0.0,53.42377923178765,617.9110797619019,0.0,0.0,617.9110797619019
51112,C2,P1,Q43,1412.0964222595476,1412.0964222595476,525.919,0.0,0.3905,3853.3049490251847,4603.304949025185,4556.856459430212,51108,C2_d354_s108,51084,833.3333333333334,0.0,0.0,52.844088926214226,551.4236528923534,0.0,0.0,551.4236528923534
51113,C2,P1,Q43,1410.7983290017946,1410.7983290017946,543.3939166666667,0.0,0.4205,4603.304949025185,5353.304949025185,5306.856459430212,51108,C2_d354_s108,51084,833.3333333333334,0.0,0.0,34.0710790017946,593.2406973452546,0.0,0.0,593.2406973452546
51114,C2,P1,Q43,594.280456473743,594.280456473743,584.8283333333333,0.0,0.4738,5353.304949025185,5361.811859851554,5353.304949025185,51114,C2_d354_s108,51084,9.452123140409753,0.0,0.0,0.0,281.5700802772594,0.0,0.0,281.5700802772594
51115,C2,P1,Q43,1442.0323664492716,1442.0323664492716,592.4525666666667,0.0,0.4471,5361.811859851554,6111.811859851554,6103.304949025185,51114,C2_d354_s108,51084,833.3333333333334,0.0,0.0,16.246466449271566,644.7326710394693,0.0,0.0,644.7326710394693
51116,C2,P1,Q43,1452.1432121726489,1452.1432121726489,565.9438,0.0,0.4314,6111.811859851554,6861.811859851554,6853.304949025185,51114,C2_d354_s108,51084,833.3333333333334,0.0,0.0,52.86607883931549,626.4545817312808,0.0,0.0,626.4545817312808
51117,C2,P1,Q43,618.6107322540998,618.6107322540998,550.9316666666667,0.0,0.4502,6861.811859851554,6922.723018880244,6853.304949025185,51114,C2_d354_s108,51084,67.67906558743312,0.0,0.0,0.0,278.4985516607957,0.0,0.0,278.4985516607957
51118,C2,P1,Q43,1271.34991417241,1271.34991417241,589.9602166666667,0.0,0.4334,6922.723018880244,7535.973746635413,7453.304949025185,51114,C2_d354_s108,51084,681.3896975057434,0.0,0.0,0.0,551.0030528023225,0.0,0.0,551.0030528023225
51119,C2,P1,Q43,1450.470545226465,1450.470545226465,595.3318333333333,0.0,0.406,7535.973746635413,8285.973746635413,8203.304949025185,51114,C2_d354_s108,51084,833.3333333333334,0.0,0.0,21.805378559798328,588.8910413619449,0.0,0.0,588.8910413619449
51120,C2,P1,Q43,900.628441650352,900.628441650352,577.4,0.0,0.4032,8285.973746635413,8576.879344120729,8550.0,51120,C2_d355_s0,51120,323.228441650352,0.0,0.0,0.0,363.1333876734219,0.0,0.0,363.1333876734219
51121,C2,P1,Q43,584.431265536368,584.431265536368,624.2327,0.0,0.4307,8576.879344120729,8550.0,8550.0,51120,C2_d355_s0,51120,0.0,24.191409708656103,15.61002475497596,0.0,251.7145460665137,0.0,33.61618830984073,285.3307343763544
51122,C2,P1,Q43,1415.6337052411175,1415.6337052411175,618.6696166666667,0.0,0.4384,8550.0,9267.267679717006,9300.0,51120,C2_d355_s0,51120,796.9640885744508,0.0,0.0,0.0,620.6138163777059,0.0,0.0,620.6138163777059
51123,C2,P1,Q43,1441.9784829199284,1441.9784829199284,566.4016666666666,0.0,0.4257,9267.267679717006,10017.267679717006,10050.0,51120,C2_d355_s0,51120,833.3333333333334,0.0,0.0,42.2434829199284,613.8502401790136,0.0,0.0,613.8502401790136
51124,C2,P1,Q43,608.1020524137793,608.1020524137793,596.2459833333334,0.0,0.4346,10017.267679717006,10027.938141889408,10050.0,51120,C2_d355_s0,51120,11.856069080445991,0.0,0.0,0.0,264.2811519790285,0.0,0.0,264.2811519790285
51125,C2,P1,Q43,621.3526274857622,621.3526274857622,631.2273,0.0,0.4258,10027.938141889408,10027.938141889408,10050.0,51120,C2_d355_s0,51120,0.0,0.0,9.874672514237773,0.0,264.57194878343756,0.0,21.02317778281222,285.5951265662498
51126,C2,P1,Q43,646.6594560418063,646.6594560418063,634.0933333333334,0.0,0.4197,10027.938141889408,10039.247652327034,10027.938141889408,51126,C2_d355_s0,51120,12.566122708472903,0.0,0.0,0.0,271.4029737007461,0.0,0.0,271.4029737007461
51127,C2,P1,Q43,636.8401902515194,636.8401902515194,645.7625666666667,0.0,0.4809,10039.247652327034,10029.33390075465,10027.938141889408,51126,C2_d355_s0,51120,0.0,8.922376415147255,0.0,0.0,306.25644749195567,0.0,0.0,306.25644749195567
51128,C2,P1,Q43,630.3659572053009,630.3659572053009,648.7864166666667,0.0,0.5333,10029.33390075465,10027.938141889408,10027.938141889408,51126,C2_d355_s0,51120,0.0,1.25618297871697,17.164276482648823,0.0,336.17416497758694,0.0,45.768543240983085,381.94270821857003
51129,C2,P1,Q43,635.5901368922143,635.5901368922143,640.8783333333333,0.0,0.5332,10027.938141889408,10027.938141889408,10027.938141889408,51126,C2_d355_s0,51120,0.0,0.0,5.288196441118998,0.0,338.8966609909287,0.0,14.09833171202325,352.99499270295195
51130,C2,P1,Q43,624.444700293471,624.444700293471,644.4177333333333,0.0,0.5091,10027.938141889408,10027.938141889408,10027.938141889408,51126,C2_d355_s0,51120,0.0,0.0,19.973033039862344,0.0,317.90479691940607,0.0,50.8413556029696,368.74615252237567
51131,C2,P1,Q43,630.2854897071327,630.2854897071327,656.804,0.0,0.5021,10027.938141889408,10027.938141889408,10027.938141889408,51126,C2_d355_s0,51120,0.0,0.0,26.51851029286729,0.0,316.46634438195133,0.0,66.57472009024333,383.04106447219465
51132,C2,P1,Q43,659.0746231263794,659.0746231263794,656.6433333333333,0.0,0.4996,10027.938141889408,10030.12630270315,10027.938141889408,51132,C2_d355_s0,51120,2.431289793046062,0.0,0.0,0.0,329.27368171393914,0.0,0.0,329.27368171393914
51133,C2,P1,Q43,1509.569578274161,1509.569578274161,630.2672166666667,0.0,0.4644,10030.12630270315,10780.12630270315,10777.938141889408,51132,C2_d355_s0,51120,833.3333333333334,0.0,0.0,45.96902827416079,701.0441121505203,0.0,0.0,701.0441121505203
51134,C2,P1,Q43,662.076675653989,662.076675653989,639.8998666666666,0.0,0.4786,10780.12630270315,10800.0,10777.938141889408,51132,C2_d355_s0,51120,22.081885885389863,0.0,0.0,0.09492310193251186,316.8698969679992,0.0,0.0,316.8698969679992
51135,C2,P1,Q43,644.0117196123417,644.0117196123417,679.3249999999999,0.0,0.5312,10800.0,10777.938141889408,10777.938141889408,51132,C2_d355_s0,51120,0.0,19.85567229953267,15.45760808812554,0.0,342.0990254580759,0.0,41.055407082061436,383.15443254013735
51136,C2,P1,Q43,666.7342010763479,666.7342010763479,675.9717333333333,0.0,0.5176,10777.938141889408,10777.938141889408,10777.938141889408,51132,C2_d355_s0,51120,0.0,0.0,9.237532256985446,0.0,345.10162247711764,0.0,23.90673348107833,369.008355958196
51137,C2,P1,Q43,673.8928467091346,673.8928467091346,642.36185,0.0,0.4541,10777.938141889408,10800.0,10777.938141889408,51132,C2_d355_s0,51120,24.513175678435395,0.0,0.0,7.017821030699174,306.014741690618,0.0,0.0,306.014741690618
51138,C2,P1,Q43,659.1662854229132,659.1662854229132,620.5233333333333,0.0,0.408,10800.0,10800.0,10800.0,51138,C2_d355_s0,51120,0,0.0,0.0,38.64295208957992,268.9398444525486,0.0,0.0,268.9398444525486
51139,C2,P1,Q43,670.0402842118272,670.0402842118272,644.0899666666667,0.0,0.4367,10800.0,10800.0,10800.0,51138,C2_d355_s0,51120,0,0.0,0.0,25.950317545160487,292.6065921153049,0.0,0.0,292.6065921153049
51140,C2,P1,Q43,671.2126540373013,671.2126540373013,684.3039,0.0,0.4809,10800.0,10800.0,10800.0,51138,C2_d355_s0,51120,0.0,0.0,13.091245962698736,0.0,322.7861653265382,0.0,31.47790091730911,354.2640662438473
51141,C2,P1,Q43,670.507278232631,670.507278232631,702.8533333333334,0.0,0.5029,10800.0,10800.0,10800.0,51138,C2_d355_s0,51120,0.0,0.0,32.3460551007023,0.0,337.19811022319016,0.0,81.33415555071593,418.5322657739061
51142,C2,P1,Q43,710.6474818211395,710.6474818211395,684.2205333333333,0.0,0.5131,10800.0,10800.0,10800.0,51138,C2_d355_s0,51120,0,0.0,0.0,26.42694848780627,364.6332229224267,0.0,0.0,364.6332229224267
51143,C2,P1,Q43,718.2435037293849,718.2435037293849,677.0101666666667,0.0,0.51,10800.0,10800.0,10800.0,51138,C2_d355_s0,51120,0,0.0,0.0,41.23333706271819,366.30418690198627,0.0,0.0,366.30418690198627
51144,C2,P1,Q43,690.5791939116424,690.5791939116424,687.5799999999999,0.0,0.5083,10800.0,10800.0,10800.0,51144,C2_d355_s0,51120,0,0.0,0.0,2.9991939116424646,351.0214042652878,0.0,0.0,351.0214042652878
51145,C2,P1,Q43,696.0226497000934,696.0226497000934,675.8814166666667,0.0,0.5269,10800.0,10800.0,10800.0,51144,C2_d355_s0,51120,0,0.0,0.0,20.141233033426715,366.73433412697926,0.0,0.0,366.73433412697926
51146,C2,P1,Q43,688.6724950434258,688.6724950434258,649.7794333333333,0.0,0.5278,10800.0,10800.0,10800.0,51144,C2_d355_s0,51120,0,0.0,0.0,38.893061710092525,363.48134288392015,0.0,0.0,363.48134288392015
51147,C2,P1,Q43,674.1421408279875,674.1421408279875,645.645,0.0,0.5048,10800.0,10800.0,10800.0,51144,C2_d355_s0,51120,0,0.0,0.0,28.49714082798755,340.3069526899681,0.0,0.0,340.3069526899681
51148,C2,P1,Q43,708.5983504993915,708.5983504993915,689.1533666666666,0.0,0.4925,10800.0,10800.0,10800.0,51144,C2_d355_s0,51120,0,0.0,0.0,19.444983832724915,348.9846876209503,0.0,0.0,348.9846876209503
51149,C2,P1,Q43,729.0227767298443,729.0227767298443,704.1011166666667,0.0,0.5013,10800.0,10800.0,10800.0,51144,C2_d355_s0,51120,0,0.0,0.0,24.92166006317757,365.4591179746709,0.0,0.0,365.4591179746709
51150,C2,P1,Q43,717.9066450827168,717.9066450827168,690.0083333333333,0.0,0.5078,10800.0,10800.0,10800.0,51150,C2_d355_s0,51120,0,0.0,0.0,27.898311749383424,364.55299437300357,0.0,0.0,364.55299437300357
51151,C2,P1,Q43,721.2400187361153,721.2400187361153,718.4072666666666,0.00035,0.4853,10800.0,10800.0,10800.0,51150,C2_d355_s0,51120,0,0.0,0.0,2.833102069448728,350.01778109263677,0.0,0.0,350.01778109263677
51152,C2,P1,Q43,733.8587067136682,733.8587067136682,744.4012166666666,0.0,0.4957,10800.0,10800.0,10800.0,51150,C2_d355_s0,51120,0.0,0.0,10.542509952998444,0.0,363.7737609179653,0.0,26.129610918506643,389.90337183647193
51153,C2,P1,Q43,728.8387287452591,728.8387287452591,715.4583333333334,0.0,0.5027,10800.0,10800.0,10800.0,51150,C2_d355_s0,51120,0,0.0,0.0,13.380395411925747,366.3872289402418,0.0,0.0,366.3872289402418
51154,C2,P1,Q43,705.5085913861004,705.5085913861004,649.2057,0.00495,0.4529,10800.0,10800.0,10800.0,51150,C2_d355_s0,51120,0,0.0,0.0,56.30784138610045,319.5248410387649,0.0,0.0,319.5248410387649
51155,C2,P1,Q43,791.1806735346353,791.1806735346353,739.9702333333333,0.0,0.6836,10800.0,10800.0,10800.0,51150,C2_d355_s0,51120,0,0.0,0.0,51.210440201301935,540.8511084282767,0.0,0.0,540.8511084282767
51156,C2,P1,Q43,927.7235014534434,927.7235014534434,916.7950000000001,0.0,1.0671,10800.0,10800.0,10800.0,51156,C2_d355_s36,51156,0,0.0,0.0,10.928501453443346,989.9737484009694,0.0,0.0,989.9737484009694
51157,C2,P1,Q43,923.2685940995966,923.2685940995966,905.7471666666667,0.06891666666666667,1.0979,10800.0,10800.0,10800.0,51156,C2_d355_s36,51156,0,0.0,0.0,17.590344099596678,1013.6565894619472,0.0,0.0,1013.6565894619472
51158,C2,P1,Q43,913.6922028095224,913.6922028095224,851.2023166666667,0.0,1.0081,10800.0,10800.0,10800.0,51156,C2_d355_s36,51156,0,0.0,0.0,62.48988614285577,921.0931096522795,0.0,0.0,921.0931096522795
51159,C2,P1,Q43,950.3020611901435,950.3020611901435,854.6716666666666,0.0,1.0026,10800.0,10800.0,10800.0,51156,C2_d355_s36,51156,0,0.0,0.0,95.63039452347687,952.7728465492378,0.0,0.0,952.7728465492378
51160,C2,P1,Q43,943.4405162813227,943.4405162813227,871.2112333333333,0.9599666666666667,1.0502,10800.0,10800.0,10800.0,51156,C2_d355_s36,51156,0,0.0,0.0,73.18924961465609,990.8012301986452,0.0,0.0,990.8012301986452
51161,C2,P1,Q43,914.753768529075,914.753768529075,874.9274166666668,0.0,1.0527,10800.0,10800.0,10800.0,51156,C2_d355_s36,51156,0,0.0,0.0,39.82635186240827,962.9612921305572,0.0,0.0,962.9612921305572
51162,C2,P1,Q43,906.1398190333476,906.1398190333476,880.7800000000001,0.0,1.0166,10800.0,10800.0,10800.0,51162,C2_d355_s36,51156,0,0.0,0.0,25.35981903334755,921.1817400293012,0.0,0.0,921.1817400293012
51163,C2,P1,Q43,905.8871281947967,905.16526152813,916.346,27.300183333333333,1.0301,10800.0,10800.0,10800.0,51162,C2_d355_s36,51156,0,0.0,0.0,16.119444861463307,932.4107359001267,0.3717974266666541,0.0,932.7825333267933
51164,C2,P1,Q43,872.0387017168815,870.5949683835481,924.93825,67.78043333333333,1.0337,10800.0,10800.0,10800.0,51162,C2_d355_s36,51156,0,0.0,0.0,13.43715171688143,899.9340188180737,0.7461935733333669,0.0,900.680212391407
51165,C2,P1,Q43,800.7836678582817,798.6180678582816,896.6583333333333,109.78125,0.9831,10800.0,10800.0,10800.0,51162,C2_d355_s36,51156,0,0.0,0.0,11.740984524948317,785.1214225114767,1.0645006800000198,0.0,786.1859231914767
51166,C2,P1,Q43,755.6101534696144,752.7226868029477,896.10055,150.6743,0.9346,10800.0,10800.0,10800.0,51162,C2_d355_s36,51156,0,0.0,0.0,7.29643680294771,703.494623086035,1.3493131733333408,0.0,704.8439362593683
51167,C2,P1,Q43,847.5764397105293,843.9671063771959,1006.2148000000001,192.26223333333334,1.1155,10800.0,10800.0,10800.0,51162,C2_d355_s36,51156,0,0.0,0.0,30.01453971052922,941.445307163762,2.013105666666662,0.0,943.4584128304286
51168,C2,P1,Q43,151.5674971218541,151.5674971218541,1161.7549999999999,235.83124999999998,1.4025,10800.0,9939.604163468726,9878.886518518519,51168,C2_d355_s36,51156,0.0,774.3562528781458,0.0,0.0,212.57341471340038,0.0,0.0,212.57341471340038
51169,C2,P1,Q43,111.19311436596865,111.19311436596865,1201.75745,281.5972,1.4258,9939.604163468726,9040.751790542025,8953.717709876542,51168,C2_d355_s36,51156,0.0,808.9671356340314,0.0,0.0,158.53914246299811,0.0,0.0,158.53914246299811
51170,C2,P1,Q43,26.915653290284922,29.88404217917389,1188.1114166666666,331.31893333333335,1.388,9040.751790542025,8121.9646337040695,8027.791783950616,51168,C2_d355_s36,51156,0.0,826.9084411541594,0.0,0.0,41.47905054469336,2.060061888888943,0.0,43.539112433582304
51171,C2,P1,Q43,0.0,0.0,1185.1133333333335,379.7625,1.402,8121.9646337040695,7227.1303744448105,7108.122460553047,51168,C2_d355_s36,51156,0.0,805.3508333333334,0.0,0.0,0.0,0.0,0.0,0.0
51172,C2,P1,Q43,0.0,0.0,1194.85915,419.83756666666665,1.3739,7227.1303744448105,6365.995281852218,6220.339458265277,51168,C2_d355_s36,51156,0.0,775.0215833333334,0.0,0.0,0.0,0.0,0.0,0.0
51173,C2,P1,Q43,0.0,0.0,1191.9385166666666,466.0287,1.3342,6365.995281852218,5559.428818889255,5391.851135231836,51168,C2_d355_s36,51156,0.0,725.9098166666665,0.0,0.0,0.0,0.0,0.0,0.0
51174,C2,P1,Q43,0.0,0.0,1176.265,525.06875,1.3023,5559.428818889255,4835.877430000366,4806.768858764936,51174,C2_d355_s36,51156,0.0,651.1962500000001,0.0,0.0,0.0,0.0,0.0,0.0
51175,C2,P1,Q43,0.0,0.0,1170.3635166666666,589.47315,1.2619,4835.877430000366,4190.443689259626,4112.066747218313,51174,C2_d355_s36,51156,0.0,580.8903666666665,0.0,0.0,0.0,0.0,0.0,0.0
51176,C2,P1,Q43,0.0,0.0,1162.0198833333334,647.9333,1.236,4190.443689259626,3619.236374444811,3454.4632338864344,51174,C2_d355_s36,51156,0.0,514.0865833333334,0.0,0.0,0.0,0.0,0.0,0.0
51177,C2,P1,Q43,316.97603656760555,424.2078209564957,1157.3083333333334,691.4875000000001,1.2265,3619.236374444811,3572.9996940261026,3303.9391157332525,51174,C2_d355_s36,51156,0.0,41.61301237683756,0.0,0.0,520.2908924031419,65.75989177648688,0.0,586.0507841796289
51178,C2,P1,Q43,520.4566987090407,520.4566987090407,1177.1753999999999,718.85545,1.2238,3572.9996940261026,3628.922767864239,3303.9391157332525,51174,C2_d355_s36,51156,62.13674870904083,0.0,0.0,0.0,636.934907880124,0.0,0.0,636.934907880124
51179,C2,P1,Q43,470.8749380730302,470.8749380730302,1193.75195,746.5124666666667,1.2896,3628.922767864239,3650.1946771299663,3303.9391157332525,51174,C2_d355_s36,51156,23.635454739696797,0.0,0.0,0.0,607.2403201389798,0.0,0.0,607.2403201389798
51180,C2,P1,Q43,0.0,0.0,1188.8866666666665,787.6062499999999,1.3748,3650.1946771299663,3204.3275475003366,3184.5553509160445,51180,C2_d355_s36,51156,0.0,401.2804166666666,0.0,0.0,0.0,0.0,0.0,0.0
51181,C2,P1,Q43,0.0,0.0,1170.7301333333332,837.9799833333333,1.3568,3204.3275475003366,2834.6051586114477,2716.5334177661343,51180,C2_d355_s36,51156,0.0,332.75014999999996,0.0,0.0,0.0,0.0,0.0,0.0
51182,C2,P1,Q43,0.0,0.0,1162.4876666666667,858.0403333333334,1.3286,2834.6051586114477,2496.330343796633,2304.3313465573983,51180,C2_d355_s36,51156,0.0,304.4473333333333,0.0,0.0,0.0,0.0,0.0,0.0
51183,C2,P1,Q43,0.0,0.0,1162.0966666666666,864.35,1.3573,2496.330343796633,2165.5007141670035,1988.4280629162988,51180,C2_d355_s36,51156,0.0,297.74666666666656,0.0,0.0,0.0,0.0,0.0,0.0
51184,C2,P1,Q43,0.0,0.0,1151.0377333333333,910.3893333333334,1.3734,2165.5007141670035,1898.1136030558923,1695.3507400541341,51180,C2_d355_s36,51156,0.0,240.64839999999992,0.0,0.0,0.0,0.0,0.0,0.0
51185,C2,P1,Q43,188.88090631725368,250.66011187280924,1157.8534,940.5909666666666,1.1066,1898.1136030558923,1928.1715137414208,1695.3507400541341,51180,C2_d355_s36,51156,33.39767853947592,0.0,0.0,0.0,277.3804797984507,34.18243443388889,0.0,311.5629142323396
51186,C2,P1,Q43,985.6233955204086,985.6233955204086,1171.74,939.7125,0.7213,1928.1715137414208,2606.4078197097883,1928.1715137414208,51186,C2_d355_s36,51156,753.5958955204085,0.0,0.0,0.0,710.9301551888708,0.0,0.0,710.9301551888708
51187,C2,P1,Q43,997.4285912295904,1077.2506467851463,1150.1762666666666,944.5509000000001,0.6815,2606.4078197097883,3356.4078197097883,2629.7600699999975,51186,C2_d355_s36,51156,833.3333333333334,0.0,0.0,38.29194678514648,734.1463157840772,27.199365430555652,0.0,761.3456812146328
51188,C2,P1,Q43,996.5883076679694,996.5883076679694,1128.0407333333333,929.6133166666667,0.7274,3356.4078197097883,4074.752621610961,3306.3202999999976,51186,C2_d355_s36,51156,798.1608910013028,0.0,0.0,0.0,724.918334997681,0.0,0.0,724.918334997681
51189,C2,P1,Q43,958.8033700788768,958.8033700788768,1127.3316666666667,915.7375000000001,0.7057,4074.752621610961,4747.24090468195,3981.280609999998,51186,C2_d355_s36,51156,747.2092034122102,0.0,0.0,0.0,676.6275382646634,0.0,0.0,676.6275382646634
51190,C2,P1,Q43,909.8341291696826,994.9892513919049,1132.1295833333334,956.0440833333333,0.7139,4747.24090468195,5484.254280934664,4731.280609999998,51186,C2_d355_s36,51156,818.9037513919047,0.0,0.0,0.0,710.3228265686809,30.396120877222252,0.0,740.7189474459032
51191,C2,P1,Q43,865.1081878264694,952.0409989375803,1108.11195,985.1285166666667,0.6882,5484.254280934664,6230.406089978486,5481.280609999998,51186,C2_d355_s36,51156,829.057565604247,0.0,0.0,0.0,655.1946154688428,29.913580303333276,0.0,685.108195772176
51192,C2,P1,Q43,833.2599357081159,833.2599357081159,1064.1933333333334,974.55625,0.6429,6230.406089978486,6899.66665711579,6880.059254978486,51192,C2_d355_s72,51192,743.6228523747825,0.0,0.0,0.0,535.7028126667477,0.0,0.0,535.7028126667477
51193,C2,P1,Q43,832.5778502744264,844.8498808538843,1044.51795,958.5892333333333,0.6752,6899.66665711579,7582.695704884286,7543.948304999998,51192,C2_d355_s72,51192,758.9211641872175,0.0,0.0,0.0,570.4426395525427,4.143037523624994,0.0,574.5856770761677
51194,C2,P1,Q43,842.5540465478106,946.959290992255,1044.34545,952.1139833333333,0.7284,7582.695704884286,8332.695704884285,8293.948304999998,51192,C2_d355_s72,51192,833.3333333333334,0.0,0.0,21.394490992254873,689.7651475587586,38.02439002666666,0.0,727.7895375854253
51195,C2,P1,Q43,859.0975922261945,859.0975922261945,1048.61,941.63125,0.73,8332.695704884285,9009.60266288786,8953.174642499998,51192,C2_d355_s72,51192,752.1188422261946,0.0,0.0,0.0,627.141242325122,0.0,0.0,627.141242325122
51196,C2,P1,Q43,881.9380363803217,881.9380363803217,1046.2376166666666,908.1268,0.6851,9009.60266288786,9679.04716063015,9615.592037499999,51192,C2_d355_s72,51192,743.827219713655,0.0,0.0,0.0,604.2157487241584,0.0,0.0,604.2157487241584
51197,C2,P1,Q43,913.566509763288,913.566509763288,1034.1214833333333,898.6532666666667,0.8026,9679.04716063015,10379.33562441711,10281.20049,51192,C2_d355_s72,51192,778.0982930966213,0.0,0.0,0.0,733.228480736015,0.0,0.0,733.228480736015
51198,C2,P1,Q43,783.8416960687085,783.8416960687085,1049.0933333333335,906.90625,1.0278,10379.33562441711,10800.0,10800.0,51198,C2_d355_s72,51192,467.40486175876663,0.0,0.0,174.24975097660854,805.6324952194186,0.0,0.0,805.6324952194186
51199,C2,P1,Q43,148.58236924056484,224.35121368500927,1125.18495,882.2072,1.0847,10800.0,10800.0,10800.0,51198,C2_d355_s72,51192,0.0,0.0,18.626536314990744,0.0,243.35376148412956,41.09323278444443,101.0210197043523,385.46801397292626
51200,C2,P1,Q43,167.31032490348014,228.62524712570246,1140.0567666666668,873.4265666666666,1.0655,10800.0,10800.0,10800.0,51198,C2_d355_s72,51192,0.0,0.0,38.004952874297715,0.0,243.60020081243596,32.665524813888936,202.47138643782105,478.7371120641459
51201,C2,P1,Q43,189.94933900888805,236.81033900888792,1084.785,876.56875,1.053,10800.0,10800.0,10800.0,51198,C2_d355_s72,51192,0,0.0,0.0,28.594089008887977,249.36128697635897,24.672316499999933,0.0,274.0336034763589
51202,C2,P1,Q43,239.68682891667106,272.0939066944487,1070.1265,835.9540333333333,1.0512,10800.0,10800.0,10800.0,51198,C2_d355_s72,51192,0,0.0,0.0,37.921440027781955,286.0251147172045,17.033160079999934,0.0,303.05827479720443
51203,C2,P1,Q43,272.26766669467236,290.2208222502279,1075.3566333333333,800.3676666666667,1.1597,10800.0,10800.0,10800.0,51198,C2_d355_s72,51192,0,0.0,0.0,15.231855583561355,336.5690875635893,10.410137248888887,0.0,346.97922481247815
51204,C2,P1,Q43,0.0,0.0,1079.3166666666666,779.7312499999999,1.3296,10800.0,10474.833097336099,10474.833097336099,51204,C2_d355_s72,51192,0.0,292.650212397511,6.93520426915569,0.0,0.0,0.0,46.105237981347024,46.105237981347024
51205,C2,P1,Q43,0.0,0.0,1091.4403833333333,734.6262333333334,1.3987,10474.833097336099,10103.05516914799,10103.05516914799,51204,C2_d355_s72,51192,0.0,334.6001353692977,22.214014630702252,0.0,0.0,0.0,155.3537113198162,155.3537113198162
51206,C2,P1,Q43,0.0,0.0,1106.5997666666667,690.3793166666666,1.4394,10103.05516914799,9686.535093421453,9686.535093421453,51204,C2_d355_s72,51192,0.0,374.8680681538837,41.35238184611643,0.0,0.0,0.0,297.6130921464999,297.6130921464999
51207,C2,P1,Q43,0.0,0.0,1105.0816666666667,660.4499999999999,1.5053,9686.535093421453,9242.28381553338,9242.28381553338,51204,C2_d355_s72,51192,0.0,399.82615009926633,44.805516567400446,0.0,0.0,0.0,337.2287204445395,337.2287204445395
51208,C2,P1,Q43,0.0,0.0,1071.3296166666667,629.6189666666667,1.5251,9242.28381553338,8762.677029724413,8762.677029724413,51204,C2_d355_s72,51192,0.0,431.64610722806975,10.064542771930235,0.0,0.0,0.0,76.747170907354,76.747170907354
51209,C2,P1,Q43,0.0,0.0,1046.96665,584.1835166666666,1.2648,8762.677029724413,8248.473548242931,8221.910562143517,51204,C2_d355_s72,51192,0.0,462.78313333333347,0.0,0.0,0.0,0.0,0.0,0.0
51210,C2,P1,Q43,1352.6822087466894,1384.4898254133561,1048.7433333333333,536.69375,0.8954,8248.473548242931,8998.473548242931,8971.910562143517,51210,C2_d355_s72,51192,833.3333333333334,0.0,0.0,39.106908746689555,1239.672189675119,14.240269981666689,0.0,1253.9124596567856
51211,C2,P1,Q43,1403.8489688425925,1429.3336410648149,1058.5329166666668,509.72088333333335,0.8647,8998.473548242931,9748.473548242931,9721.910562143517,51210,C2_d355_s72,51192,833.3333333333334,0.0,0.0,47.18827439814811,1235.9447994287455,11.01829803527783,0.0,1246.9630974640233
51212,C2,P1,Q43,1458.3631483224221,1477.5248761002,1074.9079166666668,465.9291333333333,0.9535,9748.473548242931,10498.473548242931,10471.910562143517,51210,C2_d355_s72,51192,833.3333333333334,0.0,0.0,35.21275943353305,1408.8199693615406,9.135353718055539,0.0,1417.9553230795962
51213,C2,P1,Q43,676.0925221230816,688.931305456415,1079.99,403.64375,0.9871,10498.473548242931,10509.800098153704,10471.910562143517,51210,C2_d355_s72,51192,12.58505545641492,0.0,0.0,0.0,680.0440916160272,6.336581514166683,0.0,686.3806731301939
51214,C2,P1,Q43,695.8425343244992,702.358373213388,1052.5523,358.9246,1.001,10509.800098153704,10517.657704045754,10471.910562143517,51210,C2_d355_s72,51192,8.730673213387945,0.0,0.0,0.0,703.0607315866013,3.261177363888827,0.0,706.3219089504901
51215,C2,P1,Q43,990.916676512058,1082.9461963680249,1039.5638333333334,315.92601666666667,1.0096,10517.657704045754,10800.0,10780.690342499998,51210,C2_d355_s72,51192,313.71366217138427,0.0,0.0,45.594717529973764,1093.342479853158,46.45650162329209,0.0,1139.79898147645
51216,C2,P1,Q43,811.7496974397819,811.7496974397819,1045.22,264.16249999999997,1.0103,10800.0,10800.0,10800.0,51216,C2_d355_s72,51192,0,0.0,0.0,30.69219743978192,820.1107193234117,0.0,0.0,820.1107193234117
51217,C2,P1,Q43,851.1748706317178,851.1748706317178,1027.4140166666666,211.18891666666664,0.9988,10800.0,10800.0,10800.0,51216,C2_d355_s72,51192,0,0.0,0.0,34.94977063171791,850.1534607869597,0.0,0.0,850.1534607869597
51218,C2,P1,Q43,878.3089793280761,878.3089793280761,999.3890333333334,161.03681666666668,0.9976,10800.0,10800.0,10800.0,51216,C2_d355_s72,51192,0,0.0,0.0,39.95676266140936,876.2010377776888,0.0,0.0,876.2010377776888
51219,C2,P1,Q43,915.685875413272,915.685875413272,996.685,114.35000000000001,1.033,10800.0,10800.0,10800.0,51216,C2_d355_s72,51192,0,0.0,0.0,33.35087541327198,945.9035093019099,0.0,0.0,945.9035093019099
51220,C2,P1,Q43,970.2064966002588,970.2064966002588,1036.8859,69.84696666666666,1.1028,10800.0,10800.0,10800.0,51216,C2_d355_s72,51192,0,0.0,0.0,3.1675632669255265,1069.9437244507653,0.0,0.0,1069.9437244507653
51221,C2,P1,Q43,1011.3020819043967,1011.3020819043967,1039.6292166666667,28.162049999999997,1.1122,10800.0,10800.0,10800.0,51216,C2_d355_s72,51192,0.0,0.0,0.16508476226999846,0.0,1124.7701754940701,0.0,0.9180363629834615,1125.6882118570536
51222,C2,P1,Q43,1029.906478316577,1029.906478316577,1015.4266666666667,0.0,1.0909,10800.0,10800.0,10800.0,51222,C2_d355_s72,51192,0,0.0,0.0,14.479811649910289,1123.524977195554,0.0,0.0,1123.524977195554
51223,C2,P1,Q43,1035.2440463445967,1035.2440463445967,1047.7088999999999,0.0,1.155,10800.0,10800.0,10800.0,51222,C2_d355_s72,51192,0.0,0.0,12.464853655403203,0.0,1195.706873528009,0.0,71.98452985995351,1267.6914033879625
51224,C2,P1,Q43,1031.7031567201484,1031.7031567201484,1055.0949333333333,0.9911333333333333,1.1802,10800.0,10800.0,10800.0,51222,C2_d355_s72,51192,0.0,0.0,22.400643279851465,0.0,1217.616065561119,0.0,132.1861959944035,1349.8022615555226
51225,C2,P1,Q43,1035.8040257148562,1035.8040257148562,1034.2783333333334,0.0,1.132,10800.0,10800.0,10800.0,51222,C2_d355_s72,51192,0,0.0,0.0,1.525692381522731,1172.530157109217,0.0,0.0,1172.530157109217
51226,C2,P1,Q43,1063.6575446513968,1063.6575446513968,1043.3354333333334,0.0,1.1115,10800.0,10800.0,10800.0,51222,C2_d355_s72,51192,0,0.0,0.0,20.322111318063435,1182.2553608800274,0.0,0.0,1182.2553608800274
51227,C2,P1,Q43,927.0473301289352,927.0473301289352,916.5267833333334,0.07116666666666667,1.1542,10800.0,10800.0,10800.0,51222,C2_d355_s72,51192,0,0.0,0.0,10.591713462268444,1069.998028434817,0.0,0.0,1069.998028434817
51228,C2,P1,Q43,710.8865275849051,710.8153609182385,722.9,0.0,1.2311,10800.0,10800.0,10800.0,51228,C2_d355_s108,51228,0.0,0.0,12.084639081761452,0.0,875.0847908264435,0.043806641666633825,74.38699586778262,949.5155933358927
51229,C2,P1,Q43,706.3447095752866,706.2854040197311,717.3881333333334,0.0,1.2786,10800.0,10800.0,10800.0,51228,C2_d355_s108,51228,0.0,0.0,11.102729313602254,0.0,903.0565175796282,0.03791404166663824,70.9797485018592,974.0741801231541
51230,C2,P1,Q43,739.1797027165052,739.1322582720608,738.5993166666667,0.005116666666666667,1.282,10800.0,10800.0,10800.0,51228,C2_d355_s108,51228,0,0.0,0.0,0.5380582720607663,947.567555104782,0.03041188888886609,0.0,947.5979669936709
51231,C2,P1,Q43,715.2452355420468,715.2096522087135,708.8683333333333,0.0,1.2627,10800.0,10800.0,10800.0,51228,C2_d355_s108,51228,0,0.0,0.0,6.341318875380125,903.0952278439424,0.022465537499983156,0.0,903.1176933814425
51232,C2,P1,Q43,718.7050284201424,718.6813061979202,713.1352333333333,0.0,1.2699,10800.0,10800.0,10800.0,51228,C2_d355_s108,51228,0,0.0,0.0,5.546072864586904,912.6533907407389,0.015062424999988708,0.0,912.6684531657389
51233,C2,P1,Q43,147.70180108573345,147.68993997462235,724.37965,0.00036666666666666667,1.3664,10800.0,10159.234062934765,10134.804010897873,51228,C2_d355_s108,51228,0.0,576.689343358711,0.0,0.0,201.803533981324,0.008103511111105036,0.0,201.8116374924351
51234,C2,P1,Q43,-0.0,0.0,723.9050000000001,0.0,1.4941,10159.234062934765,9354.895174045876,9315.456529430816,51234,C2_d355_s108,51228,0.0,723.9050000000001,0.0,0.0,0.0,0.0,0.0,0.0
51235,C2,P1,Q43,-0.0,0.0,725.9706833333333,0.0,1.5226,9354.895174045876,8548.261081453284,8505.566746679635,51234,C2_d355_s108,51228,0.0,725.9706833333333,0.0,0.0,0.0,0.0,0.0,0.0
51236,C2,P1,Q43,0.0,0.0,723.8419166666666,0.0,1.5246,8548.261081453284,7743.992285156987,7716.6399159896555,51234,C2_d355_s108,51228,0.0,723.8419166666666,0.0,0.0,0.0,0.0,0.0,0.0
51237,C2,P1,Q43,0.0,0.0,724.0883333333333,0.0,1.5553,7743.992285156987,6939.449692564394,6915.742951038429,51234,C2_d355_s108,51228,0.0,724.0883333333333,0.0,0.0,0.0,0.0,0.0,0.0
51238,C2,P1,Q43,-0.0,0.0,742.3855,0.0,1.5876,6939.449692564394,6114.576914786617,6105.452373280196,51234,C2_d355_s108,51228,0.0,742.3855,0.0,0.0,0.0,0.0,0.0,0.0
51239,C2,P1,Q43,-0.0,0.0,755.8664166666667,0.0,1.5482,6114.576914786617,5287.649151661923,5287.649151661923,51234,C2_d355_s108,51228,0.0,744.2349868122247,11.63142985444199,0.0,0.0,0.0,90.03889850323544,90.03889850323544
51240,C2,P1,Q43,0.0,0.0,753.0799999999999,0.0,1.4974,5287.649151661923,4470.605704530327,4470.605704530327,51240,C2_d355_s108,51228,0.0,735.3391024184361,17.740897581563786,0.0,0.0,0.0,132.82610019316806,132.82610019316806
51241,C2,P1,Q43,0.0,0.0,744.7204166666667,0.0,1.5581,4470.605704530327,3672.8953721175876,3672.8953721175876,51240,C2_d355_s108,51228,0.0,717.9392991714653,26.78111749520133,0.0,0.0,0.0,208.63829584636593,208.63829584636593
51242,C2,P1,Q43,-0.0,0.0,744.1594666666666,0.0,1.5364,3672.8953721175876,2873.7214085951377,2873.7214085951377,51240,C2_d355_s108,51228,0.0,719.2565671702049,24.902899496461714,0.0,0.0,0.0,191.3040739318189,191.3040739318189
51243,C2,P1,Q43,-0.0,0.0,745.5716666666667,0.0,1.4711,2873.7214085951377,2051.2442410242093,2051.2442410242093,51240,C2_d355_s108,51228,0.0,740.2294508138357,5.342215852831032,0.0,0.0,0.0,39.29466870549866,39.29466870549866
51244,C2,P1,Q43,-0.0,0.0,733.7051833333334,0.0,1.5491,2051.2442410242093,1236.0162595427278,1224.4300520368922,51240,C2_d355_s108,51228,0.0,733.7051833333334,0.0,0.0,0.0,0.0,0.0,0.0
51245,C2,P1,Q43,728.6425066263838,728.6425066263838,732.68935,0.0,1.3281,1236.0162595427278,1231.5197669053764,1224.4300520368922,51240,C2_d355_s108,51228,0.0,4.046843373616184,0.0,0.0,967.7101130505004,0.0,0.0,967.7101130505004
51246,C2,P1,Q43,710.7763679683134,710.7763679683134,743.8166666666666,0.0,0.9179,1231.5197669053764,1231.5197669053764,1231.5197669053764,51246,C2_d355_s108,51228,0.0,0.0,33.04029869835324,0.0,652.4216281581149,0.0,151.6384508760922,804.0600790342071
51247,C2,P1,Q43,707.6661728158589,707.6661728158589,743.1977666666667,0.0,0.9066,1231.5197669053764,1231.5197669053764,1231.5197669053764,51246,C2_d355_s108,51228,0.0,0.0,35.53159385080778,0.0,641.5701522748576,0.0,161.06471492571166,802.6348672005693
51248,C2,P1,Q43,700.3763800124283,700.3763800124283,737.7143333333333,0.0,0.9646,1231.5197669053764,1231.5197669053764,1231.5197669053764,51246,C2_d355_s108,51228,0.0,0.0,37.33795332090506,0.0,675.5830561599884,0.0,180.0809488667251,855.6640050267134
51249,C2,P1,Q43,705.118720214444,705.118720214444,740.1783333333333,0.0,0.9438,1231.5197669053764,1231.5197669053764,1231.5197669053764,51246,C2_d355_s108,51228,0.0,0.0,35.059613118889274,0.0,665.4910481383922,0.0,165.44631430803847,830.9373624464307
51250,C2,P1,Q43,742.2063816661337,742.2063816661337,743.3530000000001,0.0,0.9933,1231.5197669053764,1231.5197669053764,1231.5197669053764,51246,C2_d355_s108,51228,0.0,0.0,1.1466183338663996,0.0,737.2335989089705,0.0,5.694679955147473,742.9282788641179
51251,C2,P1,Q43,678.055667813665,678.055667813665,673.8470166666667,0.0,0.7975,1231.5197669053764,1235.307552937675,1231.5197669053764,51246,C2_d355_s108,51228,4.20865114699825,0.0,0.0,0.0,540.7493950813978,0.0,0.0,540.7493950813978
51252,C2,P1,Q43,1383.8760362362016,1383.8760362362016,567.8833333333333,0.0,0.4493,1235.307552937675,1969.7009855502565,1985.307552937675,51252,C2_d355_s108,51228,815.9927029028682,0.0,0.0,0.0,621.7755030809253,0.0,0.0,621.7755030809253
51253,C2,P1,Q43,1374.6216780516156,1374.6216780516156,542.65175,0.0,0.3971,1969.7009855502565,2718.4739207967104,2735.3075529376747,51252,C2_d355_s108,51228,831.9699280516156,0.0,0.0,0.0,545.8622683542966,0.0,0.0,545.8622683542966
51254,C2,P1,Q43,1403.571638619448,1403.571638619448,538.0821,0.0,0.4076,2718.4739207967104,3468.4739207967104,3485.3075529376747,51252,C2_d355_s108,51228,833.3333333333334,0.0,0.0,32.156205286114755,572.095799901287,0.0,0.0,572.095799901287
51255,C2,P1,Q43,1406.6977646968985,1406.6977646968985,525.5366666666666,0.0,0.3709,3468.4739207967104,4218.47392079671,4235.307552937675,51252,C2_d355_s108,51228,833.3333333333334,0.0,0.0,47.8277646968985,521.7442009260797,0.0,0.0,521.7442009260797
51256,C2,P1,Q43,1402.614832124199,1402.614832124199,539.0303333333333,0.0,0.4177,4218.47392079671,4968.47392079671,4985.307552937675,51252,C2_d355_s108,51228,833.3333333333334,0.0,0.0,30.251165457532352,585.8722153782779,0.0,0.0,585.8722153782779
51257,C2,P1,Q43,1403.6173272889305,1403.6173272889305,555.6214,0.0,0.4477,4968.47392079671,5718.47392079671,5735.307552937675,51252,C2_d355_s108,51228,833.3333333333334,0.0,0.0,14.662593955597117,628.3994774272542,0.0,0.0,628.3994774272542
51258,C2,P1,Q43,574.9417888618577,574.9417888618577,559.285,0.0,0.4213,5718.47392079671,5732.565030772383,5718.47392079671,51258,C2_d355_s108,51228,15.656788861857763,0.0,0.0,0.0,242.22297564750068,0.0,0.0,242.22297564750068
51259,C2,P1,Q43,574.8681638422171,574.8681638422171,556.25415,0.0,0.4086,5732.565030772383,5749.317643230378,5718.47392079671,51258,C2_d355_s108,51228,18.614013842217105,0.0,0.0,0.0,234.89113174592993,0.0,0.0,234.89113174592993
51260,C2,P1,Q43,1411.86345930351,1411.86345930351,554.01315,0.0,0.4268,5749.317643230378,6499.317643230378,6468.47392079671,51258,C2_d355_s108,51228,833.3333333333334,0.0,0.0,24.51697597017653,602.583324430738,0.0,0.0,602.583324430738
51261,C2,P1,Q43,590.2252881674466,590.2252881674466,565.4333333333333,0.0,0.4507,6499.317643230378,6521.6304025810805,6468.47392079671,51258,C2_d355_s108,51228,24.791954834113312,0.0,0.0,0.0,266.01453737706817,0.0,0.0,266.01453737706817
51262,C2,P1,Q43,602.3784407422357,602.3784407422357,596.81115,0.0,0.4436,6521.6304025810805,6526.640964249093,6468.47392079671,51258,C2_d355_s108,51228,5.567290742235741,0.0,0.0,0.0,267.2150763132558,0.0,0.0,267.2150763132558
51263,C2,P1,Q43,595.3963195780697,595.3963195780697,608.691,0.0,0.4347,6526.640964249093,6511.869097113615,6468.47392079671,51258,C2_d355_s108,51228,0.0,13.294680421930366,0.0,0.0,258.8187801205869,0.0,0.0,258.8187801205869
