model,date,plan_cost,emg_cost,total_cost,emg_kwh,e0,e_end
M0,2025-02-01,20571.23252965636,0.0,20571.23252965636,0.0,10800.0,2710.96047779
M0,2025-02-02,57760.54014694516,0.0,57760.54014694516,0.0,2710.96047779,2664.49304717
M0,2025-02-03,55334.22724658822,0.0,55334.22724658822,0.0,2664.49304717,1839.80492191
M0,2025-02-04,56044.0597637075,0.0,56044.0597637075,0.0,1839.80492191,1964.46988089
M0,2025-02-05,55285.314447240555,104.6479671313821,55389.96241437194,18.0163496826,1964.46988089,1838.43137871
M0,2025-02-06,56104.537521241,216.0646990558722,56320.60222029687,37.0784117166,1838.43137871,1785.03620036
M0,2025-02-07,21732.11014396974,0.0,21732.11014396974,0.0,1785.03620036,1371.98857429
M0,2025-02-08,19802.49202857363,410.893576427846,20213.385605001477,80.704351107,1371.98857429,1246.54182923
M0,2025-02-09,54267.91528922242,31.48083640839388,54299.39612563081,6.72093006157,1246.54182923,1576.9666332
M0,2025-02-10,54803.16643125309,0.0,54803.16643125309,0.0,1576.9666332,1516.47073387
M0,2025-02-11,53710.90005153014,24.16131489251452,53735.061366422655,5.15826534853,1516.47073387,1418.68724053
M0,2025-02-12,51711.75716501742,906.7629812598268,52618.52014627725,137.94737502886,1418.68724053,1328.67980152
M0,2025-02-13,52320.499115637016,0.0,52320.499115637016,0.0,1328.67980152,1647.77189324
M0,2025-02-14,18250.42707642375,943.0251829002979,19193.452259324047,249.35821701912,1647.77189324,1200.0
M0,2025-02-15,18216.639684823742,2230.389582061757,20447.029266885496,484.87126122385905,1200.0,1200.0
M0,2025-02-16,49383.785128007774,3797.3069127534127,53181.092040761185,757.2461359634999,1200.0,1452.81645468
M0,2025-02-17,50348.24194690051,49.7108304881991,50397.95277738871,10.9266579818,1452.81645468,1451.80331674
M0,2025-02-18,49363.100753672385,182.8149111025511,49545.91566477494,40.01189320436,1451.80331674,1737.34219816
M0,2025-02-19,48915.759470443794,368.0825681082699,49283.842038552066,82.9986455322,1737.34219816,1255.60961669
M0,2025-02-20,49044.73262211281,109.7805179854168,49154.51314009823,23.4373437202,1255.60961669,1811.32464443
M0,2025-02-21,18197.151146655095,0.0,18197.151146655095,0.0,1811.32464443,1629.05733578
M0,2025-02-22,18425.409242911883,0.0,18425.409242911883,0.0,1629.05733578,1871.49491716
M0,2025-02-23,48996.35279866149,43.06344896678263,49039.41624762828,9.19373376746,1871.49491716,1878.51000796
M0,2025-02-24,47579.98389886544,232.9936974434768,47812.97759630892,51.4480766852,1878.51000796,1794.29981282
M0,2025-02-25,47671.06930690028,230.3980635318348,47901.46737043212,51.4097641964,1794.29981282,1778.7643081
M0,2025-02-26,46799.971017267104,0.0,46799.971017267104,0.0,1778.7643081,1991.88733612
M0,2025-02-27,45874.69711569867,2993.089540822493,48867.786656521166,619.05883669607,1991.88733612,2037.9480718
M0,2025-02-28,18015.530462442883,0.0,18015.530462442883,0.0,2037.9480718,1942.07680649
M0,2025-03-01,18468.254723072336,0.0,18468.254723072336,0.0,1942.07680649,2278.17497279
M0,2025-03-02,48358.25953380119,6410.068834044271,54768.32836784546,925.867504467,2278.17497279,1864.9840092
M0,2025-03-03,47085.45577034073,6070.172171506916,53155.627941847655,1059.107340649,1864.9840092,1479.15773007
M0,2025-03-04,49107.77282049306,0.0,49107.77282049306,0.0,1479.15773007,1736.43086109
M0,2025-03-05,48564.874143985115,0.0,48564.874143985115,0.0,1736.43086109,1904.50266835
M0,2025-03-06,45520.932457228446,0.0,45520.932457228446,0.0,1904.50266835,1346.61925236
M0,2025-03-07,17001.103644804578,0.0,17001.103644804578,0.0,1346.61925236,1631.68774305
M0,2025-03-08,16176.941530647231,785.3715137759768,16962.31304442321,204.71307757433,1631.68774305,1456.78192864
M0,2025-03-09,45355.87015867718,0.0,45355.87015867718,0.0,1456.78192864,1924.67095832
M0,2025-03-10,43860.65660754827,2349.5002031856247,46210.1568107339,343.42285162963003,1924.67095832,1494.32611293
M0,2025-03-11,45506.76316190684,0.0,45506.76316190684,0.0,1494.32611293,2143.94571252
M0,2025-03-12,43845.970227203594,0.0,43845.970227203594,0.0,2143.94571252,1543.29956617
M0,2025-03-13,43177.791308683925,8142.598760822695,51320.390069506626,1301.4104594437001,1543.29956617,1463.68621978
M0,2025-03-14,16410.99011759161,0.0,16410.99011759161,0.0,1463.68621978,1932.41320347
M0,2025-03-15,15851.903906274743,1737.8161161075054,17589.72002238225,455.2904169863,1932.41320347,1361.76831138
M0,2025-03-16,44408.0728362343,7.46118,44415.5340162343,1.64,1361.76831138,2265.68718085
M0,2025-03-17,44064.480443375716,0.0,44064.480443375716,0.0,2265.68718085,2229.43757844
M0,2025-03-18,41052.05129189254,3283.143815175277,44335.19510706782,663.4300197366,2229.43757844,1673.03435099
M0,2025-03-19,41392.186100312996,1682.9210456511596,43075.10714596415,345.3511597597,1673.03435099,2169.05096281
M0,2025-03-20,40958.565177124256,0.0,40958.565177124256,0.0,2169.05096281,1813.40873711
M0,2025-03-21,15400.064356450435,965.4111103946043,16365.47546684504,249.4453292343,1813.40873711,1509.41613325
M0,2025-03-22,15904.723945397633,0.0,15904.723945397633,0.0,1509.41613325,2175.46888573
M0,2025-03-23,41112.4169342464,0.0,41112.4169342464,0.0,2175.46888573,1998.07060348
M0,2025-03-24,40286.43509110295,0.0,40286.43509110295,0.0,1998.07060348,2067.11372907
M0,2025-03-25,40032.3364499981,0.0,40032.3364499981,0.0,2067.11372907,1497.67505426
M0,2025-03-26,40200.562620611454,0.0,40200.562620611454,0.0,1497.67505426,1870.72171185
M0,2025-03-27,40321.195109987995,0.0,40321.195109987995,0.0,1870.72171185,1825.16656621
M0,2025-03-28,15229.401763420874,0.0,15229.401763420874,0.0,1825.16656621,1952.03327176
M0,2025-03-29,15388.061754845108,0.0,15388.061754845108,0.0,1952.03327176,2169.01939723
M0,2025-03-30,38208.05118541769,0.0,38208.05118541769,0.0,2169.01939723,2013.36318242
M0,2025-03-31,37715.118869921185,553.3507388039233,38268.46960872511,79.3220669157,2013.36318242,1667.18486881
M0,2025-04-01,38275.49333750025,5209.334224639638,43484.82756213989,748.0095453489099,1667.18486881,1769.36129456
M0,2025-04-02,38236.83116935009,7918.762259447762,46155.593428797845,1588.28962571867,1769.36129456,1860.52684575
M0,2025-04-03,39791.25169181345,0.0,39791.25169181345,0.0,1860.52684575,1969.19492986
M0,2025-04-04,14796.069723653345,0.0,14796.069723653345,0.0,1969.19492986,2040.70139504
M0,2025-04-05,14845.96236910626,0.0,14845.96236910626,0.0,2040.70139504,1847.67880831
M0,2025-04-06,39311.85667175288,0.0,39311.85667175288,0.0,1847.67880831,1982.23381833
M0,2025-04-07,38371.922180437505,0.0,38371.922180437505,0.0,1982.23381833,1831.88795574
M0,2025-04-08,38907.61181152114,0.0,38907.61181152114,0.0,1831.88795574,1869.37821043
M0,2025-04-09,38101.094343525976,1940.9437580511783,40042.03810157715,278.46478481413,1869.37821043,1556.589971
M0,2025-04-10,38568.27539099133,0.0,38568.27539099133,0.0,1556.589971,2069.41537223
M0,2025-04-11,14231.649878100063,0.0,14231.649878100063,0.0,2069.41537223,1749.2909246
M0,2025-04-12,14817.199167911756,0.0,14817.199167911756,0.0,1749.2909246,2173.68488177
M0,2025-04-13,37286.59627697388,0.0,37286.59627697388,0.0,2173.68488177,1994.73617591
M0,2025-04-14,36826.43419850334,0.0,36826.43419850334,0.0,1994.73617591,1725.07139508
M0,2025-04-15,37589.949528599805,0.0,37589.949528599805,0.0,1725.07139508,2108.44494368
M0,2025-04-16,37258.61046314248,0.0,37258.61046314248,0.0,2108.44494368,1940.77789861
M0,2025-04-17,36859.81204662021,0.0,36859.81204662021,0.0,1940.77789861,2140.54689128
M0,2025-04-18,13831.783849253698,0.0,13831.783849253698,0.0,2140.54689128,2327.77555147
M0,2025-04-19,13734.656876949346,0.0,13734.656876949346,0.0,2327.77555147,2251.09152869
M0,2025-04-20,35985.41411941161,0.0,35985.41411941161,0.0,2251.09152869,2202.24111006
M0,2025-04-21,35823.270717375955,0.0,35823.270717375955,0.0,2202.24111006,1761.84013832
M0,2025-04-22,35050.78555887408,0.0,35050.78555887408,0.0,1761.84013832,1787.63993932
M0,2025-04-23,36299.93900749897,0.0,36299.93900749897,0.0,1787.63993932,2217.34922484
M0,2025-04-24,35307.91688302407,0.0,35307.91688302407,0.0,2217.34922484,1933.5300487
M0,2025-04-25,12919.215563246693,0.0,12919.215563246693,0.0,1933.5300487,1672.44390621
M0,2025-04-26,12867.18520955979,0.0,12867.18520955979,0.0,1672.44390621,1517.68797013
M0,2025-04-27,32621.965324123536,6154.8736756368935,38776.83899976043,888.210248503,1517.68797013,1484.48442141
M0,2025-04-28,34154.06136813389,25045.62059353992,59199.6819616738,3703.078715304747,1484.48442141,1715.75875832
M0,2025-04-29,35017.73800001216,1662.6547928012158,36680.39279281338,238.339276491,1715.75875832,1891.49340748
M0,2025-04-30,34294.08788134536,0.0,34294.08788134536,0.0,1891.49340748,1866.0991977
M0,2025-05-01,33711.92834411711,11421.790943353131,45133.719287470245,2140.62990827685,1866.0991977,1204.10574152
M0,2025-05-02,13349.87798309203,11267.034134801706,24616.912117893735,2104.75635391165,1204.10574152,1200.0
M0,2025-05-03,14086.136619059529,4913.793456744573,18999.930075804103,912.64934410416,1200.0,1209.79521445
M0,2025-05-04,36403.70874816076,4898.3070423965955,41302.01579055736,868.7879930646699,1209.79521445,1292.82458512
M0,2025-05-05,36997.524593733455,3030.5585171931866,40028.083110926644,436.63051025788,1292.82458512,1339.07755294
M0,2025-05-06,37036.29473574017,3136.4550813382743,40172.74981707844,692.7843731399499,1339.07755294,1295.81884963
M0,2025-05-07,38144.00621132768,3751.88287971104,41895.88909103871,537.827247665,1295.81884963,1362.00977938
M0,2025-05-08,40161.69496890348,243.22893262500003,40404.923901528484,35.99925,1362.00977938,2362.53114753
M0,2025-05-09,15346.306175013013,0.0,15346.306175013013,0.0,2362.53114753,2419.78357947
M0,2025-05-10,15450.354841847373,0.0,15450.354841847373,0.0,2419.78357947,1971.20794819
M0,2025-05-11,38803.91453713556,277.361039458558,39081.275576594126,41.1807166667,1971.20794819,2009.36689742
M0,2025-05-12,39164.42582560036,0.0,39164.42582560036,0.0,2009.36689742,2387.49787195
M0,2025-05-13,38888.18709624873,0.0,38888.18709624873,0.0,2387.49787195,2194.46223334
M0,2025-05-14,39176.95688701517,0.0,39176.95688701517,0.0,2194.46223334,2238.82493567
M0,2025-05-15,40076.746511405014,0.0,40076.746511405014,0.0,2238.82493567,3506.70963707
M0,2025-05-16,15130.83039730796,0.0,15130.83039730796,0.0,3506.70963707,2343.57865072
M0,2025-05-17,16146.331269542734,0.0,16146.331269542734,0.0,2343.57865072,2788.19689076
M0,2025-05-18,38720.06030167003,0.0,38720.06030167003,0.0,2788.19689076,3236.39360014
M0,2025-05-19,37954.5177584206,451.90398166644184,38406.42174008704,67.0033333333,3236.39360014,2461.50039076
M0,2025-05-20,37914.54757347311,0.0,37914.54757347311,0.0,2461.50039076,2485.78743449
M0,2025-05-21,37989.475273992735,0.0,37989.475273992735,0.0,2485.78743449,2568.8369364
M0,2025-05-22,37016.936969853705,17.333364999999997,37034.2703348537,2.57,2568.8369364,2869.57600357
M0,2025-05-23,14588.547645804378,0.0,14588.547645804378,0.0,2869.57600357,2455.65213685
M0,2025-05-24,15421.918987879802,0.0,15421.918987879802,0.0,2455.65213685,2874.34786
M0,2025-05-25,37276.41830985795,0.0,37276.41830985795,0.0,2874.34786,2742.08912871
M0,2025-05-26,36868.528671486085,0.0,36868.528671486085,0.0,2742.08912871,2378.53346042
M0,2025-05-27,36655.0404818887,0.0,36655.0404818887,0.0,2378.53346042,2177.1665402
M0,2025-05-28,37028.63112198033,0.0,37028.63112198033,0.0,2177.1665402,2548.47416775
M0,2025-05-29,35787.491711534414,119.77769558310925,35907.26940711752,17.8174333333,2548.47416775,2038.55115619
M0,2025-05-30,14649.038503972868,0.0,14649.038503972868,0.0,2038.55115619,2330.65597953
M0,2025-05-31,14926.216117531327,0.0,14926.216117531327,0.0,2330.65597953,2520.39429481
M0,2025-06-01,37187.46408666243,70289.99515075679,107477.45923741923,11270.8682514269,2520.39429481,1200.0
M0,2025-06-02,38433.05813595286,55396.00200915926,93829.0601451121,9012.393944251251,1200.0,1200.0
M0,2025-06-03,47298.9143261894,717.5547665293088,48016.469092718704,143.40424124628998,1200.0,1332.04125131
M0,2025-06-04,47836.2936331542,983.263838745505,48819.55747189971,149.78178581743998,1332.04125131,1290.56108919
M0,2025-06-05,49370.45786961471,1327.0038024793969,50697.46167209411,245.01887858855997,1290.56108919,1200.0
M0,2025-06-06,20227.379946369918,8955.692087153524,29183.072033523444,1373.8811565891797,1200.0,1214.85537816
M0,2025-06-07,22335.962131972847,0.0,22335.962131972847,0.0,1214.85537816,1606.5757283
M0,2025-06-08,59918.124360201975,0.0,59918.124360201975,0.0,1606.5757283,3676.56501938
M0,2025-06-09,51016.83867382826,184.2342442556262,51201.0729180839,27.3162197725,3676.56501938,2104.58683332
M0,2025-06-10,52370.75026811651,0.0,52370.75026811651,0.0,2104.58683332,2481.52978879
M0,2025-06-11,51766.63707663531,1919.8969406226552,53686.53401725797,363.4980842682,2481.52978879,1936.0375693
M0,2025-06-12,54727.00668095667,0.0,54727.00668095667,0.0,1936.0375693,2702.12160851
M0,2025-06-13,20677.649891863824,0.0,20677.649891863824,0.0,2702.12160851,2130.17467427
M0,2025-06-14,21777.61160881928,0.0,21777.61160881928,0.0,2130.17467427,2211.08910504
M0,2025-06-15,58345.453547682184,0.0,58345.453547682184,0.0,2211.08910504,4696.03929943
M0,2025-06-16,54536.32615791554,0.0,54536.32615791554,0.0,4696.03929943,3822.15920136
M0,2025-06-17,54588.91672102477,0.0,54588.91672102477,0.0,3822.15920136,3129.89878284
M0,2025-06-18,54833.25342516207,0.0,54833.25342516207,0.0,3129.89878284,3643.72859711
M0,2025-06-19,53616.41409776801,150.8117266052432,53767.22582437325,22.371637465163,3643.72859711,3318.44588464
M0,2025-06-20,21206.755140638685,0.0,21206.755140638685,0.0,3318.44588464,3045.90359273
M0,2025-06-21,21552.77359513397,0.0,21552.77359513397,0.0,3045.90359273,3747.23706411
M0,2025-06-22,49784.696630531296,0.0,49784.696630531296,0.0,3747.23706411,3050.35313927
M0,2025-06-23,49295.68253587306,0.0,49295.68253587306,0.0,3050.35313927,2582.84426799
M0,2025-06-24,48002.93306124411,21833.742720444297,69836.6757816884,3912.436737673839,2582.84426799,2105.39996141
M0,2025-06-25,50753.32000120009,0.0,50753.32000120009,0.0,2105.39996141,2723.93214019
M0,2025-06-26,50383.15805705377,125.95128158216994,50509.10933863594,18.640783070559998,2723.93214019,2342.95308364
M0,2025-06-27,19369.185447789612,0.0,19369.185447789612,0.0,2342.95308364,2358.96539742
M0,2025-06-28,19761.56467107637,0.0,19761.56467107637,0.0,2358.96539742,2558.91345944
M0,2025-06-29,49205.962715644666,65.23761639558009,49271.200332040244,9.64839405392,2558.91345944,2804.7273378
M0,2025-06-30,48875.341677589684,534.379238010668,49409.72091560035,79.3365163064,2804.7273378,1921.59002499
M0,2025-07-01,48617.293427451885,24469.14488985512,73086.43831730701,4831.045263895199,1921.59002499,1200.0
M0,2025-07-02,53420.412019495896,4786.313467165767,58206.725486661664,896.9800501085199,1200.0,1200.0
M0,2025-07-03,55619.9638297287,756.6528910532334,56376.61672078194,129.6757639134703,1200.0,1357.99940879
M0,2025-07-04,25703.833099368105,849.2710081347334,26553.104107502837,181.63014363157,1357.99940879,1200.0
M0,2025-07-05,25702.403298434052,0.0,25702.403298434052,0.0,1200.0,1472.85916277
M0,2025-07-06,52520.75858137552,18849.86890140328,71370.6274827788,2771.12467178195,1472.85916277,1478.9889872
M0,2025-07-07,55087.3082472255,391.1100365047818,55478.41828373028,57.945070790680006,1478.9889872,1869.68647768
M0,2025-07-08,62081.54000041347,0.0,62081.54000041347,0.0,1869.68647768,4834.52260487
M0,2025-07-09,53661.85816635531,94.68653635650381,53756.54470271181,14.0453217172,4834.52260487,2867.00808469
M0,2025-07-10,54226.23170098367,261.9999418127565,54488.231642796425,38.8802487943,2867.00808469,2486.2518936
M0,2025-07-11,25302.855429967698,74.23903427970482,25377.094464247406,19.79741540983,2486.2518936,1794.62317887
M0,2025-07-12,26375.84027937936,0.0,26375.84027937936,0.0,1794.62317887,2097.72774393
M0,2025-07-13,53926.0550565192,333.12634562244216,54259.18140214164,49.4977601707,2097.72774393,2269.07240617
M0,2025-07-14,51823.29978952566,430.91419921522663,52254.21398874089,63.9065790658,2269.07240617,1936.40777792
M0,2025-07-15,62669.97522388975,0.0,62669.97522388975,0.0,1936.40777792,5629.16018111
M0,2025-07-16,55454.82908917594,0.0,55454.82908917594,0.0,5629.16018111,3753.81049222
M0,2025-07-17,56318.14917247702,0.0,56318.14917247702,0.0,3753.81049222,3721.18363925
M0,2025-07-18,27188.14425697172,0.0,27188.14425697172,0.0,3721.18363925,3239.90394049
M0,2025-07-19,27622.82525095561,0.0,27622.82525095561,0.0,3239.90394049,3174.24630127
M0,2025-07-20,54342.18018442784,0.0,54342.18018442784,0.0,3174.24630127,3986.73606538
M0,2025-07-21,55187.956318754674,0.0,55187.956318754674,0.0,3986.73606538,3597.14488354
M0,2025-07-22,54115.312094167166,2.2170888860091305,54117.529183053164,0.32889614093,3597.14488354,2725.9153052
M0,2025-07-23,54226.924156053436,0.0,54226.924156053436,0.0,2725.9153052,2678.13582562
M0,2025-07-24,53934.31551586992,0.0,53934.31551586992,0.0,2678.13582562,3058.13689308
M0,2025-07-25,25127.8145205139,0.0,25127.8145205139,0.0,3058.13689308,1969.12689737
M0,2025-07-26,26454.676377849562,0.0,26454.676377849562,0.0,1969.12689737,2629.87156929
M0,2025-07-27,52947.24088534899,1158.693687755745,54105.934573104736,233.05879316659997,2629.87156929,3268.93548717
M0,2025-07-28,53037.629391486254,0.0,53037.629391486254,0.0,3268.93548717,2521.36491063
M0,2025-07-29,53424.739680878716,306.51987801837475,53731.25955889709,45.32511010638,2521.36491063,2463.2838369
M0,2025-07-30,51730.49147132252,0.0,51730.49147132252,0.0,2463.2838369,2001.59248546
M0,2025-07-31,51750.65573331434,173.041293274674,51923.69702658903,25.41564721585,2001.59248546,1759.00271116
M0,2025-08-01,23210.47196313658,2784.3915117530237,25994.863474889607,592.23815640917,1759.00271116,1294.67079788
M0,2025-08-02,25646.83877781593,0.0,25646.83877781593,0.0,1294.67079788,2455.42850799
M0,2025-08-03,48557.81642738145,1631.0757957241215,50188.89222310558,331.3409072847,2455.42850799,1442.4048718
M0,2025-08-04,47571.515315127835,200.6053685505249,47772.12068367836,29.7943514853,1442.4048718,1809.78731818
M0,2025-08-05,46968.51348805692,0.0,46968.51348805692,0.0,1809.78731818,1692.12459624
M0,2025-08-06,46770.47736220206,7031.386183591832,53801.863545793894,1019.6357653468781,1692.12459624,1208.04338546
M0,2025-08-07,48375.58356662098,137.9902487983072,48513.57381541929,20.4233329088,1208.04338546,1658.33027359
M0,2025-08-08,23487.50657601739,0.0,23487.50657601739,0.0,1658.33027359,1697.40691015
M0,2025-08-09,22858.916217304723,0.0,22858.916217304723,0.0,1697.40691015,1421.24402931
M0,2025-08-10,46717.25291298564,0.0,46717.25291298564,0.0,1421.24402931,2290.82196704
M0,2025-08-11,47323.674164504664,667.7573024171894,47991.43146692185,99.05972287376,2290.82196704,1930.39864668
M0,2025-08-12,46003.33583907149,5827.310888392245,51830.64672746373,839.65018585596,1930.39864668,1645.37159343
M0,2025-08-13,47533.805019108535,512.846995179326,48046.65201428786,75.61288107920001,1645.37159343,2207.37437839
M0,2025-08-14,46710.74328282988,483.69360629108894,47194.43688912097,70.6976067103,2207.37437839,1777.6786903
M0,2025-08-15,23462.685995263037,0.0,23462.685995263037,0.0,1777.6786903,1685.83891854
M0,2025-08-16,23016.91739759952,0.0,23016.91739759952,0.0,1685.83891854,1537.97590108
M0,2025-08-17,45745.874560827164,252.14514930338416,45998.01971013055,37.47199067103,1537.97590108,2288.78227166
M0,2025-08-18,45547.296298642716,1268.11578647269,46815.4120851154,186.7486154489,2288.78227166,2156.52708597
M0,2025-08-19,45693.65332863689,991.0786360067941,46684.73196464368,146.9370787316,2156.52708597,1966.61445732
M0,2025-08-20,46039.385706223635,17592.059409815833,63631.44511603947,2768.3875798189,1966.61445732,1718.71422864
M0,2025-08-21,47859.87514561814,54.423190973551534,47914.29833659169,8.06926991972,1718.71422864,2071.45432356
M0,2025-08-22,22981.899218150087,1592.0899306483752,24573.989148798464,297.4170357406,2071.45432356,1370.03408112
M0,2025-08-23,23772.762114273777,0.0,23772.762114273777,0.0,1370.03408112,1737.29387432
M0,2025-08-24,47438.14604753623,0.0,47438.14604753623,0.0,1737.29387432,2022.68035568
M0,2025-08-25,46981.705276774024,8992.763565020823,55974.46884179485,1305.6205346709999,2022.68035568,1662.80147615
M0,2025-08-26,48342.68945717835,0.0,48342.68945717835,0.0,1662.80147615,2343.34106045
M0,2025-08-27,47625.32590688811,55.862689519658524,47681.18859640777,8.29528507916,2343.34106045,1925.31520433
M0,2025-08-28,48188.9621525673,706.6024706520659,48895.56462321937,103.5949770105,1925.31520433,1743.82846815
M0,2025-08-29,24507.0757138689,0.0,24507.0757138689,0.0,1743.82846815,1927.93145079
M0,2025-08-30,24519.09123064517,0.0,24519.09123064517,0.0,1927.93145079,1746.29897075
M0,2025-08-31,48236.28893784814,183.3926664064894,48419.68160425463,27.02836444817,1746.29897075,2538.02599364
M0,2025-09-01,48042.84241228466,0.0,48042.84241228466,0.0,2538.02599364,5797.24953463
M0,2025-09-02,39415.83844200985,0.0,39415.83844200985,0.0,5797.24953463,3489.36375267
M0,2025-09-03,39597.63815998391,0.0,39597.63815998391,0.0,3489.36375267,3069.16556265
M0,2025-09-04,40414.55263797934,0.0,40414.55263797934,0.0,3069.16556265,3198.80722543
M0,2025-09-05,17708.477815638307,0.0,17708.477815638307,0.0,3198.80722543,2496.04126581
M0,2025-09-06,18156.407693257468,0.0,18156.407693257468,0.0,2496.04126581,3017.18541904
M0,2025-09-07,38520.19108749131,0.0,38520.19108749131,0.0,3017.18541904,2805.97321421
M0,2025-09-08,31539.54899451601,60024.35486488494,91563.90385940095,10153.2322616382,2805.97321421,1200.0
M0,2025-09-09,38296.4916612623,2045.382615143729,40341.87427640603,293.28068658166995,1200.0,1346.5776059
M0,2025-09-10,37920.49690179948,27941.13760058782,65861.63450238729,4409.7301100497,1346.5776059,1444.24580761
M0,2025-09-11,39196.68339090355,0.0,39196.68339090355,0.0,1444.24580761,1744.21708137
M0,2025-09-12,16467.82141937465,5473.434440136536,21941.255859511184,1425.70189091188,1744.21708137,1247.72443508
M0,2025-09-13,17962.823785216548,0.0,17962.823785216548,0.0,1247.72443508,2053.66568596
M0,2025-09-14,39132.65306064529,6970.656185462631,46103.309246107914,1022.64395699035,2053.66568596,1348.41192759
M0,2025-09-15,32963.24029809174,35846.4394777006,68809.67977579235,6535.80246208722,1348.41192759,1200.0
M0,2025-09-16,36432.9558942992,21335.862941314033,57768.81883561322,3818.87318930907,1200.0,1200.0
M0,2025-09-17,37192.15618077027,19772.81908378855,56964.975264558816,3477.72747746983,1200.0,1200.0
M0,2025-09-18,37087.893138028725,16753.23498197852,53841.12812000724,2939.003293134119,1200.0,1247.47035883
M0,2025-09-19,15825.936400479079,11532.674131305062,27358.61053178414,2700.34049822912,1247.47035883,1200.0
M0,2025-09-20,16405.796599225676,8715.771376818358,25121.567976044033,1634.6929352555999,1200.0,1213.51654761
M0,2025-09-21,40511.382152042075,5277.185246497703,45788.56739853977,828.6310440244,1213.51654761,1745.78320261
M0,2025-09-22,41405.956391467895,4608.6759085102185,46014.63229997811,787.3200643565,1745.78320261,1317.27204873
M0,2025-09-23,42819.85108950056,3708.6629726650117,46528.514062165574,604.49522221107,1317.27204873,1709.57446664
M0,2025-09-24,43140.04221646795,0.0,43140.04221646795,0.0,1709.57446664,1681.5597045
M0,2025-09-25,42665.14058240343,474.1910834084583,43139.331665811886,94.8149202201,1681.5597045,1333.15136434
M0,2025-09-26,17952.44618643855,0.0,17952.44618643855,0.0,1333.15136434,1201.48713052
M0,2025-09-27,18537.13598062453,1489.092592386216,20026.228573010747,288.4343291676,1201.48713052,1200.0
M0,2025-09-28,44174.97248809278,39.56136916664419,44214.53385725942,5.86833333333,1200.0,2009.27479634
M0,2025-09-29,45669.53342447262,64.72416170930472,45734.25758618192,11.06794259379,2009.27479634,1901.24179127
M0,2025-09-30,45469.69865414461,212.22943497499998,45681.92808911961,31.41115,1901.24179127,1810.73185841
M0,2025-10-01,45387.38480957537,0.0,45387.38480957537,0.0,1810.73185841,3641.79455436
M0,2025-10-02,45283.37381922403,0.0,45283.37381922403,0.0,3641.79455436,4010.23139841
M0,2025-10-03,15781.475957806342,0.0,15781.475957806342,0.0,4010.23139841,2805.79203827
M0,2025-10-04,17135.95916134148,0.0,17135.95916134148,0.0,2805.79203827,2995.41430237
M0,2025-10-05,40294.04601985225,0.0,40294.04601985225,0.0,2995.41430237,3020.40920033
M0,2025-10-06,41591.802617057816,0.0,41591.802617057816,0.0,3020.40920033,2885.58085463
M0,2025-10-07,41579.05396098547,0.0,41579.05396098547,0.0,2885.58085463,3011.03915097
M0,2025-10-08,37117.96205399555,2508.093845273757,39626.05589926931,393.24098623555,3011.03915097,1373.63507093
M0,2025-10-09,39453.72479574093,896.0043560868185,40349.72915182775,132.4543739498,1373.63507093,1586.88410435
M0,2025-10-10,15616.30328411705,480.49126388044294,16096.794547997491,203.10198305095,1586.88410435,1200.0
M0,2025-10-11,17159.920117985577,0.0,17159.920117985577,0.0,1200.0,1867.34457925
M0,2025-10-12,39927.908617255365,98.0358077331772,40025.94442498854,20.9299333333,1867.34457925,1482.05427489
M0,2025-10-13,41978.48542464571,0.0,41978.48542464571,0.0,1482.05427489,2022.70094191
M0,2025-10-14,41230.740764098366,0.0,41230.740764098366,0.0,2022.70094191,1710.85463247
M0,2025-10-15,39724.661041830084,5885.245979053678,45609.907020883766,919.557283545915,1710.85463247,1391.52354252
M0,2025-10-16,41466.845832919054,10418.81872338009,51885.66455629915,1544.3220372475441,1391.52354252,1518.15305758
M0,2025-10-17,16841.904008960057,854.1413249288512,17696.045333888906,228.73444616064,1518.15305758,1234.80503167
M0,2025-10-18,17103.519616022066,0.0,17103.519616022066,0.0,1234.80503167,1506.18415562
M0,2025-10-19,43169.8399512923,5100.892428892517,48270.73238018482,735.19692579588,1506.18415562,1581.10657798
M0,2025-10-20,44267.23133124986,1576.51704909871,45843.74838034857,328.47085294344,1581.10657798,1293.11120758
M0,2025-10-21,45116.318636493976,0.0,45116.318636493976,0.0,1293.11120758,1567.38446971
M0,2025-10-22,46230.0365555784,0.0,46230.0365555784,0.0,1567.38446971,1515.06231652
M0,2025-10-23,46939.80921809925,0.0,46939.80921809925,0.0,1515.06231652,1841.97582971
M0,2025-10-24,17662.04305576706,0.0,17662.04305576706,0.0,1841.97582971,1506.51180709
M0,2025-10-25,17950.8174727547,0.0,17950.8174727547,0.0,1506.51180709,1523.3997758
M0,2025-10-26,46818.975333178656,0.0,46818.975333178656,0.0,1523.3997758,2319.56090073
M0,2025-10-27,46303.26197534343,24.893097107814278,46328.15507245124,5.31449553967,2319.56090073,1758.84091666
M0,2025-10-28,46218.9089239108,0.0,46218.9089239108,0.0,1758.84091666,1937.60843195
M0,2025-10-29,47059.24808169599,0.0,47059.24808169599,0.0,1937.60843195,1818.3997964
M0,2025-10-30,48573.97707186968,0.0,48573.97707186968,0.0,1818.3997964,1879.92039334
M0,2025-10-31,18838.958802112767,0.0,18838.958802112767,0.0,1879.92039334,2127.38869439
M0,2025-11-01,18739.159800797654,0.0,18739.159800797654,0.0,2127.38869439,2316.08095307
M0,2025-11-02,48599.75073571449,0.0,48599.75073571449,0.0,2316.08095307,1844.89307809
M0,2025-11-03,49415.49945045186,0.0,49415.49945045186,0.0,1844.89307809,2210.21772072
M0,2025-11-04,49512.47110665572,52.631843263048395,49565.10294991877,11.2365164951,2210.21772072,1757.72448598
M0,2025-11-05,50315.01642471945,0.0,50315.01642471945,0.0,1757.72448598,2377.4373538
M0,2025-11-06,49110.843847963486,607.8148790545496,49718.65872701804,126.4856051567,2377.4373538,1947.21022973
M0,2025-11-07,19592.688944940404,0.0,19592.688944940404,0.0,1947.21022973,2309.73285405
M0,2025-11-08,19111.832403748223,0.0,19111.832403748223,0.0,2309.73285405,2380.85985836
M0,2025-11-09,50192.72408446525,0.0,50192.72408446525,0.0,2380.85985836,2116.60139412
M0,2025-11-10,50584.690137036916,0.0,50584.690137036916,0.0,2116.60139412,2004.42002329
M0,2025-11-11,51458.535266850755,0.0,51458.535266850755,0.0,2004.42002329,2071.74054179
M0,2025-11-12,52225.493737246325,0.0,52225.493737246325,0.0,2071.74054179,2253.96668412
M0,2025-11-13,51444.29098238835,0.0,51444.29098238835,0.0,2253.96668412,2129.70639381
M0,2025-11-14,20026.724386115435,0.0,20026.724386115435,0.0,2129.70639381,2431.54223
M0,2025-11-15,19743.930268070406,0.0,19743.930268070406,0.0,2431.54223,2239.30289506
M0,2025-11-16,53216.22370972845,0.0,53216.22370972845,0.0,2239.30289506,2200.95175516
M0,2025-11-17,53808.454725972464,0.0,53808.454725972464,0.0,2200.95175516,2276.3703289
M0,2025-11-18,53109.44043302245,0.0,53109.44043302245,0.0,2276.3703289,2277.26156564
M0,2025-11-19,53630.73935476165,6.301057500000001,53637.04041226166,1.385,2277.26156564,1939.39241868
M0,2025-11-20,54593.26868885957,0.0,54593.26868885957,0.0,1939.39241868,2275.72458101
M0,2025-11-21,20771.561996049444,0.0,20771.561996049444,0.0,2275.72458101,2392.23850917
M0,2025-11-22,20950.106051354967,0.0,20950.106051354967,0.0,2392.23850917,2272.4509753
M0,2025-11-23,54965.01855336025,0.0,54965.01855336025,0.0,2272.4509753,2296.69557806
M0,2025-11-24,54647.0647942787,25.11915527179752,54672.1839495505,5.36275731678,2296.69557806,1733.02895985
M0,2025-11-25,54834.46918274576,0.0,54834.46918274576,0.0,1733.02895985,2113.31000196
M0,2025-11-26,54831.63465575315,78.31374701762039,54909.948402770766,16.7194165281,2113.31000196,2384.21407515
M0,2025-11-27,55154.349941497,0.0,55154.349941497,0.0,2384.21407515,2390.99744607
M0,2025-11-28,21147.903179250115,0.0,21147.903179250115,0.0,2390.99744607,2212.48519543
M0,2025-11-29,21894.583405853096,0.0,21894.583405853096,0.0,2212.48519543,2306.32894724
M0,2025-11-30,56525.23852297684,0.0,56525.23852297684,0.0,2306.32894724,2114.31951131
M0,2025-12-01,56968.142157874456,14360.755670467797,71328.89782834225,2945.90802290579,2114.31951131,1918.34842881
M0,2025-12-02,57511.71439455443,15652.84088744747,73164.55528200191,3209.61944352533,1918.34842881,1585.36378171
M0,2025-12-03,63462.56349737309,10.119949180797189,63472.683446553885,1.74226550414,1585.36378171,3083.27873461
M0,2025-12-04,62161.808565728745,1272.1611007584338,63433.96966648717,251.8163785872,3083.27873461,2767.94766111
M0,2025-12-05,28083.393735133555,0.0,28083.393735133555,0.0,2767.94766111,3183.67810641
M0,2025-12-06,27497.674275186466,0.0,27497.674275186466,0.0,3183.67810641,2984.1514556
M0,2025-12-07,63790.12074386442,63.9392604120151,63854.06000427644,11.0078781806,2984.1514556,2951.45200648
M0,2025-12-08,68469.93848579162,0.0,68469.93848579162,0.0,2951.45200648,3752.91392049
M0,2025-12-09,65068.81215969943,20.552043665444863,65089.36420336488,3.5252639761499998,3752.91392049,2796.79895314
M0,2025-12-10,64683.86873523,0.0,64683.86873523,0.0,2796.79895314,2544.08725048
M0,2025-12-11,65073.64204920896,0.0,65073.64204920896,0.0,2544.08725048,2749.13618881
M0,2025-12-12,28405.91724925149,0.0,28405.91724925149,0.0,2749.13618881,2478.40129212
M0,2025-12-13,29111.756166704996,0.0,29111.756166704996,0.0,2478.40129212,2938.69535065
M0,2025-12-14,64815.65361723453,0.0,64815.65361723453,0.0,2938.69535065,2749.24766992
M0,2025-12-15,68842.32114948807,0.0,68842.32114948807,0.0,2749.24766992,2883.30920081
M0,2025-12-16,67900.95239869405,0.0,67900.95239869405,0.0,2883.30920081,2633.83069743
M0,2025-12-17,67180.98106928333,0.0,67180.98106928333,0.0,2633.83069743,2645.74888693
M0,2025-12-18,66988.96562199268,0.0,66988.96562199268,0.0,2645.74888693,2618.521046
M0,2025-12-19,30662.965343771106,0.0,30662.965343771106,0.0,2618.521046,2289.64325908
M0,2025-12-20,30677.305892453187,0.0,30677.305892453187,0.0,2289.64325908,2699.21966165
M0,2025-12-21,66090.3810393778,0.0,66090.3810393778,0.0,2699.21966165,2840.52923461
M0,2025-12-22,65518.86538793467,0.0,65518.86538793467,0.0,2840.52923461,2073.1872306
M0,2025-12-23,65876.35191824933,0.0,65876.35191824933,0.0,2073.1872306,2390.23126624
M0,2025-12-24,64954.103384263435,0.0,64954.103384263435,0.0,2390.23126624,2171.4234447
M0,2025-12-25,64810.91503744271,0.0,64810.91503744271,0.0,2171.4234447,2250.50658651
M0,2025-12-26,29284.209037371802,0.0,29284.209037371802,0.0,2250.50658651,2526.33292295
M0,2025-12-27,28745.056906588674,0.0,28745.056906588674,0.0,2526.33292295,2451.41469285
M0,2025-12-28,64871.12419440419,198.58100264506413,65069.70519704925,34.1134572187,2451.41469285,2728.04102497
M0,2025-12-29,64948.02823277417,0.0,64948.02823277417,0.0,2728.04102497,2132.6195004
M0,2025-12-30,63764.78683874667,0.0,63764.78683874667,0.0,2132.6195004,2099.12496933
M0,2025-12-31,63725.208515726496,0.0,63725.208515726496,0.0,2099.12496933,1875.68389575
M1_R2,2025-02-01,20931.046695441077,461.6260506773111,21392.672746118387,144.97871070142276,10800.0,8911.841511660321
M1_R2,2025-02-02,54588.595790345935,357.510777438982,54946.10656778492,58.58044748742833,8911.841511660321,8996.662672590324
M1_R2,2025-02-03,52344.45094494644,3636.828286629409,55981.27923157585,760.8275022234981,8996.662672590324,8462.206835320292
M1_R2,2025-02-04,52945.91306350015,8644.622989366444,61590.53605286659,1821.4888298712278,8462.206835320292,8529.721405514212
M1_R2,2025-02-05,52097.04593272765,8655.774768165098,60752.82070089276,1879.9028824480745,8529.721405514212,8547.316272732689
M1_R2,2025-02-06,52558.215663016024,2417.1233508672544,54975.33901388328,529.0933262250143,8547.316272732689,7864.231114976653
M1_R2,2025-02-07,19412.168835799133,2597.2873487206116,22009.456184519742,547.6208446579819,7864.231114976653,7805.273757286272
M1_R2,2025-02-08,18012.754983651434,5836.220162300451,23848.97514595188,1509.3827418413182,7805.273757286272,8321.09860289521
M1_R2,2025-02-09,50847.361888522326,11277.271801815546,62124.63369033788,2433.1576393247365,8321.09860289521,8445.022085997463
M1_R2,2025-02-10,51430.42524281245,2355.55948608444,53785.98472889689,555.0195029188974,8445.022085997463,8374.433253110707
M1_R2,2025-02-11,50441.570227314325,4436.815813175363,54878.386040489684,886.313387071375,8374.433253110707,8429.96749380136
M1_R2,2025-02-12,48481.020942589996,8334.092475366771,56815.113417956774,1749.0762150950288,8429.96749380136,8374.423177429755
M1_R2,2025-02-13,48496.159903904496,3443.2946878920256,51939.45459179652,924.5851309439863,8374.423177429755,7336.112866966981
M1_R2,2025-02-14,16626.890936820655,7160.2556228085305,23787.146559629182,1990.932594571654,7336.112866966981,6334.261660162748
M1_R2,2025-02-15,17609.950465176255,8609.46212579717,26219.412590973425,2455.153481359691,6334.261660162748,8120.582186424923
M1_R2,2025-02-16,45951.51522313041,21637.04442220662,67588.55964533704,4475.941179486199,8120.582186424923,8386.470970528713
M1_R2,2025-02-17,46741.44556866359,4663.096161762488,51404.54173042608,1173.4734476401923,8386.470970528713,8284.431411129235
M1_R2,2025-02-18,45853.67976266146,6469.7820729980995,52323.46183565956,1642.782888153589,8284.431411129235,8402.700907095566
M1_R2,2025-02-19,45508.40749096581,13958.420763820788,59466.8282547866,3202.9295558576464,8402.700907095566,8154.557179378564
M1_R2,2025-02-20,44555.48626581492,7092.642321615949,51648.12858743087,1633.7799723406124,8154.557179378564,6455.087473715184
M1_R2,2025-02-21,16649.43024746709,4368.334107017285,21017.764354484374,1512.0573428911766,6455.087473715184,5987.721131306092
M1_R2,2025-02-22,17980.129449522377,4546.755062209899,22526.884511732278,1385.5960155355147,5987.721131306092,8280.19411307518
M1_R2,2025-02-23,45534.134924561455,6810.876219277064,52345.01114383852,1537.6540838412275,8280.19411307518,8443.423193517805
M1_R2,2025-02-24,44055.390594885226,4423.283275528695,48478.67387041393,1028.6232492725749,8443.423193517805,8464.256381136945
M1_R2,2025-02-25,44122.97216639579,3667.5161465773654,47790.48831297315,980.6336662390522,8464.256381136945,8317.524264499025
M1_R2,2025-02-26,43412.95084009634,7634.396469983765,51047.3473100801,1849.9834022782065,8317.524264499025,8510.667860532363
M1_R2,2025-02-27,41430.60685649497,12140.711161496783,53571.318017991754,2540.6645583678696,8510.667860532363,6287.015456590227
M1_R2,2025-02-28,16474.267191102088,2600.5755882890926,19074.842779391183,882.5756339162626,6287.015456590227,5924.006735704988
M1_R2,2025-03-01,18192.36708484403,896.0651881545915,19088.432272998623,243.20380464124509,5924.006735704988,8565.091512328032
M1_R2,2025-03-02,44930.42982256297,20407.672529887543,65338.10235245051,4016.6952591084714,8565.091512328032,8584.089633825663
M1_R2,2025-03-03,43406.89732326922,23444.55704771897,66851.4543709882,4825.472529917963,8584.089633825663,8396.724562101754
M1_R2,2025-03-04,45145.38435237927,1585.4261011983274,46730.81045357759,455.1779195985308,8396.724562101754,8298.73663590707
M1_R2,2025-03-05,44827.97328827321,2029.9487152530687,46857.922003526284,409.51480261523466,8298.73663590707,8468.458687423748
M1_R2,2025-03-06,40574.456687241924,7636.332211686895,48210.78889892882,1740.600292791124,8468.458687423748,5352.4449146877705
M1_R2,2025-03-07,15048.051940949212,3022.2763383747656,18070.328279323978,823.6701778345214,5352.4449146877705,4604.01210278349
M1_R2,2025-03-08,16459.03451916204,6431.914608035278,22890.949127197317,2009.400055952247,4604.01210278349,8247.20857750687
M1_R2,2025-03-09,41623.42805996935,2958.5781584345773,44582.006218403934,743.548945453181,8247.20857750687,8505.823373706662
M1_R2,2025-03-10,40359.307458841984,25361.954457831816,65721.2619166738,4773.7819001440375,8505.823373706662,8372.497637887622
M1_R2,2025-03-11,41752.99877801706,4709.107525487577,46462.106303504646,1104.382198494383,8372.497637887622,8557.215516535352
M1_R2,2025-03-12,40360.522418658395,4889.650246707232,45250.17266536564,1152.580574656583,8557.215516535352,8265.076480376832
M1_R2,2025-03-13,37824.038325047906,29521.986475428243,67346.02480047615,5278.783402036923,8265.076480376832,4396.751514404139
M1_R2,2025-03-14,14579.91933320085,3134.6767503400724,17714.59608354092,1025.6927326666698,4396.751514404139,3921.824148969393
M1_R2,2025-03-15,16568.856938883706,7474.170448044604,24043.02738692831,2202.2328429325676,3921.824148969393,8153.251286983644
M1_R2,2025-03-16,40531.777636325176,6006.218433461946,46537.99606978713,1586.4767619406834,8153.251286983644,8727.031350464837
M1_R2,2025-03-17,40422.23328156033,2370.27319080324,42792.506472363566,685.3958800073967,8727.031350464837,8632.460529283331
M1_R2,2025-03-18,37620.426466529476,11913.504311022007,49533.93077755149,2700.3515346124127,8632.460529283331,8262.800243482565
M1_R2,2025-03-19,37906.8292393571,7798.541957034975,45705.37119639209,1799.561627104781,8262.800243482565,8579.197956226519
M1_R2,2025-03-20,35376.085713976165,16698.297960579202,52074.38367455537,3524.7198054898126,8579.197956226519,3916.231089210734
M1_R2,2025-03-21,13896.500540628722,6139.299512950634,20035.800053579358,1953.1379237018166,3916.231089210734,3612.384424306833
M1_R2,2025-03-22,16561.721909356696,2390.697501419626,18952.419410776325,784.6007586946331,3612.384424306833,8402.383755397103
M1_R2,2025-03-23,37755.99179811505,5298.147120968414,43054.13891908346,1220.0809695472813,8402.383755397103,8602.209568064776
M1_R2,2025-03-24,36794.17307214352,6398.026015206029,43192.19908734956,1564.5816726786525,8602.209568064776,8476.753497798396
M1_R2,2025-03-25,36618.11288727784,15656.534620272545,52274.647507550384,3301.9935846021863,8476.753497798396,8333.140797770455
M1_R2,2025-03-26,36586.671316229265,2420.9671758170243,39007.638492046295,684.8518559461584,8333.140797770455,8410.867128752681
M1_R2,2025-03-27,34616.62687907432,7393.125296464187,42009.75217553851,1805.5735657019814,8410.867128752681,3622.663416981896
M1_R2,2025-03-28,13766.712234781051,3275.5073393392513,17042.219574120303,1084.1124327055932,3622.663416981896,3499.6424102202127
M1_R2,2025-03-29,16313.469263913188,2457.5052212227597,18770.97448513595,761.0202332268441,3499.6424102202127,8484.833981039743
M1_R2,2025-03-30,35014.55882675388,4080.3704586275367,39094.92928538141,1018.6834845917713,8484.833981039743,8478.403122087157
M1_R2,2025-03-31,34490.10840801256,15616.010499367068,50106.11890737963,3038.3122984289844,8478.403122087157,8549.476425353567
M1_R2,2025-04-01,34838.532805959105,30486.64628164449,65325.1790876036,5280.037966050764,8549.476425353567,8551.263340343365
M1_R2,2025-04-02,34845.31665354803,29539.146653110576,64384.463306658596,5521.50867256126,8551.263340343365,8467.156656363175
M1_R2,2025-04-03,33797.39528665037,5054.918110025879,38852.31339667624,1257.9466557423775,8467.156656363175,3349.865972516988
M1_R2,2025-04-04,13417.306999587714,1862.0320867541934,15279.339086341908,659.3151470771841,3349.865972516988,3334.1622989335674
M1_R2,2025-04-05,15919.002046051572,2426.33247128157,18345.334517333144,713.1940547402107,3334.1622989335674,8371.844582392925
M1_R2,2025-04-06,35852.98187617958,1981.3468047545218,37834.3286809341,441.78783942550103,8371.844582392925,8541.816986660213
M1_R2,2025-04-07,35020.175977113795,2179.423284561863,37199.599261675656,658.474747088733,8541.816986660213,8369.957263262668
M1_R2,2025-04-08,35591.62204520322,5761.597682576015,41353.21972777924,1246.8712039794123,8369.957263262668,8430.55038940181
M1_R2,2025-04-09,34795.22045860246,24717.929724190508,59513.15018279296,4202.547723271542,8430.55038940181,8426.891625228609
M1_R2,2025-04-10,32568.53356050577,3499.3416687607087,36067.87522926648,787.7237348082645,8426.891625228609,3371.895527552955
M1_R2,2025-04-11,12876.59691306776,2000.588058628372,14877.184971696131,684.9380665505491,3371.895527552955,2928.268088441067
M1_R2,2025-04-12,15987.318743775533,422.0653036700665,16409.3840474456,135.99882251595332,2928.268088441067,8426.010833067123
M1_R2,2025-04-13,34173.16859588266,5436.032465227037,39609.20106110969,1112.1557610088719,8426.010833067123,8552.252882551782
M1_R2,2025-04-14,33595.27983944346,3580.5424302005135,37175.82226964397,965.3192138589217,8552.252882551782,8417.10566661806
M1_R2,2025-04-15,34280.08677408408,1472.4079240103538,35752.49469809443,357.2932732318946,8417.10566661806,8580.248679397104
M1_R2,2025-04-16,34073.40554288146,11213.711074580819,45287.11661746228,1983.1923271990686,8580.248679397104,8380.405412698206
M1_R2,2025-04-17,31070.51724433323,4097.356426480056,35167.873670813286,753.7978218934414,8380.405412698206,3120.881060231682
M1_R2,2025-04-18,12459.655279279272,1206.7751796956763,13666.430458974948,534.1766614383555,3120.881060231682,2795.162653005406
M1_R2,2025-04-19,15335.407686181463,662.8112781402604,15998.218964321724,260.55665251927013,2795.162653005406,8439.446704159314
M1_R2,2025-04-20,32977.276229000396,4961.65029401963,37938.926523020025,1078.2011247363816,8439.446704159314,8682.108556512403
M1_R2,2025-04-21,32699.848610910383,2091.8046178899167,34791.65322880031,560.2638112684349,8682.108556512403,8434.106634785327
M1_R2,2025-04-22,31921.408651315774,10886.449353587866,42807.85800490364,2276.220119768889,8434.106634785327,8308.434556410139
M1_R2,2025-04-23,33155.60639447694,1049.1327024814886,34204.73909695844,356.04638207523067,8308.434556410139,8611.548245423373
M1_R2,2025-04-24,29468.176849632247,1825.7531693898447,31293.93001902209,402.5125866190473,8611.548245423373,2561.341141784067
M1_R2,2025-04-25,11594.604484592906,1891.979996350812,13486.584480943719,484.36719806460513,2561.341141784067,2144.7345522723904
M1_R2,2025-04-26,14231.379999426,3894.913559361994,18126.29355878799,1017.1524253213234,2144.7345522723904,7708.022496398881
M1_R2,2025-04-27,29476.319947864627,13827.947381562208,43304.26732942683,3141.6289040436795,7708.022496398881,7546.931698571831
M1_R2,2025-04-28,30904.015825981885,45194.23377084014,76098.24959682202,7563.044407690344,7546.931698571831,7514.894264650702
M1_R2,2025-04-29,31970.376103285787,5825.904590432786,37796.280693718574,1374.201051054744,7514.894264650702,8082.587884009169
M1_R2,2025-04-30,31129.25682939515,774.7336795769513,31903.990508972103,145.35350434648154,8082.587884009169,7897.031951662743
M1_R2,2025-05-01,27908.48565770289,19519.011116938287,47427.496774641186,3886.428883862398,7897.031951662743,1241.963423374404
M1_R2,2025-05-02,12182.149364473487,16495.10402448018,28677.25338895367,3609.770650049785,1241.963423374404,1377.782430771221
M1_R2,2025-05-03,15490.29739493685,10239.182708731681,25729.480103668535,2073.1316614714774,1377.782430771221,7578.941825582311
M1_R2,2025-05-04,33073.95262779933,9662.12454434913,42736.077172148456,1746.322820352641,7578.941825582311,7979.91525878192
M1_R2,2025-05-05,33642.89350915051,15524.927810566645,49167.82131971716,2935.294236864327,7979.91525878192,8270.80013976484
M1_R2,2025-05-06,33488.394672342736,13026.675106498446,46515.06977884118,2690.627041816974,8270.80013976484,8006.409272745793
M1_R2,2025-05-07,34662.92167761942,10208.356944576552,44871.27862219597,1958.2360124799818,8006.409272745793,8280.72092270092
M1_R2,2025-05-08,33708.12492286307,4768.876862298359,38477.001785161425,868.6344585694311,8280.72092270092,2819.394586442371
M1_R2,2025-05-09,13847.1115514564,2568.5884478708267,16415.69999932723,791.5707116088166,2819.394586442371,2592.3030200956227
M1_R2,2025-05-10,16983.016171423467,1374.4429296327999,18357.45910105627,301.31177286212494,2592.3030200956227,8331.369900005207
M1_R2,2025-05-11,35419.18246191506,4895.121162887346,40314.303624802415,942.797694471701,8331.369900005207,8575.507125619873
M1_R2,2025-05-12,35624.33256660505,2121.8072088603253,37746.13977546537,464.5550703473605,8575.507125619873,8799.33184482748
M1_R2,2025-05-13,35459.19930120905,927.4795584501477,36386.67885965921,158.11110170978517,8799.33184482748,8631.145438198258
M1_R2,2025-05-14,35725.595350461386,1864.2850969264439,37589.880447387826,354.59648179587856,8631.145438198258,8682.112142613103
M1_R2,2025-05-15,33608.67548098572,4142.3278869427295,37751.00336792845,1040.7157932188113,8682.112142613103,3475.682060274041
M1_R2,2025-05-16,13742.525686800138,878.6248626342972,14621.150549434435,405.6958597696618,3475.682060274041,2209.169368508342
M1_R2,2025-05-17,17847.766636029934,1490.3559292524444,19338.12256528238,438.6250346717015,2209.169368508342,9060.155843249504
M1_R2,2025-05-18,35464.09945737539,5076.865651858741,40540.96510923414,1055.9172724713058,9060.155843249504,9362.96859214996
M1_R2,2025-05-19,34776.67473362612,782.1916346359353,35558.86636826205,132.84238692469427,9362.96859214996,8791.693422055067
M1_R2,2025-05-20,34719.77495660975,7822.697052336698,42542.47200894645,1378.930973090634,8791.693422055067,8772.087603586127
M1_R2,2025-05-21,34505.677302090546,2770.462072364241,37276.13937445478,675.9530054474535,8772.087603586127,8270.106886287182
M1_R2,2025-05-22,30918.042110615836,2403.82885426057,33321.870964876405,493.4192198503245,8270.106886287182,2568.0709753246074
M1_R2,2025-05-23,13271.3061593653,1719.5492976259725,14990.855456991272,734.0354939515842,2568.0709753246074,2039.513161787775
M1_R2,2025-05-24,17003.306030899555,664.7033633305125,17668.009394230066,308.37672406619066,2039.513161787775,8399.937887261283
M1_R2,2025-05-25,34254.96989120105,459.7163538439024,34714.686245044955,100.13386923871694,8399.937887261283,8393.352035373488
M1_R2,2025-05-26,33746.821718463834,14357.165970534303,48103.98768899814,2462.649020120276,8393.352035373488,7974.322981006035
M1_R2,2025-05-27,33571.32005375179,887.2965092308473,34458.616562982636,362.9809650608796,7974.322981006035,7942.998767214351
M1_R2,2025-05-28,33871.73755380565,3745.506659673495,37617.24421347915,925.6491384065753,7942.998767214351,8292.070861933207
M1_R2,2025-05-29,29772.656932494087,19255.168477772288,49027.82541026638,3671.7894611892107,8292.070861933207,2055.8727443511902
M1_R2,2025-05-30,13148.530874781387,3187.3613938815465,16335.892268662934,859.6382127898722,2055.8727443511902,2019.3721568146311
M1_R2,2025-05-31,16758.511732589286,1669.472604545203,18427.98433713449,604.3934129693434,2019.3721568146311,8586.762267572783
M1_R2,2025-06-01,33839.174415526155,83285.76068151782,117124.93509704397,15760.191422651851,8586.762267572783,6890.122239323555
M1_R2,2025-06-02,35390.839088176166,63166.074000102,98556.91308827818,13211.515877449889,6890.122239323555,7304.489830372448
M1_R2,2025-06-03,43409.01272092706,10394.488030738637,53803.5007516657,2167.321580869453,7304.489830372448,8218.193778281517
M1_R2,2025-06-04,43478.21153405961,10099.030675949805,53577.24221000941,2284.251506796816,8218.193778281517,8172.25290455084
M1_R2,2025-06-05,42291.15849910649,8615.57405117374,50906.732550280234,1908.5661428628687,8172.25290455084,2411.720495792114
M1_R2,2025-06-06,18442.929762179494,12788.89532270233,31231.82508488182,2968.6896726511313,2411.720495792114,2457.055156097569
M1_R2,2025-06-07,22491.993745031617,3631.222967638638,26123.216712670255,718.9220576707041,2457.055156097569,8330.65539963843
M1_R2,2025-06-08,55377.53770519726,3.0925678288440395e-05,55377.53773612294,5.616449800239596e-06,8330.65539963843,9725.60213140604
M1_R2,2025-06-09,46900.74538503456,5435.011879130263,52335.75726416483,1172.6193525130052,9725.60213140604,8673.271956609537
M1_R2,2025-06-10,48038.05333435201,1363.0839286080566,49401.13726296006,282.6361341647997,8673.271956609537,8823.349976781692
M1_R2,2025-06-11,47562.833219552456,20158.48154886088,67721.31476841333,4292.081877363216,8823.349976781692,8835.198876099736
M1_R2,2025-06-12,47526.762624214534,1512.6411540881616,49039.4037783027,337.56046826797086,8835.198876099736,3525.8526112284594
M1_R2,2025-06-13,19071.56559475425,2015.4716126999156,21087.037207454166,426.0044132580921,3525.8526112284594,2984.2117196338545
M1_R2,2025-06-14,22761.859084157506,318.83321085858177,23080.692295016088,142.33106079901162,2984.2117196338545,8489.317084172379
M1_R2,2025-06-15,54086.61977255516,207.1472633646358,54293.767035919795,48.74721731647663,8489.317084172379,10549.023642326492
M1_R2,2025-06-16,50562.0794595677,1004.4430458003591,51566.52250536806,266.4143482862244,10549.023642326492,9716.672650326354
M1_R2,2025-06-17,50581.08239584911,5790.841018115104,56371.92341396422,1325.1821607557524,9716.672650326354,9397.53291393362
M1_R2,2025-06-18,50671.0880445037,379.56043801285637,51050.64848251655,88.41749097633064,9397.53291393362,9708.748047825473
M1_R2,2025-06-19,46697.320521649955,908.819600830603,47606.14012248056,171.48309666900275,9708.748047825473,3676.417003707873
M1_R2,2025-06-20,19765.304750488573,62.55192708068624,19827.85667756926,29.450051930420774,3676.417003707873,3440.027971420234
M1_R2,2025-06-21,22884.23422704797,4.344080062423927e-05,22884.234270488774,1.2538956171022175e-05,3440.027971420234,9769.10868966126
M1_R2,2025-06-22,45985.34310692106,4870.484869778907,50855.82797669996,1053.2261277554983,9769.10868966126,9153.141296215355
M1_R2,2025-06-23,45534.418267419285,4459.841539002487,49994.25980642176,913.0201757259592,9153.141296215355,8918.303680062141
M1_R2,2025-06-24,44323.710741137256,43099.40161447645,87423.1123556137,8407.51075533819,8918.303680062141,8694.13643022681
M1_R2,2025-06-25,46600.48418702486,7909.199970527982,54509.684157552845,1595.054621081421,8694.13643022681,9007.642467350446
M1_R2,2025-06-26,43342.905358644275,2687.2540845704,46030.15944321468,567.6570923366769,9007.642467350446,2560.759055611038
M1_R2,2025-06-27,17891.900159364584,2023.194096908358,19915.094256272947,859.8279070659527,2560.759055611038,2447.20615410678
M1_R2,2025-06-28,21242.632499911746,400.7861306666671,21643.418630578413,129.2625283893163,2447.20615410678,8699.102485985008
M1_R2,2025-06-29,45333.157522350746,4431.748671789655,49764.90619414039,887.2898105825167,8699.102485985008,8959.341241753145
M1_R2,2025-06-30,44931.742787447714,5686.443019970395,50618.18580741811,1388.6019618326127,8959.341241753145,8429.027905194143
M1_R2,2025-07-01,44543.91464229551,36217.25644107566,80761.17108337118,8864.077699573041,8429.027905194143,7288.936523283092
M1_R2,2025-07-02,49427.69466336439,13730.280102045508,63157.97476540989,3498.8865545854405,7288.936523283092,7918.488186861922
M1_R2,2025-07-03,48407.39458629759,9504.917535569062,57912.31212186666,2230.1324189048537,7918.488186861922,2068.5511962030973
M1_R2,2025-07-04,24253.854410140993,6779.1816198277975,31033.03602996879,1854.907358619008,2068.5511962030973,3097.0722308625072
M1_R2,2025-07-05,26205.33537535677,5601.462164957472,31806.79754031424,1252.9312939566962,3097.0722308625072,8282.03034527464
M1_R2,2025-07-06,48464.84598162859,28195.96495881517,76660.81094044376,5682.374696369857,8282.03034527464,8316.751351241448
M1_R2,2025-07-07,50784.296399501276,3985.648818078461,54769.945217579734,1160.7496791374829,8316.751351241448,8419.76305047051
M1_R2,2025-07-08,57862.76883124928,289.09771746441294,58151.8665487137,70.86754632671261,8419.76305047051,10524.403637197363
M1_R2,2025-07-09,50145.535272314824,1310.0693550842755,51455.604627399094,229.84494978733434,10524.403637197363,9053.12839079654
M1_R2,2025-07-10,47816.830605053954,1951.7556801513754,49768.58628520534,402.37809468269,9053.12839079654,3365.301793451549
M1_R2,2025-07-11,23620.096204162128,4067.725284124983,27687.82148828711,1307.4521519927725,3365.301793451549,2449.046408342814
M1_R2,2025-07-12,27519.958012371346,2251.1598632854602,29771.117875656808,522.799797176478,2449.046408342814,8553.32373244365
M1_R2,2025-07-13,50031.69634411651,1917.9037121800948,51949.60005629661,330.099205983106,8553.32373244365,8728.832712663929
M1_R2,2025-07-14,48104.90524187013,4746.824215430105,52851.729457300244,949.3468055680162,8728.832712663929,8686.91705161146
M1_R2,2025-07-15,58389.31802788697,3.492487263656585e-05,58389.31806281184,6.530194171917928e-06,8686.91705161146,10800.0
M1_R2,2025-07-16,52204.07180090781,641.7667668192922,52845.8385677271,158.89503535528064,10800.0,9838.566166403523
M1_R2,2025-07-17,50180.78295640746,1043.1195926303096,51223.90254903777,233.60286605046772,9838.566166403523,4730.11865106504
M1_R2,2025-07-18,25631.95521558873,191.04403708581884,25822.999252674552,47.7573752743672,4730.11865106504,4120.422414039473
M1_R2,2025-07-19,28728.95789217164,68.81425261763198,28797.77214478927,15.59471334219215,4120.422414039473,9184.057262542665
M1_R2,2025-07-20,50975.75972406677,1338.44633246738,52314.206056534145,304.8566930900446,9184.057262542665,9811.61994977038
M1_R2,2025-07-21,51685.1725886351,1183.622561804404,52868.7951504395,259.87113877425867,9811.61994977038,9605.83010454839
M1_R2,2025-07-22,50597.785315434296,2684.6374448340644,53282.42276026837,588.071478448513,9605.83010454839,9126.088219442709
M1_R2,2025-07-23,50516.69013947485,2172.9644303657815,52689.654569840626,509.11428585504984,9126.088219442709,8860.74738127053
M1_R2,2025-07-24,47715.77514719263,4397.368550192047,52113.14369738467,991.1929314840883,8860.74738127053,3833.5807972874713
M1_R2,2025-07-25,23643.375241316462,2327.95579470991,25971.331036026375,891.2411534548341,3833.5807972874713,2759.239636560743
M1_R2,2025-07-26,27581.789997880966,3.9935272411639744e-05,27581.790037816238,1.0943088977152045e-05,2759.239636560743,8816.780379980944
M1_R2,2025-07-27,49539.971393410604,8297.341762380283,57837.313155790886,1803.0451527095274,8816.780379980944,9323.214553581169
M1_R2,2025-07-28,49568.72862022443,16840.08206373663,66408.81068396106,3179.5323435509235,9323.214553581169,8588.927294693282
M1_R2,2025-07-29,49866.26133525244,6373.408012476305,56239.66934772875,1259.8581340166631,8588.927294693282,8706.007586116357
M1_R2,2025-07-30,48122.44276796087,8614.225162341669,56736.66793030254,2192.705021920209,8706.007586116357,8537.59398700093
M1_R2,2025-07-31,45246.08398812465,10745.54107388344,55991.62506200809,2273.3201109653924,8537.59398700093,2757.1696103858926
M1_R2,2025-08-01,21524.332045131516,8912.40444790178,30436.7364930333,2750.0023141803413,2757.1696103858926,2275.276480183046
M1_R2,2025-08-02,26726.843284640196,864.1580355324966,27591.00132017269,164.8905338293285,2275.276480183046,8736.455073141602
M1_R2,2025-08-03,45249.11953900791,5577.322538708684,50826.442077716594,1008.4985754579825,8736.455073141602,8299.232492383808
M1_R2,2025-08-04,44095.44785756479,5122.304816186101,49217.75267375089,1090.9761311415143,8299.232492383808,8541.61961581257
M1_R2,2025-08-05,43580.98885013636,3504.8814227619105,47085.870272898275,769.7606773944578,8541.61961581257,8294.371258794054
M1_R2,2025-08-06,43455.05705076027,13227.003394070955,56682.06044483123,2994.253882050709,8294.371258794054,8146.196007730367
M1_R2,2025-08-07,41911.73954614643,4419.802790675449,46331.54233682188,1115.7480243686987,8146.196007730367,2111.528730109817
M1_R2,2025-08-08,21935.533682664107,3846.362375759973,25781.896058424085,1005.5208052694289,2111.528730109817,2093.7877417468976
M1_R2,2025-08-09,24003.362222967975,5968.3419190503455,29971.704142018316,1560.7918508613902,2093.7877417468976,7511.669633929447
M1_R2,2025-08-10,43573.85162700854,7056.747191038058,50630.5988180466,1302.066389648,7511.669633929447,8310.108547478736
M1_R2,2025-08-11,44054.35647310471,5489.237203788201,49543.59367689291,1113.7033562983665,8310.108547478736,8126.453715679769
M1_R2,2025-08-12,42760.81757522991,19727.62525789585,62488.442833125766,3793.7296689940463,8126.453715679769,8243.52808229033
M1_R2,2025-08-13,44154.4332911015,4401.919496675611,48556.35278777711,955.1501958253814,8243.52808229033,8712.631902448265
M1_R2,2025-08-14,40480.92961606599,12070.52178968857,52551.45140575456,2615.789681148822,8712.631902448265,2345.181575181058
M1_R2,2025-08-15,21907.26525467932,4280.126375104321,26187.391629783644,1352.1638154576394,2345.181575181058,2068.743545550564
M1_R2,2025-08-16,24137.78437617301,5938.349831078263,30076.13420725127,1603.6898394791438,2068.743545550564,7726.23971577871
M1_R2,2025-08-17,42400.901164667004,8011.004410413924,50411.90557508092,1766.4688700713732,7726.23971577871,8179.413142526226
M1_R2,2025-08-18,42322.948424023096,9603.768130248933,51926.71655427203,2145.493042361363,8179.413142526226,7991.932818357346
M1_R2,2025-08-19,42475.18629224079,6738.903435757156,49214.08972799794,1576.1440834050409,7991.932818357346,7881.780076928616
M1_R2,2025-08-20,42756.456413974534,38255.67644596688,81012.13285994143,6882.299230200191,7881.780076928616,7906.066725988722
M1_R2,2025-08-21,41940.123730889536,4146.338658585086,46086.46238947462,919.2171904433008,7906.066725988722,3079.252311621878
M1_R2,2025-08-22,21353.741688798273,8947.689277709724,30301.430966507996,2300.4932579665474,3079.252311621878,2434.036388640516
M1_R2,2025-08-23,24811.148128273337,4208.57477612721,29019.722904400543,1150.0311750526057,2434.036388640516,8323.38170556995
M1_R2,2025-08-24,43995.19455659983,9663.82391780613,53659.018474405966,2170.418921327182,8323.38170556995,8607.098077684406
M1_R2,2025-08-25,43393.62939439539,31136.67024262967,74530.29963702505,5720.192841744785,8607.098077684406,8170.86139274667
M1_R2,2025-08-26,44834.52008002019,4236.155624609676,49070.67570462987,928.6996512609455,8170.86139274667,8766.661111275067
M1_R2,2025-08-27,44182.260170441274,12750.073105957104,56932.33327639838,2464.9434817028514,8766.661111275067,8469.351380541691
M1_R2,2025-08-28,42074.34031010096,25465.10797960033,67539.44828970128,4460.400565045056,8469.351380541691,3031.6480713298324
M1_R2,2025-08-29,22782.143572613528,4510.668422103321,27292.811994716845,1057.6035805868744,3031.6480713298324,2906.275954282724
M1_R2,2025-08-30,25521.983449528863,3098.1913665174516,28620.174816046314,851.0547580780719,2906.275954282724,8260.719935546173
M1_R2,2025-08-31,44738.558613330366,7293.106541202442,52031.66515453281,1612.118733986153,8260.719935546173,8883.879612964236
M1_R2,2025-09-01,44587.058171261946,3.091437076818693e-05,44587.05820217632,6.085240972164091e-06,8883.879612964236,10800.0
M1_R2,2025-09-02,36930.76898250669,8776.448157765823,45707.217140272514,2193.450774807638,10800.0,9611.6276524414
M1_R2,2025-09-03,36185.1202676317,6531.431860239799,42716.552127871495,1681.6175546266986,9611.6276524414,8273.426598388913
M1_R2,2025-09-04,34879.24101095464,6750.795925406391,41630.03693636103,1541.3365288439923,8273.426598388913,3699.510995158746
M1_R2,2025-09-05,16148.328600449975,3093.492011761114,19241.820612211086,1003.2165632515863,3699.510995158746,2548.469913507619
M1_R2,2025-09-06,19174.647581065234,4552.940558470547,23727.588139535786,1093.642359431395,2548.469913507619,8092.667701137945
M1_R2,2025-09-07,35335.506024209506,13541.957111723044,48877.46313593254,2479.7738489811413,8092.667701137945,7251.891433076358
M1_R2,2025-09-08,29375.030654043803,61498.53051388718,90873.56116793097,13256.51171032948,7251.891433076358,5819.892580872196
M1_R2,2025-09-09,35528.002363033156,13362.582492348247,48890.5848553814,3398.8636464703277,5819.892580872196,7568.1318962515
M1_R2,2025-09-10,34672.607729570555,47993.98657250834,82666.5943020789,9150.37740763765,7568.1318962515,7789.733335060532
M1_R2,2025-09-11,33283.4818872823,11212.588515257055,44496.07040253935,2748.9407061779766,7789.733335060532,3168.635017309185
M1_R2,2025-09-12,14598.208426961179,11308.698977191318,25906.907404152495,3427.3133432516674,3168.635017309185,2286.076307288496
M1_R2,2025-09-13,18868.59875205876,7139.857630800488,26008.456382859244,1773.7892704314506,2286.076307288496,8349.486353010665
M1_R2,2025-09-14,35463.574330594,32679.416517027974,68142.99084762197,5786.740192919007,8349.486353010665,7613.235898213691
M1_R2,2025-09-15,29738.590931291677,40595.48546346232,70334.076394754,9772.224092659253,7613.235898213691,6751.228358532483
M1_R2,2025-09-16,33187.74851095496,42064.73137199059,75252.47988294555,8753.92476488011,6751.228358532483,7085.622938271376
M1_R2,2025-09-17,34020.618671186276,42660.06485831578,76680.68352950206,8277.883791371725,7085.622938271376,7717.961088271811
M1_R2,2025-09-18,31347.327578909386,39226.789114930056,70574.11669383945,7898.632772940615,7717.961088271811,2964.931181131017
M1_R2,2025-09-19,14063.706014675015,16604.434568503566,30668.14058317858,4776.192293344514,2964.931181131017,2708.608300033945
M1_R2,2025-09-20,17016.17101618056,16025.287005619863,33041.45802180043,4022.829364719367,2708.608300033945,8043.420679391056
M1_R2,2025-09-21,36480.95299036907,15041.986584129212,51522.93957449829,3018.609103049389,8043.420679391056,8576.524215418614
M1_R2,2025-09-22,37171.230194401665,15324.897529230155,52496.12772363182,3601.517961993286,8576.524215418614,8249.255683053749
M1_R2,2025-09-23,38537.110239636066,20327.060487067276,58864.170726703334,3976.6446044239783,8249.255683053749,8560.26787928
M1_R2,2025-09-24,38776.99750657183,8703.16129741657,47480.1588039884,2210.0088379731387,8560.26787928,8425.238517632271
M1_R2,2025-09-25,36420.517418452655,10232.558914824633,46653.07633327729,2523.6318029762842,8425.238517632271,3925.415915505313
M1_R2,2025-09-26,15896.256833440608,6235.4236031841065,22131.680436624716,2002.587929285481,3925.415915505313,3606.56964658656
M1_R2,2025-09-27,18589.03061824888,10624.691508452714,29213.722126701592,2695.193551944051,3606.56964658656,8093.716122608761
M1_R2,2025-09-28,39792.93649495968,18034.802051915896,57827.73854687558,3358.814460967005,8093.716122608761,8454.953250285202
M1_R2,2025-09-29,41424.51788016346,4162.33136983931,45586.84925000277,874.4203982530015,8454.953250285202,8385.293020739278
M1_R2,2025-09-30,41200.16042000559,16500.47604819301,57700.63646819859,3472.1800770338987,8385.293020739278,8417.376908730654
M1_R2,2025-10-01,41045.694731755495,207.73367430540435,41253.42840606089,93.0674125499047,8417.376908730654,9780.08017883438
M1_R2,2025-10-02,39158.790048237846,133.31621216823476,39292.10626040607,46.97289992074269,9780.08017883438,6205.79610575971
M1_R2,2025-10-03,14209.397951138877,3084.176909662683,17293.57486080156,1343.7282693238026,6205.79610575971,4752.389530012768
M1_R2,2025-10-04,17477.580948157294,4151.769778859067,21629.35072701636,1350.8344914809522,4752.389530012768,9090.308022529509
M1_R2,2025-10-05,36400.61326663572,2919.8553996231376,39320.46866625886,892.7581786538478,9090.308022529509,9271.907329569329
M1_R2,2025-10-06,37614.52637831861,3101.9176913448264,40716.44406966343,657.0287352753496,9271.907329569329,8916.741055915536
M1_R2,2025-10-07,37714.48828116713,5330.902730200898,43045.391011368025,1264.0231938823,8916.741055915536,9222.772306614726
M1_R2,2025-10-08,33294.85578706123,19090.520193630684,52385.37598069191,3873.3987745331515,9222.772306614726,8261.626979668692
M1_R2,2025-10-09,33278.607976334846,10320.075261069927,43598.68323740477,2196.1318635626844,8261.626979668692,4256.558482780557
M1_R2,2025-10-10,13972.234445354941,9684.974325473082,23657.208770828023,2698.546934958636,4256.558482780557,4234.851689206475
M1_R2,2025-10-11,17029.369637905893,4457.023334822418,21486.392972728314,1073.0656894934036,4234.851689206475,8385.94907657517
M1_R2,2025-10-12,35857.69214959777,17476.634184336835,53334.326333934616,2953.4571334452794,8385.94907657517,8266.825405867474
M1_R2,2025-10-13,37695.867029991816,3556.2209275827854,41252.08795757461,785.7649076837077,8266.825405867474,8477.67054909624
M1_R2,2025-10-14,37130.165721603,17629.92075250152,54760.08647410452,3554.5298745121627,8477.67054909624,8292.820119613672
M1_R2,2025-10-15,35604.76823511985,33753.01937044774,69357.78760556759,6030.742143991532,8292.820119613672,8319.382036941735
M1_R2,2025-10-16,35330.59816090152,26583.29500305175,61913.89316395328,5378.600688170771,8319.382036941735,4695.687724929708
M1_R2,2025-10-17,15011.30449710144,6170.196636857981,21181.501133959424,1495.4583224449082,4695.687724929708,4750.591209010192
M1_R2,2025-10-18,16715.33655468775,5504.391141593478,22219.72769628123,1419.783793905741,4750.591209010192,8215.730149710022
M1_R2,2025-10-19,38813.94717739946,19547.21671166449,58361.163889063944,4031.100878210724,8215.730149710022,8471.674533384456
M1_R2,2025-10-20,39737.18894433433,14799.572935211341,54536.76187954568,2939.0900714790987,8471.674533384456,8194.728540371796
M1_R2,2025-10-21,40514.17908291264,19537.03417799949,60051.213260912125,3536.9275653186505,8194.728540371796,8312.2738704541
M1_R2,2025-10-22,41582.00071651359,12140.78231859579,53722.78303510937,2444.8560805520565,8312.2738704541,8379.188605506877
M1_R2,2025-10-23,40888.876454069556,3012.0428223848517,43900.919276454406,558.6471493028764,8379.188605506877,5493.042942793612
M1_R2,2025-10-24,15698.150210125154,6753.362621010082,22451.51283113523,1655.9498544673015,5493.042942793612,5281.952815358218
M1_R2,2025-10-25,17347.702130701437,5095.487938195744,22443.19006889718,1207.435868231356,5281.952815358218,8342.869685146303
M1_R2,2025-10-26,42190.63748483732,2250.2963951412153,44440.93387997854,492.55290610953875,8342.869685146303,8567.887748896226
M1_R2,2025-10-27,41920.40506278702,8035.254583636,49955.65964642302,1840.6322163286882,8567.887748896226,8368.55203561952
M1_R2,2025-10-28,41723.86941350732,10498.857247097378,52222.7266606047,2149.871772141536,8368.55203561952,8450.311630322734
M1_R2,2025-10-29,42562.33204556569,21922.66242704122,64484.99447260691,3966.6180205640167,8450.311630322734,8464.391316218516
M1_R2,2025-10-30,42773.276163890885,2872.090178306658,45645.36634219755,608.5463073671051,8464.391316218516,5964.577836168141
M1_R2,2025-10-31,16770.155289557773,3716.8661294527956,20487.02141901057,1057.3831301222895,5964.577836168141,5773.449088410252
M1_R2,2025-11-01,18106.53671256234,2230.1250840198145,20336.661796582157,686.947677691769,5773.449088410252,8390.123602463476
M1_R2,2025-11-02,44247.61530497714,8691.367280143557,52938.9825851207,1788.405727439741,8390.123602463476,8498.994961337707
M1_R2,2025-11-03,44717.08983670695,5451.871854844793,50168.96169155175,1335.064533001693,8498.994961337707,8484.081841274638
M1_R2,2025-11-04,44973.87813355056,5183.803844987138,50157.6819785377,986.7422141308728,8484.081841274638,8463.829114664193
M1_R2,2025-11-05,45585.31679396062,3157.200384244523,48742.51717820515,811.4994583095527,8463.829114664193,8687.812967212396
M1_R2,2025-11-06,43601.92637755704,14157.839900144118,57759.76627770116,3018.3528510027027,8687.812967212396,6250.322514660868
M1_R2,2025-11-07,17558.207487002088,3407.607367520511,20965.8148545226,943.8430627779601,6250.322514660868,6187.879750492999
M1_R2,2025-11-08,18358.272591908702,1367.4408090218326,19725.713400930534,403.9534657492877,6187.879750492999,8502.10570404452
M1_R2,2025-11-09,45768.387961332555,9108.04059611253,54876.42855744508,1936.5738877678855,8502.10570404452,8500.486667379559
M1_R2,2025-11-10,46031.06797808009,18216.15808037835,64247.226058458444,3614.194604374605,8500.486667379559,8558.094679565585
M1_R2,2025-11-11,46781.79170857577,3371.9846597559163,50153.77636833169,790.5755908725035,8558.094679565585,8367.503697913417
M1_R2,2025-11-12,47658.084524837,2080.362969419419,49738.44749425642,426.12973596440713,8367.503697913417,8555.326969594978
M1_R2,2025-11-13,46132.35578302616,6613.71599621481,52746.07177924096,1445.8685854101798,8555.326969594978,6980.675478112845
M1_R2,2025-11-14,17880.633436957,1594.5296245563004,19475.1630615133,510.0247008128679,6980.675478112845,6714.770114908583
M1_R2,2025-11-15,18751.58849219654,3018.073680925561,21769.662173122102,832.5357887578417,6714.770114908583,8528.81467409031
M1_R2,2025-11-16,48657.282366345506,6861.309123338076,55518.591489683575,1484.8318035306957,8528.81467409031,8496.991789576778
M1_R2,2025-11-17,49240.900936560996,797.8643104712387,50038.765247032235,241.05977827171648,8496.991789576778,8549.79456078846
M1_R2,2025-11-18,48579.75028332455,7464.4565179944675,56044.20680131902,1685.5433787470308,8549.79456078846,8499.068187693209
M1_R2,2025-11-19,49107.9002659422,6913.599374840488,56021.49964078268,1572.8570792324876,8499.068187693209,8417.673144147375
M1_R2,2025-11-20,49344.64781227005,4153.520601368946,53498.16841363899,903.5601917935205,8417.673144147375,7329.215657134943
M1_R2,2025-11-21,18274.70891751069,1887.3822415561149,20162.091159066804,726.8112175889712,7329.215657134943,7077.476610197907
M1_R2,2025-11-22,19129.173060536777,2715.8451534246246,21845.018213961397,775.4925902111908,7077.476610197907,8444.40088935078
M1_R2,2025-11-23,50486.867172915096,3197.208480420432,53684.075653335516,713.7146920300678,8444.40088935078,8581.709770161739
M1_R2,2025-11-24,50115.65008178498,3703.8517532096967,53819.50183499468,867.9629825752606,8581.709770161739,8314.987160088393
M1_R2,2025-11-25,50174.998067648565,3731.68756464341,53906.68563229196,942.8005691650093,8314.987160088393,8505.636722551702
M1_R2,2025-11-26,50266.76713857877,7147.29133909008,57414.05847766885,1530.2057267541093,8505.636722551702,8662.113659420238
M1_R2,2025-11-27,50120.1401519302,3392.994850159317,53513.13500208952,784.7410292129176,8662.113659420238,7597.175385931833
M1_R2,2025-11-28,18557.558094695854,2897.9982522805963,21455.556346976453,737.1485916874277,7597.175385931833,7547.045366549071
M1_R2,2025-11-29,19465.63019459979,10721.9055720267,30187.53576662649,1951.1093750451573,7547.045366549071,8331.109832638393
M1_R2,2025-11-30,52133.65467184341,9847.414667590929,61981.06933943434,2101.7974164928673,8331.109832638393,8547.476064736744
M1_R2,2025-12-01,52373.0735521444,28794.594231311705,81167.6677834561,7276.053135638353,8547.476064736744,8308.21829231773
M1_R2,2025-12-02,52904.72404773197,36703.851021075665,89608.57506880764,8685.936451121717,8308.21829231773,8332.6797652637
M1_R2,2025-12-03,58598.88844905147,7151.1608060867475,65750.04925513822,1781.5341654281028,8332.6797652637,9381.3662652282
M1_R2,2025-12-04,57527.51527541374,10124.253094819209,67651.76837023295,2610.311098978752,9381.3662652282,8999.542319515509
M1_R2,2025-12-05,24409.39202232186,2613.552783228415,27022.94480555028,739.4767020749957,8999.542319515509,9254.448379315869
M1_R2,2025-12-06,23922.52734527292,6560.17186395054,30482.699209223458,1654.8598337906874,9254.448379315869,8692.891576076505
M1_R2,2025-12-07,59431.32038239778,2296.232594160954,61727.552976558734,502.39377442610623,8692.891576076505,9189.84440103937
M1_R2,2025-12-08,63844.457684061206,4.0013980664085125e-05,63844.4577240752,7.433463052157042e-06,9189.84440103937,9734.885484988989
M1_R2,2025-12-09,60600.89929211166,1230.1999378964915,61831.099230008156,253.1341982996206,9734.885484988989,8978.931859638602
M1_R2,2025-12-10,60122.76370775941,632.9572204053508,60755.72092816477,156.64468882582494,8978.931859638602,8843.709300078452
M1_R2,2025-12-11,60471.45486619037,264.3157112613264,60735.770577451694,56.38268689513477,8843.709300078452,8956.100340944004
M1_R2,2025-12-12,24675.099751458514,1380.3490941786454,26055.448845637162,476.2770735938517,8956.100340944004,8562.65877347954
M1_R2,2025-12-13,25394.584076752773,1225.3027559606471,26619.88683271342,353.23196861636353,8562.65877347954,8946.348644227031
M1_R2,2025-12-14,60384.70924907857,2311.7036187767017,62696.41286785528,498.3001482028455,8946.348644227031,8924.64523232073
M1_R2,2025-12-15,64323.1973437352,298.0735111227527,64621.27085485795,61.980261234891955,8924.64523232073,9142.534795787857
M1_R2,2025-12-16,63358.243305400356,126.7649478996812,63485.008253300046,25.204628947856563,9142.534795787857,8855.98564519601
M1_R2,2025-12-17,62669.39567682189,517.7256268711917,63187.121303693086,97.58590998323479,8855.98564519601,8886.736293526123
M1_R2,2025-12-18,62480.1763919501,166.41483590969918,62646.5912278598,35.44548122652403,8886.736293526123,8873.209771663485
M1_R2,2025-12-19,26742.23527132211,221.9143742359779,26964.149645558093,70.61910416744462,8873.209771663485,8438.871975759786
M1_R2,2025-12-20,26826.15875861409,321.4818694858768,27147.640628099965,66.2385288545461,8438.871975759786,8837.764917895596
M1_R2,2025-12-21,61668.5830438627,956.1205247133746,62624.70356857608,207.0912962727615,8837.764917895596,8958.249120825796
M1_R2,2025-12-22,61116.3208007923,1895.9814638859073,63012.302264678205,420.9383928921967,8958.249120825796,8549.947574216045
M1_R2,2025-12-23,61308.24898845818,662.0490903472112,61970.2980788054,141.26419530388105,8549.947574216045,8704.230650050926
M1_R2,2025-12-24,60483.66029146992,1701.13862269753,62184.79891416746,311.0197978423348,8704.230650050926,8619.15822932566
M1_R2,2025-12-25,60284.82055013628,1916.3755018616303,62201.19605199791,377.7233549793939,8619.15822932566,8600.399760722654
M1_R2,2025-12-26,25475.828990104725,1177.9011795292408,26653.730169633964,429.63036943612076,8600.399760722654,8712.877491762458
M1_R2,2025-12-27,25072.660441467502,887.8125567878017,25960.472998255304,193.38342327754165,8712.877491762458,8567.35183929898
M1_R2,2025-12-28,60535.52302527439,2216.0526089783743,62751.57563425277,440.37988304597167,8567.35183929898,8889.013045383155
M1_R2,2025-12-29,60602.84702978116,767.7619169341651,61370.608946715314,170.1236884209937,8889.013045383155,8504.619536739123
M1_R2,2025-12-30,59334.51371224866,1903.1254659865365,61237.6391782352,412.2657020917725,8504.619536739123,8537.899533768292
M1_R2,2025-12-31,55852.8605584654,4814.532509540741,60667.39306800614,1076.0445712962178,8537.899533768292,1235.264057167648
M2,2025-02-01,21093.07131270059,291.08840697925297,21384.159719679847,94.57032982338742,10800.0,8911.764484046496
M2,2025-02-02,54772.21557630556,366.0486658690944,55138.26424217466,92.79133277184158,8911.764484046496,8971.774088272223
M2,2025-02-03,52552.194372920785,5996.252919953544,58548.44729287432,1319.677479173784,8971.774088272223,8462.206834362165
M2,2025-02-04,53144.77229941845,9008.89371325251,62153.66601267096,1905.83758077925,8462.206834362165,8476.994737783785
M2,2025-02-05,52319.11014738267,7681.921041389238,60001.031188771914,1650.1039907298136,8476.994737783785,8547.316271288906
M2,2025-02-06,52750.815007504556,3456.359350508365,56207.17435801291,747.8801189267651,8547.316271288906,7877.610287244431
M2,2025-02-07,19565.679874228186,2765.6795032452824,22331.35937747347,668.8902082904428,7877.610287244431,7805.27375572874
M2,2025-02-08,18040.74093358522,8290.874980674544,26331.615914259768,1918.072567763768,7805.27375572874,8321.098601365627
M2,2025-02-09,51039.03225291101,10831.876772498303,61870.909025409324,2301.1883043148364,8321.098601365627,8445.022084478225
M2,2025-02-10,51619.60526924589,2296.516904051895,53916.12217329779,523.9386191722867,8445.022084478225,8374.433251629305
M2,2025-02-11,50629.369935959956,4197.408125165419,54826.77806112537,863.9758016659381,8374.433251629305,8429.96749239509
M2,2025-02-12,48664.08418566418,9582.934074915383,58247.01826057958,2037.0617606886854,8429.96749239509,8374.423177418832
M2,2025-02-13,48675.409666629566,3091.4978410288613,51766.90750765843,852.3400034249188,8374.423177418832,7336.111676646859
M2,2025-02-14,16653.143193553253,7137.87101912646,23791.014212679715,2005.7089618821087,7336.111676646859,6334.1005921179485
M2,2025-02-15,17636.59299703439,9958.670577369396,27595.263574403787,2603.3344478852778,6334.1005921179485,8120.582184249673
M2,2025-02-16,46128.24239953772,20127.860187109476,66256.10258664719,4214.506170497003,8120.582184249673,8386.470969123353
M2,2025-02-17,46922.07333632058,4298.170631454102,51220.24396777469,1050.9944562159383,8386.470969123353,8284.43140911512
M2,2025-02-18,46034.80314565294,8140.100604954519,54174.90375060747,1943.8972469465991,8284.43140911512,8402.700905804904
M2,2025-02-19,45687.12129758624,14305.172674308424,59992.29397189466,3276.318559827152,8402.700905804904,8154.55717750204
M2,2025-02-20,44731.83848903122,7557.530031746665,52289.368520777876,1737.0184427067834,8154.55717750204,6455.086354540177
M2,2025-02-21,16677.00455460739,5456.961203333205,22133.965757940594,1701.768152064638,6455.086354540177,5987.539715598078
M2,2025-02-22,18008.0591248688,9164.921572444513,27172.98069731331,2140.233405426295,5987.539715598078,8280.194111600702
M2,2025-02-23,45700.86474139306,6033.994216513021,51734.85895790608,1456.9356697247545,8280.194111600702,8443.423192168275
M2,2025-02-24,44221.70405770141,5157.540938926258,49379.24499662766,1194.0200055979287,8443.423192168275,8464.256380416004
M2,2025-02-25,44280.08520016855,3269.6526277266257,47549.73782789517,905.6274829228425,8464.256380416004,8317.524262369476
M2,2025-02-26,43566.059593126774,8299.92411350203,51865.9837066288,1958.056074339352,8317.524262369476,8510.667859874031
M2,2025-02-27,41579.26861174079,12339.867462792176,53919.13607453296,2577.129545005256,8510.667859874031,6287.014694088684
M2,2025-02-28,16502.7143497614,5545.658238885429,22048.37258864683,1461.0762397011429,6287.014694088684,5923.875261789642
M2,2025-03-01,18221.118155706718,2009.0089837394,20230.127139446122,453.0394850594855,5923.875261789642,8564.325087068382
M2,2025-03-02,45085.0163358144,24055.343830333914,69140.36016614833,4604.829341820522,8564.325087068382,8584.089633184258
M2,2025-03-03,43557.1287948291,23685.94744545229,67243.07624028139,4943.5431177725695,8584.089633184258,8396.72456005007
M2,2025-03-04,45315.72417792445,1451.7486635226862,46767.47284144714,414.88880558522317,8396.72456005007,8298.736634562027
M2,2025-03-05,44998.20020998859,2877.20011636767,47875.40032635626,587.6910867394299,8298.736634562027,8468.458686712467
M2,2025-03-06,40738.57820287389,8530.917283488268,49269.49548636217,1880.8460229234065,8468.458686712467,5352.443820694842
M2,2025-03-07,15075.55876582612,8440.748158977602,23516.30692480372,1823.6054110140117,5352.443820694842,4603.783731904495
M2,2025-03-08,16486.80791068118,6272.3575238963185,22759.1654345775,1925.0988159165192,4603.783731904495,8247.20857551934
M2,2025-03-09,41783.77037189389,3663.180757917852,45446.95112981174,872.5654944507721,8247.20857551934,8558.535356974293
M2,2025-03-10,40490.79008443652,23488.030104557613,63978.820188994134,4472.781849204096,8558.535356974293,8348.152182854987
M2,2025-03-11,41934.133050010016,5149.803361812481,47083.93641182249,1259.0756336397014,8348.152182854987,8540.31140748768
M2,2025-03-12,40559.21560329498,4849.31861948775,45408.53422278272,1163.3564749229724,8540.31140748768,8269.552051272083
M2,2025-03-13,38008.71698376683,28296.92603566793,66305.64301943476,5085.374960245723,8269.552051272083,4396.749762386652
M2,2025-03-14,14610.205357759862,3912.7495028900385,18522.9548606499,1173.5992992347424,4396.749762386652,3921.509968402245
M2,2025-03-15,16600.478370980294,7343.690834251688,23944.169205231985,2128.2700580112078,3921.509968402245,8153.251286059879
M2,2025-03-16,40748.58392661006,7036.856044456891,47785.43997106695,1799.327756482714,8153.251286059879,8658.284340230342
M2,2025-03-17,40669.507567337365,2148.488726156461,42817.99629349383,610.2192022515575,8658.284340230342,8648.821419856244
M2,2025-03-18,37819.26729147196,11950.898583821272,49770.16587529323,2661.5703574515037,8648.821419856244,8262.800246131832
M2,2025-03-19,38118.34950185203,7819.35994620526,45937.7094480573,1793.1990183998382,8262.800246131832,8584.20048885093
M2,2025-03-20,35586.28504213522,15884.50486398546,51470.78990612068,3376.5603612324167,8584.20048885093,3916.228541756472
M2,2025-03-21,13926.535214417874,5935.996774955491,19862.53198937337,1886.6585118777066,3916.228541756472,3612.141801283459
M2,2025-03-22,16592.584817092076,6428.194411128177,23020.77922822025,1576.4273558564928,3612.141801283459,8349.446012281525
M2,2025-03-23,38002.27993389361,6342.504218942768,44344.78415283638,1379.7719491988485,8349.446012281525,8602.20957268551
M2,2025-03-24,37015.38002822345,7229.173154460861,44244.55318268431,1757.8871613055273,8602.20957268551,8455.759732109946
M2,2025-03-25,36848.328104040396,14770.399615147393,51618.727719187795,3216.9801272442246,8455.759732109946,8333.14079898352
M2,2025-03-26,36805.01288798587,2779.819538100249,39584.83242608611,763.284483446947,8333.14079898352,8410.867128068721
M2,2025-03-27,34836.691436880945,7647.872314393118,42484.56375127406,1838.7022348270616,8410.867128068721,3622.660517972904
M2,2025-03-28,13796.863786467526,3390.042808209657,17186.906594677184,1097.581114175805,3622.660517972904,3499.4624851320905
M2,2025-03-29,16343.96493984171,2262.0455786388848,18606.010518480594,669.6218082933584,3499.4624851320905,8484.833983409035
M2,2025-03-30,35234.79269445168,4971.163153321193,40205.95584777287,1264.9720931268394,8484.833983409035,8483.92821530252
M2,2025-03-31,34705.647615235386,19445.398312497826,54151.04592773323,3578.450981941133,8483.92821530252,8550.508012477516
M2,2025-04-01,35038.221598007876,32319.548480121324,67357.7700781292,5529.255006402415,8550.508012477516,8551.263339700803
M2,2025-04-02,35052.098707504396,27342.670125394026,62394.76883289842,5140.725575876349,8551.263339700803,8467.156656018726
M2,2025-04-03,34030.38176022473,5724.619230560121,39755.00099078484,1328.5527341955503,8467.156656018726,3349.86597055947
M2,2025-04-04,13446.378720484536,2019.0082964652909,15465.387016949826,689.8967676283985,3349.86597055947,3333.9961686476327
M2,2025-04-05,15948.107510727648,9144.785384110724,25092.89289483837,1909.8976817590328,3333.9961686476327,8371.844582862146
M2,2025-04-06,36092.40783024646,1794.2617650384068,37886.669595284875,431.28093382954336,8371.844582862146,8541.816986127838
M2,2025-04-07,35254.338292009095,2472.6653815470136,37727.0036735561,685.5261025254358,8541.816986127838,8367.970615658758
M2,2025-04-08,35819.640641239916,4551.303471091265,40370.944112331184,999.6152176305163,8367.970615658758,8437.009005919406
M2,2025-04-09,35001.654246361155,23160.983546977543,58162.6377933387,3928.333233683918,8437.009005919406,8426.891627426066
M2,2025-04-10,32779.792273966006,3924.7208909674714,36704.51316493348,915.3515158607966,8426.891627426066,3371.8940566388906
M2,2025-04-11,12902.475137735233,2180.526560886343,15083.001698621578,749.9211988202858,3371.8940566388906,2928.176340936408
M2,2025-04-12,16011.731986539933,685.6433906259106,16697.375377165845,256.46655158255413,2928.176340936408,8425.073441548227
M2,2025-04-13,34369.52636239093,5018.907789267066,39388.434151657995,1032.9221755709507,8425.073441548227,8552.252882652287
M2,2025-04-14,33784.25457972768,3154.8122218958383,36939.06680162353,845.9356217433403,8552.252882652287,8417.10566514767
M2,2025-04-15,34467.775909806835,5009.871479513005,39477.64738931984,928.276592233793,8417.10566514767,8580.248679131302
M2,2025-04-16,34256.38099985916,10294.606166280615,44550.98716613977,1872.1733956903092,8580.248679131302,8380.40541045131
M2,2025-04-17,31251.392116512765,6003.5089287993,37254.901045312065,1048.4648589743867,8380.40541045131,3126.8600633511696
M2,2025-04-18,12479.850319467409,1805.8367888364437,14285.687108303853,609.0141405242879,3126.8600633511696,2795.133634817193
M2,2025-04-19,15357.214167493426,1081.7407070210802,16438.954874514504,403.22158107736664,2795.133634817193,8407.475514537595
M2,2025-04-20,33162.47039940421,4309.209327703295,37471.679727107505,993.2182913787616,8407.475514537595,8638.73769975591
M2,2025-04-21,32890.61765311099,1986.0976352826792,34876.715288393665,539.4997174802445,8638.73769975591,8434.106633876556
M2,2025-04-22,32085.721854538504,9637.951041359978,41723.67289589849,1995.4175852473604,8434.106633876556,8308.434554130858
M2,2025-04-23,33331.433764196685,2279.971989482009,35611.4057536787,649.9736545876849,8308.434554130858,8563.467065573928
M2,2025-04-24,29668.78299634807,1922.4187801607704,31591.201776508842,416.13762716228825,8563.467065573928,2561.340842560352
M2,2025-04-25,11616.89256566081,1993.497011131023,13610.389576791833,532.724893405323,2561.340842560352,2144.7238902703184
M2,2025-04-26,14253.546362316547,7886.218174307693,22139.76453662424,1836.6448021318574,2144.7238902703184,7708.022494071358
M2,2025-04-27,29640.73595081478,15681.648137898625,45322.3840887134,3451.9041732626697,7708.022494071358,7546.931519088108
M2,2025-04-28,31079.671205828537,45697.51116981271,76777.18237564125,7689.320966144283,7546.931519088108,7514.894045016063
M2,2025-04-29,32156.19095738711,5779.438693718285,37935.629651105395,1329.7903164896518,7514.894045016063,8091.909946048728
M2,2025-04-30,31312.68192409424,2954.1319862015553,34266.813910295794,583.0036327668074,8091.909946048728,7897.031949470611
M2,2025-05-01,28077.248653752435,19538.817655631596,47616.06630938403,3905.9048715877148,7897.031949470611,1241.963137068581
M2,2025-05-02,12205.507133906161,27465.57036780135,39671.07750170751,5383.606695462845,1241.963137068581,1377.762645181734
M2,2025-05-03,15515.088939777674,14024.595767967683,29539.68470774536,2804.3322540635536,1377.762645181734,7578.941823113759
M2,2025-05-04,33288.31844638505,9955.275412298759,43243.5938586838,1857.4458894913892,7578.941823113759,7979.920328571917
M2,2025-05-05,33867.88078765399,15857.326402344801,49725.207189998786,3068.0512983456047,7979.920328571917,8274.369085022738
M2,2025-05-06,33723.71076870847,10787.116698336617,44510.82746704509,2248.638574755933,8274.369085022738,8006.409282477311
M2,2025-05-07,34905.503609788815,9885.565625947156,44791.069235735966,1904.584363900397,8006.409282477311,8280.72094710808
M2,2025-05-08,33952.83972985868,5754.456061059966,39707.295790918644,1008.8170779179392,8280.72094710808,2819.3775052823844
M2,2025-05-09,13876.27003605953,2409.172167736714,16285.442203796247,732.1306811271143,2819.3775052823844,2592.213909915127
M2,2025-05-10,17012.772231415627,7130.112033240511,24142.88426465614,1391.8103958946263,2592.213909915127,8331.369923959823
M2,2025-05-11,35661.31998968091,9971.548944374139,45632.86893405505,1838.9976873856972,8331.369923959823,8575.50724806935
M2,2025-05-12,35865.74567250302,1941.5437772218822,37807.28944972491,465.42774724528147,8575.50724806935,8739.443052378092
M2,2025-05-13,35730.501291913664,877.2803533972526,36607.781645310926,183.16454398741837,8739.443052378092,8631.145488559103
M2,2025-05-14,35977.26301735317,2235.162562299807,38212.425579652976,546.7935013878969,8631.145488559103,8618.286145964154
M2,2025-05-15,33888.57368439973,4108.273560262927,37996.847244662655,1083.4239597391331,8618.286145964154,3475.692047984043
M2,2025-05-16,13772.842733102385,996.2963627537627,14769.139095856148,457.44765544450905,3475.692047984043,2204.609240487276
M2,2025-05-17,17880.608630308772,7151.0366880341135,25031.64531834289,1393.4066277733345,2204.609240487276,9063.477218184124
M2,2025-05-18,35716.02139189717,2170.324776442242,37886.34616833941,495.98200464795343,9063.477218184124,9363.030790169216
M2,2025-05-19,35036.95982865095,841.8503824623239,35878.810211113276,169.75435995905394,9363.030790169216,8765.347435729678
M2,2025-05-20,34988.154124140834,7942.384518879313,42930.538643020154,1381.8593771688265,8765.347435729678,8688.720471346714
M2,2025-05-21,34805.810609501605,2868.6927001759404,37674.503309677544,740.7976892864897,8688.720471346714,8254.835586017196
M2,2025-05-22,31188.045920678305,2475.71159401371,33663.75751469202,540.9105360082192,8254.835586017196,2568.127989999713
M2,2025-05-23,13301.685429092777,2743.2878004135573,16044.973229506333,909.4559858326835,2568.127989999713,2013.764744597624
M2,2025-05-24,17044.484346891833,628.3983163652354,17672.882663257067,289.40188631733463,2013.764744597624,8400.028809301475
M2,2025-05-25,34519.62464061787,1.0057359389747944e-10,34519.62464061797,1.9987567156931618e-11,8400.028809301475,8393.416689693115
M2,2025-05-26,34005.9985023577,13164.934584279295,47170.933086637,2222.5380704946133,8393.416689693115,7895.574443237719
M2,2025-05-27,33862.911982205296,971.637959838386,34834.54994204368,445.16271733710084,7895.574443237719,7932.59611064133
M2,2025-05-28,34119.19677336286,2949.0485828454684,37068.24535620833,654.1040176282754,7932.59611064133,8231.950278377944
M2,2025-05-29,30042.682147386808,18464.649850863752,48507.33199825056,3293.504610681123,8231.950278377944,2043.5573176656285
M2,2025-05-30,13183.940398582392,9882.352597869265,23066.29299645166,2016.6372801331256,2043.5573176656285,1777.9481502940994
M2,2025-05-31,16890.591396858585,4592.885696243884,21483.47709310247,1100.6256605108958,1777.9481502940994,8443.83557260087
M2,2025-06-01,34130.04809708294,81301.24704555052,115431.29514263346,15322.737512489792,8443.83557260087,6890.127186171061
M2,2025-06-02,35620.66837014558,61525.75537705114,97146.42374719672,12805.507840859675,6890.127186171061,7304.489834419419
M2,2025-06-03,43729.50366290468,9651.41018378458,53380.91384668926,1972.5134825353825,7304.489834419419,8218.19388029963
M2,2025-06-04,43862.732383863346,12037.983974952573,55900.71635881592,2634.1637187640163,8218.19388029963,8172.253548440191
M2,2025-06-05,42707.27719074227,8553.250594617113,51260.52778535938,1776.678235766545,8172.253548440191,2411.5346828239785
M2,2025-06-06,18493.160346189034,23773.968805774195,42267.12915196323,4699.308271714448,2411.5346828239785,2456.767979326652
M2,2025-06-07,22543.585549554107,3589.691103330251,26133.276652884357,711.1444877760325,2456.767979326652,8330.65889552986
M2,2025-06-08,55840.844451430865,3.546451310398879e-11,55840.844451430894,6.247447004170681e-12,8330.65889552986,9725.972980703122
M2,2025-06-09,47389.32653298113,5023.614242571607,52412.94077555274,1052.221356169529,9725.972980703122,8657.571859297956
M2,2025-06-10,48608.15269971303,3585.5248700914335,52193.677569804466,746.2457665459794,8657.571859297956,8748.689960364727
M2,2025-06-11,48130.855903893105,18399.19322427547,66530.04912816857,3869.374786377607,8748.689960364727,8719.414747739016
M2,2025-06-12,48133.83794485984,2058.886167434415,50192.72411229425,402.71571178074487,8719.414747739016,3526.2552008265884
M2,2025-06-13,19136.329228131133,3373.686389578341,22510.015617709472,822.3488792676902,3526.2552008265884,2983.0636474415646
M2,2025-06-14,22829.328307039206,375.1849179752221,23204.51322501443,144.51615268439824,2983.0636474415646,8490.400731991273
M2,2025-06-15,54626.10243866526,4.8461309631875347e-11,54626.1024386653,9.50706180447014e-12,8490.400731991273,10550.084992207918
M2,2025-06-16,51116.00780798771,266.96983978370156,51382.977647771404,99.0930452806841,10550.084992207918,9717.997301848238
M2,2025-06-17,51182.55240991019,5754.329725648688,56936.88213555889,1324.2319903638784,9717.997301848238,9394.469449404398
M2,2025-06-18,51264.16527315654,94.07413803666833,51358.23941119321,33.32571999217143,9394.469449404398,9711.232492614328
M2,2025-06-19,47292.3259491021,953.6524961316098,48245.97844523371,206.02176668972433,9711.232492614328,3603.420753993767
M2,2025-06-20,19885.62893342578,595.4758936490933,20481.104827074872,273.51855808418196,3603.420753993767,3421.2006983299398
M2,2025-06-21,22986.759917431496,439.7034686402068,23426.463386071708,202.07893281165,3421.2006983299398,9772.369185425005
M2,2025-06-22,46599.092386230535,5087.095790625258,51686.188176855794,1099.5204071519331,9772.369185425005,9142.38389469454
M2,2025-06-23,46184.035870576656,5844.3142260146915,52028.35009659135,1306.335924266511,9142.38389469454,8831.16588413433
M2,2025-06-24,44953.578179691416,38557.28790840699,83510.86608809841,7775.526926081771,8831.16588413433,8694.253424420693
M2,2025-06-25,47220.824022868495,8171.199695896618,55392.02371876511,1711.757624387119,8694.253424420693,8962.007097515798
M2,2025-06-26,44048.30085403262,3079.88496409373,47128.18581812635,643.6669674375244,8962.007097515798,2561.4660579170527
M2,2025-06-27,17988.085472580784,2222.775353795433,20210.860826376214,952.7456059210776,2561.4660579170527,2402.620679629509
M2,2025-06-28,21363.86876342429,1814.9610995917446,23178.829863016035,640.2487614587565,2402.620679629509,8703.103859603874
M2,2025-06-29,45979.04434402415,4192.33477352444,50171.37911754859,948.9978110705631,8703.103859603874,8915.4316434112
M2,2025-06-30,45607.83866736695,8483.499673541883,54091.33834090884,2040.9465622410207,8915.4316434112,8376.984897863995
M2,2025-07-01,45097.32725927489,35187.46093401527,80284.78819329015,8357.932140349965,8376.984897863995,7288.953079924046
M2,2025-07-02,49917.09685083701,16298.06289710584,66215.15974794285,3827.2213933391918,7288.953079924046,7918.501532092121
M2,2025-07-03,48966.99557843141,12839.994667213714,61806.99024564512,2840.6429804462978,7918.501532092121,2066.696534911777
M2,2025-07-04,24350.42424506136,6193.942114336868,30544.36635939823,1609.1963757582976,2066.696534911777,3094.399135963902
M2,2025-07-05,26309.254575438794,5650.6002919422535,31959.854867381044,1277.560833688675,3094.399135963902,8282.115533553046
M2,2025-07-06,49009.11945374848,30090.22509366852,79099.34454741699,6128.298303174198,8282.115533553046,8316.886335586147
M2,2025-07-07,51359.94459249563,4216.5948805149255,55576.539473010555,1159.1728672956388,8316.886335586147,8418.094658413465
M2,2025-07-08,58408.59221160109,933.8216298737808,59342.413841474874,187.03797682896206,8418.094658413465,10526.391972876529
M2,2025-07-09,50654.824749106265,2676.773342177269,53331.59809128352,505.8386839344474,10526.391972876529,8997.00006163232
M2,2025-07-10,48403.890513709935,2394.37701253559,50798.267526245516,614.6759319565942,8997.00006163232,3352.691074973633
M2,2025-07-11,23723.190255260655,4603.993949368714,28327.184204629368,1391.7781829131322,3352.691074973633,2478.6158467539567
M2,2025-07-12,27602.070387132102,3613.0402377128016,31215.110624844907,712.971419076973,2478.6158467539567,8553.453140741169
M2,2025-07-13,50577.473161471426,2599.386732856828,53176.85989432824,465.39402126729107,8553.453140741169,8628.52503697497
M2,2025-07-14,48654.15355497626,4949.536744354872,53603.69029933114,942.4640204984646,8628.52503697497,8686.969459744876
M2,2025-07-15,58954.14325159254,2.6388873308746955e-11,58954.14325159256,4.920508445138694e-12,8686.969459744876,10800.0
M2,2025-07-16,52735.73264979791,541.7122568160877,53277.44490661399,131.7700482332806,10800.0,9778.11588757444
M2,2025-07-17,50772.44591184333,1903.347921001468,52675.79383284481,414.47057783788983,9778.11588757444,4731.177793777135
M2,2025-07-18,25730.172632179405,138.11479878601068,25868.28743096542,34.2929357631298,4731.177793777135,4121.292252954911
M2,2025-07-19,28830.152974094766,148.72958627799176,28978.882560372756,58.63880047298878,4121.292252954911,9187.852926602003
M2,2025-07-20,51487.6448576115,2450.326354439307,53937.97121205081,558.6945129747057,9187.852926602003,9814.61973548034
M2,2025-07-21,52199.46177673015,1023.0928300469573,53222.55460677711,230.32976174676628,9814.61973548034,9584.43158343931
M2,2025-07-22,51120.04534496773,6482.512903756219,57602.558248723944,1378.3729629009265,9584.43158343931,9128.832135228273
M2,2025-07-23,51023.47754307201,2907.3036071090487,53930.78115018106,604.3084925522086,9128.832135228273,8863.364729065022
M2,2025-07-24,48192.43478710651,6959.950607718511,55152.385394825025,1542.9805020753495,8863.364729065022,3834.474960756868
M2,2025-07-25,23743.566284583772,2077.4712000850473,25821.03748466882,767.140223328411,3834.474960756868,2734.558734735468
M2,2025-07-26,27691.946528901048,1190.4652307241843,28882.411759625236,470.0494319262541,2734.558734735468,8815.717200295201
M2,2025-07-27,50025.62658198606,8989.299735240536,59014.926317226586,1845.2355389448585,8815.717200295201,9315.901405263518
M2,2025-07-28,50053.72842845984,14075.416949436414,64129.14537789627,2793.799998343783,9315.901405263518,8588.970393932961
M2,2025-07-29,50361.146108239605,7658.941828725592,58020.087936965196,1519.1189652589724,8588.970393932961,8852.700852471817
M2,2025-07-30,48529.887740756254,11080.898929309384,59610.786670065645,2418.7261203896373,8852.700852471817,8537.63291327405
M2,2025-07-31,45682.35669566592,11884.571535154142,57566.92823082006,2479.392724898271,8537.63291327405,2756.490108175244
M2,2025-08-01,21605.61112109609,8562.03947212778,30167.650593223872,2539.891355468848,2756.490108175244,2274.500106456901
M2,2025-08-02,26805.217353214386,1025.2992743784416,27830.516627592828,254.49015056175006,2274.500106456901,8728.740201294504
M2,2025-08-03,45638.77340802997,5795.545805524746,51434.31921355471,1008.4923361271138,8728.740201294504,8299.236573259028
M2,2025-08-04,44481.1859229403,4591.9268071774,49073.1127301177,920.6163038300692,8299.236573259028,8455.329907306315
M2,2025-08-05,44009.248854049016,2789.0260011862847,46798.2748552353,646.6659547160007,8455.329907306315,8199.968753139334
M2,2025-08-06,43872.640884776585,19240.7555310206,63113.39641579719,3958.7024850433413,8199.968753139334,8146.200149340619
M2,2025-08-07,42251.894788700105,3411.9762898245453,45663.87107852465,782.9184711154378,8146.200149340619,2103.7879775114266
M2,2025-08-08,22008.280913904553,4544.1925985754315,26552.473512479984,1154.3871042988344,2103.7879775114266,2093.490889653496
M2,2025-08-09,24072.269839216573,5834.525163511076,29906.795002727646,1453.1358862253105,2093.490889653496,7511.668968126998
M2,2025-08-10,43908.554475206256,10521.799991107402,54430.354466313656,1800.782047593527,7511.668968126998,8310.433216005533
M2,2025-08-11,44405.72239496258,4544.424338941449,48950.14673390402,973.1990004241825,8310.433216005533,8127.130615907768
M2,2025-08-12,43091.88930565574,21234.00470256332,64325.89400821905,3917.216102329977,8127.130615907768,8243.815651941666
M2,2025-08-13,44478.20702255374,3245.14416638909,47723.35118894283,679.4959164300307,8243.815651941666,8647.377792025305
M2,2025-08-14,40790.854447915604,9878.897415703148,50669.751863618745,2118.2855160998906,8647.377792025305,2345.1547632821657
M2,2025-08-15,21959.625382417573,4239.465670354202,26199.091052771775,1334.087963807471,2345.1547632821657,2068.71556612511
M2,2025-08-16,24187.074881217224,8120.89396661443,32307.968847831653,1955.5655491331927,2068.71556612511,7726.239706962738
M2,2025-08-17,42642.555120520905,5734.159303222477,48376.71442374338,1231.204322791048,7726.239706962738,8162.990004177639
M2,2025-08-18,42558.98559695538,7737.940006701479,50296.925603656855,1711.8760147697421,8162.990004177639,7957.728089037046
M2,2025-08-19,42702.26085418502,7296.396847923262,49998.65770210828,1618.5944311501623,7957.728089037046,7881.780074915933
M2,2025-08-20,42959.32290974232,36866.45925814046,79825.78216788277,6577.338724444486,7881.780074915933,7946.725762427406
M2,2025-08-21,42127.391705369664,4142.277409928771,46269.66911529844,921.4043343404086,7946.725762427406,3031.2782623359744
M2,2025-08-22,21412.282007081158,16536.270787371814,37948.552794452975,3530.2623652428347,3031.2782623359744,2434.0344220372003
M2,2025-08-23,24849.90132383083,4431.56112515608,29281.46244898691,1149.546098456607,2434.0344220372003,8323.381704060168
M2,2025-08-24,44202.7996184854,8022.41110846487,52225.210726950274,1758.5691356579716,8323.381704060168,8567.157675762435
M2,2025-08-25,43619.116934766236,30134.127780194165,73753.2447149604,5455.624401394781,8567.157675762435,8170.863393707773
M2,2025-08-26,45048.4003854296,3198.4742516398555,48246.87463706945,727.6708606572175,8170.863393707773,8752.91082966126
M2,2025-08-27,44402.6463149294,12091.234971013888,56493.88128594329,2298.7651417171655,8752.91082966126,8445.46244210834
M2,2025-08-28,42299.10501482333,23874.29795325521,66173.40296807853,4126.1881130898055,8445.46244210834,2989.183471405088
M2,2025-08-29,22838.115635980543,5361.400198496632,28199.515834477177,1319.462761144858,2989.183471405088,2918.7664141647365
M2,2025-08-30,25552.078374308563,4786.664367222023,30338.742741530586,1183.2149703652722,2918.7664141647365,8260.719933982406
M2,2025-08-31,44937.85882895025,7612.325730427098,52550.18455937735,1634.253364590324,8260.719933982406,8883.879613189176
M2,2025-09-01,44778.78613139825,3.17668877869437e-11,44778.78613139828,6.110667527536862e-12,8883.879613189176,10800.0
M2,2025-09-02,37100.02019102479,5768.660578297053,42868.68076932184,1572.1506538827837,10800.0,9566.268055499317
M2,2025-09-03,36413.62531074307,5120.657557009626,41534.28286775269,1375.450433824491,9566.268055499317,8194.93161598043
M2,2025-09-04,35165.93196358757,5855.698747347178,41021.630710934754,1560.0583174977778,8194.93161598043,3699.556111302091
M2,2025-09-05,16195.094579793462,2951.4567827227193,19146.551362516184,1019.3990184542702,3699.556111302091,2530.329820435415
M2,2025-09-06,19229.953126379907,5332.804127307769,24562.757253687676,1520.6444014650588,2530.329820435415,8090.365670555481
M2,2025-09-07,35390.121676745664,13830.024788830015,49220.14646557568,2664.6995225894457,8090.365670555481,7179.087891665274
M2,2025-09-08,29457.701773931258,60824.78291803469,90282.48469196593,13136.964873302933,7179.087891665274,5819.821468656641
M2,2025-09-09,35793.372092937294,13926.990258825372,49720.36235176267,3391.194933526252,5819.821468656641,7568.131975583717
M2,2025-09-10,34744.199999171295,47490.793619192016,82234.99361836331,9136.206295218868,7568.131975583717,7789.732633337192
M2,2025-09-11,33608.811412030765,7324.4470948054495,40933.25850683621,1821.7714022869304,7789.732633337192,3168.32482896549
M2,2025-09-12,14659.752884410373,10849.521755134998,25509.274639545372,3255.878066325909,3168.32482896549,2284.32005403344
M2,2025-09-13,18933.446353309937,7597.948370911272,26531.39472422121,1883.0803689665659,2284.32005403344,8421.545214729838
M2,2025-09-14,35792.461974401755,30561.542939001316,66354.00491340307,5309.091674232182,8421.545214729838,7613.233944277017
M2,2025-09-15,29820.115918023534,46253.3216763198,76073.43759434333,10704.716007585539,7613.233944277017,6751.224184228583
M2,2025-09-16,33517.5969473898,38737.56624782914,72255.16319521895,8117.750100179772,6751.224184228583,7087.336915934224
M2,2025-09-17,34339.50689413368,40115.16062319816,74454.66751733184,7739.041259276813,7087.336915934224,7721.7793497507455
M2,2025-09-18,31622.991178596163,36862.17471820938,68485.16589680554,7367.404282634511,7721.7793497507455,2960.4234179649247
M2,2025-09-19,14161.683359282855,18410.60469934525,32572.28805862811,4979.474861243448,2960.4234179649247,2697.4044357786665
M2,2025-09-20,17128.580719225378,23565.769939359703,40694.35065858508,5093.131444645527,2697.4044357786665,8043.773458087354
M2,2025-09-21,37035.320806477204,12867.518490245613,49902.839296722814,2649.799024556224,8043.773458087354,8576.825922944692
M2,2025-09-22,37754.803756291134,11751.752564992352,49506.55632128349,2817.8049274438927,8576.825922944692,8249.617520939448
M2,2025-09-23,39115.22360520142,17793.09107675033,56908.31468195175,3594.1410562438887,8249.617520939448,8560.651289578744
M2,2025-09-24,39342.98765872634,9357.589428410669,48700.577087137004,2169.175677313672,8560.651289578744,8425.726769653405
M2,2025-09-25,36977.64421384167,12949.915459155956,49927.559672997624,3088.2778295972994,8425.726769653405,3914.8342709858175
M2,2025-09-26,16025.592569132266,5705.573040404313,21731.16560953658,1794.4986890659648,3914.8342709858175,3579.5488348615536
M2,2025-09-27,18738.729604450295,17061.954349769367,35800.68395421966,3667.074087357728,3579.5488348615536,8094.208923302587
M2,2025-09-28,40375.22700295047,16342.764209940628,56717.991212891095,3262.2212573334436,8094.208923302587,8455.595221957607
M2,2025-09-29,42028.79134373524,4594.253031078219,46623.04437481346,1002.8645485340562,8455.595221957607,8385.92023910357
M2,2025-09-30,41790.4288918735,18819.885114342465,60610.31400621597,3689.3270294952854,8385.92023910357,8421.118128215287
M2,2025-10-01,41564.30990545391,359.68493161200223,41923.99483706591,162.77734806254702,8421.118128215287,9789.320183668042
M2,2025-10-02,39679.65031905129,309.79178686937024,39989.44210592066,129.33331112645777,9789.320183668042,6200.263543045795
M2,2025-10-03,14306.698066164981,2700.827630038748,17007.52569620373,1195.337428015392,6200.263543045795,4717.65468099527
M2,2025-10-04,17611.69791442747,3919.5829769938337,21531.280891421302,1193.3841117484403,4717.65468099527,9056.473958156064
M2,2025-10-05,37016.378217508674,2471.8071183805823,39488.185335889255,722.2819121788914,9056.473958156064,9239.313104863491
M2,2025-10-06,38218.75585166524,1866.3022696170412,40085.05812128229,507.89554768016893,9239.313104863491,9205.190870267654
M2,2025-10-07,38128.8694586136,4495.154804743663,42624.024263357256,1107.1600492661748,9205.190870267654,9247.60194836344
M2,2025-10-08,33744.9046409203,14172.530923224123,47917.43556414442,3070.2643127200345,9247.60194836344,8261.687630768463
M2,2025-10-09,33735.62908770151,11164.458588762704,44900.087676464216,2294.0242294255113,8261.687630768463,4252.621679711224
M2,2025-10-10,14049.187881226802,10174.742927133193,24223.930808359997,2696.3787123283255,4252.621679711224,4206.128586286903
M2,2025-10-11,17134.73608482314,5104.626723540227,22239.36280836337,1169.251853376571,4206.128586286903,8386.040690445187
M2,2025-10-12,36295.34662926692,16464.247035810466,52759.59366507738,2940.9638463885167,8386.040690445187,8266.884858172303
M2,2025-10-13,38143.84649976296,3841.1732774795764,41985.019777242545,855.742704648985,8266.884858172303,8477.742954923515
M2,2025-10-14,37557.20293641717,15963.86117361893,53521.064110036095,3376.2299543307226,8477.742954923515,8292.860669016995
M2,2025-10-15,35976.92410593401,30554.0867836798,66531.01088961381,5515.214478359712,8292.860669016995,8319.391003503493
M2,2025-10-16,35676.20557862044,23832.902263249594,59509.10784187003,4881.804918768042,8319.391003503493,4694.937660827103
M2,2025-10-17,15064.5828057034,6106.594990163334,21171.177795866737,1363.233368772763,4694.937660827103,4738.631340807578
M2,2025-10-18,16774.681454087357,7421.030570715546,24195.712024802902,1792.6176829609462,4738.631340807578,8215.732240602909
M2,2025-10-19,39115.14155007816,18402.25607853443,57517.397628612576,3873.025306742658,8215.732240602909,8471.675381205121
M2,2025-10-20,40029.09812743632,14198.287525184303,54227.38565262062,2853.8003910388443,8471.675381205121,8194.728842621935
M2,2025-10-21,40802.58142336206,16838.227726253055,57640.80914961511,3152.695900809298,8194.728842621935,8312.274187705816
M2,2025-10-22,41878.31439229954,13463.579466380843,55341.89385868038,2695.6211519713597,8312.274187705816,8379.188910522047
M2,2025-10-23,41177.886328892026,3457.861790195271,44635.74811908731,693.9855548522919,8379.188910522047,5497.295949224453
M2,2025-10-24,15732.899532896117,7983.905681635077,23716.805214531196,1989.6329485305373,5497.295949224453,5277.981072570953
M2,2025-10-25,17386.43933841774,8062.847988477226,25449.28732689497,1862.58219852052,5277.981072570953,8342.869960937147
M2,2025-10-26,42459.80266602685,2259.3251028068858,44719.127768833736,524.316974105028,8342.869960937147,8567.887899239153
M2,2025-10-27,42185.72147110144,8385.244919157014,50570.96639025845,1912.191195967468,8567.887899239153,8368.552149072524
M2,2025-10-28,41982.00464639363,9967.377266446261,51949.3819128399,2091.167007883384,8368.552149072524,8450.311751342764
M2,2025-10-29,42831.110827331606,20987.75385022674,63818.864677558355,3981.0933362040896,8450.311751342764,8464.391453799986
M2,2025-10-30,43044.19011574991,3186.098064581246,46230.28818033116,728.9982533858358,8464.391453799986,5964.527739324758
M2,2025-10-31,16800.14277010018,6221.31867096586,23021.461441066043,1422.7644172506075,5964.527739324758,5771.27428425106
M2,2025-11-01,18136.738571922935,3404.2190784471827,21540.957650370114,1001.2215218536235,5771.27428425106,8390.123614793289
M2,2025-11-02,44440.32135742779,7324.442506066385,51764.76386349417,1532.6166821116522,8390.123614793289,8498.994982866361
M2,2025-11-03,44908.49836968228,5821.318068832217,50729.81643851449,1376.0594977821283,8498.994982866361,8424.574297845744
M2,2025-11-04,45196.576622813256,5294.035631217031,50490.61225403028,1077.1029509655414,8424.574297845744,8463.829121286117
M2,2025-11-05,45778.788912491225,3821.6971725848175,49600.486085076045,1008.8785220417251,8463.829121286117,8679.87152506778
M2,2025-11-06,43795.652470423025,14012.694340891383,57808.346811314404,3055.895314456884,8679.87152506778,6250.316546271492
M2,2025-11-07,17583.21182679151,3665.322162151182,21248.53398894269,1019.7414491751379,6250.316546271492,6187.879287581655
M2,2025-11-08,18383.456140381557,1536.9647664280358,19920.42090680959,469.716124917779,6187.879287581655,8502.105704079288
M2,2025-11-09,45941.53013399113,10123.533399211194,56065.06353320232,2179.3112712456536,8502.105704079288,8500.486667036508
M2,2025-11-10,46201.544639185326,17037.613169655164,63239.157808840486,3523.636607038503,8500.486667036508,8558.094679951651
M2,2025-11-11,46946.73507078175,3881.1834425912393,50827.918513372984,913.2038997648107,8558.094679951651,8367.503696679094
M2,2025-11-12,47828.58163077269,2679.1805143851066,50507.7621451578,552.2087567330516,8367.503696679094,8555.326970391958
M2,2025-11-13,46296.18737909621,9055.508046311274,55351.695425407495,1950.6024393163711,8555.326970391958,6980.674105305418
M2,2025-11-14,17902.632461804227,2702.428915400243,20605.061377204467,695.7631982624982,6980.674105305418,6714.707300422539
M2,2025-11-15,18773.12605309853,3229.204810877396,22002.330863975927,824.1971123364642,6714.707300422539,8528.814673877287
M2,2025-11-16,48806.602082604746,6910.783435434636,55717.38551803939,1554.756344310683,8528.814673877287,8452.812320140605
M2,2025-11-17,49406.296068571726,1799.9646240044165,51206.260692576136,544.5621191529908,8452.812320140605,8549.794532632573
M2,2025-11-18,48721.80989333068,8985.099995265273,57706.909888595954,2036.57564651299,8549.794532632573,8499.068473242474
M2,2025-11-19,49250.74341158663,6743.624252992238,55994.36766457886,1544.8890616380666,8499.068473242474,8417.673141934738
M2,2025-11-20,49487.2323446308,4595.930521958361,54083.16286658916,1075.7918579037637,8417.673141934738,7329.215558577239
M2,2025-11-21,18294.993869987833,1926.9932651412514,20221.987135129086,744.465841287692,7329.215558577239,7077.476569677988
M2,2025-11-22,19149.277740418373,2896.744202355963,22046.021942774336,830.4414362216846,7077.476569677988,8444.400887720016
M2,2025-11-23,50623.25440133798,3453.9451025116805,54077.19950384966,851.1197594636344,8444.400887720016,8581.70970463315
M2,2025-11-24,50250.41566658548,3151.4002885625437,53401.815955148035,722.8517186759283,8581.70970463315,8314.987158538504
M2,2025-11-25,50311.47346129045,3496.9947635146164,53808.46822480507,910.4727584014984,8314.987158538504,8505.636721609819
M2,2025-11-26,50399.33142807495,6489.92341464022,56889.254842715156,1451.064080430667,8505.636721609819,8657.534638102718
M2,2025-11-27,50250.265256660525,3343.5893566536615,53593.854613314186,816.7814164948046,8657.534638102718,7572.175321981373
M2,2025-11-28,18587.342161395005,3022.1168149958894,21609.458976390888,797.6787295583756,7572.175321981373,7547.006501543089
M2,2025-11-29,19485.330881534817,14754.015973832258,34239.346855367075,2725.5738865984613,7547.006501543089,8339.27382477963
M2,2025-11-30,52253.52484024942,9868.047303010793,62121.572143260215,2179.3882077143103,8339.27382477963,8542.738659412886
M2,2025-12-01,52508.869708676095,28210.427569287436,80719.29727796355,7125.646137221049,8542.738659412886,8306.876042115631
M2,2025-12-02,53050.7444373766,35553.53176379483,88604.27620117144,8441.130706651416,8306.876042115631,8332.679762963384
M2,2025-12-03,58763.600417708934,7372.628691121177,66136.2291088301,1853.3917223864964,8332.679762963384,9381.36794967449
M2,2025-12-04,57702.96417078897,10384.094467906589,68087.05863869555,2710.6192544833093,9381.36794967449,8999.547764806506
M2,2025-12-05,24571.070468890433,2497.65038000509,27068.720848895522,829.5786002340092,8999.547764806506,9254.460186063512
M2,2025-12-06,24083.67712646969,6304.866161496389,30388.543287966077,1607.1768729224234,9254.460186063512,8694.070171122674
M2,2025-12-07,59610.53983800349,3184.441506027899,62794.98134403138,793.2400021040012,8694.070171122674,9173.919662938328
M2,2025-12-08,64030.06269517503,102.78694450120989,64132.84963967625,23.571996798920907,9173.919662938328,9734.891857709768
M2,2025-12-09,60785.3058054593,1556.9304923885595,62342.23629784786,346.70624270728445,9734.891857709768,8941.29762929748
M2,2025-12-10,60337.31031627832,1847.4156700254352,62184.72598630376,525.7784280555973,8941.29762929748,8843.737950549103
M2,2025-12-11,60671.57760602184,249.83065266374336,60921.40825868558,68.38837462217506,8843.737950549103,8948.704515315496
M2,2025-12-12,24852.365289710644,1047.9343366120556,25900.299626322696,445.4486748159357,8948.704515315496,8572.408062316523
M2,2025-12-13,25561.718963006533,679.6552640812956,26241.37422708783,181.96060188213906,8572.408062316523,8954.911896694954
M2,2025-12-14,60581.07280996299,2433.8156756854623,63014.888485648466,572.2614017828854,8954.911896694954,8924.675734152826
M2,2025-12-15,64526.04129765659,272.96509542399707,64799.006393080585,55.74898236015099,8924.675734152826,9142.569248275033
M2,2025-12-16,63564.32491058935,88.1587687852755,63652.48367937463,25.5291898791815,9142.569248275033,8856.028695948355
M2,2025-12-17,62884.591117665244,610.5698096239056,63495.16092728916,129.90703228835264,8856.028695948355,8859.601784001934
M2,2025-12-18,62705.250856703264,685.2427830206705,63390.493639723936,212.6679866864465,8859.601784001934,8873.283943355837
M2,2025-12-19,26931.81046231113,502.3821280764435,27434.19259038757,173.41550651374297,8873.283943355837,8454.170801404942
M2,2025-12-20,27024.609939884518,291.36813939898934,27315.978079283508,69.89269677090341,8454.170801404942,8812.386776813973
M2,2025-12-21,61917.81638262605,1334.6041587191185,63252.42054134517,337.85865820694505,8812.386776813973,8953.415064269242
M2,2025-12-22,61360.13633932612,1889.3059954411556,63249.442334767264,460.07800055759026,8953.415064269242,8549.947693963502
M2,2025-12-23,61547.52029954294,571.4324348160891,62118.95273435903,139.68084230488944,8549.947693963502,8704.349921971823
M2,2025-12-24,60723.58706817994,1904.2089442466406,62627.79601242659,369.9925012096251,8704.349921971823,8621.978503474686
M2,2025-12-25,60525.44487568016,2688.707361544938,63214.152237225084,678.4845993510348,8621.978503474686,8600.399938449631
M2,2025-12-26,25687.221342753874,1132.7754334893234,26819.996776243195,364.56763009953,8600.399938449631,8724.21534378032
M2,2025-12-27,25276.81256930756,1111.495530306371,26388.308099613932,321.17041231976896,8724.21534378032,8561.414383642852
M2,2025-12-28,60775.3601427281,2166.314307279439,62941.67445000754,418.49031562863547,8561.414383642852,8818.52625018639
M2,2025-12-29,60855.44925104297,1378.6535460528569,62234.10279709582,364.0862215765954,8818.52625018639,8504.619639736926
M2,2025-12-30,59547.85858574159,1734.8570611877158,61282.715646929304,421.16084421904304,8504.619639736926,8537.899617004696
M2,2025-12-31,56051.89415878217,5750.079537828975,61801.97369661114,1386.0927389684045,8537.899617004696,1200.0
