status,policy,day,segments,plans,initial_SOC,final_SOC,max_physical_residual,normal,adjustment,emergency,total,c,s,g,w,date
PASS,C0,0,144,18,6000.0,1200.0,2.2737367544323206e-13,0.0,0.0,357335.3204783167,357335.3204783167,0.0,4320.0,87687.34161666667,0.0,2025-01-01
PASS,C1,0,144,18,6000.0,1200.0,2.2737367544323206e-13,0.0,0.0,357335.3204783167,357335.3204783167,0.0,4320.0,87687.34161666667,0.0,2025-01-01
PASS,C2,0,144,18,6000.0,9809.567075385808,7.389644451905042e-13,49241.616102241394,24620.808051120697,124493.70458933446,198356.12874269657,17833.12482896091,11016.22074361111,36587.05540884722,0.0,2025-01-01
PASS,C0,1,144,24,1200.0,8589.043739074077,9.094947017729282e-13,66799.09428063009,0.0,6263.032988836513,73062.12726946661,32013.322539300418,19280.65189166667,1423.8364212962952,2469.8383190329128,2025-01-02
PASS,C1,1,144,24,1200.0,8577.064961296297,8.757439218243235e-13,66799.09428063009,0.0,4508.182545659072,71307.27682628916,32432.23105874486,19630.748692416666,1073.7396205462983,2050.9297995884726,2025-01-02
PASS,C2,1,144,24,9809.567075385808,8607.787870802476,8.881784197001252e-13,61666.22992723154,954.1775937390448,5099.076341669915,67719.4838626405,23510.078207047332,20124.76463183333,1234.4000917777753,645.9091889917602,2025-01-02
PASS,C0,2,144,24,8589.043739074077,10800.0,9.094947017729282e-13,61774.862720548175,0.0,0.0,61774.862720548175,12025.971809122082,7751.1765305555555,0.0,46606.8811255487,2025-01-03
PASS,C1,2,144,24,8577.064961296297,10800.0,9.094947017729282e-13,61780.51670365929,0.0,0.0,61780.51670365929,12039.281562208502,7751.1765305555555,0.0,46606.8811255487,2025-01-03
PASS,C2,2,144,24,8607.787870802476,10800.0,9.094947017729282e-13,58948.9136223781,1408.941018724914,0.0,60357.85464110302,12047.48446454046,7785.4715,0.0,40903.55019248972,2025-01-03
PASS,C0,3,144,24,10800.0,8471.64276,8.810729923425242e-13,24057.662121049263,0.0,6721.571884095111,30779.234005144375,18020.1597590535,16691.850920833334,1460.2401902777754,893.1264333333329,2025-01-04
PASS,C1,3,144,24,10800.0,8614.510327901238,8.810729923425242e-13,24057.662121049263,0.0,6514.180824606286,30571.842945655546,17954.0116414952,16509.690134499997,1642.4009766111128,959.2745508916339,2025-01-04
PASS,C2,3,144,24,10800.0,8587.556114938274,8.65085780787922e-13,24086.422988985272,546.5985183867492,6294.186449189705,30927.207956561728,17532.243350994515,16192.316610861111,1438.6529585243468,856.6734777777773,2025-01-04
PASS,C0,4,144,24,8471.64276,7192.750095,9.094947017729282e-13,25184.00950151688,0.0,207727.95565949375,232911.96516101065,11870.528324279832,10766.131341166665,43972.812087948565,0.0,2025-01-05
PASS,C1,4,144,24,8614.510327901238,7192.750095,9.094947017729282e-13,25116.393175907495,0.0,205943.85915731528,231060.25233322277,11798.850182167345,10836.652857166664,43989.354171948566,0.0,2025-01-05
PASS,C2,4,144,24,8587.556114938274,7192.750095,9.094947017729282e-13,33553.708848046466,4226.044477632725,161505.73128384768,199285.48460952687,13851.77080840192,12475.25977275,35449.26970792181,0.0,2025-01-05
PASS,C0,5,144,24,7192.750095,8658.86444925926,9.094947017729282e-13,62284.107509211164,0.0,4392.785666159985,66676.89317537115,26494.315904526757,20140.892963833332,1044.8467972777812,1850.9570154320934,2025-01-06
PASS,C1,5,144,24,7192.750095,8658.873967777778,9.094947017729282e-13,62284.107509211164,0.0,3456.833652829272,65740.94116204043,26751.0959085048,20348.876200388888,836.8635607222276,1594.1770114540454,2025-01-06
PASS,C2,5,144,24,7192.750095,8658.86444925926,9.094947017729282e-13,62432.879287295706,412.6949815802304,2640.3026998930777,65485.876968769015,26476.601526200277,20126.544317388893,661.7238687222214,1535.498292009605,2025-01-06
PASS,C0,6,144,24,8658.86444925926,8776.16731777778,9.094947017729282e-13,59395.39746660475,0.0,19523.478080741756,78918.87554734651,23140.771346262005,18638.452208805556,4222.871924527778,542.9551555555531,2025-01-07
PASS,C1,6,144,24,8658.873967777778,8782.379336296297,9.094947017729282e-13,59395.392973864014,0.0,20113.59335534539,79508.98632920941,22883.594478463652,18424.556695888885,4436.7674374444505,800.12144722222,2025-01-07
PASS,C2,6,144,24,8658.86444925926,8796.563723518522,9.094947017729282e-13,62288.2702546141,1446.570771193564,4072.3644417018654,67807.20546750953,25101.086006995894,20207.950318833336,940.4963865555499,945.7889722222163,2025-01-07
PASS,C0,7,144,24,8776.16731777778,8810.83200685185,9.094947017729282e-13,65330.81971953343,0.0,2549.7186927881917,67880.53841232162,24006.563973353917,19414.118598250003,736.3225184166654,7928.17519934841,2025-01-08
PASS,C1,7,144,24,8782.379336296297,8810.83200685185,9.094947017729282e-13,65327.88764679269,0.0,2809.5169249453597,68137.40457173805,23936.57993611112,19363.022344750003,787.4187719166657,7991.2569937928565,2025-01-08
PASS,C2,7,144,24,8796.563723518522,8810.824198209873,9.094947017729282e-13,60329.9712163695,2495.610699827148,4663.386843404071,67488.96875960071,24948.99020294925,20195.84763716667,1198.8550590610387,1189.2972740054815,2025-01-08
PASS,C0,8,144,24,8810.83200685185,8683.098983703705,9.094947017729282e-13,60877.06677040726,0.0,5894.787702586932,66771.8544729942,24316.61505658437,19811.41791666667,1468.7667638888852,789.3957519547284,2025-01-09
PASS,C1,8,144,24,8810.83200685185,8683.098983703705,9.094947017729282e-13,60877.06677040726,0.0,6469.087261493527,67346.15403190079,24153.800889917704,19679.53844166667,1600.6462388888847,952.2099186213959,2025-01-09
PASS,C2,8,144,24,8810.824198209873,8683.09355160494,9.094947017729282e-13,62062.61531183194,772.4061690964431,3209.013052243283,66044.03453317167,24420.87789358711,19895.86867575,891.0681223055524,1545.6138889574745,2025-01-09
PASS,C0,9,144,24,8683.098983703705,8751.245344814817,9.094947017729282e-13,28720.500611402593,0.0,2422.2936571869104,31142.794268589503,19989.65880733882,16130.291908944446,553.3992271666656,5712.076283607684,2025-01-10
PASS,C1,9,144,24,8683.098983703705,8751.272252222223,9.094947017729282e-13,28720.500611402593,0.0,4768.845800049411,33489.346411452,19413.50921886145,15663.586525611112,1020.104610499999,6288.225872085052,2025-01-10
PASS,C2,9,144,24,8683.09355160494,8736.435826296298,8.966161146872764e-13,25431.40551702676,1651.1672165817909,7194.624715404297,34277.19744901285,20824.63865960219,16819.949267055552,1545.053060853565,912.8094711934184,2025-01-10
PASS,C0,10,144,24,8751.245344814817,8677.832256296295,9.094947017729282e-13,25429.459090564495,0.0,3101.0078607181263,28530.466951282622,20869.80925877914,16970.61727927778,826.8139939046597,777.1040219821755,2025-01-11
PASS,C1,10,144,24,8751.272252222223,8677.832256296295,9.094947017729282e-13,25429.4463902682,0.0,3470.6911298547993,28900.137520123,20771.80056879286,16891.25445705556,906.1768161268833,875.0828148491184,2025-01-11
PASS,C2,10,144,24,8736.435826296298,8677.832256296295,8.86402062860725e-13,25436.99247957168,258.2096091998317,2831.9393063834223,28527.141395154937,20864.223319410143,16952.76410172222,725.554830666667,523.0297319958854,2025-01-11
PASS,C0,11,144,24,8677.832256296295,8764.07240351852,9.094947017729282e-13,62671.67028414787,0.0,4010.4274418771015,66682.09772602498,24632.87327962963,19875.011224000005,902.5122398888848,3035.274060596707,2025-01-12
PASS,C1,11,144,24,8677.832256296295,8764.074064012348,9.094947017729282e-13,62671.67028414787,0.0,6414.4349273402695,69086.10521148815,24003.10608532236,19364.89830216667,1412.6251617222188,3665.0412549039797,2025-01-12
PASS,C2,11,144,24,8677.832256296295,8764.07240351852,9.094947017729282e-13,62394.84103594432,2098.489129031354,2174.641153393641,66667.97131836932,24073.76000099452,19422.12946830556,530.8486038137804,1914.6643907407413,2025-01-12
PASS,C0,12,144,24,8764.07240351852,8589.27115314815,9.094947017729282e-13,61535.80771386732,0.0,2442.685259210002,63978.492973077315,24094.474887791497,19673.845784444446,588.0593933333341,4079.6430055212613,2025-01-13
PASS,C1,12,144,24,8764.074064012348,8589.27115314815,8.597567102697212e-13,61535.80693011423,0.0,3121.222247868332,64657.029177982564,23927.20771358025,19538.360867777777,723.5443100000001,4246.908334739366,2025-01-13
PASS,C2,12,144,24,8764.07240351852,8589.27115314815,9.094947017729282e-13,59164.16818016382,1185.8197668517475,3741.420464768787,64091.40841178435,24281.036545130315,19824.96072688889,871.1881054722248,1163.250860973939,2025-01-13
PASS,C0,13,144,24,8589.27115314815,8414.542087592592,9.094947017729282e-13,60367.37820356123,0.0,3519.7115877337324,63887.089791294966,24818.096659876544,20259.914453500005,981.095418722218,1723.503394341562,2025-01-14
PASS,C1,13,144,24,8589.27115314815,8414.542087592592,9.094947017729282e-13,60367.37820356123,0.0,4556.89852859763,64924.27673215886,24561.80619348423,20052.319175722227,1188.6906964999976,1979.793860733877,2025-01-14
PASS,C2,13,144,24,8589.27115314815,8414.542087592592,9.094947017729282e-13,60003.939571005845,232.1128974895621,4823.509308536519,65059.56177703192,24574.381947942387,20062.505536833338,1246.2893353888865,1475.1232091968445,2025-01-14
PASS,C0,14,144,24,8414.542087592592,8495.511769259261,9.094947017729282e-13,57876.10236125383,0.0,19184.843137467964,77060.94549872179,23668.268880246913,19098.4250795,4233.491571597395,1051.7648724279854,2025-01-15
PASS,C1,14,144,24,8414.542087592592,8505.408880370373,9.094947017729282e-13,57876.10236125383,0.0,21511.887923264152,79387.99028451797,22955.86873302469,18512.47356025,4819.443090847393,1764.1650196502064,2025-01-15
PASS,C2,14,144,24,8414.542087592592,8527.252747314817,8.988365607365267e-13,60227.755327143284,1202.8836434305622,7626.42127154984,69057.06024212368,25003.05310432099,20151.033420750002,1748.0934008333315,1515.7186483539103,2025-01-15
PASS,C0,15,144,24,8495.511769259261,8556.246872962965,9.094947017729282e-13,57717.587424847545,0.0,15365.606310554816,73083.19373540235,23490.711534945127,18972.81474997222,3211.412450027777,566.3759000000019,2025-01-16
PASS,C1,15,144,24,8505.408880370373,8556.246872962965,8.952838470577262e-13,57712.892895143836,0.0,15049.033669348288,72761.92656449213,23458.54047259945,18955.663589472224,3228.5636105277777,587.5501722222232,2025-01-16
PASS,C2,15,144,24,8527.252747314817,8573.534075000003,8.952838470577262e-13,59530.046918860004,943.4563461625735,5569.134990464639,66042.63825548721,24753.422720336068,20008.619208555552,1199.2765940833383,721.7831850823105,2025-01-16
PASS,C0,16,144,24,8556.246872962965,8472.09887104938,9.094947017729282e-13,24919.268586223985,0.0,1864.371892232347,26783.64047845633,20131.625032853226,16382.349478333337,586.060154999995,1745.3464805212625,2025-01-17
PASS,C1,16,144,24,8556.246872962965,8472.09887104938,9.094947017729282e-13,24919.268586223985,0.0,1937.2740613823469,26856.542647606333,20116.048263305904,16369.732295000003,598.6773383333283,1760.9232500685869,2025-01-17
PASS,C2,16,144,24,8573.534075000003,8471.852948209875,9.094947017729282e-13,24334.69212145432,288.20845270409075,2112.3416108536776,26735.242185012088,20307.765823148155,16540.80333086112,641.7500981666606,800.0641932098683,2025-01-17
PASS,C0,17,144,24,8472.09887104938,8727.243619814815,8.952838470577262e-13,26339.128387286124,0.0,3011.263236951638,29350.391624237764,20376.176210631005,16275.072456722222,818.3159099444433,4334.282989197532,2025-01-18
PASS,C1,17,144,24,8472.09887104938,8727.243619814815,8.952838470577262e-13,26339.128387286124,0.0,3158.8818604919206,29498.010247778046,20339.044115294928,16244.9954595,848.3929071666668,4371.41508453361,2025-01-18
PASS,C2,17,144,24,8471.852948209875,8715.881712407408,9.094947017729282e-13,24484.65043446136,1036.5764510617323,4402.702285635578,29923.92917115867,20165.715187894384,16114.60341441667,1133.9249271111094,890.3417023662541,2025-01-18
PASS,C0,18,144,24,8727.243619814815,8565.556425,9.094947017729282e-13,56679.79013082361,0.0,18391.820815118223,75071.61094594184,23588.15399917696,19251.92321466667,3969.569763111111,643.2954253086377,2025-01-19
PASS,C1,18,144,24,8727.243619814815,8624.787536111113,9.094947017729282e-13,56679.79013082361,0.0,20089.898163301532,76769.68829412514,23135.126649176964,18831.66306116667,4389.829916611109,1096.3227753086358,2025-01-19
PASS,C2,18,144,24,8715.881712407408,8624.787536111113,9.094947017729282e-13,59641.91083652053,1478.3931371403135,5252.130544726001,66372.43451838684,25144.278858573394,20448.850634111113,1188.5655636666665,1540.4285281550035,2025-01-19
PASS,C0,19,144,24,8565.556425,8740.689821851855,9.094947017729282e-13,57961.886433013555,0.0,12569.09805946552,70530.98449247908,23760.84993816873,19088.66839275,2837.136843916664,1239.5846590534943,2025-01-20
PASS,C1,19,144,24,8624.787536111113,8740.689821851855,9.094947017729282e-13,57933.92934856911,0.0,11552.558497177328,69486.48784574644,23952.42661358025,19297.153499833337,2628.6517368333302,982.1956379629585,2025-01-20
PASS,C2,19,144,24,8624.787536111113,8740.689821851855,9.094947017729282e-13,59070.925415509846,687.7012066592551,4868.32374717983,64626.95036934893,24939.054518724282,20096.322103000002,1192.8178414444424,1012.7872173868275,2025-01-20
PASS,C0,20,144,24,8740.689821851855,8903.862415370371,8.739675649849232e-13,58046.08809581271,0.0,2333.2062809045456,60379.294376717255,23532.072085665295,18914.123055222226,621.0049086666625,4184.888868964336,2025-01-21
PASS,C1,20,144,24,8740.689821851855,8903.862415370371,9.094947017729282e-13,58046.08809581271,0.0,2380.06766791287,60426.155763725576,23520.47469883402,18904.729171888896,630.3987919999942,4196.48625579561,2025-01-21
PASS,C2,20,144,24,8740.689821851855,8903.862415370371,8.739675649849232e-13,56843.1216797071,718.8683925761355,2626.902100393266,60188.892172676504,23983.100363854595,19279.45596055556,694.0534449999953,2440.105226097396,2025-01-21
PASS,C0,21,144,24,8903.862415370371,8462.068618848836,9.094947017729282e-13,59705.78180128398,0.0,4967.877015043072,64673.65881632705,24740.058434940045,20437.061749170818,1075.9858618123733,1856.8084134791145,2025-01-22
PASS,C1,21,144,24,8903.862415370371,8462.068618848836,9.094947017729282e-13,59705.78180128398,0.0,4616.52350022608,64322.30530151006,24808.703818524886,20492.66450987454,1020.3831011086518,1788.1630298942741,2025-01-22
PASS,C2,21,144,24,8903.862415370371,8462.068618848836,9.094947017729282e-13,59432.19874267837,454.07907973430787,3580.8499402926263,63467.1277627053,24754.30954238964,20448.605146204987,809.471308765042,1135.3577868690654,2025-01-22
PASS,C0,22,144,24,8462.068618848836,8631.523422869517,9.094947017729282e-13,57571.00081075949,0.0,16994.864146648953,74565.86495740844,23585.038855822182,18951.37214959736,3612.837132560267,432.7251884169601,2025-01-23
PASS,C1,22,144,24,8462.068618848836,8631.523422869517,9.094947017729282e-13,57571.00081075949,0.0,16897.83142604481,74468.8322368043,23543.207560872128,18917.488800687817,3646.7204814698075,474.5564833670148,2025-01-23
PASS,C2,22,144,24,8462.068618848836,8667.252941314686,9.094947017729282e-13,60092.7572556374,1296.8000533428424,3682.4710778543854,65072.02838683463,24960.95256594353,20033.705688195005,854.8407508427898,504.28588640436294,2025-01-23
PASS,C0,23,144,24,8631.523422869517,8476.978553701601,8.526512829121202e-13,21598.949960331287,0.0,9530.930555200091,31129.88051553138,19702.62586707533,16098.21733458214,2169.4142690708663,136.67958574742875,2025-01-24
PASS,C1,23,144,24,8631.523422869517,8476.978553701601,8.526512829121202e-13,21598.949960331287,0.0,8525.778139390264,30124.728099721553,19702.62586707533,16098.217334582137,2169.4142690708677,136.67958574742875,2025-01-24
PASS,C2,23,144,24,8667.252941314686,8774.829514422356,8.526512829121202e-13,22590.161231729293,504.0378020520626,3397.1155573580145,26491.31459113937,20989.198219548332,16904.43164203724,1052.4192887027618,476.04296722230185,2025-01-24
PASS,C0,24,144,24,8476.978553701601,8747.807230113005,9.094947017729282e-13,21726.428390551402,0.0,3632.643716031172,25359.072106582575,20859.68251905608,16652.597031665155,827.4629514514814,76.45894547036733,2025-01-25
PASS,C1,24,144,24,8476.978553701601,8753.03963345625,9.094947017729282e-13,21726.428390551402,0.0,11618.14972436426,33344.57811491566,18244.903275235345,14529.916681161447,2950.1433019551905,2691.2381892911026,2025-01-25
PASS,C2,24,144,24,8774.829514422356,8753.353772345137,9.094947017729282e-13,22081.064024602092,247.6958354427926,2305.3409928233864,24634.100852868272,20683.91313269876,16773.297805355487,539.8486389350782,559.5954567005424,2025-01-25
PASS,C0,25,144,24,8747.807230113005,8627.733015241029,8.988365607365267e-13,61266.34514299606,0.0,3528.9317855891863,64795.27692858525,24010.814239045078,19556.826327011288,924.2426699643371,5450.846864104948,2025-01-26
PASS,C1,25,144,24,8753.03963345625,8627.733015241029,8.988365607365267e-13,61263.87544861805,0.0,3719.4934478846467,64983.368896502696,23959.78905308192,19520.205089390052,960.8639075855743,5496.058268575609,2025-01-26
PASS,C2,25,144,24,8753.353772345137,8627.733015241029,8.988365607365267e-13,58299.05893582734,1554.3298573353545,3412.216333591592,63265.605126754286,24534.221591772963,19985.778170729795,894.3245075855745,919.8510185975878,2025-01-26
PASS,C0,26,144,24,8627.733015241029,8514.892327175276,8.597567102697212e-13,54811.82181596519,0.0,9955.116984870096,64766.93880083528,22218.623330834227,18098.6415172349,2293.4793130788385,967.0771236076494,2025-01-27
PASS,C1,26,144,24,8627.733015241029,8514.892327175276,9.094947017729282e-13,54811.82181596519,0.0,8391.012173721314,63202.8339896865,22568.913061595547,18382.37619915157,2009.7446311621686,616.7873928463295,2025-01-27
PASS,C2,26,144,24,8627.733015241029,8514.892327175276,9.094947017729282e-13,56303.82688373476,767.2958850064499,2753.7182720554792,59824.84104079668,23203.609810006194,18896.480565364192,705.8409047367493,1134.3864899464998,2025-01-27
PASS,C0,27,144,24,8514.892327175276,8595.081077282157,9.094947017729282e-13,57718.329798322506,0.0,6912.413341243457,64630.74313956596,25154.36053178001,20302.86215564562,1589.6428455474618,1859.5508442870405,2025-01-28
PASS,C1,27,144,24,8514.892327175276,8595.081077282157,9.094947017729282e-13,57718.329798322506,0.0,5712.997535973349,63431.32733429585,25463.04196983915,20552.89412047352,1339.6108807195615,1550.8694062279035,2025-01-28
PASS,C2,27,144,24,8514.892327175276,8615.347521631567,9.094947017729282e-13,57017.75579199715,647.6039007670379,7386.459828712834,65051.81952147702,24826.077652339467,20018.713223384308,1736.3336137658575,506.4281713779751,2025-01-28
PASS,C0,28,144,24,8595.081077282157,9035.845670905946,9.094947017729282e-13,53352.71368271453,0.0,7674.517218448887,61027.23090116342,23189.285998596344,18386.633524601628,1707.5956438791209,1312.296670655468,2025-01-29
PASS,C1,28,144,24,8595.081077282157,9035.845670905946,9.094947017729282e-13,53352.71368271453,0.0,11021.23973983941,64373.95342255394,22217.595979951122,17599.564609498997,2494.6645589817513,2283.986689300693,2025-01-29
PASS,C2,28,144,24,8615.347521631567,9035.845670905946,9.094947017729282e-13,54071.9170196091,532.3191717310746,4176.814478122475,58781.050669462646,23105.114675280693,18336.694552630415,966.3949821269739,1383.8779084843447,2025-01-29
PASS,C0,29,144,24,9035.845670905946,8616.107538169512,9.094947017729282e-13,53484.836026483536,0.0,14664.927898684853,68149.76392516839,22032.34589294338,18223.964492746934,3171.700566140336,671.0048863336145,2025-01-30
PASS,C1,29,144,24,9035.845670905946,8618.985012752662,9.094947017729282e-13,53484.836026483536,0.0,16078.441869048866,69563.2778955324,21550.24131881767,17830.870060580273,3564.7949983069984,1153.1094604593252,2025-01-30
PASS,C2,29,144,24,9035.845670905946,8618.985012752662,9.094947017729282e-13,55980.208215026614,1247.7337275365408,3877.585200575063,61105.52714313822,23509.26137380468,19417.67630511975,833.03871364448,1593.071555304939,2025-01-30
PASS,C0,30,144,24,8616.107538169512,8542.429257598913,9.094947017729282e-13,20554.137168904945,0.0,11595.067000060399,32149.20416896534,19155.214610940355,15582.034287375225,2381.533515022734,113.61180923045072,2025-01-31
PASS,C1,30,144,24,8618.985012752662,8826.378928975157,9.094947017729282e-13,20552.779000901697,0.0,14202.581794729056,34755.36079563075,18006.378215565957,14398.511830008178,3565.0559723897813,1259.2510106235695,2025-01-31
PASS,C2,30,144,24,8618.985012752662,8826.378928975157,9.094947017729282e-13,21623.30222875314,535.2616139257209,4375.849353234578,26534.413195913436,20719.765809839,16596.355781369344,1052.659114347985,323.5796204722088,2025-01-31
PASS,C0,31,144,24,8542.429257598913,8964.428521836126,8.704148513061227e-13,22137.91362714148,0.0,498.5467851666391,22636.46041230812,19807.069228761135,15663.926737483029,86.37746259571044,3875.547935191233,2025-02-01
PASS,C1,31,144,24,8826.378928975157,8964.428521836126,8.704148513061227e-13,22003.925146054327,0.0,559.5121295916398,22563.437275645967,19477.41459389864,15652.461187483028,97.84301259571058,3889.7029351912342,2025-02-01
PASS,C2,31,144,24,8826.378928975157,8962.553821218842,8.704148513061227e-13,21109.064580124552,447.4302829648874,682.0819803259017,22238.576843415343,19477.41459389864,15654.148418038583,131.38703304843685,2565.3873548846645,2025-02-01
PASS,C0,32,144,24,8964.428521836126,8979.659175642184,9.094947017729282e-13,54975.95270360753,0.0,983.6997058073312,55959.652409414855,22687.13826012797,18362.874402278198,200.45447266889414,5265.809578576477,2025-02-02
PASS,C1,32,144,24,8964.428521836126,8979.659175642184,9.094947017729282e-13,54975.95270360753,0.0,792.7843672971188,55768.737070904644,22728.837753388987,18396.650991819624,166.67788312746788,5224.110085315458,2025-02-02
PASS,C2,32,144,24,8962.553821218842,8979.659175642184,9.094947017729282e-13,53614.26996220772,859.7469061478047,742.7363752561234,55216.75324361165,23023.829257915735,18633.906879930735,156.82369502522894,2985.220515896777,2025-02-02
PASS,C0,33,144,24,8979.659175642184,8511.29498512885,8.810729923425242e-13,55046.87479418187,0.0,2827.7838846981285,57874.65867888,22525.382597587068,18667.087675507526,636.9207890484172,4487.9753463152465,2025-02-03
PASS,C1,33,144,24,8979.659175642184,8511.29498512885,9.094947017729282e-13,55046.87479418187,0.0,3728.0983205771345,58774.97311475901,22300.533088289285,18484.959572976324,819.0488915796212,4712.8248556130275,2025-02-03
PASS,C2,33,144,24,8979.659175642184,8511.29498512885,8.810729923425242e-13,52285.68252303608,1380.5961355728984,5076.364170346412,58742.64282895539,22902.12362822663,18972.247910325572,1131.0765435008127,873.8025162145093,2025-02-03
PASS,C0,34,144,24,8511.29498512885,8636.53362869228,9.094947017729282e-13,57622.181467972376,0.0,643.11228213666,58265.293750109035,23806.103477505396,19170.229037572284,158.8857720063447,5664.182861774079,2025-02-04
PASS,C1,34,144,24,8511.29498512885,8636.53362869228,9.094947017729282e-13,57622.181467972376,0.0,672.5211278807022,58294.70259585307,23797.65993867564,19163.389771120183,165.72503845844753,5672.6264006038355,2025-02-04
PASS,C2,34,144,24,8511.29498512885,8636.533628692283,9.094947017729282e-13,54616.45659228285,1715.0634512049317,2226.1744983604926,58557.69454184827,23818.621993234243,19180.369035312648,528.5163446071199,1794.7690688186008,2025-02-04
PASS,C0,35,144,24,8636.53362869228,8563.467803047968,8.526512829121202e-13,52895.24469654606,0.0,5945.74390971876,58840.98860626482,23520.0248326026,19116.979357487988,1297.0103069294182,829.352959805818,2025-02-05
PASS,C1,35,144,24,8636.53362869228,8563.467803047968,8.526512829121202e-13,52895.24469654606,0.0,6729.003142464433,59624.247839010495,23299.93277856519,18938.704793717683,1475.2848706997227,1049.4450138432298,2025-02-05
PASS,C2,35,144,24,8636.533628692283,8563.467803047968,8.526512829121202e-13,53352.05949848728,618.4176878767361,4053.1279639094428,58023.60515027346,23604.685186607978,19185.554244232346,905.1206708259934,1237.1306381794013,2025-02-05
PASS,C0,36,144,24,8563.467803047968,8058.580234873096,8.597567102697212e-13,57107.05384964113,0.0,1783.023160636006,58890.077010277135,22484.810599158707,18667.095396675937,368.44200333620853,6695.115834533885,2025-02-06
PASS,C1,36,144,24,8563.467803047968,8058.580234873096,8.597567102697212e-13,57107.05384964113,0.0,2438.687343201889,59545.74119284302,22335.222992534374,18545.929435310227,489.60796470191707,6844.703441158217,2025-02-06
PASS,C2,36,144,24,8563.467803047968,8058.5596548730955,8.979483823168266e-13,52377.3198331057,2367.484638830196,4886.900174519886,59631.704646455786,23065.426060920705,19137.412442703157,1048.3388541360148,793.0103290258539,2025-02-06
PASS,C0,37,144,24,8058.580234873096,7836.686093950711,9.094947017729282e-13,20825.96077699831,0.0,3349.6042435567365,24175.565020555045,19700.342784873475,16156.98238257766,634.263712914129,5777.175582255169,2025-02-07
PASS,C1,37,144,24,8058.580234873096,7836.812593950712,9.094947017729282e-13,20825.96077699831,0.0,3350.3051610817383,24176.265938080047,19700.342784873475,16156.86853257766,634.3775629141293,5777.175582255169,2025-02-07
PASS,C2,37,144,24,8058.5596548730955,7836.812593950712,9.094947017729282e-13,19541.95427069822,642.0081340400442,3646.852255509188,23830.81466024745,19700.36565154014,16156.86853257766,703.2360331161976,3714.8746571287975,2025-02-07
PASS,C0,38,144,24,7836.686093950711,8397.689648954487,8.526512829121202e-13,17230.750419580978,0.0,10517.464035280083,27748.214454861063,19231.83519145684,15072.883305576644,2460.1704250690486,1170.5178179846075,2025-02-08
PASS,C1,38,144,24,7836.812593950712,8397.887574880413,8.526512829121202e-13,17230.698231303202,0.0,10889.667510907864,28120.365742211066,19126.683154419803,14987.64587224331,2545.4078584023828,1275.5292994660895,2025-02-08
PASS,C2,38,144,24,7836.812593950712,8397.887574880413,8.526512829121202e-13,17594.54863295199,181.92520082439566,9112.025455756768,26888.499289533156,19126.683154419803,14987.64587224331,2112.878906688703,1286.9064721065358,2025-02-08
PASS,C0,39,144,24,8397.689648954487,8522.931540128402,9.094947017729282e-13,52652.469538060606,0.0,7609.412347619028,60261.881885679635,22235.96940148822,17898.41751314893,1695.8928517187067,2428.230353222909,2025-02-09
PASS,C1,39,144,24,8397.887574880413,8522.931540128402,9.094947017729282e-13,52652.37565519641,0.0,5959.3205370337055,58611.69619223012,22644.549167828645,18229.54525721801,1364.7651076496259,2019.4306691870072,2025-02-09
PASS,C2,39,144,24,8397.887574880413,8522.931540128402,8.981704269217516e-13,52227.774729258614,666.9821515516105,4876.5243541493155,57771.28123495954,22887.13292895357,18426.038103729203,1099.896800556571,963.7464435263929,2025-02-09
PASS,C0,40,144,24,8522.931540128402,8487.250960005797,8.810729923425242e-13,50289.55059182348,0.0,3159.44029980514,53448.99089162862,21439.82169871154,17398.368098066698,745.3973609220927,3465.8552921904075,2025-02-10
PASS,C1,40,144,24,8522.931540128402,8487.250960005797,8.810729923425242e-13,50289.55059182348,0.0,3961.67517153132,54251.2257633548,21256.044674087083,17249.508708120888,894.2567508679015,3649.632316814864,2025-02-10
PASS,C2,40,144,24,8522.931540128402,8487.250960005797,8.810729923425242e-13,48201.057380428276,1170.5342784827833,4336.1136549584035,53707.70531386946,23437.798257588413,19016.729110756958,982.1828413139373,440.7769971733265,2025-02-10
PASS,C0,41,144,24,8487.250960005797,8465.737394402115,8.952838470577262e-13,50878.82466291506,0.0,7417.804797145795,58296.62946006086,22989.745386388193,18641.055972017748,1552.3314680154588,3613.383896853887,2025-02-11
PASS,C1,41,144,24,8487.250960005797,8465.737394402115,8.952838470577262e-13,50878.82466291506,0.0,7830.4505646894895,58709.27522760455,22874.66366035588,18547.839773931577,1645.547666101631,3728.4656228861995,2025-02-11
PASS,C2,41,144,24,8487.250960005797,8465.737394402115,8.952838470577262e-13,47993.95087661381,1447.3169187238123,9160.155670384804,58601.42346572242,23159.279471287467,18778.37858078616,1935.976939137989,279.0375200435417,2025-02-11
PASS,C0,42,144,24,8465.737394402115,8414.770836905436,9.094947017729282e-13,50581.539423084025,0.0,4841.31549742171,55422.85492050573,22379.94152211139,18173.622534657232,1003.02829501965,3078.8182543499975,2025-02-12
PASS,C1,42,144,24,8465.737394402115,8414.873978956946,9.094947017729282e-13,50581.539423084025,0.0,8434.250235387415,59015.78965847144,21491.217504765194,17453.66325276046,1722.9875769164225,3967.5422716961903,2025-02-12
PASS,C2,42,144,24,8465.737394402115,8414.770836905436,9.094947017729282e-13,47675.38480702062,1466.2933633391021,11123.703277702287,60265.381448062006,23052.728374803075,18718.5798853375,2348.8678385301546,329.2838959038022,2025-02-12
PASS,C0,43,144,24,8414.770836905436,7371.247167964474,7.958078640513122e-13,46666.02492464021,0.0,5415.850067450887,52081.8749920911,20536.297715033586,17573.57245122407,1329.5715910762244,2720.2710396058987,2025-02-13
PASS,C1,43,144,24,8414.873978956946,7371.247167964474,8.384404281969182e-13,46665.97600092711,0.0,5398.733683261614,52064.709684188725,20524.852045208696,17564.39428651227,1338.7497557880242,2731.6021071513305,2025-02-13
PASS,C2,43,144,24,8414.770836905436,7370.970213136366,8.384404281969182e-13,45632.44994809398,1088.5115814138087,4463.229074763174,51184.19060427096,21927.00696865729,18700.29620600457,1105.0254042710048,576.7384144699632,2025-02-13
PASS,C0,44,144,24,7371.247167964474,6617.125819017152,8.526512829121202e-13,17148.287859902113,0.0,6212.416348497189,23360.704208399304,17691.0196866194,15008.435160214302,1599.0462569846447,2728.9043785901517,2025-02-14
PASS,C1,44,144,24,7371.247167964474,6615.186074283256,8.526512829121202e-13,17148.287859902113,0.0,7046.595582846652,24194.883442748767,17455.668877544864,14819.54677512444,1787.9346420745082,2964.255187664684,2025-02-14
PASS,C2,44,144,24,7370.970213136366,6617.125819017152,8.526512829121202e-13,17662.03838666849,256.80994820289106,5578.428256153306,23497.276591024685,17455.97660513165,14817.801004863932,1440.0118802367458,3225.180284415311,2025-02-14
PASS,C0,45,144,24,6617.125819017152,8245.5975567112,7.958078640513122e-13,17833.848890401874,0.0,8985.16599649442,26819.014886896293,19233.087611936342,14113.176401743794,2298.534794785509,2918.1220770088853,2025-02-15
PASS,C1,45,144,24,6615.186074283256,8249.77232835525,7.958078640513122e-13,17834.649142868202,0.0,8933.986835671973,26768.635978540176,19215.830771380042,14093.695296153037,2318.015900376266,2937.534189491739,2025-02-15
PASS,C2,45,144,24,6617.125819017152,8249.77232835525,7.958078640513122e-13,17619.85896272697,187.90912549641632,9303.196109730858,27110.964197954243,19213.67549945349,14093.695296153039,2385.689980934595,2762.157893820151,2025-02-15
PASS,C0,46,144,24,8245.5975567112,8497.456906389614,8.810729923425242e-13,50610.93950557153,0.0,5727.932229818749,56338.871735390276,22768.582107482936,18215.878092350606,1303.2761054278944,3285.1111117010414,2025-02-16
PASS,C1,46,144,24,8249.77232835525,8497.456906389614,9.094947017729282e-13,50608.9592722217,0.0,11512.057941835385,62121.01721405708,21341.618808853214,17063.795114940174,2455.359082838323,4707.435775170706,2025-02-16
PASS,C2,46,144,24,8249.77232835525,8495.128230078853,8.313350008393172e-13,46795.034816696534,2084.164929950296,15923.560018149039,64802.75976479587,22650.206534945097,18125.846981754283,3479.717098767049,235.72388260260493,2025-02-16
PASS,C0,47,144,24,8497.456906389614,8370.324990181367,9.094947017729282e-13,50499.796710745235,0.0,5012.985876976258,55512.78258772149,19956.044511856613,16278.814779191278,1249.2156362718588,8522.55039623418,2025-02-17
PASS,C1,47,144,24,8497.456906389614,8370.324990181367,8.633094239485217e-13,50499.796710745235,0.0,6802.863819087878,57302.66052983311,19558.776399297298,15957.027608018234,1571.0028074449035,8919.818508793496,2025-02-17
PASS,C2,47,144,24,8495.128230078853,8370.324990181369,8.633094239485217e-13,44665.847660799845,2992.325786258175,9357.85273751155,57016.02618456957,21531.099484677266,17552.51349849632,2159.4443513039164,175.8135095916258,2025-02-17
PASS,C0,48,144,24,8370.324990181367,8477.736287546837,9.094947017729282e-13,44558.445217159264,0.0,16736.50914858006,61294.95436573933,20652.156316512886,16631.576448746513,3514.8326388798373,112.28931685484667,2025-02-18
PASS,C1,48,144,24,8370.324990181367,8477.736287546837,9.094947017729282e-13,44558.445217159264,0.0,15346.005205241965,59904.450422401234,20652.156316512886,16631.576448746513,3514.8326388798378,112.28931685484667,2025-02-18
PASS,C2,48,144,24,8370.324990181369,8477.736287546837,9.094947017729282e-13,45669.3753076013,555.4650452210161,8908.173811601264,55133.01416442358,21743.31874936516,17515.418019356857,2159.779597751054,213.43645074620622,2025-02-18
PASS,C0,49,144,24,8477.736287546837,8342.519358288682,8.411049634560186e-13,44990.438513497116,0.0,17263.442986279297,62253.881499776406,21461.52204670519,17505.528094163543,3766.2925902830293,190.45230557136995,2025-02-19
PASS,C1,49,144,24,8477.736287546837,8343.486445120616,8.411049634560186e-13,44990.438513497116,0.0,16647.596517783626,61638.03503128074,21461.52204670519,17504.657716014804,3767.162968431768,190.45230557136995,2025-02-19
PASS,C2,49,144,24,8477.736287546837,8343.486445120616,8.411049634560186e-13,46022.109184172754,729.2396714132547,10238.439472709524,56989.78832829554,22922.082407862687,18687.711608552374,2446.0949191594405,221.15298331077975,2025-02-19
PASS,C0,50,144,24,8342.519358288682,6647.2112326322085,9.094947017729282e-13,45889.40654180667,0.0,6153.117843335381,52042.524385142046,19881.38583722313,17629.699841241563,1483.0299044046556,2852.611436505065,2025-02-20
PASS,C1,50,144,24,8343.486445120616,6648.46802788333,9.094947017729282e-13,45888.94782028605,0.0,8353.735770231999,54242.68359051805,19339.069328714624,17190.162731772405,1922.5670138738133,3393.8534040892,2025-02-20
PASS,C2,50,144,24,8343.486445120616,6647.2112326322085,9.094947017729282e-13,44052.234911676685,1113.7145548743251,8718.733365976259,53884.682832527265,20197.846973228836,17886.903739554924,2010.7393067622536,347.1242164271066,2025-02-20
PASS,C0,51,144,24,6647.2112326322085,6463.871904600653,9.094947017729282e-13,16438.635208390693,0.0,6233.021689180238,22671.65689757093,17145.04713355092,14052.493573404647,1887.1224021422945,5488.217144580926,2025-02-21
PASS,C1,51,144,24,6648.46802788333,6462.860954301027,9.094947017729282e-13,16438.042419963913,0.0,6185.929568631003,22623.971988594916,17148.880097675188,14057.639245340975,1881.9767302059652,5482.9877412887445,2025-02-21
PASS,C2,51,144,24,6647.2112326322085,6463.871904600653,9.094947017729282e-13,16584.34386919089,72.8543304000977,5614.63806900897,22271.836268599956,17150.276536843103,14056.729390071312,1741.8301779773944,5516.230235867536,2025-02-21
PASS,C0,52,144,24,6463.871904600653,8529.767549576009,9.094947017729282e-13,18002.119162886218,0.0,4902.902985747142,22905.022148633358,19474.21542874844,13914.808416808419,1410.1829748157234,3450.399711349589,2025-02-22
PASS,C1,52,144,24,6462.860954301027,8532.712947724156,9.094947017729282e-13,18002.53623604872,0.0,4683.226525073722,22685.76276112244,19544.436705402713,13968.126937295383,1356.8644543287594,3381.301712806013,2025-02-22
PASS,C2,52,144,24,6463.871904600653,8532.712947724156,9.094947017729282e-13,17993.967791332165,67.40192738619044,4537.122422682052,22598.49214140041,19486.75532870855,13922.314877442772,1320.510437662092,3341.472705683785,2025-02-22
PASS,C0,53,144,24,8529.767549576009,8504.493002746709,8.668621376273222e-13,46461.923213538255,0.0,7776.622902729279,54238.546116267535,22474.876891662407,18227.397374392916,1691.4096721732233,2112.719001051153,2025-02-23
PASS,C1,53,144,24,8532.712947724156,8504.493002746709,8.668621376273222e-13,46460.52611301665,0.0,7392.6481770495575,53853.17429006621,22525.41006771095,18270.980105325572,1647.826941240569,2058.913160393555,2025-02-23
PASS,C2,53,144,24,8532.712947724156,8517.241143569843,8.668621376273222e-13,44882.49534764464,1167.4651304104013,10333.82902681934,56383.789504874374,21816.151703834126,17685.00750384453,2319.7935823893404,245.86280080112704,2025-02-23
PASS,C0,54,144,24,8504.493002746709,8604.053110456885,8.86846152070575e-13,44794.632871525595,0.0,5528.487029944709,50323.11990147031,21188.865242998363,17073.376749889514,1229.9168192781021,1439.6901408494202,2025-02-24
PASS,C1,54,144,24,8504.493002746709,8604.053110456885,9.094947017729282e-13,44794.632871525595,0.0,8592.28747990585,53386.92035143145,20288.261918878543,16343.88805735246,1959.4055118151562,2340.293464969241,2025-02-24
PASS,C2,54,144,24,8517.241143569843,8604.053110456885,9.094947017729282e-13,43863.773195220856,515.7521948031291,5914.422120975528,50293.94751099952,21459.19652200125,17303.818412622677,1344.441002972741,417.55923924641417,2025-02-24
PASS,C0,55,144,24,8604.053110456885,8451.951319512971,9.094947017729282e-13,46396.4662751513,0.0,3120.132988613746,49516.59926376505,20176.448845843515,16479.81517698277,850.310545554843,7126.818415951696,2025-02-25
PASS,C1,55,144,24,8604.053110456885,8451.951319512971,8.526512829121202e-13,46396.4662751513,0.0,4344.921097967982,50741.38737311929,19892.45599488911,16249.780967709707,1080.3447548279091,7410.8112669061,2025-02-25
PASS,C2,55,144,24,8604.053110456885,8463.837834970755,9.094947017729282e-13,41979.59869871395,2225.2168443852456,7027.846481572232,51232.66202467143,21241.089857939773,17331.47653286874,1728.421229910458,940.9856245787748,2025-02-25
PASS,C0,56,144,24,8451.951319512971,8596.608367022147,8.86846152070575e-13,42119.00678180766,0.0,19064.15277343435,61183.159555242004,20026.09315611414,16090.944113694197,3703.06327393354,228.38170709346002,2025-02-26
PASS,C1,56,144,24,8451.951319512971,8652.894194926932,9.094947017729282e-13,42119.00678180766,0.0,16906.03191147766,59025.03869328532,20026.09315611414,16040.286868579891,3753.720519047846,228.38170709346002,2025-02-26
PASS,C2,56,144,24,8463.837834970755,8688.87363861303,9.094947017729282e-13,44198.95413607313,1042.7927623821422,4989.025849073384,50230.77274752866,22544.907567186834,18058.84290614329,1147.2966927984971,516.3093389695069,2025-02-26
PASS,C0,57,144,24,8596.608367022147,6315.599515117703,9.094947017729282e-13,41622.56480720269,0.0,10421.920807969453,52044.48561517214,19550.525026383166,17888.833238084357,2175.6113859187485,780.5357590996833,2025-02-27
PASS,C1,57,144,24,8652.894194926932,6315.599515117703,9.094947017729282e-13,41595.99789643163,0.0,10305.129135282867,51901.127031714495,19487.98521760007,17888.833238084357,2175.6113859187485,780.5357590996833,2025-02-27
PASS,C2,57,144,24,8688.87363861303,6315.599515117702,9.094947017729282e-13,41843.093674652155,472.2226977867289,7980.740689886179,50296.05706232507,19774.88679961811,18153.60501883646,1687.2940271655777,514.9817882518538,2025-02-27
PASS,C0,58,144,24,6315.599515117703,6199.618914967455,7.958078640513122e-13,16729.94228960734,0.0,3453.6522152154403,20183.59450482278,16806.71565617659,13717.822221638267,1038.9037099259108,7048.164999608257,2025-02-28
PASS,C1,58,144,24,6315.599515117703,6199.618914967455,7.958078640513122e-13,16729.94228960734,0.0,3060.262977954157,19790.205267561498,16911.65214351881,13802.820776385464,953.9051551787135,6943.228512266037,2025-02-28
PASS,C2,58,144,24,6315.599515117702,6199.618914967455,7.958078640513122e-13,16654.00669598807,130.53414037319092,2941.459387278093,19726.000223639356,16819.56005560202,13728.226185172865,914.3548099793185,6877.263389055245,2025-02-28
PASS,C0,59,144,24,6199.618914967455,8764.332393900497,9.094947017729282e-13,19648.883201098786,0.0,526.6973401527747,20175.580541251562,19174.277087467734,13222.922309809128,100.58752616714719,9201.663884261761,2025-03-01
PASS,C1,59,144,24,6199.618914967455,8764.332393900497,9.094947017729282e-13,19648.883201098786,0.0,611.8738068194417,20260.757007918226,19153.9766759451,13206.478976475793,117.03085950048057,9221.964295784395,2025-03-01
PASS,C2,59,144,24,6199.618914967455,8760.695489579512,9.094947017729282e-13,19022.286658093675,313.29827150255477,1088.1049571392011,20423.689886735432,19153.9766759451,13209.752190364683,226.72685164471199,8345.268391762602,2025-03-01
PASS,C0,60,144,24,8764.332393900497,8839.330299948206,9.094947017729282e-13,49872.67608066472,0.0,1418.5093668290494,51291.18544749377,23153.436081136897,18686.785110277946,274.43799673271707,4390.54459384396,2025-03-02
PASS,C1,60,144,24,8764.332393900497,8839.330299948206,9.094947017729282e-13,49872.67608066472,0.0,3825.788243155429,53698.46432382015,22497.426635856467,18155.417459600798,805.8056474098647,5046.554039124389,2025-03-02
PASS,C2,60,144,24,8760.695489579512,8839.330299948206,9.094947017729282e-13,48671.6508346448,1351.7743528985663,2580.4207145584564,52603.84590210182,22167.18852841867,17884.651378687293,514.5482235235058,2649.3135521732843,2025-03-02
PASS,C0,61,144,24,8839.330299948206,8480.194547066852,9.094947017729282e-13,49641.74295231517,0.0,5462.031166168593,55103.774118483765,21495.411519001023,17734.505507984042,1308.739192992859,6051.009902646159,2025-03-03
PASS,C1,61,144,24,8839.330299948206,8480.194547066852,8.597567102697212e-13,49641.74295231517,0.0,6987.138430567119,56628.88138288229,21111.712452389704,17423.709264028872,1619.53543694803,6434.708969257479,2025-03-03
PASS,C2,61,144,24,8839.330299948206,8485.786257405965,9.094947017729282e-13,46752.065870830425,2136.6020707440857,3826.203284166351,52714.871225740855,23073.99732970284,19008.127475347315,897.4290181583939,864.8950535059938,2025-03-03
PASS,C0,62,144,24,8480.194547066852,8405.411412697902,9.094947017729282e-13,43979.6307937673,0.0,7878.032226623226,51857.66302039052,21478.97356433916,17465.273408046778,1720.7341830386845,400.7699597257788,2025-03-04
PASS,C1,62,144,24,8480.194547066852,8436.323240474498,9.094947017729282e-13,43979.6307937673,0.0,7361.191791551188,51340.822585318485,21432.025207689436,17399.42459416157,1786.5829969238932,447.718316375503,2025-03-04
PASS,C2,62,144,24,8485.786257405965,8456.881701429513,8.952838470577262e-13,44758.0981191329,398.26490914489136,3604.1005510905525,48760.46357936834,21858.169967542795,17731.131774088477,916.2849488835176,622.128479649259,2025-03-04
PASS,C0,63,144,24,8405.411412697902,8535.968689058976,8.526512829121202e-13,45898.288329035364,0.0,2203.846430377751,48102.134759413115,21319.405538913095,17151.216937794637,468.94687978356785,5635.073526501623,2025-03-05
PASS,C1,63,144,24,8436.323240474498,8535.968689058976,8.526512829121202e-13,45883.625818726665,0.0,3266.053511978146,49149.679330704814,21014.75407865995,16932.269899988525,687.8939175896799,5905.378511447441,2025-03-05
PASS,C2,63,144,24,8456.881701429513,8535.968689058976,8.526512829121202e-13,42149.24661873035,1913.106073954032,6340.280566367292,50402.633259051676,21264.91824412113,17153.405488871595,1422.2003892644616,764.8087131073022,2025-03-05
PASS,C0,64,144,24,8535.968689058976,5640.167433938998,9.094947017729282e-13,40759.00147728403,0.0,5257.261956468343,46016.26343375237,18826.564633976388,17855.73848312886,1258.3156849710579,527.9049008156683,2025-03-06
PASS,C1,64,144,24,8535.968689058976,5640.1674339389965,9.094947017729282e-13,40759.00147728403,0.0,4739.400362217974,45498.401839502,18932.184759298834,17941.29078464004,1172.763383459874,422.28477549322133,2025-03-06
PASS,C2,64,144,24,8535.968689058976,5640.167433938998,9.094947017729282e-13,40670.411170997664,393.1180679807391,4597.9825533522535,45661.51179233065,18642.631583151488,17706.75271196069,1143.663747347531,198.29590997808364,2025-03-06
PASS,C0,65,144,24,5640.167433938998,4740.917800038682,9.094947017729282e-13,16014.238617225546,0.0,2570.077774722918,18584.316391948465,14813.938846467798,12808.6151361492,762.4955813739613,8359.969062699334,2025-03-07
PASS,C1,65,144,24,5640.1674339389965,4743.059703999586,9.094947017729282e-13,16014.238617225548,0.0,2580.4315242795305,18594.670141505077,14813.9388464678,12806.687422584388,764.4232949387746,8359.969062699334,2025-03-07
PASS,C2,65,144,24,5640.167433938998,4735.351471733797,9.094947017729282e-13,15165.584125061147,424.3272460821998,3281.869821517222,18871.78119266057,14813.938846467798,12813.624831623598,933.7470827323867,7506.33670403489,2025-03-07
PASS,C0,66,144,24,4740.917800038682,8366.984370566734,6.821210263296962e-13,16388.027509572417,0.0,6763.848675799701,23151.876185372115,19435.379548025354,12479.197520425289,1973.8249254337948,8886.364696355931,2025-03-08
PASS,C1,66,144,24,4743.059703999586,8365.001791554389,7.052136652418994e-13,16387.017244870858,0.0,6653.974009399355,23040.99125427021,19452.630943362165,12496.883185324032,1958.5191538249453,8869.113301019119,2025-03-08
PASS,C2,66,144,24,4735.351471733797,8366.984370566734,7.052136652418994e-13,16432.1488802133,23.507364680788864,6442.137674577991,22897.79391947208,19452.630943362165,12488.161455173711,1896.2737295138734,8866.315283255059,2025-03-08
PASS,C0,67,144,24,8366.984370566734,8616.119229191328,9.094947017729282e-13,43782.0758350641,0.0,5810.750731043781,49592.826566107884,21246.254191255615,16985.244522154917,1298.038662223035,6429.942914937854,2025-03-09
PASS,C1,67,144,24,8365.001791554389,8616.119229191328,9.094947017729282e-13,43783.016238375625,0.0,4277.153694706779,48060.169933082405,21622.964919380043,17288.595890824592,994.6872935533606,6055.435052382699,2025-03-09
PASS,C2,67,144,24,8366.984370566734,8616.119229191328,9.094947017729282e-13,40608.24911811789,1592.785136573104,5389.209830568972,47590.24408525997,21887.391919994723,17504.566082433594,1241.1776596963443,567.7466645943523,2025-03-09
PASS,C0,68,144,24,8616.119229191328,8514.81804289762,9.094947017729282e-13,41509.41898051882,0.0,13201.706769849008,54711.12575036783,21072.372894930053,17159.79311255768,2920.500893021636,116.85421160157814,2025-03-10
PASS,C1,68,144,24,8616.119229191328,8514.81804289762,9.094947017729282e-13,41509.41898051882,0.0,12374.89596203682,53884.31494255564,21130.475088792795,17206.855889586503,2873.4381159928116,58.75201773883532,2025-03-10
PASS,C2,68,144,24,8616.119229191328,8514.81804289762,9.094947017729282e-13,42410.696396566345,515.6703208282087,7915.23647762687,50841.603195021424,21256.328233879292,17308.796937106566,1871.8664180515243,58.75201773883532,2025-03-10
PASS,C0,69,144,24,8514.81804289762,8639.435161022027,8.411049634560186e-13,37303.374429378346,0.0,37721.317726507295,75024.69215588564,16503.61651770805,13255.773973031555,6351.14294827989,306.5340753598225,2025-03-11
PASS,C1,69,144,24,8514.81804289762,8652.756060787571,9.094947017729282e-13,37303.374429378346,0.0,27673.848981630857,64977.2234110092,16339.208062164318,13110.61431425214,6496.302607059306,470.9425309035556,2025-03-11
PASS,C2,69,144,24,8514.81804289762,8665.494904524865,9.094947017729282e-13,40754.58222814793,1725.6038993847915,5328.814056316576,47809.0001838493,21597.713042420008,17358.538388895686,1241.1160438278769,755.3968933119683,2025-03-11
PASS,C0,70,144,24,8639.435161022027,8386.043584202273,9.094947017729282e-13,42244.487356462174,0.0,3357.0911427665787,45601.57849922875,21592.721293191553,17718.156666622934,814.8695693301004,4481.866795436925,2025-03-12
PASS,C1,70,144,24,8652.756060787571,8394.878921900665,9.094947017729282e-13,42238.199891772834,0.0,4144.736840961628,46382.936732734466,21392.40143928959,17559.93459082278,973.0916451302545,4667.385649599394,2025-03-12
PASS,C2,70,144,24,8665.494904524865,8386.043584202273,9.094947017729282e-13,39386.1058978601,1588.910720837467,6282.592408744076,47257.60902744164,21032.28331205513,17287.65567105499,1414.8465001186164,8.096489615074233,2025-03-12
PASS,C0,71,144,24,8386.043584202273,4590.002889938728,9.094947017729282e-13,40523.1625057479,0.0,7758.013214299083,48281.17572004699,16807.299830301487,17030.34948738139,1755.789072741761,285.95247291374426,2025-03-13
PASS,C1,71,144,24,8394.878921900665,4605.911409191777,8.988365607365267e-13,40518.971610566296,0.0,8460.68414051369,48979.65575107999,16626.293194940896,16877.36824934012,1908.7703107830303,457.1420663872348,2025-03-13
PASS,C2,71,144,24,8386.043584202273,4590.002889938732,8.988365607365267e-13,40549.07560241193,490.51644628206145,7750.868973650615,48790.46102234461,16804.57059510428,17028.13880687165,1756.0304048390492,296.40799926056246,2025-03-13
PASS,C0,72,144,24,4590.002889938728,4245.302101938588,6.821210263296962e-13,14437.920144531383,0.0,4712.571724004993,19150.491868536377,14830.349148391975,12322.81351939763,1318.7370448002096,11048.26338737275,2025-03-14
PASS,C1,72,144,24,4605.911409191777,4276.544198862489,6.821210263296962e-13,14430.416626283695,0.0,4949.273322822401,19379.689949106094,14795.908970472708,12281.116755379257,1360.4338088185843,11065.02743278863,2025-03-14
PASS,C2,72,144,24,4590.002889938732,4276.544198862489,6.821210263296962e-13,14725.230416351382,143.6551359100001,4074.1955190049202,18943.0810712663,14813.585102976092,12281.116755379257,1162.5226608428286,11188.660718146208,2025-03-14
PASS,C0,73,144,24,4245.302101938588,8435.501003787269,7.958078640513122e-13,16265.195277023338,0.0,7480.196069695046,23745.391346718385,19628.968132249673,12128.285175458423,2026.9328892708054,6635.11544968775,2025-03-15
PASS,C1,73,144,24,4276.544198862489,8486.37582271126,4.547473508864641e-13,16250.459421307565,0.0,8135.367178776058,24385.826600083623,19482.991213856858,11992.374421760163,2162.8436429690637,6746.3789270540055,2025-03-15
PASS,C2,73,144,24,4276.544198862489,8486.37582271126,4.547473508864641e-13,16621.456419999085,185.498499345761,7176.360523103142,23983.31544244799,19482.991213856858,11992.374421760163,1944.6873645044236,6941.410706943681,2025-03-15
PASS,C0,74,144,24,8435.501003787269,8798.936451014783,9.094947017729282e-13,40595.084821760785,0.0,6858.124834885066,47453.20965664586,21473.121819162803,17066.136771017114,1611.4644604647497,678.6950415933122,2025-03-16
PASS,C1,74,144,24,8486.37582271126,8798.936451014783,9.094947017729282e-13,40570.95319931784,0.0,10778.792498269602,51349.745697587445,20120.444011944008,16016.25508420148,2661.3461472803833,1974.845272229899,2025-03-16
PASS,C2,74,144,24,8486.37582271126,8797.109642807885,9.094947017729282e-13,40393.25681440219,727.0419389891416,6031.203080964441,47151.501834355775,21694.831023052262,17293.152690585375,1464.0773399090326,652.6243626750215,2025-03-16
PASS,C0,75,144,24,8798.936451014783,8830.452345167432,8.29780688604842e-13,37183.01247492395,0.0,10103.21898485224,47286.23145977619,20103.169251031002,16255.202788597728,2370.764233033871,2840.0020922221456,2025-03-17
PASS,C1,75,144,24,8798.936451014783,8833.399456716705,9.094947017729282e-13,37183.01247492395,0.0,8457.460268120125,45640.47274304407,20562.786927150297,16624.84070586001,2001.126315771588,2380.384416102854,2025-03-17
PASS,C2,75,144,24,8797.109642807885,8830.452345167432,8.970602038971265e-13,36791.12952590946,1377.7396425435877,7057.66946853001,45226.53863698306,20253.495007697613,16375.322524111478,1635.8201873021433,275.96540311992624,2025-03-17
PASS,C0,76,144,24,8830.452345167432,8589.4858481724,9.094947017729282e-13,42625.34306759161,0.0,2816.5792369824294,45441.92230457404,20017.73918410546,16431.238586420954,742.4342340391697,6526.59969816124,2025-03-18
PASS,C1,76,144,24,8833.399456716705,8631.393625473822,9.094947017729282e-13,42623.95203094035,0.0,6177.598611953358,48801.550642893715,19281.343911191394,15799.693816183624,1373.9790042764987,7259.720402687224,2025-03-18
PASS,C2,76,144,24,8830.452345167432,8589.4858481724,8.639755577632968e-13,38117.74689394475,2253.7980868234285,8166.400128490174,48537.945109258355,21093.32474723898,17302.462892559102,1792.7780182661531,338.22961889567443,2025-03-18
PASS,C0,77,144,24,8589.4858481724,8589.954519130524,8.08242361927114e-13,35083.82748739297,0.0,31224.411159272306,66308.23864666527,17170.545376967268,13907.719951481171,5460.255958033732,227.2064708524889,2025-03-19
PASS,C1,77,144,24,8631.393625473822,8589.954519130524,8.810729923425242e-13,35064.047016506694,0.0,24563.760143111303,59627.807159618,17123.981179965685,13907.71995148117,5460.255958033734,227.2064708524889,2025-03-19
PASS,C2,77,144,24,8589.4858481724,8745.498107581558,9.094947017729282e-13,38408.10402869958,1775.9484328799122,4431.5227197385975,44615.57518131808,21779.700666118413,17501.146506087673,1080.1535311766268,937.3439211273372,2025-03-19
PASS,C0,78,144,24,8589.954519130524,4077.719579069353,9.094947017729282e-13,38057.394895341895,0.0,10640.422704416167,48697.81759975806,16280.092735935445,17247.886562162766,2349.6811193332173,2148.1383260477096,2025-03-20
PASS,C1,78,144,24,8589.954519130524,4081.669967345586,9.094947017729282e-13,38057.394895341895,0.0,8578.89252685249,46636.287422194386,16747.221669456787,17622.705648866442,1974.862032629543,1681.0093925263693,2025-03-20
PASS,C2,78,144,24,8745.498107581558,4077.719579069355,8.872902412804251e-13,37538.84090761885,1041.9403176165301,9439.901728109333,48020.682953344716,15699.499034092707,16917.59489327608,2095.4596215489246,272.80224155858946,2025-03-20
PASS,C0,79,144,24,4077.719579069353,3918.165239265177,9.094947017729282e-13,13886.318398574123,0.0,7023.00132661612,20909.319725190246,14162.54283382031,11615.258601218211,2071.829289101999,14641.730736422352,2025-03-21
PASS,C1,79,144,24,4081.669967345586,4024.214967034553,9.094947017729282e-13,13884.688643944162,0.0,7597.160656105713,21481.849300049875,14158.153513513389,11519.813846225772,2167.274044094437,14641.730736422347,2025-03-21
PASS,C2,79,144,24,4077.719579069355,3897.0834198137923,9.094947017729282e-13,13711.310543777547,213.5383656300488,7189.442432305326,21114.291341712924,14162.542833820311,11634.232238724457,2061.2969169774206,14469.136729762577,2025-03-21
PASS,C0,80,144,24,3918.165239265177,8807.803566978524,8.526512829121202e-13,17408.595186214403,0.0,977.2307608320604,18385.82594704646,19956.884010885704,11764.401553875408,345.4767313407882,11046.745793354705,2025-03-22
PASS,C1,80,144,24,4024.214967034553,8865.9475690622,7.958078640513122e-13,17358.575064616514,0.0,1542.5715948587465,18901.14665947526,19768.469346239606,11654.900828629197,454.97745658699927,11117.327427145943,2025-03-22
PASS,C2,80,144,24,3897.0834198137923,8865.9475690622,7.958078640513122e-13,17136.278650756078,141.13006348311416,1688.001734884542,18965.410449123734,19909.72662092934,11654.900828629197,485.60456710667074,10829.628052835122,2025-03-22
PASS,C0,81,144,24,8807.803566978524,8673.693689265781,8.988365607365267e-13,41164.120669976386,0.0,3714.746650155486,44878.867320131874,20291.278338587366,16556.634344197235,872.6856638133795,6648.329066430488,2025-03-23
PASS,C1,81,144,24,8865.9475690622,8673.801443838827,9.094947017729282e-13,41136.67670099289,0.0,5259.06283385192,46395.73953484481,19850.715387596134,16252.010976653904,1177.3090313567104,7024.287570662081,2025-03-23
PASS,C2,81,144,24,8865.9475690622,8594.217286352996,8.277822871605167e-13,37225.77182789303,1955.4524365499276,5981.225987521266,45162.45025196423,20765.243684883284,17064.404639193745,1320.1721371185645,1309.769180936315,2025-03-23
PASS,C0,82,144,24,8673.693689265781,8681.548741390929,9.094947017729282e-13,38472.8754035532,0.0,3320.251873516806,41793.12727707,21342.61106739378,17280.445417676332,962.0970791329719,3206.918930772168,2025-03-24
PASS,C1,82,144,24,8673.801443838827,8681.548741390929,9.094947017729282e-13,38472.82454339472,0.0,5524.2721253057025,43997.096668700426,20807.2655591331,16846.91253510092,1395.6299617083826,3742.1447117294647,2025-03-24
PASS,C2,82,144,24,8594.217286352996,8675.210003736609,8.402167850363185e-13,37187.80139881308,1207.6573773199934,5123.51634156008,43518.97511769315,21638.558667376394,17454.33907492963,1236.5827315561964,839.8065980597067,2025-03-24
PASS,C0,83,144,24,8681.548741390929,8456.267631509903,9.094947017729282e-13,42463.097399331484,0.0,4632.263754661703,47095.36115399319,19987.39612017028,16392.543856230848,1192.5669743553103,7359.366207214567,2025-03-25
PASS,C1,83,144,24,8681.548741390929,8506.379739270675,8.08464406532039e-13,42463.097399331484,0.0,7026.583786845977,49489.68118617746,19469.634265005552,15928.055856562725,1657.054974023434,7877.1280623792945,2025-03-25
PASS,C2,83,144,24,8675.210003736609,8420.840623159564,8.810729923425242e-13,37818.602397241084,2476.0046342260594,8792.700682400633,49087.307713867776,20948.899153604816,17197.54075693924,2065.6915052018735,200.29860780544448,2025-03-25
PASS,C0,84,144,24,8456.267631509903,8596.110968139568,8.846257060213247e-13,36678.06884723694,0.0,7316.794944554713,43994.86379179166,21196.796119767154,17043.545854044703,1651.0708656447355,2524.4637472185705,2025-03-26
PASS,C1,84,144,24,8506.379739270675,8598.28091311173,8.846257060213247e-13,36654.29900412241,0.0,5611.494646677364,42265.79365079978,21397.11354269797,17248.950913128414,1445.6658065610254,2268.4662045535633,2025-03-26
PASS,C2,84,144,24,8420.840623159564,8540.300416144817,9.094947017729282e-13,35727.03458894549,1336.0565638208202,3891.5045404982034,40954.59569326452,21007.850993456643,16908.84549101316,945.5708230546726,213.33018486825233,2025-03-26
PASS,C0,85,144,24,8596.110968139568,3986.7215994014264,9.094947017729282e-13,37200.95495275319,0.0,2906.4260667383805,40107.38101949157,15248.058633442899,16499.377924953078,915.2284340696307,3529.4027173443988,2025-03-27
PASS,C1,85,144,24,8598.28091311173,3986.7215994014264,9.094947017729282e-13,37199.93073872633,0.0,5333.54784616369,42533.47858489002,14682.660061203082,16043.35803191377,1371.2483271089388,4092.390239615148,2025-03-27
PASS,C2,85,144,24,8540.300416144817,3969.7346715338213,9.094947017729282e-13,34925.89133136473,1150.714417146156,6398.3412454845065,42474.94699399539,16028.503347528153,17096.5968816477,1632.1611268284296,552.6038083837263,2025-03-27
PASS,C0,86,144,24,3986.7215994014264,3840.389145556532,7.958078640513122e-13,14242.580026063739,0.0,2402.329364897205,16644.909390960944,14595.43524609366,11954.001757796272,820.7987406459877,15479.055258455968,2025-03-28
PASS,C1,86,144,24,3986.7215994014264,3984.572076111676,7.958078640513122e-13,14242.580026063739,0.0,3910.0544309141533,18152.634456977892,14373.761956118973,11644.681755417145,1130.1187430251157,15700.728548430658,2025-03-28
PASS,C2,86,144,24,3969.7346715338213,3984.572076111676,7.958078640513122e-13,14178.801906055529,35.89514382621501,3910.0544309141533,18124.751480795898,14392.636320416312,11644.681755417145,1130.1187430251157,15625.102833890189,2025-03-28
PASS,C0,87,144,24,3840.389145556532,8653.9231234923,9.094947017729282e-13,16019.098166791468,0.0,4099.08217534752,20118.18034213899,19553.190491267113,11505.90371778417,1075.8614925891172,18368.14006259856,2025-03-29
PASS,C1,87,144,24,3984.572076111676,8766.540585646115,9.094947017729282e-13,15956.574269483679,0.0,4997.798808324565,20954.373077808243,19312.018815931737,11338.963582323715,1242.8016280495726,18449.10848176155,2025-03-29
PASS,C2,87,144,24,3984.572076111676,8766.540585646115,9.094947017729282e-13,16342.830465817464,193.12809816689173,3144.3158089522217,19680.274372936576,19312.018815931737,11338.963582323715,830.9163563973309,18465.719358751692,2025-03-29
PASS,C0,88,144,24,8653.9231234923,8698.60083632372,9.094947017729282e-13,38120.99507866339,0.0,4007.6329220993466,42128.62800076274,20461.712561038425,16533.77723289285,1011.6885288389514,6049.650221618528,2025-03-30
PASS,C1,88,144,24,8766.540585646115,8715.340789860205,9.094947017729282e-13,38067.8396365268,0.0,4456.308762381739,42524.14839890853,20307.50527505722,16495.159089003668,1050.3066727281328,6078.726994095497,2025-03-30
PASS,C2,88,144,24,8766.540585646115,8686.556668788558,9.094947017729282e-13,35009.99521606393,2202.346906577179,6721.117990649411,43933.460113290515,20113.620891057282,16364.018446928201,1603.459938446691,430.2950864799634,2025-03-30
PASS,C0,89,144,24,8698.60083632372,8652.38869058977,9.094947017729282e-13,33563.19178068359,0.0,28404.912418062373,61968.10419874596,16250.344674610351,13204.370117594937,4927.898473201381,65.37446101098965,2025-03-31
PASS,C1,89,144,24,8715.340789860205,8659.495293634474,9.094947017729282e-13,33555.29052261437,0.0,21196.950149151144,54752.24067176551,15959.108324237279,12977.138689235346,5155.129901560974,338.0108630101899,2025-03-31
PASS,C2,89,144,24,8686.556668788558,8654.660663088078,9.094947017729282e-13,35691.8156473347,1068.2084475877557,5466.82991727617,42226.85401219862,20365.30932668612,16524.606959746186,1330.6226324837787,132.3940886762864,2025-03-31
PASS,C0,90,144,24,8652.38869058977,8590.515738046424,9.094947017729282e-13,40286.956547462716,0.0,5718.014091734246,46004.97063919696,18791.248523144335,15276.596961035919,1550.476294092911,6243.175714411294,2025-04-01
PASS,C1,90,144,24,8659.495293634474,8590.515738046424,9.094947017729282e-13,40283.602230825614,0.0,5349.100289615213,45632.70252044083,18879.259029353452,15354.28141380554,1472.7918413232899,6147.268982596948,2025-04-01
PASS,C2,90,144,24,8654.660663088078,8590.19971250899,9.094947017729282e-13,37373.39399480555,1677.1452153038902,4887.451735987448,43937.99094609689,20211.575064344357,16429.390657640106,1296.954871427292,500.28688812390874,2025-04-01
PASS,C0,91,144,24,8590.515738046424,8487.681960044056,8.641976023682219e-13,38178.988741239635,0.0,6113.141074584646,44292.12981582428,20039.817920764188,16324.802916021123,1515.6852837870745,1784.7845480546162,2025-04-02
PASS,C1,91,144,24,8590.515738046424,8539.937005695918,8.641976023682219e-13,38178.988741239635,0.0,6159.341893492358,44338.330634731996,20114.607176219663,16338.352671853381,1502.1355279548159,1709.995292599141,2025-04-02
PASS,C2,91,144,24,8590.19971250899,8487.386334679946,9.094947017729282e-13,37702.07633083251,418.44532543883804,5568.661152065433,43689.18280833678,20309.502714648763,16543.229238911637,1313.9804866069749,601.62564462098,2025-04-02
PASS,C0,92,144,24,8487.681960044056,3559.7642938923295,8.970602038971265e-13,37499.91682302884,0.0,1963.828177112144,39463.74500014098,14496.439231748784,16177.24167725307,578.027746999018,6683.946403665492,2025-04-03
PASS,C1,92,144,24,8539.937005695918,3559.7642938923295,8.970602038971265e-13,37475.13051304131,0.0,2279.450374968655,39754.580888009965,14365.826596727999,16118.47498397291,636.7944402791784,6756.497876850874,2025-04-03
PASS,C2,92,144,24,8487.386334679946,3550.0316488306003,8.970602038971265e-13,33315.915075350655,2092.070986321279,4034.021004309771,39442.00706598171,15577.09757266836,17061.068251125784,964.7885610159478,404.59382305634665,2025-04-03
PASS,C0,93,144,24,3559.7642938923295,3540.9427755918064,7.958078640513122e-13,13187.864502087707,0.0,2737.833455783807,15925.697957871515,14143.30168793624,11473.013733698826,806.0617738137548,18325.48682655184,2025-04-04
PASS,C1,93,144,24,3559.7642938923295,3732.4237644943737,7.958078640513122e-13,13187.864502087707,0.0,3813.7687146695184,17001.633216757225,14142.179074350457,11299.771526682034,979.3039808305474,18326.60944013762,2025-04-04
PASS,C2,93,144,24,3550.0316488306003,3540.9427755918064,7.958078640513122e-13,13065.006643126228,106.8352595383546,3745.1215860586535,16916.963488723235,14142.179074350457,11463.345036138788,963.7432696508467,18359.16985680429,2025-04-04
PASS,C0,94,144,24,3540.9427755918064,8402.431086230114,7.958078640513122e-13,15460.557691699682,0.0,3904.3620588114895,19364.919750511173,19187.789476568207,11166.769996445772,1000.1261816573891,13088.83760232369,2025-04-05
PASS,C1,94,144,24,3732.4237644943737,8547.447752896782,7.958078640513122e-13,15381.561145944655,0.0,4306.530746758598,19688.091892703254,19095.876328443697,11134.138236477229,1032.7579416259312,12967.994096112014,2025-04-05
PASS,C2,94,144,24,3540.9427755918064,8547.447752896782,5.115907697472721e-13,15715.873845859274,127.6580770797961,3902.7353809450897,19746.26730388416,19164.434982235372,11017.337856036178,938.9565939399589,13211.94468758893,2025-04-05
PASS,C0,95,144,24,8402.431086230114,8581.41318098205,8.775202786637237e-13,36970.84869954236,0.0,3011.221445572829,39982.07014511518,21116.682537175206,16943.428969835175,669.672625520233,5163.636022166574,2025-04-06
PASS,C1,95,144,24,8547.447752896782,8584.362328626084,8.775202786637237e-13,36902.06246065347,0.0,3139.246386922779,40041.30884757625,20927.074707680415,16917.707395064765,695.394200290644,5192.114222031734,2025-04-06
PASS,C2,95,144,24,8547.447752896782,8577.885415045837,9.094947017729282e-13,35296.786337087644,1440.6331142676338,2317.106739457041,39054.52619081232,20927.07470768042,16923.536617286984,481.10664484094184,1142.7759320078173,2025-04-06
PASS,C0,96,144,24,8581.41318098205,8550.374520371955,9.094947017729282e-13,32292.15400786985,0.0,11771.538652110223,44063.69265998007,19680.30276831217,15968.980036881945,2617.948021545974,77.43134082333756,2025-04-07
PASS,C1,96,144,24,8584.362328626084,8669.061275557142,9.094947017729282e-13,32290.762010181865,0.0,11533.185476755029,43823.94748693689,19485.203346213155,15706.785658194709,2880.142400233211,269.25393220675977,2025-04-07
PASS,C2,96,144,24,8577.885415045837,8550.374520371955,9.094947017729282e-13,33344.68099092413,735.7805734361941,5508.021405953048,39588.48297031337,20190.235993405346,16378.850959864827,1276.4963444173297,289.2111951820688,2025-04-07
PASS,C0,97,144,24,8550.374520371955,8633.364506546663,8.86846152070575e-13,38263.13769428972,0.0,2501.121198503265,40764.25889279298,20452.94444533355,16492.194013162938,507.14427415817954,6213.597903105139,2025-04-08
PASS,C1,97,144,24,8669.061275557142,8640.635188645429,9.094947017729282e-13,38207.11754584231,0.0,2914.557239163516,41121.67478500583,20241.96483778401,16421.574996825588,577.763290495529,6292.703338226696,2025-04-08
PASS,C2,97,144,24,8550.374520371955,8633.364506546663,9.094947017729282e-13,34805.90690518454,1787.9935487386997,3999.3649049389055,40593.26535886215,21060.520039662177,16984.330244569126,809.1861116975545,396.26327832468536,2025-04-08
PASS,C0,98,144,24,8633.364506546663,8542.727403258377,9.094947017729282e-13,36960.22993237592,0.0,5862.907509877309,42823.137442253224,20351.692099126965,16566.443993252302,1197.7888177625812,350.6557220436712,2025-04-09
PASS,C1,98,144,24,8640.635188645429,8555.671074159985,7.958078640513122e-13,36956.7981704253,0.0,8268.650253640893,45225.4484240662,19347.622971339657,15748.04230982202,2016.1905011928648,1346.6463141656836,2025-04-09
PASS,C2,98,144,24,8633.364506546663,8546.81775008591,7.958078640513122e-13,37386.360440071105,499.34602518716457,3808.031052796401,41693.737518054666,20934.44413267398,17034.7918282806,800.8047808419834,973.9013567292338,2025-04-09
PASS,C0,99,144,24,8542.727403258377,3465.4126700562133,9.094947017729282e-13,34118.86390497397,0.0,2721.5921720661636,36840.45607704014,14923.95769408649,16657.988992092003,678.0915478138052,2444.632106268018,2025-04-10
PASS,C1,99,144,24,8555.671074159985,3468.9797848735684,9.094947017729282e-13,34112.73752291602,0.0,8045.563094965031,42158.30061788105,13286.479669285914,15340.070692479367,1996.009847426441,4067.7282745112516,2025-04-10
PASS,C2,99,144,24,8546.81775008591,3458.498883639,9.094947017729282e-13,32067.219285178493,1506.7152482694537,6266.917640418523,39840.85217386647,14749.545530586693,16526.61885957744,1392.274362355363,577.8949688769611,2025-04-10
PASS,C0,100,144,24,3465.4126700562133,3318.12648537274,8.526512829121202e-13,12149.975337580716,0.0,7420.683814395044,19570.65915197576,12898.335812940912,10580.209574697263,1916.2327817201779,19158.01521128291,2025-04-11
PASS,C1,100,144,24,3468.9797848735684,3436.5332353727426,5.684341886080801e-13,12148.550239540034,0.0,7463.083140415432,19611.633379955467,13061.98229089049,10609.407550172038,1890.2452095810215,18994.368733333333,2025-04-11
PASS,C2,100,144,24,3458.498883639,3436.5332353727426,5.684341886080801e-13,12412.33048883634,129.79651222204157,6470.7114499164845,19012.838450974865,13047.577838826133,10588.307132888798,1655.3981849109146,19073.35585875064,2025-04-11
PASS,C0,101,144,24,3318.12648537274,8683.869700987876,7.389644451905042e-13,16130.300148555307,0.0,1073.447357105776,17203.747505661082,19028.97973218807,10584.304689018712,282.05345855118827,15802.960475414546,2025-04-12
PASS,C1,101,144,24,3436.5332353727426,8808.966932539479,9.094947017729282e-13,16081.450786027528,0.0,1618.864208986164,17700.314995013694,18937.7246096023,10504.3666063278,361.9915412421014,15762.652542444755,2025-04-12
PASS,C2,101,144,24,3436.5332353727426,8808.966932539479,9.094947017729282e-13,15573.187083184515,254.1318514215065,2271.117487557467,18098.43642216349,18937.7246096023,10504.3666063278,507.0635515640286,15341.29611115544,2025-04-12
PASS,C0,102,144,24,8683.869700987876,8615.21031412422,8.881784197001252e-13,34067.5169347402,0.0,6184.483977632746,40252.00091237295,19887.018619995335,16170.278530373507,1278.19185071992,649.580197216892,2025-04-13
PASS,C1,102,144,24,8808.966932539479,8615.21031412422,9.094947017729282e-13,34008.47104144785,0.0,6119.963285298556,40128.4343267464,19748.02169604911,16170.278530373509,1278.1918507199186,649.580197216892,2025-04-13
PASS,C2,102,144,24,8808.966932539479,8615.21031412422,9.094947017729282e-13,34286.564502048954,139.04673030055557,4621.465353002067,39047.07658535158,19847.00168665591,16250.452322765019,980.4406826290451,701.4683223060828,2025-04-13
PASS,C0,103,144,24,8615.21031412422,8493.019482937445,9.094947017729282e-13,36068.76901089033,0.0,2758.7440012992665,38827.5130121896,19535.86070327327,15934.018917719442,731.2786429394747,4935.132751007227,2025-04-14
PASS,C1,103,144,24,8615.21031412422,8647.394973699205,9.094947017729282e-13,36068.76901089033,0.0,4746.519296866795,40815.28830775713,19237.611118100656,15553.498812044041,1111.7987486148759,5233.38233617984,2025-04-14
PASS,C2,103,144,24,8615.21031412422,8493.019482937443,9.094947017729282e-13,32663.78951825979,2647.349374465356,7633.255518114663,42944.39441083981,18482.581746466007,15080.862962705562,1773.4073504715282,136.15027614918688,2025-04-14
PASS,C0,104,144,24,8493.019482937445,8667.660618682215,8.641976023682219e-13,31608.12482395882,0.0,7141.007362142185,38749.13218610101,19773.808948162332,15859.608225841192,1678.8979619959193,592.0044035598722,2025-04-15
PASS,C1,104,144,24,8647.394973699205,8670.153998311845,8.641976023682219e-13,31535.31105081619,0.0,9485.447177985181,41020.75822880137,18844.43122512412,15243.506170199158,2295.0000176379526,1349.8538035294628,2025-04-15
PASS,C2,104,144,24,8493.019482937443,8667.660618682215,8.641976023682219e-13,32205.92927020124,439.54991867057555,3809.3684706283,36454.84765950012,19817.07617590902,15894.654680316007,799.9244626415262,418.9643369644196,2025-04-15
PASS,C0,105,144,24,8667.660618682215,8682.512266226086,9.094947017729282e-13,34785.004569140365,0.0,5548.511614995816,40333.516184136184,19629.216877359533,15886.299187871737,1376.850038783317,1287.1391225099326,2025-04-16
PASS,C1,105,144,24,8670.153998311845,8688.15233412732,8.526512829121202e-13,34783.82769395518,0.0,7885.035127080511,42668.86282103569,19035.240356031612,15402.346186151675,1860.8030405033774,1878.3452220271524,2025-04-16
PASS,C2,105,144,24,8667.660618682215,8682.512266226086,9.094947017729282e-13,34829.71193370479,817.7382559482786,5213.909593241946,40861.359782895015,18971.416923242385,15353.481225036845,1177.8663889853563,421.058203373296,2025-04-16
PASS,C0,106,144,24,8682.512266226086,3189.927782448589,8.846257060213247e-13,29923.537138346914,0.0,18456.86620539595,48380.403343742866,10906.412486166815,13777.520149194865,3092.7762409248976,45.79202177146317,2025-04-17
PASS,C1,106,144,24,8688.15233412732,3212.7447605965694,9.094947017729282e-13,29921.210297000547,0.0,17788.021943468466,47709.23224046901,9539.814766579126,12655.116777106767,4215.179613012996,1406.1229992466692,2025-04-17
PASS,C2,106,144,24,8682.512266226086,3203.5328933126193,8.846257060213247e-13,31507.054926029803,791.7588938414442,3682.4997707197176,35981.313590590966,12935.708173933366,15409.00505650814,765.7279933312468,157.83882384916183,2025-04-17
PASS,C0,107,144,24,3189.927782448589,3022.6551820654818,6.252776074688882e-13,12383.062571108781,0.0,1863.8915202187122,14246.954091327492,12972.85472945617,10658.557671204295,643.3065382172223,17187.736133644412,2025-04-18
PASS,C1,107,144,24,3212.7447605965694,3275.03016456049,6.252776074688882e-13,12373.649300012841,0.0,3280.9259876961487,15654.57528770899,12947.50253151397,10431.420186958787,870.4440224627301,17187.736133644412,2025-04-18
PASS,C2,107,144,24,3203.5328933126193,3275.03016456049,6.252776074688882e-13,12562.440002600653,99.09511400388874,3256.776127611162,15918.311244215703,12770.645319801893,10279.875164916451,865.4896434819574,17441.161528816716,2025-04-18
PASS,C0,108,144,24,3022.6551820654818,8686.621342274986,6.821210263296962e-13,14787.630891404717,0.0,2881.0842569471015,17668.715148351817,19388.488660707,10607.106270984114,741.0909576104152,16884.89465434434,2025-04-19
PASS,C1,108,144,24,3275.03016456049,8819.371626117962,6.821210263296962e-13,14683.512190293166,0.0,3925.5327225238466,18609.04491281701,19016.559032881276,10413.505501232106,934.6917273624233,16976.40763495339,2025-04-19
PASS,C2,108,144,24,3275.03016456049,8676.054680568152,6.821210263296962e-13,15030.36590522164,294.298936171491,2903.196587323165,18227.861428716296,19016.559032881276,10542.490752226935,716.0983285754096,17260.755570941452,2025-04-19
PASS,C0,109,144,24,8686.621342274986,8630.314487997985,9.094947017729282e-13,32219.794471135458,0.0,9564.359801396262,41784.15427253172,19179.42745515669,15586.012407526227,1834.9657952686314,89.74183739825014,2025-04-20
PASS,C1,109,144,24,8819.371626117962,8794.250770679111,9.094947017729282e-13,32157.136337161573,0.0,8637.566240578952,40794.70257774053,19031.927139775602,15438.46975311321,1982.5084496816482,89.74183739825014,2025-04-20
PASS,C2,109,144,24,8676.054680568152,8794.250770679111,9.094947017729282e-13,33082.05001207854,467.7001129982583,3414.6640084174455,36964.41413349424,20380.49901385868,16401.827720125675,757.0603767625487,89.74183739825014,2025-04-20
PASS,C0,110,144,24,8630.314487997985,8588.429529733721,9.094947017729282e-13,34203.5176349352,0.0,4456.265833035752,38659.78346797095,18087.36848844613,14688.464938079203,1040.5024077369749,7030.47416728651,2025-04-21
PASS,C1,110,144,24,8794.250770679111,8627.106094671117,9.094947017729282e-13,34126.139709509705,0.0,5598.06605076409,39724.20576027379,17739.614459331948,14519.517920466076,1209.4494253501023,7196.076771199439,2025-04-21
PASS,C2,110,144,24,8794.250770679111,8550.406082755628,9.094947017729282e-13,31488.46978280308,1318.8349633533132,7846.081444637187,40653.38619079358,17739.614459331948,14588.547931190016,1680.0949530307587,3364.9259718562275,2025-04-21
PASS,C0,111,144,24,8588.429529733721,8543.604588040685,9.094947017729282e-13,31229.240669227744,0.0,14324.890803089876,45554.13147231762,18098.582152269493,14700.19399086202,2881.522677488744,67.87254005357772,2025-04-22
PASS,C1,111,144,24,8627.106094671117,8621.696196080282,8.526512829121202e-13,31210.985330577292,0.0,12911.03211411588,44122.01744469317,17620.2995672187,14277.311558178897,3304.405110171866,503.18116406282047,2025-04-22
PASS,C2,111,144,24,8550.406082755628,8609.328192735276,9.094947017729282e-13,32689.3177822793,721.0650230389487,4863.445776111391,38273.82858142964,19102.524428211716,15420.014887869806,1238.4531588359923,67.87254005357772,2025-04-22
PASS,C0,112,144,24,8543.604588040685,8643.364200328682,9.094947017729282e-13,30464.989445380772,0.0,20675.933539889713,51140.92298527048,16531.647649762956,13300.850945248794,3787.5765398112776,186.41066982009454,2025-04-23
PASS,C1,112,144,24,8621.696196080282,8814.77762068529,9.094947017729282e-13,30432.772318641768,0.0,15986.595470626979,46419.36778926875,16444.879196385627,13146.578866927848,3941.8486181322237,186.41066982009454,2025-04-23
PASS,C2,112,144,24,8609.328192735276,8805.457878560825,9.094947017729282e-13,32324.447127986,1184.7515609540576,3761.030399521814,37270.22908846187,19065.25298752389,15266.338202651357,943.592490070533,379.18679242493135,2025-04-23
PASS,C0,113,144,24,8643.364200328682,2763.22295921177,8.526512829121202e-13,28239.56864571106,0.0,3474.568073862283,31714.136719573344,12545.558870041408,15454.029801738763,767.41643478319,1836.1106856294498,2025-04-24
PASS,C1,113,144,24,8814.77762068529,2771.4732030389305,8.526512829121202e-13,28158.718649109524,0.0,3638.553735529438,31797.272384638964,12339.076757191595,15433.626149206917,787.8200873150366,1852.1334425274767,2025-04-24
PASS,C2,113,144,24,8805.457878560825,2763.222959211772,8.526512829121202e-13,28806.661132733792,516.337103585833,3363.5667047863208,32686.564941105946,12349.432026218778,15441.051368651359,675.909093452474,2561.5520586409752,2025-04-24
PASS,C0,114,144,24,2763.22295921177,2512.958647486725,9.094947017729282e-13,11984.591726266912,0.0,2427.1934948424837,14411.785221109396,12394.753828083,10264.98848129977,640.4800383958186,20876.879278138586,2025-04-25
PASS,C1,114,144,24,2771.4732030389305,2754.043128055283,9.094947017729282e-13,11981.18804234133,0.0,3562.916543713377,15544.104586054706,12446.000898785076,10096.947795501195,808.5207241943942,20816.46526985077,2025-04-25
PASS,C2,114,144,24,2763.222959211772,2385.3991274593645,9.094947017729282e-13,11417.008660068685,398.1376233318841,3601.7564242300064,15416.902707630576,12316.100534981788,10316.082881912416,816.6401848508236,20598.404133242533,2025-04-25
PASS,C0,115,144,24,2512.958647486725,7851.104146054452,7.705502902410899e-13,14451.176361968252,0.0,2935.291896691172,17386.468258659424,18494.447781320174,10176.171754158386,751.4437071044703,23017.657175663873,2025-04-26
PASS,C1,115,144,24,2754.043128055283,8049.945757165563,7.705502902410899e-13,14351.715620151468,0.0,3487.3832322018907,17839.09885235336,18383.123886194982,10124.017981618686,803.5974796441709,22861.10942571289,2025-04-26
PASS,C2,115,144,24,2385.3991274593645,8059.219128383092,7.247535904753022e-13,14761.038431255633,128.61834031804645,3265.6319037806697,18155.28867535435,18651.265095497623,10001.086726521722,755.9782646652014,23124.393013666522,2025-04-26
PASS,C0,116,144,24,7851.104146054452,7805.030186091714,9.094947017729282e-13,30084.085570475352,0.0,12496.934361141351,42581.019931616705,18723.613400040715,15207.593417999444,2703.362909654517,1008.8915806081085,2025-04-27
PASS,C1,116,144,24,8049.945757165563,7805.030186091714,8.988365607365267e-13,30002.052359135847,0.0,15721.81264002015,45723.864999155994,17235.200133301907,14180.936121941008,3730.0202057129527,2276.369723890124,2025-04-27
PASS,C2,116,144,24,8059.219128383092,7805.030186091716,8.86402062860725e-13,31140.1307121981,570.9520669383883,6117.9288567409285,37829.01163587742,18420.986772398384,15149.76933370493,1425.1505693144545,1112.0556195732543,2025-04-27
PASS,C0,117,144,24,7805.030186091714,7751.709204576279,9.094947017729282e-13,36273.22792708933,0.0,4642.182006737342,40915.40993382667,18930.592047712078,15381.76844201068,1014.7301173921562,2679.6647199013464,2025-04-28
PASS,C1,117,144,24,7805.030186091714,7751.709204576279,9.094947017729282e-13,36273.22792708933,0.0,8909.861068450053,45183.08899553938,17480.599841630166,14207.274755084334,2189.2238043185025,4129.656925983258,2025-04-28
PASS,C2,117,144,24,7805.030186091716,7747.563726181218,9.094947017729282e-13,36051.81733271555,1437.0855975941151,2154.156366604468,39643.059296914136,19563.21188760799,15897.921442881927,502.8764115210301,1629.6693131210413,2025-04-28
PASS,C0,118,144,24,7751.709204576279,8117.8041777465805,8.526512829121202e-13,30602.421759512756,0.0,9723.81756764365,40326.23932715641,17597.740180268593,13924.68407016429,2118.683657517912,1965.0072639823281,2025-04-29
PASS,C1,118,144,24,7751.709204576279,8157.289506079915,8.526512829121202e-13,30602.421759512756,0.0,7345.8836009689185,37948.305360481674,18200.741440069778,14377.578295103249,1665.789432578953,1362.0060041811414,2025-04-29
PASS,C2,118,144,24,7747.563726181218,8117.8041777465805,8.526512829121202e-13,31483.094514596945,524.7257980653442,3715.072101412872,35722.89241407516,18197.325677175402,14406.61739210325,781.9324924156953,1557.7633314433094,2025-04-29
PASS,C0,119,144,24,8117.8041777465805,8017.364358452709,9.094947017729282e-13,30141.46059271696,0.0,9450.098244923212,39591.55883764017,17567.809372796328,14320.321429329515,1893.0540506945765,123.84988135279661,2025-04-30
PASS,C1,119,144,24,8157.289506079915,8017.364358452709,9.094947017729282e-13,30125.746221746864,0.0,9429.533988729903,39555.28021047677,17567.809372796328,14355.858224829515,1893.054050694577,123.84988135279661,2025-04-30
PASS,C2,119,144,24,8117.8041777465805,8017.364358452711,9.094947017729282e-13,30907.17440889431,412.7628505157232,2999.173745822992,34319.111005233026,18466.315036745767,15048.111017128558,645.6866179610834,123.84988135279661,2025-04-30
PASS,C0,120,144,24,8017.364358452709,1968.6656426643522,9.094947017729282e-13,28449.653622742102,0.0,18894.312335524835,47343.965958266934,12476.851351646455,15550.078439043149,4002.487812284004,928.5398011687575,2025-05-01
PASS,C1,120,144,24,8017.364358452709,1977.1444235285499,9.094947017729282e-13,28449.653622742102,0.0,19240.551538315405,47690.20516105751,12107.760752647822,15243.48415107648,4309.082100250672,1297.6304001673889,2025-05-01
PASS,C2,120,144,24,8017.364358452711,1968.6656426643522,9.094947017729282e-13,29541.302358965837,731.9121098846837,16146.91981312351,46420.13428197403,11801.594312110512,15003.120237019037,3426.9718253358287,1973.7969853962143,2025-05-01
PASS,C0,121,144,24,1968.6656426643522,2083.1172815213476,9.094947017729282e-13,13061.122338287834,0.0,12240.835557390705,25301.957895678537,13232.777807272952,10615.543548919797,2821.704714212795,12087.400517504511,2025-05-02
PASS,C1,121,144,24,1977.1444235285499,2335.6237073407387,9.094947017729282e-13,13057.121729668288,0.0,13535.306204862693,26592.42793453098,13253.467810147016,10412.677570788115,3029.405065456138,12062.124020115221,2025-05-02
PASS,C2,121,144,24,1968.6656426643522,2335.6237073407387,9.094947017729282e-13,12959.900344491167,50.61099689833333,13915.440608795749,26925.95195018525,13262.888677773904,10412.677570788115,3107.4856756778113,12032.760013670226,2025-05-02
PASS,C0,122,144,24,2083.1172815213476,7753.129715945063,7.958078640513122e-13,15556.44375225774,0.0,10286.587533906024,25843.031286163765,19213.866042763817,10460.220303657348,1963.4475833928716,17121.556467297847,2025-05-03
PASS,C1,122,144,24,2335.6237073407387,7980.147337801867,7.958078640513122e-13,15437.344888079593,0.0,11631.266010400808,27068.6108984804,18911.94977697567,10238.60805193528,2185.05983511494,17142.91003773111,2025-05-03
PASS,C2,122,144,24,2335.6237073407387,7753.129715945063,7.958078640513122e-13,15264.824542108228,115.42001209568282,11530.340793925803,26910.585348129716,18911.94977697567,10442.923911606404,2163.4853573371615,17152.787921064446,2025-05-03
PASS,C0,123,144,24,7753.129715945063,8040.8071574977475,8.757439218243235e-13,33651.799662702346,0.0,9518.648610757415,43170.44827345976,18182.88802321913,14469.229601410083,1780.96822933296,3147.7926077735765,2025-05-04
PASS,C1,123,144,24,7980.147337801867,8050.925148238488,8.757439218243235e-13,33544.10722178292,0.0,11431.915757314215,44976.022979097135,17509.10563338067,14118.675533645388,2136.09734944504,3573.9082478963046,2025-05-04
PASS,C2,123,144,24,7753.129715945063,8040.8071574977475,8.757439218243235e-13,31816.183384745484,917.8081389784306,16261.30069613812,48995.292219862036,17761.347435443786,14127.781725312054,3181.8107665987764,1861.5441571595484,2025-05-04
PASS,C0,124,144,24,8040.8071574977475,8372.782804157632,9.094947017729282e-13,36531.61466786477,0.0,4553.135116901382,41084.74978476615,20032.019772622185,15927.157933830074,857.052311350228,2120.2806751725225,2025-05-05
PASS,C1,124,144,24,8050.925148238488,8385.054551071213,9.094947017729282e-13,36526.81536759008,0.0,4624.267684298607,41151.08305188869,20020.777560688028,15916.113361607851,868.0968835724505,2120.2806751725225,2025-05-05
PASS,C2,124,144,24,8040.8071574977475,8372.782804157632,9.094947017729282e-13,34731.31403173355,900.1503180656103,8200.427555636186,43831.89190543535,20032.019772622185,15927.157933830074,1583.5516977491377,913.8466878716882,2025-05-05
PASS,C0,125,144,24,8372.782804157632,8121.004957072135,9.094947017729282e-13,31152.128500014973,0.0,23788.03054028447,54940.15904029945,17741.980133547408,14597.603970550355,4675.379981359202,7.7395026981809,2025-05-06
PASS,C1,125,144,24,8385.054551071213,8128.223528059791,8.277822871605167e-13,31147.22581440553,0.0,26145.6113447364,57292.83715914193,16254.942307049307,13397.651189420221,5886.3773347115575,1494.7773291962826,2025-05-06
PASS,C2,125,144,24,8372.782804157632,8121.004957072137,8.277822871605167e-13,33135.94012202581,1147.4280780601823,11649.555718511643,45932.92391859763,18381.117513559388,15115.305248360053,2373.976623784287,523.7852556427882,2025-05-06
PASS,C0,126,144,24,8121.004957072135,8324.810239717113,9.094947017729282e-13,33847.26711110337,0.0,19755.676635649248,53602.943746752615,17777.598528724855,14216.430053886648,3329.882260774224,64.06650966862514,2025-05-07
PASS,C1,126,144,24,8128.223528059791,8332.47568107514,9.094947017729282e-13,33843.862351787524,0.0,17747.775590117886,51591.63794190541,17108.512192027996,13674.067937828862,3872.244376832009,725.1322119347537,2025-05-07
PASS,C2,126,144,24,8121.004957072137,8324.810239717115,9.094947017729282e-13,35394.75710292352,878.1207304349289,7198.165464776561,43471.04329813501,19623.334242424673,15711.475981983504,1264.3358908905595,812.7189322495982,2025-05-07
PASS,C0,127,144,24,8324.810239717113,3042.728984901721,8.988365607365267e-13,34677.89316138546,0.0,4895.402405794743,39573.2955671802,12626.274100980345,14981.15515112793,1051.8448075403012,3563.407766191841,2025-05-08
PASS,C1,127,144,24,8332.47568107514,3051.752058501062,8.988365607365267e-13,34674.25718703463,0.0,5837.525688500306,40511.78287553494,12391.7763822305,14789.990129923375,1243.0098287448563,3789.388327877211,2025-05-08
PASS,C2,127,144,24,8324.810239717115,3051.752058501062,9.094947017729282e-13,33794.35168888727,863.8371638916672,4688.620952695448,39346.80980547438,12425.555933378237,14810.45266913082,954.528163382025,1279.8065356678403,2025-05-08
PASS,C0,128,144,24,3042.728984901721,2740.808183908174,6.821210263296962e-13,13795.527073687601,0.0,3402.577195497502,17198.104269185103,12486.70634445483,10385.960859902603,899.0144373310115,16734.681147536532,2025-05-09
PASS,C1,128,144,24,3051.752058501062,2744.9045727970615,6.821210263296962e-13,13791.804554546005,0.0,3041.16002051278,16832.964575058784,12597.093962817533,10479.808847015804,805.166450217811,16614.267891841228,2025-05-09
PASS,C2,128,144,24,3051.752058501062,2739.169628352617,6.821210263296962e-13,14193.964506854652,246.29761087323556,2362.4737744942754,16802.73589222216,12310.295742417016,10252.663738491385,663.2842941285057,16980.805603138582,2025-05-09
PASS,C0,129,144,24,2740.808183908174,8584.635521711787,9.094947017729282e-13,16628.251299183514,0.0,3255.4957127394337,19883.747011922947,19110.269850327957,10219.873974742392,805.2339706537726,13476.594632131711,2025-05-10
PASS,C1,129,144,24,2744.9045727970615,8795.695373563636,6.821210263296962e-13,16626.561311189686,0.0,4648.188728063739,21274.750039253428,19045.915185423648,9981.479579503233,1043.6283658929317,13536.397753826148,2025-05-10
PASS,C2,129,144,24,2739.169628352617,8584.635521711783,6.821210263296962e-13,16867.710748442238,351.62932441726485,3220.8390707321114,20440.179143591617,19052.287345917473,10171.4334461699,730.349089950874,13727.672682117969,2025-05-10
PASS,C0,130,144,24,8584.635521711787,8762.80967184414,9.094947017729282e-13,34981.59500785573,0.0,7501.839607002808,42483.43461485853,18663.1300161545,14956.778577966033,1575.4595474119162,940.1863505540143,2025-05-11
PASS,C1,130,144,24,8795.695373563636,8762.80967184414,9.094947017729282e-13,34881.97475778165,0.0,8920.1837938743,43802.15855165595,18051.1449702687,14651.0245574652,1881.2135679127493,1317.660449937763,2025-05-11
PASS,C2,130,144,24,8584.635521711783,8732.41973184414,9.094947017729282e-13,35233.40313582351,652.2974300162236,6590.480791034039,42476.18135687377,18267.098615034996,14663.344089059234,1316.370375186799,538.3579495890039,2025-05-11
PASS,C0,131,144,24,8762.80967184414,8738.694154367797,9.094947017729282e-13,31771.527707914178,0.0,20632.215656021082,52403.74336393526,15995.245839165844,12977.853095453042,3682.8628150496284,156.28096457578647,2025-05-12
PASS,C1,131,144,24,8762.80967184414,8892.938116193158,9.094947017729282e-13,31771.527707914178,0.0,24962.310727699194,56733.83843561337,13715.58101721173,10992.505024027387,5668.210886475283,2435.9457865298987,2025-05-12
PASS,C2,131,144,24,8732.41973184414,8892.938116193158,9.094947017729282e-13,34288.19692574919,1295.9290551813117,2824.2824786364736,38408.40845956697,18590.706069516236,14914.00537039404,596.5799003222484,752.5079049376747,2025-05-12
PASS,C0,132,144,24,8738.694154367797,8702.7165812558,9.094947017729282e-13,35740.640349289264,0.0,5635.751297199742,41376.391646489006,18226.675196796157,14795.986725205688,1254.9582538313293,5277.722092338655,2025-05-13
PASS,C1,132,144,24,8892.938116193158,8702.7165812558,9.094947017729282e-13,35667.837199307694,0.0,7110.533139758377,42778.37033906607,17699.940414700082,14508.151117350691,1542.7938616863257,5633.074694628773,2025-05-13
PASS,C2,132,144,24,8892.938116193158,8702.7165812558,9.094947017729282e-13,34544.77395337054,1493.832709493657,4136.403429723319,40175.010092587516,17741.018098705135,14541.424041394785,814.6103251532123,1742.819034251021,2025-05-13
PASS,C0,133,144,24,8702.7165812558,8779.120829537263,8.881784197001252e-13,35502.24174908392,0.0,2141.8457662892674,37644.08751537319,18438.648449646156,14866.541420760073,489.15099185291166,1882.2147495456109,2025-05-14
PASS,C1,133,144,24,8702.7165812558,8779.120829537263,8.881784197001252e-13,35502.24174908392,0.0,12532.651612807727,48034.89336189165,15274.44306318041,12303.535057722816,3052.1573548901683,5046.4201360113575,2025-05-14
PASS,C2,133,144,24,8702.7165812558,8779.120829537263,8.881784197001252e-13,34500.20481052809,1178.9705717339418,3375.898426047249,39055.07380830928,18671.329183565194,15055.012815234493,736.8656204287414,1275.8281820829743,2025-05-14
PASS,C0,134,144,24,8779.120829537263,3531.1865431927695,9.094947017729282e-13,33902.53108385851,0.0,1048.301113243708,34950.832197102216,12151.737060257465,14566.04787651859,295.63552193420105,520.5837866704587,2025-05-15
PASS,C1,134,144,24,8779.120829537263,3531.1865431927695,8.881784197001252e-13,33902.53108385851,0.0,13812.964096386011,47715.49518024452,8352.735437119742,11488.856561777033,3372.826836675759,4319.585409808183,2025-05-15
PASS,C2,134,144,24,8779.120829537263,3531.1865431927695,9.094947017729282e-13,33362.70903710342,1070.2472411961403,1761.8763293235697,36194.83260762313,12248.50448713746,14644.429492291385,462.42256255434086,911.2278706130026,2025-05-15
PASS,C0,135,144,24,3531.1865431927695,2849.8272555328044,9.094947017729282e-13,14007.404611585587,0.0,2148.469776163786,16155.874387749374,11893.21524313912,10246.727705836656,813.2706173545236,22016.483151320317,2025-05-16
PASS,C1,135,144,24,3531.1865431927695,2954.6118332516994,7.958078640513122e-13,14007.404611585587,0.0,2381.1209092742165,16388.525520859803,11992.85332303722,10233.128430607108,826.8698925840717,21916.84507142222,2025-05-16
PASS,C2,135,144,24,3531.1865431927695,2611.2520927457135,7.958078640513122e-13,13415.094518628053,501.65589967184036,2424.21304046627,16340.963458766164,11704.115752571419,10308.274764985199,834.2159851273836,21782.02843754511,2025-05-16
PASS,C0,136,144,24,2849.8272555328044,9116.542268125224,7.958078640513122e-13,17540.487829229274,0.0,1470.9643937675207,19011.452222996795,19204.149465045815,9915.317555353933,473.7221759478983,14911.481322385474,2025-05-17
PASS,C1,136,144,24,2954.6118332516994,9191.130897754856,7.958078640513122e-13,17498.679030047588,0.0,1787.1260614520618,19285.805091499653,19233.75087328882,9966.471049311105,516.8748019377307,14881.879914142468,2025-05-17
PASS,C2,136,144,24,2611.2520927457135,9116.542268125224,7.958078640513122e-13,17526.092086413966,150.51085117211116,1988.1163632890732,19664.71930087515,19165.381231853466,9669.19763995975,560.9263729316391,14913.3859523936,2025-05-17
PASS,C0,137,144,24,9116.542268125224,9432.960909568377,9.094947017729282e-13,37835.35619093186,0.0,527.3337951406829,38362.68998607254,18262.96045987939,14508.221195203474,156.2416306095545,5261.3361052380915,2025-05-18
PASS,C1,137,144,24,9191.130897754856,9432.960909568377,9.094947017729282e-13,37800.15035774667,0.0,1566.9995340775934,39367.149891824265,17944.26183981713,14317.205079619713,347.2577461933153,5497.158470156315,2025-05-18
PASS,C2,137,144,24,9116.542268125224,9432.960909568377,9.094947017729282e-13,35648.921022609495,1113.179885307848,1620.8097022470963,38382.91061016444,18046.784254635484,14333.11846895591,358.19640068313987,1295.1517419619881,2025-05-18
PASS,C0,138,144,24,9432.960909568377,8902.422378162863,8.841816168114747e-13,33502.426298742146,0.0,2766.241480165472,36268.66777890761,17213.287847415973,14420.247834671902,610.9545044864249,5058.098750395693,2025-05-19
PASS,C1,138,144,24,9432.960909568377,8902.422378162863,8.841816168114747e-13,33502.426298742146,0.0,2476.8470292355064,35979.27332797765,17296.24187240232,14487.44059491084,543.761744247486,4975.144725409349,2025-05-19
PASS,C2,138,144,24,9432.960909568377,8902.422378162863,8.841816168114747e-13,33835.92281743416,460.4810655299038,1571.2495468554405,35867.65342981951,17296.24187240232,14487.44059491084,290.43200517683243,5008.548934518891,2025-05-19
PASS,C0,139,144,24,8902.422378162863,8797.400438145749,8.641976023682219e-13,33741.57565694421,0.0,15127.347029663926,48868.92268660814,15953.909712066028,13017.186612788882,2740.582323274089,166.31565934656362,2025-05-20
PASS,C1,139,144,24,8902.422378162863,8914.025701668044,9.094947017729282e-13,33741.57565694421,0.0,14069.762898889101,47811.33855583331,15166.055649690199,12274.062085094396,3483.706850968574,954.1697217223937,2025-05-20
PASS,C2,139,144,24,8902.422378162863,8914.025701668044,9.094947017729282e-13,35081.319898189366,926.360873827021,2624.0118492072606,38631.69262122364,18193.586964200043,14726.362449847371,581.4547121979799,340.040254718589,2025-05-20
PASS,C0,140,144,24,8797.400438145749,8108.929473747907,8.633094239485217e-13,32403.650595340347,0.0,13980.423622888853,46384.0742182292,16890.44310610908,14300.882783906414,2841.6441834967877,258.50167273603233,2025-05-21
PASS,C1,140,144,24,8914.025701668044,8421.195232860548,9.094947017729282e-13,32357.519472354103,0.0,22008.92625040737,54366.44572276148,14292.596196031081,12020.550340711925,5226.939363861343,2856.3485828140315,2025-05-21
PASS,C2,140,144,24,8914.025701668044,8421.195232860548,9.094947017729282e-13,35017.80451979408,1437.6180321166546,1413.0020666977064,37868.424618608435,17901.31100362686,14943.6093348645,349.3422788086807,1431.1810929710814,2025-05-21
PASS,C0,141,144,24,8108.929473747907,2331.813916744898,8.988365607365267e-13,30709.107809303227,0.0,3777.328334834715,34486.43614413794,11157.64308983547,14237.094904069443,805.1246604928288,0.0,2025-05-22
PASS,C1,141,144,24,8421.195232860548,2331.813916744898,8.988365607365267e-13,30580.28083557153,0.0,3438.951479088346,34019.23231465988,10810.68113526587,14237.094904069441,805.1246604928302,0.0,2025-05-22
PASS,C2,141,144,24,8421.195232860548,2582.89325227658,8.988365607365267e-13,30695.769694169554,124.84752804687928,3211.604102143119,34032.221324359554,11245.612937413669,14363.418261830646,722.9868034603646,0.0,2025-05-22
PASS,C0,142,144,24,2331.813916744898,2255.9551528277366,6.821210263296962e-13,13113.088403070073,0.0,2640.463155426901,15753.551558496974,11952.95338109344,9750.165126211135,878.7948945856738,17522.277831154184,2025-05-23
PASS,C1,142,144,24,2331.813916744898,2401.764439864773,6.821210263296962e-13,13113.088403070073,0.0,3511.8418783892043,16624.930281459277,11937.68630290414,9606.570434544466,1022.3895862523427,17537.544909343484,2025-05-23
PASS,C2,142,144,24,2582.89325227658,2255.9551528277357,6.821210263296962e-13,13611.427919514686,461.0975378449491,2914.6198720671805,16987.145329426818,11629.932442083738,9714.489567591789,910.8460558833904,18265.807766567534,2025-05-23
PASS,C0,143,144,24,2255.9551528277366,8666.24854637664,7.958078640513122e-13,17046.98820461348,0.0,1464.5267443628854,18511.514948976368,18400.619280475563,9135.237562991193,489.6294835751451,21001.00789035721,2025-05-24
PASS,C1,143,144,24,2401.764439864773,8775.183023012978,7.958078640513122e-13,16987.04108264694,0.0,1833.1121478094606,18820.153230456403,18303.124688075048,9089.454272507404,535.4127740589335,20939.84697141778,2025-05-24
PASS,C2,143,144,24,2255.9551528277357,8397.274789723524,7.958078640513122e-13,16404.748219008507,354.4807326497382,1912.5109514876606,18671.739903145906,18419.83695380375,9392.88025937483,551.5147419514909,20734.722701543506,2025-05-24
PASS,C0,144,144,24,8666.24854637664,8443.457116969157,9.094947017729282e-13,33337.366290900994,0.0,4075.750671430677,37413.11696233167,16822.193123792204,13826.488716738419,924.674633654831,4141.883183207441,2025-05-25
PASS,C1,144,144,24,8775.183023012978,8443.457116969157,9.094947017729282e-13,33285.985529420854,0.0,3876.353499882877,37162.33902930373,16755.101575272245,13870.185591409958,880.9777589832935,4087.936424353693,2025-05-25
PASS,C2,144,144,24,8397.274789723524,8443.457116969157,9.094947017729282e-13,33611.40559610964,421.8095214713722,2118.4416139343034,36151.656731515315,17174.999612260526,13870.185591409958,451.2207113480078,3652.763009190733,2025-05-25
PASS,C0,145,144,24,8443.457116969157,8009.213139741034,8.08686451136964e-13,32478.88163997068,0.0,29270.202499845756,61749.084139816434,13636.667755644654,11436.520461577476,4899.672024060764,182.27214208235614,2025-05-26
PASS,C1,145,144,24,8443.457116969157,8249.316985519336,9.094947017729282e-13,32478.88163997068,0.0,21405.89920170993,53884.78084168061,13636.667755644654,11220.427000377007,5115.765485261234,182.27214208235614,2025-05-26
PASS,C2,145,144,24,8443.457116969157,8267.9429874734,9.094947017729282e-13,35568.45343742413,1804.3942037725562,2367.0477415121127,39739.8953827088,17840.787528524772,14609.000614651244,564.2165720827713,1001.081517055495,2025-05-26
PASS,C0,146,144,24,8009.213139741034,7976.995643369122,8.846257060213247e-13,31792.358293004007,0.0,10262.100153529549,42054.45844653356,17348.15759903565,14081.003401953596,2100.432357819592,213.82920641154783,2025-05-27
PASS,C1,146,144,24,8249.316985519336,8136.5339613637425,9.094947017729282e-13,31697.25556072968,0.0,20919.931657867182,52617.18721859686,14085.43842298033,11510.709844354104,4886.819376619557,3476.5483824668677,2025-05-27
PASS,C2,146,144,24,8267.9429874734,8136.5339613637425,9.094947017729282e-13,33380.01771889563,1022.8744944366354,3834.8425780799384,38237.73479141221,18221.64633986581,14877.801658789997,947.9570296423805,2034.069669091209,2025-05-27
PASS,C0,147,144,24,7976.995643369122,8352.710960811157,9.094947017729282e-13,34402.98744937989,0.0,2902.9940916214746,37305.98154100137,19129.534316553265,15156.77901071032,735.7054590999036,1752.889510812248,2025-05-28
PASS,C1,147,144,24,8136.5339613637425,8352.710960811157,9.094947017729282e-13,34327.31310721111,0.0,3199.3878579011543,37526.700965112264,18871.026700160295,15090.97232762717,801.512142183053,1834.1323294334184,2025-05-28
PASS,C2,147,144,24,8136.5339613637425,8352.710960811157,9.094947017729282e-13,34404.99600456738,614.2255904241911,1351.0749422388349,36370.2965372304,18877.44458950025,15096.170817992537,368.30500049984556,1100.188313206295,2025-05-28
PASS,C0,148,144,24,8352.710960811157,2139.4714170811035,9.094947017729282e-13,30473.012571758605,0.0,12149.896261780092,42622.9088335387,11502.416991701457,14908.873352635232,2485.4579952059876,0.0,2025-05-29
PASS,C1,148,144,24,8352.710960811157,2139.4714170811035,9.094947017729282e-13,30473.012571758605,0.0,22128.81008718405,52601.822658942656,8040.119907520287,12104.412714448483,5289.918633392737,3462.2970841811707,2025-05-29
PASS,C2,148,144,24,8352.710960811157,2139.4714170811035,8.526512829121202e-13,31680.092537530152,1064.4843125501347,5693.863171402666,38438.44002148296,12701.93803776105,15880.485399943504,1344.0710555295695,1039.7336927152535,2025-05-29
PASS,C0,149,144,24,2139.4714170811035,2482.8197936405622,9.094947017729282e-13,13671.984397687034,0.0,3022.9795297546357,16694.96392744167,12063.03139596375,9462.041891827124,865.7279002669316,17628.164584173282,2025-05-30
PASS,C1,149,144,24,2139.4714170811035,2482.8197936405622,9.094947017729282e-13,13671.984397687034,0.0,2404.681208176099,16076.665605863134,12238.127301702103,9603.86957547519,723.9002166188667,17453.06867843493,2025-05-30
PASS,C2,149,144,24,2139.4714170811035,2386.0597010479714,9.094947017729282e-13,13880.174597398269,210.56410013894887,1689.8618903963236,15780.600587933543,12150.873742384858,9620.278275761553,568.1037316467407,17663.357428076502,2025-05-30
PASS,C0,150,144,24,2482.8197936405622,9101.044341499077,9.094947017729282e-13,18005.16842195619,0.0,1651.1338663108565,19656.302288267045,19510.536307480823,9847.1323159868,478.40914413109846,17961.075045238293,2025-05-31
PASS,C1,150,144,24,2482.8197936405622,9304.036101897294,9.094947017729282e-13,18005.16842195619,0.0,2935.538028395037,20940.706450351227,19465.822334682773,9628.221413661986,697.3200464559126,18005.789018036343,2025-05-31
PASS,C2,150,144,24,2386.0597010479714,9015.781675971368,9.094947017729282e-13,16756.605085147723,647.1009235739854,2935.538028395037,20339.244037116747,19573.33354867454,9887.65039699532,697.3200464559126,16942.096585823023,2025-05-31
PASS,C0,151,144,24,9101.044341499077,7265.586380883017,9.094947017729282e-13,42508.41795647851,0.0,22315.458484007824,64823.87644048633,18568.23583258372,16692.183188947263,4856.852420578768,2487.9510249636332,2025-06-01
PASS,C1,151,144,24,9304.036101897294,7265.586380883017,9.094947017729282e-13,42412.60719093785,0.0,21841.19759911075,64253.804790048605,18489.870215511575,16811.399623477224,4855.983334977957,2459.117590522467,2025-06-01
PASS,C2,151,144,24,9015.781675971368,7265.586380883017,8.189005029635155e-13,39754.20841433996,2068.0245518530683,30523.36381634825,72345.59678254128,17840.1713783899,16025.71458207533,6798.545757456921,480.9115751365192,2025-06-01
PASS,C0,152,144,24,7265.586380883017,7668.24387396427,8.411049634560186e-13,44692.168207325034,0.0,21879.32969566425,66571.49790298929,21167.961323202402,16783.656928020813,5085.067335414885,6180.204685848008,2025-06-02
PASS,C1,152,144,24,7265.586380883017,7668.24387396427,8.411049634560186e-13,44692.168207325034,0.0,23413.169505082587,68105.33771240762,20865.04990608388,16538.298680154814,5330.425583280886,6483.116102966527,2025-06-02
PASS,C2,152,144,24,7265.586380883017,7668.24387396427,9.094947017729282e-13,40019.943785567724,2427.4427528122933,29945.900987523022,72393.28752590304,20621.249203809082,16340.820111312229,6759.895352478424,42.619823582182335,2025-06-02
PASS,C0,153,144,24,7668.24387396427,8424.871809630456,8.526512829121202e-13,45634.98551286487,0.0,10549.538176397715,56184.52368926258,20499.999335211407,15924.034319421671,2296.9589539989697,4429.119508540788,2025-06-03
PASS,C1,153,144,24,7668.24387396427,8424.871809630456,9.094947017729282e-13,45634.98551286487,0.0,11779.3957023732,57414.38121523807,20163.6516853005,15651.592722993837,2569.400550426804,4765.467158451695,2025-06-03
PASS,C2,153,144,24,7668.24387396427,8411.688654511492,9.094947017729282e-13,44338.9903636443,1371.1970328353134,10031.10086689167,55741.28826337129,20352.230110604425,15816.20608709708,2127.700399138405,1336.84703409622,2025-06-03
PASS,C0,154,144,24,8424.871809630456,8259.908033914457,9.094947017729282e-13,51943.677864507226,0.0,6420.052107263384,58363.729971770605,17753.056728087744,14528.44334789547,1539.6615135622296,12714.003008809817,2025-06-04
PASS,C1,154,144,24,8424.871809630456,8259.908033914457,9.094947017729282e-13,51943.677864507226,0.0,7818.090853213112,59761.76871772033,17402.914462929904,14244.82811311762,1823.2767483400787,13064.145273967655,2025-06-04
PASS,C2,154,144,24,8411.688654511492,8259.908033914457,9.094947017729282e-13,43888.01531064467,4031.7223184136606,8211.943023624477,56131.6806526828,20885.506798924253,17053.86306566598,1878.7768434326015,772.4327801539217,2025-06-04
PASS,C0,155,144,24,8259.908033914457,2824.3533962346164,9.094947017729282e-13,42248.58407371221,0.0,15444.445904429627,57693.029978141836,14749.222050986345,16838.8690352108,3581.6133700498694,2527.1545640683453,2025-06-05
PASS,C1,155,144,24,8259.908033914457,2820.012583903287,9.094947017729282e-13,42248.58407371221,0.0,16268.382693794414,58516.96676750662,14508.060603873473,16647.43499414757,3773.047411113099,2768.316011181217,2025-06-05
PASS,C2,155,144,24,8259.908033914457,2820.012583903287,8.526512829121202e-13,42618.636722430485,1410.3001544418391,9013.6166475117,53042.55352438403,14663.637312317082,16773.45212798689,2115.806302449163,489.74049472575604,2025-06-05
PASS,C0,156,144,24,2824.3533962346164,2959.4435999933494,9.094947017729282e-13,19739.599058102383,0.0,7762.653883760286,27502.25294186267,13343.854170646626,10686.940694840907,2127.83192190007,3195.4176588917426,2025-06-06
PASS,C1,156,144,24,2820.012583903287,3111.1367481414973,9.094947017729282e-13,19741.646474585326,0.0,8618.89951086584,28360.54598545117,13348.677295459214,10550.416861507574,2264.355755233403,3195.4176588917426,2025-06-06
PASS,C2,156,144,24,2820.012583903287,2959.4435999933494,9.094947017729282e-13,18787.959139091872,476.84366774672804,11374.922018675672,30639.72482551427,13348.677295459214,10686.940694840907,2875.8576824857855,2951.683210747058,2025-06-06
PASS,C0,157,144,24,2959.4435999933494,8376.002514747637,9.094947017729282e-13,23321.84942178344,0.0,6490.771898152789,29812.621319936232,19245.34698882555,10713.828037669842,1246.4049332803186,6493.260409183543,2025-06-07
PASS,C1,157,144,24,3111.1367481414973,8483.887479685909,9.094947017729282e-13,23249.84054448527,0.0,7207.927881355661,30457.76842584093,19038.55519681157,10585.754051027403,1374.4789199227578,6531.504258810696,2025-06-07
PASS,C2,157,144,24,2959.4435999933494,8376.002514747637,9.094947017729282e-13,23137.304946187134,509.97398649315403,5945.485330268033,29592.764262948323,19207.1031391984,10682.850519471847,1108.8446230872291,5818.761477419326,2025-06-07
PASS,C0,158,144,24,8376.002514747637,9683.159485702168,9.094947017729282e-13,48473.93378812387,0.0,4947.176286979559,53421.110075103425,18273.699101808557,13625.254998605857,1133.8219267293082,10080.551740578596,2025-06-08
PASS,C1,158,144,24,8483.887479685909,9683.159485702168,9.094947017729282e-13,48422.760353088146,0.0,5042.690809427268,53465.45116251541,18125.772428701614,13602.530861833679,1156.5460635014867,10108.606230420792,2025-06-08
PASS,C2,158,144,24,8376.002514747637,9683.159485702168,9.094947017729282e-13,46668.980033634805,2506.3249411362553,538.8300590497603,49714.13503382082,19873.616631719447,14921.18819783368,112.68059911065711,4764.089832660527,2025-06-08
PASS,C0,159,144,24,9683.159485702168,8798.057424888946,9.094947017729282e-13,50681.19553204285,0.0,2320.219924515502,53001.41545655835,19037.168168206343,16216.698070979039,619.5200478303769,7581.069088723341,2025-06-09
PASS,C1,159,144,24,9683.159485702168,8798.057424888946,9.094947017729282e-13,50681.19553204285,0.0,2475.6312370967416,53156.82676913959,19004.32653076499,16190.09634465154,646.121774157876,7613.910726164696,2025-06-09
PASS,C2,159,144,24,9683.159485702168,8798.057424888946,9.094947017729282e-13,47142.8305560969,1769.182487972972,3357.650593502068,52269.663637571946,20715.592843241728,17576.2220577577,828.1418593803793,2677.6919535222855,2025-06-09
PASS,C0,160,144,24,8798.057424888946,8898.261360128085,9.094947017729282e-13,47099.064744582196,0.0,5011.279247687522,52110.343992269714,21447.82206455479,17282.552330574155,1097.794671087355,1634.9221094547245,2025-06-10
PASS,C1,160,144,24,8798.057424888946,8898.261360128085,8.988365607365267e-13,47099.064744582196,0.0,3709.4770072910537,50808.54175187325,21770.17963767351,17543.661964800318,836.6850368611921,1312.5645363360045,2025-06-10
PASS,C2,160,144,24,8798.057424888946,8898.261360128085,8.988365607365267e-13,48377.6317837863,834.7224836817755,1943.9851334584291,51156.3394009265,21636.943541199184,17435.740726656113,426.22524710649816,2643.397911460307,2025-06-10
PASS,C0,161,144,24,8898.261360128085,8825.769246910204,9.094947017729282e-13,50755.9895512838,0.0,9029.219158378823,59785.20870966263,22659.004077002908,18419.036204268446,1840.4183157205257,2330.822189873096,2025-06-11
PASS,C1,161,144,24,8898.261360128085,8825.769246910204,9.094947017729282e-13,50755.9895512838,0.0,6943.857043718399,57699.8465950022,22946.08884683467,18651.574867832176,1607.8796521567967,2043.7374200413337,2025-06-11
PASS,C2,161,144,24,8898.261360128085,8825.769246910204,9.094947017729282e-13,51438.376795760145,945.2893863696544,2733.774678747747,55117.44086087755,23198.856510262962,18856.31667520909,509.6920003635208,1915.121337581058,2025-06-11
PASS,C0,162,144,24,8825.769246910204,3488.3947926810088,9.094947017729282e-13,47350.76474575514,0.0,3264.7314277701657,50615.49617352531,14850.373503424442,16832.439546580074,708.9670882936183,3826.3374488322647,2025-06-12
PASS,C1,162,144,24,8825.769246910204,3488.4217186069345,9.094947017729282e-13,47350.76474575514,0.0,1313.5328007468875,48664.297546502035,15356.445366518315,17242.33352235278,299.07311252091216,3320.26558573839,2025-06-12
PASS,C2,162,144,24,8825.769246910204,3488.3947926810088,9.094947017729282e-13,46525.83977232751,442.8845105119646,1289.3184645669414,48258.04274740642,15404.764737505968,17281.49644618611,276.253801368073,1858.6022774146588,2025-06-12
PASS,C0,163,144,24,3488.3947926810088,3061.3164508393115,8.526512829121202e-13,19426.9308914812,0.0,2277.7871768553164,21704.71806833652,12956.322553283457,10878.991775817129,535.1661046479439,4089.512384353121,2025-06-13
PASS,C1,163,144,24,3488.4217186069345,3061.6766209010425,8.526512829121202e-13,19426.91978304087,0.0,2279.7648132264426,21706.684596267314,12956.292635587983,10878.667622761572,535.4902577035019,4089.512384353121,2025-06-13
PASS,C2,163,144,24,3488.3947926810088,3061.3164508393115,8.526512829121202e-13,19435.91305067149,159.0317588216387,2311.017947794725,21905.962757287853,12860.87120863325,10801.676186650462,546.8624508255829,4148.637098797434,2025-06-13
PASS,C0,164,144,24,3061.3164508393115,8585.730391494906,8.526512829121202e-13,22408.521472013043,0.0,1525.1605625802074,23933.68203459325,18806.44001410314,10261.243864833512,430.3833775394983,6246.636282152507,2025-06-14
PASS,C1,164,144,24,3061.6766209010425,8603.324056495063,8.526512829121202e-13,22408.37288185313,0.0,1328.6610902486395,23737.03397210177,18898.261561508854,10320.109172787557,371.5180695854515,6154.414545789314,2025-06-14
PASS,C2,164,144,24,3061.3164508393115,8475.992413937538,8.526512829121202e-13,21552.764473519994,427.87849924652403,3271.4953642102896,25252.13833697681,18871.301427460032,10412.545789454227,809.0328102342656,5826.706240370171,2025-06-14
PASS,C0,165,144,24,8585.730391494906,10479.365722998422,9.094947017729282e-13,49291.23633730505,0.0,14537.379652944532,63828.61599024958,20504.293369819115,14904.20583120032,3019.8373330430013,5290.197980989895,2025-06-15
PASS,C1,165,144,24,8603.324056495063,10479.365722998422,9.094947017729282e-13,49282.932127424974,0.0,15159.281288383281,64442.213415808255,19680.265637686094,14252.577666672712,3671.4654975706076,6094.677196456074,2025-06-15
PASS,C2,165,144,24,8475.992413937538,10479.234704479904,9.094947017729282e-13,51295.51929816264,1321.4844111104048,1020.4401232111945,53637.443832484234,22670.472495019912,16560.164659478,243.5639267914025,5869.74017211451,2025-06-15
PASS,C0,166,144,24,10479.365722998422,9656.931132481255,9.094947017729282e-13,49003.9942128891,0.0,7699.493788840603,56703.4880017297,20689.848122810527,17498.968110941976,1647.4781644162588,3226.3167740385875,2025-06-16
PASS,C1,166,144,24,10479.365722998422,9656.931132481255,9.094947017729282e-13,49003.9942128891,0.0,11181.872872510095,60185.86708539919,19350.132766951305,16413.798672696008,2732.6476026622277,4566.03212989781,2025-06-16
PASS,C2,166,144,24,10479.234704479904,9657.113836184959,9.094947017729282e-13,49961.29804155349,728.47813461459,1780.029508425294,52469.805684593375,21179.413588419673,17895.233788085385,431.7940746992181,3657.918044424402,2025-06-16
PASS,C0,167,144,24,9656.931132481255,9353.438183608083,9.094947017729282e-13,50260.10635259531,0.0,9028.990842101288,59289.097194696595,20616.261290880928,16972.315299599406,1877.3348345288684,3210.790631124533,2025-06-17
PASS,C1,167,144,24,9656.931132481255,9353.438183608083,9.094947017729282e-13,50260.10635259531,0.0,11928.370142655773,62188.47649525108,19335.88932132766,15935.214004261257,2914.4361298670156,4491.162600677802,2025-06-17
PASS,C2,167,144,24,9657.113836184959,9353.344276200678,8.952838470577262e-13,51491.754077256555,897.6927713851532,1737.9009033554594,54127.347751997164,21632.38366492966,17795.623372578877,390.9741064440333,3704.577828102932,2025-06-17
PASS,C0,168,144,24,9353.438183608083,9682.48053421953,8.597567102697212e-13,50434.671669260715,0.0,3505.3939180418624,53940.065587302575,20426.723754788192,16249.508125828137,779.2931802352925,6365.563446423953,2025-06-18
PASS,C1,168,144,24,9353.438183608083,9682.48053421953,8.597567102697212e-13,50434.671669260715,0.0,10355.11908674742,60789.79075600814,18203.193961230656,14448.448993046535,2580.352313016894,8589.093239981486,2025-06-18
PASS,C2,168,144,24,9353.344276200678,9682.680515701011,8.810729923425242e-13,49801.431692782324,1453.261098098847,484.49512862152056,51739.18791950269,20190.01697551855,16057.511134619728,135.56785394072244,4901.987309360939,2025-06-18
PASS,C0,169,144,24,9682.48053421953,3752.666153113588,9.094947017729282e-13,43703.60434440249,0.0,6394.930904027558,50098.53524843005,12680.487591590492,15608.027892183649,1467.7114803532024,4262.856757700451,2025-06-19
PASS,C1,169,144,24,9682.48053421953,3752.666153113588,9.094947017729282e-13,43703.60434440249,0.0,9997.412637556185,53701.01698195867,11850.800575426607,14935.981409090902,2139.7579634459503,5092.543773864337,2025-06-19
PASS,C2,169,144,24,9682.680515701011,3752.792875335811,9.094947017729282e-13,44591.9788293027,2332.564913957914,3845.1902023063467,50769.733945566964,14203.406097825995,16841.657815567738,740.6335628421521,4220.870860674328,2025-06-19
PASS,C0,170,144,24,3752.666153113588,3736.329626169792,8.526512829121202e-13,20640.009474247316,0.0,549.9503448912486,21189.959819138563,12483.284615841261,10126.163413080836,248.25228582376377,9670.428057795281,2025-06-20
PASS,C1,170,144,24,3752.666153113588,3752.19547901177,8.526512829121202e-13,20640.009474247316,0.0,698.5530120378926,21338.56248628521,12465.827722837146,10097.74406218972,276.67163671487816,9687.884950799398,2025-06-20
PASS,C2,170,144,24,3752.792875335811,3582.716825678437,8.526512829121202e-13,19909.14350506037,365.40776813847265,698.5530120378918,20973.104285236735,12399.862922837146,10196.957412189722,276.67163671487793,9145.610125799398,2025-06-20
PASS,C0,171,144,24,3736.329626169792,9900.987235925846,9.094947017729282e-13,22992.24338761528,0.0,397.3531120699943,23389.59649968527,19207.12181776039,10009.576823605465,149.33980407747896,12803.763929074074,2025-06-21
PASS,C1,171,144,24,3752.19547901177,9901.029198888808,9.094947017729282e-13,22985.90482074638,0.0,483.8019034135311,23469.70672415991,19181.5850660259,10003.133555591641,170.0623396490829,12829.300680808567,2025-06-21
PASS,C2,171,144,24,3582.716825678437,9766.084219814738,9.094947017729282e-13,22671.716379431247,194.1595159986101,483.8019034135311,23349.67779884339,19129.025449359233,9929.479959258306,170.0623396490829,12596.627978030787,2025-06-21
PASS,C0,172,144,24,9900.987235925846,9201.207327184937,9.094947017729282e-13,43376.98612018373,0.0,11468.479053840727,54845.46517402445,18016.158482397906,15222.890288609118,2477.338523502986,2795.5886601880356,2025-06-22
PASS,C1,172,144,24,9901.029198888808,9201.207327184937,9.094947017729282e-13,43376.966327652866,0.0,13487.070815912291,56864.037143565154,17511.23280345627,14813.938255333062,2886.2905567790426,3300.46771361527,2025-06-22
PASS,C2,172,144,24,9766.084219814738,9201.207327184937,9.094947017729282e-13,44774.58920711974,1220.584893438209,6313.092459530405,52308.266560088356,18749.04659835342,15695.11694803309,1311.9543318638212,2823.6599527526037,2025-06-22
PASS,C0,173,144,24,9201.207327184937,9024.94825178478,9.094947017729282e-13,45326.35642830905,0.0,4356.537203910106,49682.89363221916,20676.227984103156,16906.3778349837,1032.4477192098288,2758.9352466574123,2025-06-23
PASS,C1,173,144,24,9201.207327184937,9024.94825178478,9.094947017729282e-13,45326.35642830905,0.0,6215.207397255332,51541.56382556438,20037.399998624653,16388.927166746118,1549.8983874474134,3397.7632321359138,2025-06-23
PASS,C2,173,144,24,9201.207327184937,9024.780844377372,8.668621376273222e-13,45096.41116128361,487.389269902237,2983.4620663650585,48567.26249755091,21059.30191703509,17216.81838732524,717.8969707806577,2077.3568366505606,2025-06-23
PASS,C0,174,144,24,9024.94825178478,9072.817667344018,8.419931418757187e-13,52616.26256177206,0.0,5203.2441207142765,57819.50668248633,22604.807873971637,18266.811903913713,1176.0319770591047,4349.180310693706,2025-06-24
PASS,C1,174,144,24,9024.94825178478,9072.817667344018,9.094947017729282e-13,52616.26256177206,0.0,3444.6386293561977,56060.90119112826,22982.91687178077,18573.08019213911,869.7636888337079,3971.0713128845755,2025-06-24
PASS,C2,174,144,24,9024.780844377372,9072.652093269944,9.094947017729282e-13,50964.66309378541,1341.04289644621,5214.560441721219,57520.26643195284,22953.530254698482,18549.27538230246,1227.5365432553147,2146.0505841188965,2025-06-24
PASS,C0,175,144,24,9072.817667344018,9011.5012352644,8.952838470577262e-13,45662.34519526685,0.0,9751.601741015818,55413.946936282664,19450.88711909175,15810.403355335977,2151.7413563027385,2563.9314965773037,2025-06-25
PASS,C1,175,144,24,9072.817667344018,9011.5012352644,8.952838470577262e-13,45662.34519526685,0.0,11606.733920033852,57269.0791153007,18998.99759843879,15444.372843607076,2517.771868031639,3015.821017230266,2025-06-25
PASS,C2,175,144,24,9072.652093269944,9011.325716745883,8.952838470577262e-13,47201.19409393285,1443.7640617685424,3823.6568894648003,52468.61504516619,20139.234508557915,16367.97369080357,802.8980627129608,2835.354967204412,2025-06-25
PASS,C0,176,144,24,9011.5012352644,2619.2557032164527,8.419931418757187e-13,41657.05500473813,0.0,5194.013493826184,46851.06849856432,12783.521744849995,16107.673592171648,1194.9038565451708,1212.7501062091285,2025-06-26
PASS,C1,176,144,24,9011.5012352644,2619.2557032164527,8.419931418757187e-13,41657.05500473813,0.0,13325.848524146988,54982.90352888512,10415.367069019074,14189.468304748601,3113.1091439682164,3580.904782040049,2025-06-26
PASS,C2,176,144,24,9011.325716745883,2619.0863513646013,9.094947017729282e-13,42773.32119644965,900.1792106553883,1066.553305426513,44740.05371253155,13518.283438852744,16702.825014313876,207.77070406980727,2392.7507647590305,2025-06-26
PASS,C0,177,144,24,2619.2557032164527,2844.4830695589394,7.958078640513122e-13,19744.389328780147,0.0,1599.556116576048,21343.945445356196,12862.966768996552,10216.29845317897,631.2358724968984,12227.418837352132,2025-06-27
PASS,C1,177,144,24,2619.2557032164527,2844.4468473367165,7.958078640513122e-13,19744.389328780147,0.0,1599.3366207760441,21343.725949556192,12862.966768996552,10216.33105317897,631.2032724968979,12227.418837352132,2025-06-27
PASS,C2,177,144,24,2619.0863513646013,2777.3842421515333,7.958078640513122e-13,18267.979646057916,738.2447801728432,1776.5976685861249,20782.822094816886,12846.180304387497,10262.937944845635,671.7282481809874,10654.458828667859,2025-06-27
PASS,C0,178,144,24,2844.4830695589394,9354.923853038972,7.958078640513122e-13,21895.326654557186,0.0,1917.3786712629226,23812.70532582011,19164.697652298913,9664.008393230088,491.5227902315155,9385.123657390977,2025-06-28
PASS,C1,178,144,24,2844.4468473367165,9354.923853038972,7.958078640513122e-13,21895.3415982362,0.0,1601.4557778583385,23496.79737609454,19257.709394928308,9739.315304759897,416.2158787017068,9292.152161675165,2025-06-28
PASS,C2,178,144,24,2777.3842421515333,9151.690896759676,7.958078640513122e-13,21425.399007031137,248.8048207721192,1675.8516581793094,23350.055485982568,19283.969566103748,9883.139359396708,432.6320888414662,9062.325229041724,2025-06-28
PASS,C0,179,144,24,9354.923853038972,8816.960485345197,9.094947017729282e-13,41585.48026356878,0.0,26274.505085645582,67859.98534921436,17451.769326779184,14620.100185615536,5163.403380954744,1283.8515661299884,2025-06-29
PASS,C1,179,144,24,9354.923853038972,8816.960485345197,9.094947017729282e-13,41585.48026356878,0.0,24208.055478389673,65793.53574195845,17451.769326779184,14620.100185615536,5163.403380954743,1283.8515661299884,2025-06-29
PASS,C2,179,144,24,9151.690896759676,9020.596040148263,9.094947017729282e-13,45069.05669280809,1711.2055490707476,6290.198984997332,53070.46122687617,20175.80233455952,16460.385261943484,1378.2913091067985,2004.4885857567251,2025-06-29
PASS,C0,180,144,24,8816.960485345197,8770.91912602769,8.641976023682219e-13,45746.27376908645,0.0,5790.761065007777,51537.03483409423,20906.912875258884,16976.03665234545,1386.2126211471023,2058.9188095739314,2025-06-30
PASS,C1,180,144,24,8816.960485345197,8770.91912602769,8.641976023682219e-13,45746.27376908645,0.0,5238.374804416326,50984.64857350278,21056.601557914364,17097.28448529639,1264.9647881961616,1909.2301269184509,2025-06-30
PASS,C2,180,144,24,9020.596040148263,8770.91912602769,8.641976023682219e-13,45332.81451436177,450.9053838161605,5189.553254541125,50973.27315271906,20623.314253311302,16929.593767890667,1247.1246021907766,1375.9263823482838,2025-06-30
PASS,C0,181,144,24,8770.91912602769,7745.482145650561,5.684341886080801e-13,39194.15116710011,0.0,78674.8819456096,117869.03311270972,13576.509742981603,11919.866174154517,16801.68625954181,0.0,2025-07-01
PASS,C1,181,144,24,8770.91912602769,7745.482145650561,5.684341886080801e-13,39194.15116710011,0.0,75629.63600040799,114823.78716750811,13576.509742981603,11919.866174154517,16801.68625954181,0.0,2025-07-01
PASS,C2,181,144,24,8770.91912602769,7745.482145650561,5.684341886080801e-13,44337.54185650812,2571.6953447040023,43046.87093430091,89956.10813551303,17830.84671971939,15365.879125312122,10546.250667450002,0.0,2025-07-01
PASS,C0,182,144,24,7745.482145650561,8114.611404586749,7.958078640513122e-13,42728.68639247622,0.0,40638.738506578986,83367.4248990552,16140.060538866703,12741.232703439458,8145.6596770597735,15.315973074711223,2025-07-02
PASS,C1,182,144,24,7745.482145650561,8114.611404586749,7.958078640513122e-13,42728.68639247622,0.0,38894.648477555784,81623.334870032,16140.060538866703,12741.232703439457,8145.659677059775,15.315973074711223,2025-07-02
PASS,C2,182,144,24,7745.482145650561,8114.611404586749,7.958078640513122e-13,45137.27419202081,1204.2938997722933,22574.632600082474,68916.20069187558,17795.829158669978,14082.405285480108,5586.613978175959,15.315973074711223,2025-07-02
PASS,C0,183,144,24,8114.611404586749,2551.2523216396326,9.094947017729282e-13,50355.55092496075,0.0,6615.179021214074,56970.72994617482,14542.272883352152,16786.264210167643,1511.837621431267,1811.1375633542461,2025-07-03
PASS,C1,183,144,24,8114.611404586749,2551.2523216396326,9.094947017729282e-13,50355.55092496075,0.0,11136.109255703936,61491.66018066469,13258.706377430733,15746.575340371295,2551.526491227615,3094.7040692756646,2025-07-03
PASS,C2,183,144,24,8114.611404586749,2519.468817717015,9.094947017729282e-13,49771.063830712206,1358.842560417896,7781.926862885943,58911.83325401604,14360.372654896246,16667.530178648718,1707.100262702166,733.9341679889367,2025-07-03
PASS,C0,184,144,24,2551.2523216396326,3484.518485863262,6.821210263296962e-13,23247.728206877076,0.0,7894.45145891934,31142.179665796415,14422.268189332262,10842.097685557866,2184.5619144933025,10163.615517367894,2025-07-04
PASS,C1,184,144,24,2551.2523216396326,3635.927066881781,8.757439218243235e-13,23247.728206877076,0.0,8661.471575270178,31909.199782147254,14466.450190404794,10741.617383509949,2285.04221654122,10119.433516295363,2025-07-04
PASS,C2,184,144,24,2519.468817717015,3484.518485863262,8.757439218243235e-13,23190.161139528504,183.77164549461492,8359.47205430206,31733.40483932518,14482.25767709388,10862.084017114421,2194.754664749133,10171.533004946657,2025-07-04
PASS,C0,185,144,24,3484.518485863262,8586.941972387463,9.094947017729282e-13,26618.186320159468,0.0,4481.715250960379,31099.901571119848,19044.80155929615,10834.108125158098,1064.1675892254977,11659.871258485959,2025-07-05
PASS,C1,185,144,24,3635.927066881781,8648.813499004284,9.094947017729282e-13,26553.725336985553,0.0,4995.745433719173,31549.470770704727,18906.12698479175,10802.365068771065,1129.8596170644828,11664.263047755067,2025-07-05
PASS,C2,185,144,24,3484.518485863262,8576.527611276355,9.094947017729282e-13,26606.933346054593,101.30206619436045,4733.733019755179,31441.968432004134,19074.358741478994,10867.4223677262,1040.8984112725218,11675.675953343627,2025-07-05
PASS,C0,186,144,24,8586.941972387463,8587.49885249103,9.094947017729282e-13,48869.710975205155,0.0,33139.22870408357,82008.93967928873,18036.295209182736,14608.897927344804,6321.263496769507,527.8385487642879,2025-07-06
PASS,C1,186,144,24,8648.813499004284,8612.694588343335,8.952838470577262e-13,48840.50761464202,0.0,33704.79358809949,82545.30120274151,16458.86377141799,13364.186674443421,7565.974749670891,2036.5238458436788,2025-07-06
PASS,C2,186,144,24,8576.527611276355,8612.694588343335,8.952838470577262e-13,52985.167252749095,2152.0284159395865,6422.498696024444,61559.69436471313,21820.518047329657,17642.069338976737,1262.9215515236478,1302.6387941331116,2025-07-06
PASS,C0,187,144,24,8587.49885249103,8511.082902307307,8.970602038971265e-13,48987.65087043682,0.0,6441.46333502025,55429.11420545707,18994.480493977382,15454.30355528703,1677.0720738744617,2733.6225780905374,2025-07-07
PASS,C1,187,144,24,8612.694588343335,8511.082902307307,8.970602038971265e-13,48975.75848311453,0.0,6369.559572268361,55345.318055382886,18981.78547702358,15466.696753821523,1664.6788753399685,2718.3223329862262,2025-07-07
PASS,C2,187,144,24,8612.694588343335,8511.082902307307,8.970602038971265e-13,48208.12352162091,639.2848258544631,6873.389584033983,55720.797931509354,18977.92306828259,15463.56820274132,1727.1211610716177,1546.231931546414,2025-07-07
PASS,C0,188,144,24,8511.082902307307,10651.935261491264,9.094947017729282e-13,62433.320641927035,0.0,0.0,62433.320641927035,19991.902426646957,14266.67384231847,0.0,15936.86875625643,2025-07-08
PASS,C1,188,144,24,8511.082902307307,10651.935261491264,9.094947017729282e-13,62433.320641927035,0.0,0.0,62433.320641927035,19991.902426646957,14266.67384231847,0.0,15936.86875625643,2025-07-08
PASS,C2,188,144,24,8511.082902307307,10651.935261491266,9.094947017729282e-13,59351.23874718163,2157.1599002548273,0.0,61508.39864743646,20747.631515526897,14878.814404311224,0.0,9987.30360091566,2025-07-08
PASS,C0,189,144,24,10651.935261491264,9126.537371544522,7.958078640513122e-13,52698.55437163554,0.0,2189.0541881027543,54887.60855973829,18186.086784481064,16103.588396381727,453.6318402739447,7736.498228870126,2025-07-09
PASS,C1,189,144,24,10651.935261491264,9126.537371544522,7.958078640513122e-13,52698.55437163554,0.0,2901.253752036684,55599.80812367222,18010.598641106757,15961.44300024854,595.7772364071308,7911.98637224443,2025-07-09
PASS,C2,189,144,24,10651.935261491266,9126.537371544522,8.384404281969182e-13,49881.688895464526,1678.475124103284,2505.1093625169106,54065.27338208472,18327.366408028116,16218.024891454843,526.9324837677399,2839.198873295571,2025-07-09
PASS,C0,190,144,24,9126.537371544522,3538.723404548884,8.86402062860725e-13,46502.51497366998,0.0,4960.042451283857,51462.55742495383,14140.99108199509,16483.235346712096,1112.592103927,1488.29204147595,2025-07-10
PASS,C1,190,144,24,9126.537371544522,3538.723404548884,9.094947017729282e-13,46502.51497366998,0.0,5864.7672959325355,52367.28226960252,13686.98410541165,16115.489695679513,1480.337754959584,1942.2990180593893,2025-07-10
PASS,C2,190,144,24,9126.537371544522,3538.723404548884,9.094947017729282e-13,46698.21986688048,802.8236563896651,2594.7616723891556,50095.8051956593,14155.972600201616,16495.370376459385,618.4831303557736,1271.2996065178884,2025-07-10
PASS,C0,191,144,24,3538.723404548884,2948.4446004081838,7.958078640513122e-13,24885.5173128,0.0,2637.113001418299,27522.6303142183,12991.56707618464,11054.420255436191,980.4737584172395,8151.7795481848,2025-07-11
PASS,C1,191,144,24,3538.723404548884,2958.6635054295093,7.958078640513122e-13,24885.5173128,0.0,2767.2593472981107,27652.77666009811,12977.248639734156,11033.625307392107,1001.2687064613227,8166.097984635283,2025-07-11
PASS,C2,191,144,24,3538.723404548884,2923.699816656983,7.958078640513122e-13,23574.189108212817,655.6641022935901,4082.936943129061,28312.79015363547,12990.233877943194,11075.610670236701,1250.416121391714,7059.009704576548,2025-07-11
PASS,C0,192,144,24,2948.4446004081838,8558.773441602645,9.094947017729282e-13,26991.6839555753,0.0,3213.035228616652,30204.719184191952,19677.878450679287,10889.785587975208,809.3211690836456,9033.775247656353,2025-07-12
PASS,C1,192,144,24,2958.6635054295093,8643.137181760389,9.094947017729282e-13,26986.864038706906,0.0,3718.2250721748446,30705.089110881752,19660.363082960117,10808.867788499905,890.238968558948,9039.936276462937,2025-07-12
PASS,C2,192,144,24,2923.699816656983,8557.546956575205,9.094947017729282e-13,27708.77249857512,504.4009749052508,1861.7153148072855,30074.888788287655,19690.09780915462,10878.516799488843,450.66619528759253,9543.44778825574,2025-07-12
PASS,C0,193,144,24,8558.773441602645,8795.553155073814,8.846257060213247e-13,52312.86213699812,0.0,1042.6580772803302,53355.52021427845,19972.205589629408,15964.384785475771,167.55511495037933,8826.874667429074,2025-07-13
PASS,C1,193,144,24,8643.137181760389,8795.553155073814,8.846257060213247e-13,52273.04245164366,0.0,2231.785926825344,54504.82837846901,19594.712500833208,15734.542749692815,397.3971507333348,9110.630267161117,2025-07-13
PASS,C2,193,144,24,8557.546956575205,8773.847815572231,8.846257060213247e-13,46745.83296591473,2783.8040360081714,5751.25324534169,55280.890247264586,20228.49035974687,16190.406418297642,1180.7309936487413,2071.233479323357,2025-07-13
PASS,C0,194,144,24,8795.553155073814,8682.182379293972,9.094947017729282e-13,47335.320368559114,0.0,9169.257151779579,56504.577520338695,19210.567327986617,15662.593233871019,2021.6169819121449,3027.821260701519,2025-07-14
PASS,C1,194,144,24,8795.553155073814,8682.182379293972,9.094947017729282e-13,47335.320368559114,0.0,10037.797751775071,57373.118120334184,18997.491883886818,15490.00212415018,2194.2080916329837,3240.8967048013183,2025-07-14
PASS,C2,194,144,24,8773.847815572231,8682.182379293972,9.094947017729282e-13,46885.65928945657,1208.7294717454506,7080.6290986383065,55175.01785984033,19027.375936676035,15494.67340135802,1462.070788645735,821.719542519196,2025-07-14
PASS,C0,195,144,24,8682.182379293972,10800.0,7.673861546209082e-13,60091.067313340485,0.0,0.0,60091.067313340485,19593.30342745882,13964.539917606216,0.0,16495.466359633258,2025-07-15
PASS,C1,195,144,24,8682.182379293972,10800.0,7.673861546209082e-13,60091.067313340485,0.0,0.0,60091.067313340485,19593.30342745882,13964.539917606216,0.0,16495.466359633258,2025-07-15
PASS,C2,195,144,24,8682.182379293972,10800.0,8.064660050877137e-13,55976.745374948805,2064.1021870136155,0.0,58040.84756196242,20264.95478548351,14508.577517606216,0.0,9438.561363939603,2025-07-15
PASS,C0,196,144,24,10800.0,9837.307509005237,9.094947017729282e-13,52600.98663999163,0.0,689.3585380554624,53290.345178047086,17200.129911822405,14798.528470471432,177.94899749100915,7075.388174125396,2025-07-16
PASS,C1,196,144,24,10800.0,9837.307509005237,9.094947017729282e-13,52600.98663999163,0.0,218.59691857942315,52819.58355857105,17344.908566713504,14915.799180933223,60.67828702921761,6930.609519234296,2025-07-16
PASS,C2,196,144,24,10800.0,9837.307509005237,9.094947017729282e-13,51072.81802654758,764.0843067220205,405.3478464565897,52242.250179726194,17795.468874858212,15280.753030530435,94.61650729915473,4864.472351965461,2025-07-16
PASS,C0,197,144,24,9837.307509005237,4726.002095313213,8.668621376273222e-13,49060.41923391399,0.0,5352.06869128135,54412.48792519534,13545.22817462302,15571.809693767467,1177.2385687386736,5360.167921738394,2025-07-17
PASS,C1,197,144,24,9837.307509005237,4726.002095313213,8.668621376273222e-13,49060.41923391399,0.0,6362.938962496653,55423.35819641064,13287.685953252989,15363.200494457742,1385.847768048399,5617.710143108425,2025-07-17
PASS,C2,197,144,24,9837.307509005237,4726.002095313213,8.668621376273222e-13,50198.54512539795,1344.1628882306338,657.0204834229535,52199.72849705154,14087.067444330793,16010.699502230766,143.8030640318064,5209.109806587645,2025-07-17
PASS,C0,198,144,24,4726.002095313213,4132.138879245069,7.958078640513122e-13,27549.175251931672,0.0,21.7693077329682,27570.944559664644,12437.534901774616,10608.880164898768,9.992796756010193,11379.385569664544,2025-07-18
PASS,C1,198,144,24,4726.002095313213,4132.138879245069,7.958078640513122e-13,27549.175251931672,0.0,21.7693077329682,27570.944559664644,12437.534901774616,10608.880164898768,9.992796756010193,11379.385569664544,2025-07-18
PASS,C2,198,144,24,4726.002095313213,4128.737030479638,7.958078640513122e-13,25481.293278545465,1033.9409866931042,452.295254088992,26967.529519327563,12437.534901774616,10611.941828787656,117.84946273779258,8848.28906798814,2025-07-18
PASS,C0,199,144,24,4132.138879245069,9287.727474049627,9.094947017729282e-13,30725.202495859085,0.0,4.427639628913661,30729.630135488,18584.493460399477,10413.409967599473,2.0324258108394133,16639.092293836587,2025-07-19
PASS,C1,199,144,24,4132.138879245069,9287.727474049627,9.094947017729282e-13,30725.202495859085,0.0,4.427639628913661,30729.630135488,18584.493460399477,10413.409967599473,2.0324258108394133,16639.092293836587,2025-07-19
PASS,C2,199,144,24,4128.737030479638,9282.074322815059,9.094947017729282e-13,28994.134537913418,872.0295409503343,4.427639628913661,29870.591718492666,18584.493460399477,10415.436139821697,2.0324258108394133,14531.781270741849,2025-07-19
PASS,C0,200,144,24,9287.727474049627,9744.358163747216,9.094947017729282e-13,52824.91852296618,0.0,3825.0216982099364,56649.94022117611,19293.658387416766,15216.89567307975,805.677583857224,9497.678526663258,2025-07-20
PASS,C1,200,144,24,9287.727474049627,9744.358163747216,9.094947017729282e-13,52824.91852296618,0.0,3678.092485569698,56503.011008535876,19327.25733547457,15244.11082100657,778.4624359304041,9464.079578605455,2025-07-20
PASS,C2,200,144,24,9282.074322815059,9744.358163747216,9.094947017729282e-13,51369.74776700873,1314.7492138811904,1872.058264665421,54556.55524555535,19333.53861462409,15244.11082100657,368.1311917871051,5643.713021943568,2025-07-20
PASS,C0,201,144,24,9744.358163747216,9614.448235301406,9.094947017729282e-13,54088.891636167966,0.0,517.3943965376751,54606.28603270564,19641.748370402776,16026.735115627478,107.7543111021298,8009.58175781811,2025-07-21
PASS,C1,201,144,24,9744.358163747216,9614.448235301406,9.094947017729282e-13,54088.891636167966,0.0,525.9257277210106,54614.81736388898,19639.935078221708,16025.26634896081,109.22307776879683,8011.395049999181,2025-07-21
PASS,C2,201,144,24,9744.358163747216,9614.448235301406,9.094947017729282e-13,52864.33692751881,808.1926707573174,298.02775378720327,53970.557352063326,19531.11508828651,15937.122157113301,63.35882879582954,5409.062586393944,2025-07-21
PASS,C0,202,144,24,9614.448235301406,9157.27414218299,8.641976023682219e-13,49840.81740732711,0.0,5919.3830950358215,55760.20050236293,19106.814586405846,15887.976498795311,1311.7151416598322,2833.23390955178,2025-07-22
PASS,C1,202,144,24,9614.448235301406,9157.27414218299,8.65085780787922e-13,49840.81740732711,0.0,18901.146184263933,68741.96359159103,15147.779903642993,12681.1584057574,4518.533234697743,6792.268592314633,2025-07-22
PASS,C2,202,144,24,9614.448235301406,9157.27414218299,8.65085780787922e-13,50771.89721877598,1063.071297987634,2861.4449867165263,54696.413503480144,19459.823637274156,16173.913829998639,661.3542951383643,4018.8615415573313,2025-07-22
PASS,C0,203,144,24,9157.27414218299,9018.735007691315,9.094947017729282e-13,56551.22900471674,0.0,522.694333614458,57073.9233383312,19361.566522557292,15807.554104313916,113.49036117405275,11452.426218240174,2025-07-23
PASS,C1,203,144,24,9157.27414218299,9018.735007691315,9.094947017729282e-13,56551.22900471674,0.0,5029.545630661953,61580.77463537869,18325.883909394266,14968.651187651865,952.3932778361026,12488.1088314032,2025-07-23
PASS,C2,203,144,24,9157.27414218299,9018.735007691315,9.094947017729282e-13,50689.85854677936,2939.348252127582,5484.669167769701,59113.87596667664,20271.394836216565,16544.51503837793,1058.143590648524,3266.4972462934356,2025-07-23
PASS,C0,204,144,24,9018.735007691315,3888.5244029418627,9.094947017729282e-13,53170.38382643191,0.0,453.2254570903289,53623.60928352224,13591.366414435597,15626.196339967342,98.2450423657948,9941.478881668514,2025-07-24
PASS,C1,204,144,24,9018.735007691315,3888.5244029418627,9.094947017729282e-13,53170.38382643191,0.0,917.8051805704274,54088.18900700234,13472.91000081174,15530.246644932015,194.19473740112352,10059.935295292373,2025-07-24
PASS,C2,204,144,24,9018.735007691315,3888.5244029418627,9.094947017729282e-13,48174.039758723986,2498.1720338539603,2034.5192237809222,52706.73101635887,13640.367126607709,15665.88691682675,417.2796010469832,2430.76013521397,2025-07-24
PASS,C0,205,144,24,3888.5244029418627,3166.5115616496514,9.094947017729282e-13,23613.01545143928,0.0,2768.293032274954,26381.308483714234,12669.182969039524,10911.849762085005,990.6340016326767,11843.559380794628,2025-07-25
PASS,C1,205,144,24,3888.5244029418627,3252.834491219357,7.958078640513122e-13,23613.01545143928,0.0,3169.9393799553827,26782.954831394665,12695.980108957221,10855.864808805603,1046.6189549120784,11816.762240876933,2025-07-25
PASS,C2,205,144,24,3888.5244029418627,3158.627978316319,9.094947017729282e-13,23351.94006246732,383.9874029632266,3373.9756636923626,27109.90312912291,12481.284027825177,10766.746844701382,1080.3332121042342,11736.29753156968,2025-07-25
PASS,C0,206,144,24,3166.5115616496514,8898.023654626539,9.094947017729282e-13,26971.556717901738,0.0,1068.8139879551047,28040.370705856843,19390.447008329167,10547.90119306743,337.0022802720879,10765.740003595698,2025-07-26
PASS,C1,206,144,24,3252.834491219357,8898.023654626539,9.094947017729282e-13,26935.943713735927,0.0,995.6664384037731,27931.6101521397,19315.152716745022,10564.603453497006,320.30001984251106,10745.119928991282,2025-07-26
PASS,C2,206,144,24,3158.627978316319,8896.321052774687,9.094947017729282e-13,27153.274593481277,147.52649970893503,696.3056118489116,27997.10670503912,19419.82661997062,10566.135795163673,255.4751408005564,10873.208230886235,2025-07-26
PASS,C0,207,144,24,8898.023654626539,9361.189135363582,8.526512829121202e-13,49304.934211187516,0.0,12858.469769275782,62163.4039804633,20527.18409583659,16210.170184964298,2969.2777456523163,4350.090100232458,2025-07-27
PASS,C1,207,144,24,8898.023654626539,9361.189135363582,8.526512829121202e-13,49304.934211187516,0.0,15086.071750339644,64391.00596152716,20014.481999178584,15794.881486671316,3384.566443945299,4862.792196890461,2025-07-27
PASS,C2,207,144,24,8896.321052774687,9361.189135363582,9.094947017729282e-13,49636.72195737314,1461.2327225924894,6385.183755466822,57483.13843543245,21514.156948294978,17008.085853788925,1339.7069070105563,2602.64649999881,2025-07-27
PASS,C0,208,144,24,9361.189135363582,9119.782053626164,9.094947017729282e-13,51518.978378658656,0.0,8479.822551157396,59998.800929816054,20876.325093613475,17127.08969939059,1791.2087755795817,2230.701275132367,2025-07-28
PASS,C1,208,144,24,9361.189135363582,9119.782053626164,9.094947017729282e-13,51518.978378658656,0.0,7117.1385472838465,58636.1169259425,21182.13757716251,17374.79781106531,1543.5006639048638,1924.8887915833302,2025-07-28
PASS,C2,208,144,24,9361.189135363582,9119.782053626164,9.094947017729282e-13,52214.23229571916,627.9222383174549,4024.383621387146,56866.53815542376,21091.01372262674,17300.987488891333,852.827446771656,2013.0550427545318,2025-07-28
PASS,C0,209,144,24,9119.782053626164,8927.588567472418,8.881784197001252e-13,49588.12600556411,0.0,10171.598946903674,59759.72495246778,19632.361645140012,16075.187070101785,2091.8556871692126,1333.9970590151809,2025-07-29
PASS,C1,209,144,24,9119.782053626164,8944.081470598401,9.094947017729282e-13,49588.12600556411,0.0,17625.650546652396,67213.77655221651,17099.353067292057,14008.606509231548,4158.436248039448,3867.005636863136,2025-07-29
PASS,C2,209,144,24,9119.782053626164,8944.081470598401,8.810729923425242e-13,52055.72501466842,1613.4516853222024,1601.5425590239333,55270.71925901455,20138.768558354433,16470.533056992073,322.7964408537255,3425.782781653671,2025-07-29
PASS,C0,210,144,24,8927.588567472418,8583.158812560041,9.094947017729282e-13,43355.993175228425,0.0,47210.13289307783,90566.12606830626,15138.736204596446,12572.36310514426,8700.979116839735,279.8011069188623,2025-07-30
PASS,C1,210,144,24,8944.081470598401,8755.371165058785,9.094947017729282e-13,43348.208524952955,0.0,37602.35311705366,80950.56164200662,14958.93439805113,12286.576137407068,8986.766084576928,441.27746554641834,2025-07-30
PASS,C2,210,144,24,8944.081470598401,8764.454291661483,9.094947017729282e-13,48960.29486970057,2819.7204627099172,6463.970123546403,58243.98545595689,20899.090607468534,17089.927853092737,1524.432398313603,1639.7701933350568,2025-07-30
PASS,C0,211,144,24,8583.158812560041,2861.1046149211934,8.384404281969182e-13,42621.6193760812,0.0,30145.74449445231,72767.3638705335,11802.129881276354,14709.573981708805,6109.423092810106,445.166900297935,2025-07-31
PASS,C1,211,144,24,8755.371165058785,2872.4412124708115,8.597567102697212e-13,42540.33514570179,0.0,26437.128681098922,68977.46382680071,11581.39759691419,14675.569010829664,6143.428063689246,474.5521263281603,2025-07-31
PASS,C2,211,144,24,8764.454291661483,2862.632011782288,8.881784197001252e-13,45441.20719027302,1510.741913392728,9765.913983102198,56717.863086767946,14713.649941859954,17229.696504797837,2149.531370063885,725.5279883364981,2025-07-31
PASS,C0,212,144,24,2861.1046149211934,2694.282008073199,4.547473508864641e-13,21781.865524569,0.0,9364.250837250196,31146.116361819193,12383.555889215037,10180.820616427374,3056.529636941369,16177.150419475465,2025-08-01
PASS,C1,212,144,24,2872.4412124708115,2841.0008880731993,4.547473508864641e-13,21777.336440481948,0.0,10167.37869962492,31944.71514010687,12386.370948182783,10061.256759985905,3186.2964311774963,16174.33536050772,2025-08-01
PASS,C2,212,144,24,2862.632011782288,2694.282008073199,4.547473508864641e-13,20771.48660190452,673.7182565811333,10758.039113961597,32203.243972447246,12254.15858174274,10077.383454549798,3284.380974863365,15390.333730616703,2025-08-01
PASS,C0,213,144,24,2694.282008073199,9018.676451509778,8.189005029635155e-13,27126.24092863507,0.0,1701.4969656875105,28827.73789432258,19720.642260665,10281.76523204573,381.65169645903615,17629.89888202339,2025-08-02
PASS,C1,213,144,24,2841.0008880731993,9095.713835373395,8.189005029635155e-13,27065.711239586184,0.0,1852.8538718984273,28918.56511148461,19635.068650815054,10275.163954590016,388.2529739147489,17552.45151409556,2025-08-02
PASS,C2,213,144,24,2694.282008073199,9002.709726539795,5.684341886080801e-13,26254.622309173596,436.80199585407195,2185.1114198373757,28876.535724865043,19789.010146801764,10351.513272289492,455.8616861098977,16722.516825230643,2025-08-02
PASS,C0,214,144,24,9018.676451509778,8414.700329414074,8.881784197001252e-13,40642.29632233767,0.0,12891.870158699798,53534.16648103747,18767.63055197128,15745.359256982872,2643.3386811012588,58.02773371266596,2025-08-03
PASS,C1,214,144,24,9095.713835373395,8414.700329414074,8.881784197001252e-13,40611.63698430763,0.0,13385.844915160094,53997.481899467726,18767.63055197128,15814.692902460129,2643.3386811012583,58.02773371266596,2025-08-03
PASS,C2,214,144,24,9002.709726539795,8414.700329414074,8.881784197001252e-13,40943.74342688053,147.54633366965226,11910.381578463572,53001.67133901376,18767.63055197128,15730.989204509888,2423.120272639091,58.02773371266596,2025-08-03
PASS,C0,215,144,24,8414.700329414074,9052.537981050667,9.094947017729282e-13,45685.63212884879,0.0,982.629265987667,46668.26139483645,19602.891577821487,15304.28829156247,255.36958985530586,1430.906945601359,2025-08-04
PASS,C1,215,144,24,8414.700329414074,9052.537981050667,9.094947017729282e-13,45685.63212884879,0.0,9765.556998933112,55451.1891277819,16952.309935225814,13157.317161059978,2402.3407203577985,4081.488588197031,2025-08-04
PASS,C2,215,144,24,8414.700329414074,9052.537981050667,9.094947017729282e-13,43681.30351210037,1397.9007290697275,5947.247754073956,51026.45199524405,19604.66934257659,15305.728281014108,1344.00115691172,395.65849308237404,2025-08-04
PASS,C0,216,144,24,9052.537981050667,8574.71110140332,8.881784197001252e-13,43130.741842295865,0.0,6709.253041400729,49839.99488369659,18164.540690533402,15143.322151014669,1326.9159289255176,28.896793281570922,2025-08-05
PASS,C1,216,144,24,9052.537981050667,8776.297854223205,8.810729923425242e-13,43130.741842295865,0.0,14621.253131212685,57751.99497350855,15780.330900607778,13030.684143637018,3439.553936303169,2413.1065832071945,2025-08-05
PASS,C2,216,144,24,9052.537981050667,8776.297854223205,9.094947017729282e-13,43622.92125873371,427.18782702753975,4707.857382498362,48757.96646825961,18876.493570317627,15538.575906101996,1010.8944077186728,684.5882682293434,2025-08-05
PASS,C0,217,144,24,8574.71110140332,8677.224118551803,9.094947017729282e-13,47931.82097582721,0.0,6136.062580874348,54067.88355670156,18779.073470286818,15118.787795498689,1243.0571181936978,3387.4262019651687,2025-08-06
PASS,C1,217,144,24,8776.297854223205,8677.224118551803,9.094947017729282e-13,47836.739224080506,0.0,3795.224738198005,51631.96396227851,19097.558597707994,15558.188826247739,803.6560874446484,2844.9557936330093,2025-08-06
PASS,C2,217,144,24,8776.297854223205,8677.224118551803,9.094947017729282e-13,45707.886315288386,1064.4264543960585,5813.777254291223,52586.09002397567,19097.558597707997,15558.188826247739,1169.4929339510595,704.4602872871178,2025-08-06
PASS,C0,218,144,24,8677.224118551803,2542.6089937226902,9.094947017729282e-13,43482.606121434685,0.0,6915.071822734482,50397.67794416917,11867.883935867887,15134.139600399192,1823.805325718306,9487.657542299708,2025-08-07
PASS,C1,218,144,24,8677.224118551803,2542.6089937226902,9.094947017729282e-13,43482.606121434685,0.0,7588.735033137823,51071.34115457251,11720.244201600608,15014.551415642694,1943.3935104748036,9635.297276566986,2025-08-07
PASS,C2,218,144,24,8677.224118551803,2542.6089937226902,8.526512829121202e-13,40851.909242306814,2092.1190544986584,6245.761234546801,49189.789531352275,11720.244201600606,15014.551415642694,1594.846772441593,3170.6827254157442,2025-08-07
PASS,C0,219,144,24,2542.6089937226902,2487.1753908555893,7.958078640513122e-13,22352.02161000305,0.0,2385.859423670422,24737.881033673468,13298.866671566526,10821.972246549278,699.7632124968137,20650.853919343866,2025-08-08
PASS,C1,219,144,24,2542.6089937226902,2601.5079186242638,7.958078640513122e-13,22352.02161000305,0.0,2881.7030891633494,25233.724699166396,13345.213423339335,10756.613840493448,765.121618552644,20604.507167571057,2025-08-08
PASS,C2,219,144,24,2542.6089937226902,2451.671700476114,7.958078640513122e-13,22027.58169775487,198.5558635940885,3434.057012093217,25660.194573442175,13293.650617894526,10849.700564416484,865.8554447576045,20563.339428409265,2025-08-08
PASS,C0,220,144,24,2487.1753908555893,8019.579258672506,5.684341886080801e-13,24828.29404065798,0.0,3617.0263014170237,28445.320342075003,18892.34208250908,10323.633605797131,997.2091064180763,17717.295312449707,2025-08-09
PASS,C1,220,144,24,2601.5079186242638,8134.155590027431,5.684341886080801e-13,24774.858753081327,0.0,3952.0992091132234,28726.95796219455,18867.772286723026,10303.512647982801,1043.1969615984056,17640.695863636567,2025-08-09
PASS,C2,220,144,24,2451.671700476114,7999.720839569423,5.684341886080801e-13,24617.408831133478,125.63740356489464,4170.218441955317,28913.26467665369,19011.13626016237,10405.776145547543,1063.0140569342395,17607.794041794652,2025-08-09
PASS,C0,221,144,24,8019.579258672506,8584.51882349641,9.094947017729282e-13,45212.65553528832,0.0,4406.356809574332,49619.012344862655,18513.755145046536,14487.696059146176,851.760390826915,2019.5495370688218,2025-08-10
PASS,C1,221,144,24,8134.155590027431,8584.51882349641,9.094947017729282e-13,45158.5755068888,0.0,2666.668594967518,47825.24410185632,18786.413102023012,14811.667702516555,527.7887474565348,1619.5845452535389,2025-08-10
PASS,C2,221,144,24,7999.720839569423,8519.626028397444,9.094947017729282e-13,44280.28608168898,873.2792128043106,3627.1945278339817,48780.75982232727,18680.57831322236,14663.353763764886,760.0211716132437,217.2767459649324,2025-08-10
PASS,C0,222,144,24,8584.51882349641,8282.618319859486,9.094947017729282e-13,43440.974235310394,0.0,7911.932537036416,51352.90677234681,19429.43167445902,16009.55010958504,1913.092878901027,2896.6159817686903,2025-08-11
PASS,C1,222,144,24,8584.51882349641,8282.618319859486,9.094947017729282e-13,43440.974235310394,0.0,8786.494486426254,52227.46872173665,19087.582851496096,15732.65256298507,2189.9904255009983,3238.464804731616,2025-08-11
PASS,C2,222,144,24,8519.626028397444,8282.618319859486,9.094947017729282e-13,43909.32002998633,1125.1953890165087,4491.784612251404,49526.30003125424,19713.823852243822,16181.50425800166,998.0843820671523,1913.3764104588508,2025-08-11
PASS,C0,223,144,24,8282.618319859486,8326.076566469226,9.094947017729282e-13,45805.3113704208,0.0,8743.502194458586,54548.81356487938,18056.38375307793,14586.558418044357,2063.492078437425,4068.2986770970283,2025-08-12
PASS,C1,223,144,24,8282.618319859486,8326.076566469226,9.094947017729282e-13,45805.3113704208,0.0,8488.230734524941,54293.54210494574,18150.74102970061,14662.987812108726,1987.062684373054,3973.941400474348,2025-08-12
PASS,C2,223,144,24,8282.618319859486,8326.076566469226,9.094947017729282e-13,44805.75712287995,1123.7996877937571,6708.215079488142,52637.77189016185,18150.74102970061,14662.987812108726,1526.7867862342546,874.3250767624315,2025-08-12
PASS,C0,224,144,24,8326.076566469226,8609.593898795749,8.739675649849232e-13,41860.74314656703,0.0,20287.568249183896,62148.31139575093,17103.06746652802,13598.31904879383,3573.970513694423,255.7281962717749,2025-08-13
PASS,C1,224,144,24,8326.076566469226,8609.593898795749,9.094947017729282e-13,41860.74314656703,0.0,15488.77788863555,57349.52103520258,17103.06746652802,13598.319048793826,3573.970513694426,255.7281962717749,2025-08-13
PASS,C2,224,144,24,8326.076566469226,8766.181886763205,9.094947017729282e-13,43763.63653777872,1010.8997826325128,5659.748799049608,50434.285119460845,19543.760168906712,15434.35094854986,1181.933921156003,796.087814225401,2025-08-13
PASS,C0,225,144,24,8609.593898795749,2507.6316435639965,8.881784197001252e-13,40799.47313984549,0.0,12148.86524091022,52948.33838075571,12697.850387027815,15777.024843201107,2232.862442716979,94.1798925930251,2025-08-14
PASS,C1,225,144,24,8609.593898795749,2554.586382639014,8.810729923425242e-13,40799.47313984549,0.0,18876.966167792216,59676.43930763771,9975.217327289487,13529.43279964554,4480.454486272544,2816.812952331353,2025-08-14
PASS,C2,225,144,24,8766.181886763205,2554.586382639014,8.881784197001252e-13,41521.043431069425,935.2906243434169,4875.691115468315,47332.025170881156,13564.169757896685,16577.413457608083,1034.826904106217,566.3073569154644,2025-08-14
PASS,C0,226,144,24,2507.6316435639965,2818.0811869254467,9.094947017729282e-13,23149.65660556414,0.0,4532.629167547536,27682.28577311168,13416.963224958934,10588.335623191431,1423.8888160396339,20334.6423998745,2025-08-15
PASS,C1,226,144,24,2554.586382639014,2818.0811869254467,9.094947017729282e-13,23127.509620300425,0.0,4518.133715088401,27645.643335388824,13364.791292653359,10588.335623191431,1423.8888160396339,20334.6423998745,2025-08-15
PASS,C2,226,144,24,2554.586382639014,2620.7471536934754,9.094947017729282e-13,22045.112088234397,761.0330778879907,4955.692788159827,27761.837954282215,13093.689272579764,10546.343616840595,1496.287593390539,19579.678762410662,2025-08-15
PASS,C0,227,144,24,2818.0811869254467,7909.471820311483,8.419931418757187e-13,26344.985858944136,0.0,5914.248450285418,32259.234309229552,18312.124035485707,10250.56889869599,1685.616713775302,21935.153630129007,2025-08-16
PASS,C1,227,144,24,2818.0811869254467,8100.0274087917405,8.419931418757187e-13,26344.985858944136,0.0,6963.522905805587,33308.50876474972,18312.124035485707,10079.06886906376,1857.1167434075337,21935.153630129007,2025-08-16
PASS,C2,227,144,24,2620.7471536934754,7909.471820311483,4.547473508864641e-13,24240.919809858395,1406.396918209981,6615.802442883487,32263.119170951864,18336.21644501245,10092.483120503879,1741.997181849479,19634.543988870075,2025-08-16
PASS,C0,228,144,24,7909.471820311483,8311.326754734777,9.094947017729282e-13,45175.625692908325,0.0,5803.419511587318,50979.04520449564,19225.55430939538,15211.02954962929,1265.067938351397,6290.389693196663,2025-08-17
PASS,C1,228,144,24,8100.0274087917405,8311.326754734777,9.094947017729282e-13,45085.23882543919,0.0,6486.282154498186,51571.52097993738,18827.86648811293,15060.402444022737,1415.6950439579496,6476.349082834382,2025-08-17
PASS,C2,228,144,24,7909.471820311483,8311.326754734777,8.633094239485217e-13,44020.714213242994,1137.2719228762774,4679.160601708147,49837.14673782742,19039.59491975766,15060.402444022737,1046.8012212468784,3029.3024741234804,2025-08-17
PASS,C0,229,144,24,8311.326754734777,8136.720589658036,9.094947017729282e-13,44085.83951611933,0.0,5315.971985171348,49401.81150129068,19914.384051031204,16287.796629904342,1331.6537973500663,2080.7588753354457,2025-08-18
PASS,C1,229,144,24,8311.326754734777,8136.720589658036,9.094947017729282e-13,44085.83951611933,0.0,7668.025115940657,51753.86463205999,19215.74319019623,15721.897532628016,1897.5528946263917,2779.3997361704173,2025-08-18
PASS,C2,229,144,24,8311.326754734777,8136.720589658036,9.094947017729282e-13,43037.326971577466,671.3199356044115,6373.41823063222,50082.0651378141,19962.024352356224,16326.38527397761,1500.2974313591444,878.8472804567893,2025-08-18
PASS,C0,230,144,24,8136.720589658036,8087.928497679964,8.757439218243235e-13,43085.260671514945,0.0,5592.044332710256,48677.3050042252,18875.892659892295,15333.385937293022,1296.5507763893422,596.571977191315,2025-08-19
PASS,C1,230,144,24,8136.720589658036,8087.928497679964,8.757439218243235e-13,43085.260671514945,0.0,6494.501576131136,49579.76224764608,18718.004394187814,15205.496442072392,1424.4402716099717,754.4602428957955,2025-08-19
PASS,C2,230,144,24,8136.720589658036,8087.928497679964,8.757439218243235e-13,42953.24937365171,153.16887086338363,7139.001424339312,50245.41966885441,18718.004394187814,15205.496442072392,1527.677820598427,880.92471408403,2025-08-19
PASS,C0,231,144,24,8087.928497679964,8051.2903342561485,9.094947017729282e-13,47103.23399691612,0.0,9951.974757842347,57055.20875475847,21509.61438675387,17455.762000352068,2124.3766542000517,3499.0448550354545,2025-08-20
PASS,C1,231,144,24,8087.928497679964,8051.2903342561485,9.094947017729282e-13,47103.23399691612,0.0,11563.396370210998,58666.630367127116,20919.533068893365,16977.79613288506,2602.3425216670603,4089.1261728959594,2025-08-20
PASS,C2,231,144,24,8087.928497679964,8050.287264227777,9.094947017729282e-13,46218.65784612734,1988.5207768613989,8403.691285368328,56610.86990835706,20261.370118996507,16445.58690649414,1780.0109072522598,569.9471729873766,2025-08-20
PASS,C0,232,144,24,8051.2903342561485,3142.69672742593,9.094947017729282e-13,43105.99671159416,0.0,3675.884827912229,46781.88153950639,12973.02302978305,14925.882900271463,860.2901270929949,3707.4854096561276,2025-08-21
PASS,C1,232,144,24,8051.2903342561485,3142.69672742593,9.094947017729282e-13,43105.99671159416,0.0,3986.560793239043,47092.5575048332,12897.133600084344,14864.41246221551,921.7605651489467,3783.374839354835,2025-08-21
PASS,C2,232,144,24,8050.287264227777,3142.69672742593,9.094947017729282e-13,41239.68318252612,1108.3284229125516,5286.624425017931,47634.6360304566,12778.554909294086,14767.460959649869,1132.4421368885214,270.02442831691,2025-08-21
PASS,C0,233,144,24,3142.69672742593,2643.051364199364,7.958078640513122e-13,22407.779453459345,0.0,7071.520271049895,29479.29972450924,12553.82441804392,10618.278605519485,1978.30496313923,16429.01944552029,2025-08-22
PASS,C1,233,144,24,3142.69672742593,2780.332140310475,7.958078640513122e-13,22407.779453459345,0.0,7808.173139652374,30215.95259311172,12553.82441804392,10494.725907019485,2101.8576616392297,16429.01944552029,2025-08-22
PASS,C2,233,144,24,3142.69672742593,2643.051364199364,7.958078640513122e-13,21661.1802543595,581.7860487502513,8453.898363314825,30696.864666424575,12455.441722854543,10538.588622416088,2218.7692335870165,15929.671649255404,2025-08-22
PASS,C0,234,144,24,2643.051364199364,8459.162878997548,9.094947017729282e-13,24463.57510216658,0.0,6143.083776024469,30606.65887819105,19839.914819258873,10835.830640281321,1522.0570849841954,14412.658001662741,2025-08-23
PASS,C1,234,144,24,2780.332140310475,8498.326438750635,9.094947017729282e-13,24398.82433610084,0.0,6400.797997975021,30799.62233407586,19676.56646608563,10791.823968933217,1566.0637563322994,14423.472159156969,2025-08-23
PASS,C2,234,144,24,2643.051364199364,8450.03400652841,9.094947017729282e-13,25076.615782253317,388.5594611850368,3620.4964438472757,29085.67168728563,19822.8289173202,10830.207044933219,956.2761510777501,14543.802203376887,2025-08-23
PASS,C0,235,144,24,8459.162878997548,8774.967970328937,8.881784197001252e-13,43894.618418822414,0.0,6326.278497186671,50220.896916009086,19951.035471508425,15876.11414972357,1401.2393389402923,1419.4729543855315,2025-08-24
PASS,C1,235,144,24,8498.326438750635,8774.967970328937,8.881784197001252e-13,43878.461274670946,0.0,5156.011247860941,49034.47252253188,20141.8511494105,16065.922052602027,1211.431436061834,1185.1422100911377,2025-08-24
PASS,C2,235,144,24,8450.03400652841,8774.967970328937,9.094947017729282e-13,43882.73983351784,404.9681670263741,5003.775815577379,49291.48381612159,20195.50940743519,16065.922052602029,1047.14305652659,1069.1072183409074,2025-08-24
PASS,C0,236,144,24,8774.967970328937,8346.914394717034,9.094947017729282e-13,56479.856878546576,0.0,1941.9074243522377,58421.76430289881,18671.671269278064,15509.301946165942,555.4776680265917,16126.7873743117,2025-08-25
PASS,C1,236,144,24,8774.967970328937,8346.914394717034,9.094947017729282e-13,56479.856878546576,0.0,2153.8396622744553,58633.69654082103,18640.469959988983,15484.028885641786,580.7507285507461,16157.988683600779,2025-08-25
PASS,C2,236,144,24,8774.967970328937,8346.914394717034,9.094947017729282e-13,46752.16411109943,4863.846383723571,4353.268750634085,55969.27924545709,19679.189261844436,16325.391520144707,1032.2228262735455,889.194102150687,2025-08-25
PASS,C0,237,144,24,8346.914394717034,8741.510981589983,9.094947017729282e-13,45088.510209017935,0.0,2556.946048668354,47645.456257686295,20512.909620834027,16260.3198646899,611.863928048829,283.44286420156914,2025-08-26
PASS,C1,237,144,24,8346.914394717034,8860.530339489176,9.094947017729282e-13,45088.510209017935,0.0,8498.441883066496,53586.95209208444,18789.87316276594,14757.54291154548,2114.6408811932492,2006.4793222696596,2025-08-26
PASS,C2,237,144,24,8346.914394717034,8860.530339489176,9.094947017729282e-13,44854.42897780604,324.6900629917613,3482.292598360028,48661.41163915783,20687.839283642777,16294.895469455714,748.8052657710712,333.6454988218294,2025-08-26
PASS,C0,238,144,24,8741.510981589983,8556.303289659143,9.094947017729282e-13,44500.837125944694,0.0,11385.903903392267,55886.74102933696,19487.145710083405,15951.274947905318,2363.195791167814,529.6836727373167,2025-08-27
PASS,C1,238,144,24,8860.530339489176,8615.169004558877,9.094947017729282e-13,44444.659989016276,0.0,23037.35178985915,67482.01177887543,15710.17607114267,12946.067819062837,5368.402920010295,4174.409580678947,2025-08-27
PASS,C2,238,144,24,8860.530339489176,8615.169004558877,9.094947017729282e-13,46472.70127008824,1545.8378418959317,3087.884379453571,51106.423491437745,20430.171922399113,16769.264458580557,614.8996128942005,1970.0261636404696,2025-08-27
PASS,C0,239,144,24,8556.303289659143,3266.0438632315886,9.094947017729282e-13,40778.6633575545,0.0,32955.3644715744,73734.0278291289,11047.806234094049,13709.95653340098,6232.750846631314,605.21062794661,2025-08-28
PASS,C1,239,144,24,8615.169004558877,3266.0438632315886,9.094947017729282e-13,40750.87874012182,0.0,26908.5834203864,67659.46216050822,10982.399884205455,13709.956533400982,6232.750846631313,605.21062794661,2025-08-28
PASS,C2,239,144,24,8615.169004558877,3400.038497818136,9.094947017729282e-13,44322.80524409869,1842.295040300376,7994.372837864688,54159.47312226375,14661.741155087257,16569.627791687344,1813.2023236971365,1159.72204267711,2025-08-28
PASS,C0,240,144,24,3266.0438632315886,3340.0454265230646,7.958078640513122e-13,24410.27969398068,0.0,2544.858327164054,26955.138021144736,14296.817617245,11513.820863006124,699.1177411521282,16261.834441229974,2025-08-29
PASS,C1,240,144,24,3266.0438632315886,3485.2397849467116,7.958078640513122e-13,24410.27969398068,0.0,3106.2496867040795,27516.52938068476,14367.799877670064,11440.641571369144,772.2970327891078,16190.852180804908,2025-08-29
PASS,C2,240,144,24,3400.038497818136,3339.9628503069116,7.958078640513122e-13,23487.80043746746,429.6392269332822,3270.411653662813,27187.851318063556,14203.194735920397,11558.655818855626,803.2058496090106,15449.375691687768,2025-08-29
PASS,C0,241,144,24,3340.0454265230646,8516.202083893404,7.958078640513122e-13,25889.801436046655,0.0,3190.4678536753268,29080.269289721982,18942.660937960227,10685.014368114482,915.0006369543229,19745.889083776885,2025-08-30
PASS,C1,241,144,24,3485.2397849467116,8564.446281424269,7.958078640513122e-13,25829.900696843655,0.0,3450.657615489407,29280.55831233306,18784.466175822843,10644.131755586703,955.8832494821008,19742.756780999105,2025-08-30
PASS,C2,241,144,24,3339.9628503069116,8490.92212438723,7.958078640513122e-13,25222.716828531327,333.55933739602926,4357.046852094928,29913.323018022285,18925.384778200398,10693.698323670036,1121.1792669214997,19229.655990773015,2025-08-30
PASS,C0,242,144,24,8516.202083893404,8774.616526085421,9.094947017729282e-13,44089.004169225555,0.0,14267.68072967514,58356.6848989007,18258.067036637683,14556.461301703703,2721.4227319070533,238.86143741431863,2025-08-31
PASS,C1,242,144,24,8564.446281424269,8774.616526085421,9.094947017729282e-13,44069.10075751088,0.0,11455.249424496827,55524.35018200771,18204.4623727145,14556.461301703706,2721.4227319070505,238.86143741431863,2025-08-31
PASS,C2,242,144,24,8490.92212438723,8857.427056479288,9.094947017729282e-13,45531.63624860268,716.1013458193142,4773.224973275047,51020.96256769704,19718.28637582204,15641.957525533,1032.0750229027517,238.86143741431863,2025-08-31
PASS,C0,243,144,24,8774.616526085421,10800.0,9.094947017729282e-13,48312.62435773774,0.0,0.0,48312.62435773774,18423.33253149433,13100.054223987287,0.0,18672.65631697903,2025-09-01
PASS,C1,243,144,24,8774.616526085421,10800.0,9.094947017729282e-13,48312.62435773774,0.0,0.0,48312.62435773774,18423.33253149433,13100.054223987287,0.0,18672.65631697903,2025-09-01
PASS,C2,243,144,24,8857.427056479288,10800.0,9.094947017729282e-13,43688.290800485614,2596.1820547016637,0.0,46284.47285518728,18412.871654101968,13166.110390653954,0.0,9177.914826346203,2025-09-01
PASS,C0,244,144,24,10800.0,9245.599823495684,9.094947017729282e-13,35936.92368179883,0.0,6344.608866299083,42281.532548097915,19028.376200764244,16811.94488147292,1584.780248062971,1323.3995265262406,2025-09-02
PASS,C1,244,144,24,10800.0,9668.583196538559,7.958078640513122e-13,35936.92368179883,0.0,19799.699653178275,55736.62333497711,15538.752554853796,13604.664692546872,4792.060436989019,4813.023172436687,2025-09-02
PASS,C2,244,144,24,10800.0,9668.583196538559,8.526512829121202e-13,37241.490319404824,813.3784490888311,5551.559424514074,43606.42819300773,19398.138260606844,16730.76711420684,1301.4685594272694,2997.5687776374534,2025-09-02
PASS,C0,245,144,24,9245.599823495684,8669.255448040427,7.958078640513122e-13,37622.43382774543,0.0,7059.056622790882,44681.49045053631,16397.906879181777,13801.014510046973,1769.5176511080008,2582.482238859583,2025-09-03
PASS,C1,245,144,24,9668.583196538559,8669.255448040427,7.958078640513122e-13,37434.748199532725,0.0,6631.153085542331,44065.90128507506,16073.694768946265,13919.087736494794,1651.4444246601804,2436.712823491901,2025-09-03
PASS,C2,245,144,24,9668.583196538559,8669.255448040427,7.958078640513122e-13,37663.31665462898,361.5377038296506,5605.989959363859,43630.84431782249,16073.694768946263,13919.087736494794,1381.831786246381,2454.9555040235314,2025-09-03
PASS,C0,246,144,24,8669.255448040427,3808.912222041668,9.094947017729282e-13,35930.15168294821,0.0,7965.080195106499,43895.231878054714,13032.69143668695,14930.78896711532,1809.0452608563044,2997.1976724079796,2025-09-04
PASS,C1,246,144,24,8669.255448040427,3808.912222041668,9.094947017729282e-13,35930.15168294821,0.0,5487.853742319364,41418.005425267576,13693.140562590082,15465.752759096855,1274.0814688747707,2336.748546504847,2025-09-04
PASS,C2,246,144,24,8669.255448040427,3808.912222041668,9.094947017729282e-13,35235.61700394841,427.73364336334157,5858.974081606896,41522.32472891865,13682.403957960452,15457.056109346853,1368.7504955034412,1482.9144591074373,2025-09-04
PASS,C0,247,144,24,3808.912222041668,2851.0313537488687,9.094947017729282e-13,16694.532682846202,0.0,4340.828673321213,21035.361356167414,12137.352037518694,10693.347931853661,1328.2458818597063,21889.67555192358,2025-09-05
PASS,C1,247,144,24,3808.912222041668,2884.397507337084,9.094947017729282e-13,16694.532682846202,0.0,3995.8313064682497,20690.36398931445,12278.403235472972,10777.569863967234,1244.0239497461334,21748.624353969306,2025-09-05
PASS,C2,247,144,24,3808.912222041668,2725.7401570808083,9.094947017729282e-13,15748.409618951096,600.5086382101152,3844.2967840919355,20193.21504125315,12254.248936032607,10900.796496651186,1181.157223684982,20905.630315393806,2025-09-05
PASS,C0,248,144,24,2851.0313537488687,8178.57387735569,7.958078640513122e-13,19450.022198997303,0.0,3942.7960840655164,23392.81828306282,18493.135006060154,10184.651083662591,1060.7508881579995,21161.27596077882,2025-09-06
PASS,C1,248,144,24,2884.397507337084,8263.661383844203,9.094947017729282e-13,19436.256806966965,0.0,3306.426807454325,22742.68361442129,18774.97370371934,10366.391211156262,879.0107606643279,20842.363759132728,2025-09-06
PASS,C2,248,144,24,2725.7401570808083,8143.97140003853,6.821210263296962e-13,18925.42346178945,288.1441582277325,3868.644513836797,23082.21213385398,18951.259648448537,10474.112196581367,986.2803304395309,20488.83934697747,2025-09-06
PASS,C0,249,144,24,8178.57387735569,7364.403042355171,9.094947017729282e-13,35050.178825606345,0.0,16285.902597950751,51336.0814235571,16332.941245363034,13962.436160244526,3166.0364397277103,282.234902377969,2025-09-07
PASS,C1,249,144,24,8263.661383844203,7513.534656943133,8.872902412804251e-13,35016.18551588912,0.0,22212.083686283197,57228.26920217232,13974.614110837816,11994.551483989597,5210.499871822301,2640.5620369031876,2025-09-07
PASS,C2,249,144,24,8143.97140003853,7659.874005881684,8.881784197001252e-13,36836.454761945046,886.2259503128612,5235.751805630523,42958.43251788843,17857.27905778241,14900.083691544918,1196.3410248645832,372.47531168878925,2025-09-07
PASS,C0,250,144,24,7364.403042355171,6467.748977434644,7.958078640513122e-13,31558.438478154734,0.0,39946.05083844674,71504.48931660147,16424.400763077734,14110.75327652144,9918.823574279402,31.213408766444445,2025-09-08
PASS,C1,250,144,24,7513.534656943133,6467.748977434644,7.958078640513122e-13,31487.667241943047,0.0,40024.3521669596,71512.01940890265,16258.69896909111,14110.753276521438,9918.823574279404,31.213408766444445,2025-09-08
PASS,C2,250,144,24,7659.874005881684,6467.748977434644,7.958078640513122e-13,32659.806557456548,853.993639250098,34882.50244806032,68396.30264476695,15838.96886930652,13902.477309740616,8722.175296296118,0.0,2025-09-08
PASS,C0,251,144,24,6467.748977434644,7848.833612036715,9.094947017729282e-13,34104.64046754548,0.0,18523.506069919415,52628.1465374649,20455.40599045376,15325.902681125683,4726.38642870384,1365.2766138108525,2025-09-09
PASS,C1,251,144,24,6467.748977434644,7853.095161378766,9.094947017729282e-13,34104.64046754548,0.0,18851.183014388156,52955.82348193364,20413.995755912285,15288.524996739241,4763.764113090283,1406.6868483523288,2025-09-09
PASS,C2,251,144,24,6467.748977434644,7848.833612036717,9.094947017729282e-13,35062.4451607257,645.0703490712046,14203.231386117934,49910.74689591483,20532.92513313941,15388.693186701057,3510.7565590413824,1464.6498741043813,2025-09-09
PASS,C0,252,144,24,7848.833612036715,7886.288080062227,9.094947017729282e-13,37663.85128480362,0.0,18516.947735286823,56180.799020090446,20112.95384099497,16257.783589982964,4596.706587026107,1680.2724497484726,2025-09-10
PASS,C1,252,144,24,7853.095161378766,7886.288080062227,9.094947017729282e-13,37661.82988989904,0.0,19330.430009161824,56992.25989906086,19919.422127562375,16104.858296510409,4749.631880498661,1869.0691083565669,2025-09-10
PASS,C2,252,144,24,7848.833612036717,7886.288080062227,7.958078640513122e-13,37885.11874501922,1552.897969290928,15868.258286846663,55306.27500115681,19792.271533856234,15998.03092120059,3878.1142007273493,222.91253267805814,2025-09-10
PASS,C0,253,144,24,7886.288080062227,3341.0390057417712,9.094947017729282e-13,36677.51919435128,0.0,13658.932202745089,50336.45139709636,13391.42711483544,14937.78012990512,3064.987363794457,8409.515750003095,2025-09-11
PASS,C1,253,144,24,7886.288080062227,3341.0390057417712,9.094947017729282e-13,36677.51919435128,0.0,8706.392850940096,45383.91204529137,14655.480121485158,15961.66306529139,2041.1044284081863,7145.462743353377,2025-09-11
PASS,C2,253,144,24,7886.288080062227,3341.0390057417712,8.846257060213247e-13,33668.4284194143,1504.54538746849,11025.843847738697,46198.81765462148,14655.480121485158,15961.66306529139,2563.9769336979407,2525.095187922747,2025-09-11
PASS,C0,254,144,24,3341.0390057417712,2710.274735194201,9.094947017729282e-13,15118.032894722584,0.0,9629.932618094583,24747.96551281717,13251.121873793534,11301.096561265575,3207.3233835447145,17338.426310324823,2025-09-12
PASS,C1,254,144,24,3341.0390057417712,2827.657652901918,9.094947017729282e-13,15118.032894722584,0.0,10275.01875585738,25393.051650579964,13251.121873793534,11195.451935328629,3312.9680094816604,17338.426310324823,2025-09-12
PASS,C2,254,144,24,3341.0390057417712,2709.71991655578,9.094947017729282e-13,15062.059124287767,102.15860848580796,10207.402167607375,25371.61990038095,13251.121873793534,11301.595898040152,3297.549451148326,17409.701657145375,2025-09-12
PASS,C0,255,144,24,2710.274735194201,8552.89267480162,9.094947017729282e-13,19227.739645653855,0.0,4973.344431565564,24201.08407721942,20142.352040489128,11056.949007149515,1264.8114432587595,20963.121186043358,2025-09-13
PASS,C1,255,144,24,2827.657652901918,8656.448212077376,9.094947017729282e-13,19172.37403613505,0.0,4741.499118433228,23913.87315456828,20242.67746452262,11150.657243005413,1171.1032074028612,20732.37029789018,2025-09-13
PASS,C2,255,144,24,2709.71991655578,8536.335582325439,9.094947017729282e-13,19145.159268032487,105.62002358315677,4613.923161693129,23864.702453308775,20321.638417906936,11216.573019311925,1135.0375016799003,20774.33402977266,2025-09-13
PASS,C0,256,144,24,8552.89267480162,7880.221425651249,9.094947017729282e-13,40659.25602673093,0.0,5122.438738740431,45781.69476547136,18317.34536348679,15442.453868659637,1263.079010491198,4171.829587253701,2025-09-14
PASS,C1,256,144,24,8656.448212077376,7880.221425651249,9.094947017729282e-13,40610.37781313677,0.0,6605.062053693373,47215.43986683015,17867.121510625144,15170.972531389882,1534.5603477609525,4506.991732031177,2025-09-14
PASS,C2,256,144,24,8536.335582325439,7876.618145129917,9.094947017729282e-13,38823.51684284269,2166.6587974059726,6928.581624561722,47918.75726481038,18862.81038582908,15872.622105997523,1584.8054552856852,221.20453788147984,2025-09-14
PASS,C0,257,144,24,7880.221425651249,7181.863234110045,7.389644451905042e-13,30192.675863186072,0.0,38603.67025187409,68796.34611506017,18911.04958160172,15946.472533484479,9216.430287434345,759.2106500000034,2025-09-15
PASS,C1,257,144,24,7880.221425651249,7225.775830416699,7.389644451905042e-13,30192.675863186072,0.0,38453.47962918053,68646.15549236661,18911.04958160172,15906.951196808492,9255.951624110332,759.2106500000014,2025-09-15
PASS,C2,257,144,24,7876.618145129917,7181.863234110045,7.389644451905042e-13,30613.52178063736,307.6380870731022,36106.933412676444,67028.09328038691,18915.053226625423,15946.472533484479,8615.01666897181,759.2106500000014,2025-09-15
PASS,C0,258,144,24,7181.863234110045,7403.0579876463335,9.094947017729282e-13,37574.85115894662,0.0,21523.00510092863,59097.856259875254,20356.169762120415,16289.422229134874,5250.381860405055,4562.462421222797,2025-09-16
PASS,C1,258,144,24,7225.775830416699,7404.910682859446,9.094947017729282e-13,37554.01219241043,0.0,21258.404744654403,58812.41693706484,20487.59477092013,16433.730397246833,5106.0736922930955,4382.245638749021,2025-09-16
PASS,C2,258,144,24,7181.863234110045,7403.0579876463335,7.673861546209082e-13,35046.9335835553,1901.448711325611,24056.115343311943,61004.49763819286,19902.391245711693,15921.861630843814,5808.712691096933,16.40108083686664,2025-09-16
PASS,C0,259,144,24,7403.0579876463335,7994.9143846629195,8.86402062860725e-13,37234.62059957745,0.0,16733.16362712521,53967.784226702664,21010.53296919999,16485.860947737066,3781.2254463746235,4.763768553493719,2025-09-17
PASS,C1,259,144,24,7404.910682859446,7994.914384662919,8.86402062860725e-13,37233.74139277132,0.0,17139.427890285664,54373.16928305698,21008.4744189632,16485.860947737066,3781.2254463746212,4.763768553493719,2025-09-17
PASS,C2,259,144,24,7403.0579876463335,7994.914384662919,8.86402062860725e-13,37927.178115848255,1027.8061966761043,14641.17052443036,53596.15483695472,20571.581102518514,16130.309935725068,3419.7341836652163,4.763768553493719,2025-09-17
PASS,C0,260,144,24,7994.9143846629195,3444.1790692577465,2.2737367544323206e-12,31409.2509655755,0.0,40483.06689841976,71892.31786399527,12721.205606315403,14399.838324980134,8239.347660883552,8.412583867601597,2025-09-18
PASS,C1,260,144,24,7994.914384662919,3444.1790692577442,2.0463630789890885e-12,31409.2509655755,0.0,41031.715999826825,72440.96696540232,10704.232129151762,12766.089808477587,9873.0961773861,2025.386061031242,2025-09-18
PASS,C2,260,144,24,7994.914384662919,3444.179069257746,9.094947017729282e-13,33827.34076779985,1209.0449011121743,20675.784028415706,55712.16969732773,15164.304849236414,16378.748711746151,5001.626666672529,464.3012325558127,2025-09-18
PASS,C0,261,144,24,3444.1790692577465,3348.3243826810785,5.684341886080801e-13,14485.309420374688,0.0,15634.954375199211,30120.263795573897,13723.196044250886,11202.05801376222,4781.129014677539,13066.2691231232,2025-09-19
PASS,C1,261,144,24,3444.1790692577442,3424.1119423782848,5.684341886080801e-13,14485.309420374688,0.0,16027.397503938362,30512.70692431305,13723.196044250888,11133.849210034734,4849.337818405024,13066.2691231232,2025-09-19
PASS,C2,261,144,24,3444.179069257746,3358.357950269049,5.684341886080801e-13,14258.017423406149,274.8783445844835,16213.513161511819,30746.408929502453,13723.196044250886,11193.027802933047,4866.486895981898,12940.47441368042,2025-09-19
PASS,C0,262,144,24,3348.3243826810785,8303.88632928753,7.958078640513122e-13,17307.66460574597,0.0,13647.617664921847,30955.282270667816,19695.713304232846,11493.522024482801,3549.500944130493,13632.814342710819,2025-09-20
PASS,C1,262,144,24,3424.1119423782848,8379.17649541496,6.821210263296962e-13,17271.918140088786,0.0,14041.830706193889,31313.748846282673,19611.504904569287,11425.760874968115,3617.2620936451794,13632.814342710819,2025-09-20
PASS,C2,262,144,24,3358.357950269049,8306.425595959085,6.821210263296962e-13,16839.363384520097,370.53581302953904,15700.985156749945,32910.88435429958,19672.536790515467,11481.493919196499,3956.0373146726783,13569.24750686977,2025-09-20
PASS,C0,263,144,24,8303.88632928753,8546.82215016899,9.094947017729282e-13,36916.42689043246,0.0,11351.162430101891,48267.58932053435,20445.60234382102,16342.295659701713,2401.0587536667767,685.0789475230015,2025-09-21
PASS,C1,263,144,24,8379.17649541496,8550.676660196927,9.094947017729282e-13,36880.71425496602,0.0,15045.381295335113,51926.095550301136,19290.59905821629,15471.035088851422,3272.3193245170673,1756.4264929861451,2025-09-21
PASS,C2,263,144,24,8306.425595959085,8546.822150168988,1.3642420526593924e-12,37269.53676361487,1236.3900106887772,13386.592437390087,51892.51921169374,18809.884980155428,15019.649935136984,2794.882705722325,315.6846548046343,2025-09-21
PASS,C0,264,144,24,8546.82215016899,8277.5407616121,9.094947017729282e-13,40555.004380767765,0.0,10912.714482775835,51467.7188635436,20510.58073197525,16855.92364260115,2631.6576093666426,3904.8871714978704,2025-09-22
PASS,C1,264,144,24,8550.676660196927,8277.5407616121,9.094947017729282e-13,40553.17763705164,0.0,10503.110269915105,51056.28790696675,20621.213087543685,16949.00490963673,2542.1072865877413,3793.5029712661835,2025-09-22
PASS,C2,264,144,24,8546.822150168988,8267.377811257458,9.094947017729282e-13,37606.01960411829,1762.0825176909457,14569.634355165106,53937.73647697434,20298.674178321962,16693.42598946117,3456.006110516385,58.37719474211099,2025-09-22
PASS,C0,265,144,24,8277.5407616121,8502.057819183798,9.094947017729282e-13,40774.11850046364,0.0,8148.54031861537,48922.65881907901,22123.78588741879,17718.201216994697,1709.9960844674845,1354.5696575398497,2025-09-23
PASS,C1,265,144,24,8277.5407616121,8504.825890699538,9.094947017729282e-13,40774.11850046364,0.0,9030.68684625375,49804.80534671739,21919.399444167117,17550.15693359667,1878.0403678655096,1558.9561007915258,2025-09-23
PASS,C2,265,144,24,8267.377811257458,8502.057819183801,9.094947017729282e-13,39526.51647132053,626.2113276306638,12385.49445234824,52538.222251299434,21606.253253196814,17289.853127955714,2598.939133910771,470.16423136829474,2025-09-23
PASS,C0,266,144,24,8502.057819183798,8500.104338146824,8.872902412804251e-13,36271.78963785797,0.0,31717.346794812605,67989.13643267058,17833.245525574257,14446.687008648429,6037.481006610951,168.8089999449886,2025-09-24
PASS,C1,266,144,24,8504.825890699538,8500.104338146824,8.872902412804251e-13,36270.476649269,0.0,29518.58192320052,65789.05857246953,17830.16989055677,14446.687008648427,6037.481006610953,168.8089999449886,2025-09-24
PASS,C2,266,144,24,8502.057819183801,8500.104338146824,8.872902412804251e-13,39021.143436882965,1374.6768995124987,9177.697147974313,49573.517484369775,20732.116119652503,16794.772189851807,2305.08295541778,196.24633434489908,2025-09-24
PASS,C0,267,144,24,8500.104338146824,4242.265118298599,8.100187187665142e-13,36446.998037046375,0.0,10557.782790296493,47004.78082734287,16111.124753281067,16882.06634802107,2725.530228483234,343.5296876810412,2025-09-25
PASS,C1,267,144,24,8500.104338146824,4338.592326932569,9.094947017729282e-13,36446.998037046375,0.0,21025.886144308068,57472.88418135444,13090.999114169264,14349.070092569937,5258.526483934371,3363.6553267928434,2025-09-25
PASS,C2,267,144,24,8500.104338146824,4335.5442025448165,7.50344231192912e-13,37281.098065723694,1483.807827340603,8553.843094011145,47318.74898707544,15950.30491265925,16667.851101295804,2197.8638143458443,885.7459538872413,2025-09-25
PASS,C0,268,144,24,4242.265118298599,4184.787592383247,9.094947017729282e-13,16541.050270551554,0.0,8384.044188988502,24925.094459540054,14434.81769333712,11743.932104926887,2620.2877641571395,12211.574385105318,2025-09-26
PASS,C1,268,144,24,4338.592326932569,4184.787592383247,9.094947017729282e-13,16501.30994547845,0.0,8380.814158910722,24882.12410438917,14330.06924135699,11745.780346593554,2618.439522490472,12209.292605269924,2025-09-26
PASS,C2,268,144,24,4335.5442025448165,4120.681981272133,9.094947017729282e-13,15482.346335350125,525.0152339792585,9142.95578989703,25150.317359226414,14306.784317837206,11781.871296593556,2792.09825607946,11287.945477403757,2025-09-26
PASS,C0,269,144,24,4184.787592383247,8266.15621743327,7.958078640513122e-13,18150.614950684325,0.0,11796.243208464959,29946.858159149284,19301.042072050408,11960.612315815813,2970.0545909924995,12817.524652855978,2025-09-27
PASS,C1,269,144,24,4184.787592383247,8318.886893359195,7.958078640513122e-13,18150.614950684325,0.0,12003.762572931457,30154.37752361578,19318.296481487392,11927.13077912644,3003.5361276818726,12800.270243418994,2025-09-27
PASS,C2,269,144,24,4120.681981272133,8267.237227389996,7.958078640513122e-13,18496.50528904636,216.81889349057244,10583.240592645918,29296.564775182847,19353.52066438881,11944.452016648864,2663.488301365668,12923.686560830678,2025-09-27
PASS,C0,270,144,24,8266.15621743327,8507.816941752439,9.023892744153272e-13,38705.14628546523,0.0,25523.20607394501,64228.35235941024,19691.599799616626,15732.701185802209,4907.686379799447,786.2886590354713,2025-09-28
PASS,C1,270,144,24,8318.886893359195,8507.816941752439,9.023892744153272e-13,38680.134368184365,0.0,31968.936990152968,70649.07135833733,16423.744370830438,13133.19589681873,7507.191668782926,3995.554447903963,2025-09-28
PASS,C2,270,144,24,8267.237227389996,8735.152927420313,9.023892744153272e-13,41267.17462673043,1339.927724000089,9886.177843606349,52493.280194336876,21476.205417115325,16974.602257836123,2168.296857774274,1664.3741561436568,2025-09-28
PASS,C0,271,144,24,8507.816941752439,8557.979942118774,8.757439218243235e-13,42742.28971596361,0.0,3766.708257900261,46508.99797386387,21389.405447945748,17280.271712506354,872.2471031123606,2670.2467760512204,2025-09-29
PASS,C1,271,144,24,8507.816941752439,8557.979942118774,8.757439218243235e-13,42742.28971596361,0.0,7095.710086163168,49837.99980212678,20598.40995148349,16639.565360371922,1512.953455246791,3461.242272513479,2025-09-29
PASS,C2,271,144,24,8735.152927420313,8556.396279618773,8.757439218243235e-13,41291.89059278175,1112.816599118341,7305.413952271045,49710.121144171135,20921.595853754217,17107.373624562304,1585.1732691755042,709.1926292858897,2025-09-29
PASS,C0,272,144,24,8557.979942118774,8469.20387201609,9.094947017729282e-13,41360.42275612294,0.0,19282.716232778428,60643.138988901366,20406.10403931016,16608.842734933645,3863.695200577149,323.3715434539249,2025-09-30
PASS,C1,272,144,24,8557.979942118774,8469.20387201609,9.094947017729282e-13,41360.42275612294,0.0,17625.717548200973,58986.14030432391,20406.10403931016,16608.842734933645,3863.6952005771495,323.3715434539249,2025-09-30
PASS,C2,272,144,24,8556.396279618773,8517.677150347065,9.094947017729282e-13,43433.73087652846,1079.208388405815,6538.264895745569,51051.204160679845,22051.56262439649,17896.612942105694,1581.0353188476447,917.4228463345036,2025-09-30
PASS,C0,273,144,24,8469.20387201609,9762.081468462055,9.094947017729282e-13,38251.59279202863,0.0,1734.6781724144284,39986.27096444306,21554.305038771818,16295.3972446038,460.5355495765192,7637.912749702531,2025-10-01
PASS,C1,273,144,24,8469.20387201609,9762.081468462055,9.094947017729282e-13,38251.59279202863,0.0,1441.4850034203164,39693.077795448946,21619.98899873508,16348.601252174043,407.33154200627695,7572.228789739269,2025-10-01
PASS,C2,273,144,24,8517.677150347065,9760.97028636329,9.094947017729282e-13,36852.61540429399,739.5852478659365,1535.9763253730953,39128.17697753302,21566.12980058955,16349.601316062932,429.92185867294387,4738.704268161777,2025-10-01
PASS,C0,274,144,24,9762.081468462055,6137.334976203671,9.094947017729282e-13,40709.10137771754,0.0,498.6284136694001,41207.72979138694,14850.882394852526,15291.486582863088,173.2538286615662,12731.064336686177,2025-10-02
PASS,C1,274,144,24,9762.081468462055,6137.334976203671,9.094947017729282e-13,40709.10137771754,0.0,606.4680339375908,41315.56941165513,14825.355835021304,15270.810069399799,193.930342124857,12756.590896517399,2025-10-02
PASS,C2,274,144,24,9760.97028636329,6137.334976203671,9.094947017729282e-13,34651.572169651314,3029.026657811403,1390.3049699276467,39070.90379739037,16135.446419314916,16330.983378788738,365.7857616094029,2678.124816359657,2025-10-02
PASS,C0,275,144,24,6137.334976203671,5023.693473177521,7.389644451905042e-13,13954.787425051944,0.0,3807.446560793748,17762.23398584569,14497.904053130624,12745.57963575934,1565.7560053739949,18350.86387425696,2025-10-03
PASS,C1,275,144,24,6137.334976203671,5024.125936140484,7.389644451905042e-13,13954.787425051944,0.0,3771.297864112311,17726.085289164253,14506.450623212864,12752.11314085929,1559.2225002740458,18342.31730417472,2025-10-03
PASS,C2,275,144,24,6137.334976203671,5014.019005641573,7.958078640513122e-13,14239.21486123458,159.08264263052865,3636.7950125295797,18035.09251639469,14414.046120031076,12686.361730731061,1524.5139939462406,18666.919214671958,2025-10-03
PASS,C0,276,144,24,5023.693473177521,9248.196491005383,9.094947017729282e-13,18147.33903492078,0.0,2711.521132436323,20858.860167357103,19267.50363688888,11804.625229834917,968.995925590479,15269.997533856771,2025-10-04
PASS,C1,276,144,24,5024.125936140484,9248.196491005383,9.094947017729282e-13,18147.160619922837,0.0,3469.5095254049156,21616.670145327753,19025.011388808012,11608.59572555608,1165.0254298693153,15512.009267534348,2025-10-04
PASS,C2,276,144,24,5014.019005641573,9248.196491005383,9.094947017729282e-13,17761.922162973387,194.7040636381944,3612.306998977564,21568.933225589146,19036.241311584577,11608.59572555608,1194.2294525908394,15103.969781922538,2025-10-04
PASS,C0,277,144,24,9248.196491005383,9274.708790607543,9.094947017729282e-13,39497.914266269225,0.0,2311.0775907905477,41808.99185705977,19343.15574269592,15644.095081941752,733.4901603947017,7310.667321410447,2025-10-05
PASS,C1,277,144,24,9248.196491005383,9274.708790607543,9.094947017729282e-13,39497.914266269225,0.0,3904.8223335977996,43402.73659986702,18972.312115143508,15343.711743624297,1033.8734987121563,7681.51094896286,2025-10-05
PASS,C2,277,144,24,9248.196491005383,9347.170955891308,9.094947017729282e-13,36041.10501735748,2247.7932383452658,3533.825594233383,41822.72384993613,20582.05973752251,16582.3913689959,952.5321878175519,254.5566154139758,2025-10-05
PASS,C0,278,144,24,9274.708790607543,8852.29404982851,8.981704269217516e-13,36582.646279992216,0.0,15380.094006805011,51962.74028679723,18322.743009257858,15221.595104199996,2625.917283446266,366.14511320881456,2025-10-06
PASS,C1,278,144,24,9274.708790607543,8852.29404982851,8.981704269217516e-13,36582.646279992216,0.0,10976.419586941705,47559.06586693392,18322.743009257858,15221.59510419999,2625.9172834462724,366.14511320881456,2025-10-06
PASS,C2,278,144,24,9347.170955891308,9295.124560955423,9.094947017729282e-13,38380.517783813055,916.0289610914057,1908.3500003231647,41204.89674522762,20220.74013144462,16425.64126191243,528.1257278001008,377.3985062122357,2025-10-06
PASS,C0,279,144,24,8852.29404982851,9299.701353786344,8.757439218243235e-13,37326.98552346541,0.0,7705.526885439334,45032.512408904746,21193.027952807784,16763.686068212253,1873.8386446008947,580.7524400439728,2025-10-07
PASS,C1,279,144,24,8852.29404982851,9314.618624681088,8.757439218243235e-13,37326.98552346541,0.0,7240.508163329757,44567.49368679517,21160.768294807578,16724.130201426815,1913.3945113863317,613.0120980441783,2025-10-07
PASS,C2,279,144,24,9295.124560955423,9314.618624681088,8.526512829121202e-13,38815.50636884858,848.7684233175353,1687.7279664014302,41352.00275856755,20676.377583937003,16730.321185635876,507.77850689909775,1551.4055017196495,2025-10-07
PASS,C0,280,144,24,9299.701353786344,8350.976645536985,9.094947017729282e-13,32637.605280449603,0.0,26379.973087028433,59017.57836747804,18156.172074603022,15560.351617852875,4998.789718745651,16.47816620101287,2025-10-08
PASS,C1,280,144,24,9314.618624681088,8350.976645536985,9.094947017729282e-13,32630.569201462178,0.0,25894.467314378227,58525.03651584041,18139.929158290703,15560.620399445164,4998.852766279647,16.47816620101287,2025-10-08
PASS,C2,280,144,24,9314.618624681088,8350.976645536985,9.094947017729282e-13,34296.261576688914,832.8461876133694,13413.035603037206,48542.14336733949,19448.608482974778,16620.650652439264,2915.8875250475285,16.47816620101287,2025-10-08
PASS,C0,281,144,24,8350.976645536985,4360.35926228922,8.633094239485217e-13,38260.16844715902,0.0,5347.2930996086825,43607.4615467677,16268.890463751699,16769.356920561866,1030.0099763551873,7818.98289283828,2025-10-09
PASS,C1,281,144,24,8350.976645536985,4360.35926228922,8.633094239485217e-13,38260.16844715902,0.0,8152.796785770944,46412.965232929964,15606.838637189807,16233.094941046733,1566.2719558703197,8481.034719400173,2025-10-09
PASS,C2,281,144,24,8350.976645536985,4360.35926228922,8.633094239485217e-13,33151.61372553845,2733.951170730718,10652.919297831539,46538.48419410071,16789.718836010154,17191.227902091214,2164.936765353004,44.4724600081538,2025-10-09
PASS,C0,282,144,24,4360.35926228922,4643.616571233695,5.684341886080801e-13,14770.002788687872,0.0,8404.36598851669,23174.368777204563,15631.191954302429,12406.333904934942,2385.9644094362106,18807.901615422194,2025-10-10
PASS,C1,282,144,24,4360.35926228922,4663.866626317474,5.684341886080801e-13,14770.002788687872,0.0,9071.543308168608,23841.54609685648,15454.867947372551,12245.28640974634,2547.0119046248115,18984.22562235207,2025-10-10
PASS,C2,282,144,24,4360.35926228922,4657.944356317475,5.684341886080801e-13,14264.240202559862,252.88129306400532,9951.658900477105,24468.78039610097,15454.867947372551,12250.61645274634,2749.9328537910255,18600.666840050086,2025-10-10
PASS,C0,283,144,24,4643.616571233695,8521.81684999651,7.958078640513122e-13,17294.54748481151,0.0,4215.842332206191,21510.389817017698,20161.94438911485,12840.794704296497,933.9867469434696,14217.972055213655,2025-10-11
PASS,C1,283,144,24,4663.866626317474,8522.27339716012,7.958078640513122e-13,17284.996208830325,0.0,4263.703238145917,21548.69944697624,20125.655744234384,12829.21505907147,945.5663921684957,14231.760638889924,2025-10-11
PASS,C2,283,144,24,4657.944356317475,8522.27339716012,7.958078640513122e-13,17146.97839679546,70.40557469243222,4494.722416392985,21712.106387880878,20132.23604423438,12829.21505907147,1000.0233862859569,14121.214365902237,2025-10-11
PASS,C0,284,144,24,8521.81684999651,8386.861032071178,9.094947017729282e-13,36088.17544546737,0.0,12816.683690313963,48904.859135781335,20448.035910325216,16684.36932349623,2563.0809134766337,425.24863097958564,2025-10-12
PASS,C1,284,144,24,8522.27339716012,8386.861032071178,8.970602038971265e-13,36087.95888992943,0.0,15074.741437697956,51162.70032762739,19647.80151720738,16036.590357518027,3210.859879454836,1224.9757494711905,2025-10-12
PASS,C2,284,144,24,8522.27339716012,8386.861032071178,9.094947017729282e-13,36520.32325981497,714.7881869685455,12344.457445067692,49579.5688918512,19556.52009644383,15962.652406699557,2560.086571124923,351.0013201102021,2025-10-12
PASS,C0,285,144,24,8386.861032071178,8522.686963534012,1.5916157281026244e-12,38840.795826882255,0.0,7029.866440960348,45870.6622678426,21722.921491583988,17473.323069866477,1497.0015493111182,4221.732284539333,2025-10-13
PASS,C1,285,144,24,8386.861032071178,8522.686963534012,8.313350008393172e-13,38840.795826882255,0.0,6913.540848482908,45754.33667536516,21543.529680821324,17328.015703148718,1642.3089160288744,4401.124095301997,2025-10-13
PASS,C2,285,144,24,8386.861032071178,8563.079546292283,9.094947017729282e-13,37580.66083913837,2499.0868409012287,5111.180704493218,45190.92838453282,20505.27096249192,16450.672816819453,1157.6999164429799,270.9260179086409,2025-10-13
PASS,C0,286,144,24,8522.686963534012,8471.268717276398,7.958078640513122e-13,40215.90885770194,0.0,9024.369407118897,49240.278264820845,21443.37577581942,17415.410800045578,2001.1294998412789,3456.4653829612944,2025-10-14
PASS,C1,286,144,24,8522.686963534012,8471.268717276398,7.958078640513122e-13,40215.90885770194,0.0,8363.076515963985,48578.98537366593,21420.417170344866,17396.814329611192,2019.7259702756648,3479.4239884358462,2025-10-14
PASS,C2,286,144,24,8563.079546292283,8471.268717276398,9.094947017729282e-13,39109.78501063932,1429.729218933124,6427.375232885429,46966.889462457875,21142.348825255758,17207.932294571463,1519.8287004755464,385.59522631705875,2025-10-14
PASS,C0,287,144,24,8471.268717276398,8392.95495404434,9.094947017729282e-13,40619.88493508084,0.0,9582.41790319476,50202.302838275595,21716.233115313644,17660.631210312906,1942.6748597497258,3511.0309525613857,2025-10-15
PASS,C1,287,144,24,8471.268717276398,8392.95495404434,9.094947017729282e-13,40619.88493508084,0.0,10353.19362386291,50973.078558943744,21513.977265548096,17496.80397200281,2106.5020980598206,3713.2868023269357,2025-10-15
PASS,C2,287,144,24,8471.268717276398,8392.95495404434,9.094947017729282e-13,38411.32218699492,1288.5533297769052,12240.190991896558,51940.06650866838,21180.64352884687,17226.80364527482,2502.4137610131916,134.79578332395795,2025-10-15
PASS,C0,288,144,24,8392.95495404434,4795.69363630658,8.810729923425242e-13,37463.33129870716,0.0,13985.022190570136,51448.353489277295,17752.768072039584,17617.277324316048,2817.909119524065,204.20444325628375,2025-10-16
PASS,C1,288,144,24,8392.95495404434,4795.69363630658,8.810729923425242e-13,37463.33129870716,0.0,12857.758092479373,50321.089391186535,17858.27655593229,17702.73919626914,2732.447247570972,98.6959593635778,2025-10-16
PASS,C2,288,144,24,8392.95495404434,4795.69363630658,8.810729923425242e-13,37731.51013748022,647.0291421072602,11501.212686398212,49879.751965985684,17697.796496764862,17572.75034834352,2410.0184168048672,74.71860380802252,2025-10-16
PASS,C0,289,144,24,4795.69363630658,5026.171079173746,7.958078640513122e-13,14153.61560351831,0.0,11092.172559215423,25245.788162733734,15786.359725371078,12579.521678970124,2624.703474837062,11872.125383333336,2025-10-17
PASS,C1,289,144,24,4795.69363630658,5026.171079173746,7.958078640513122e-13,14153.61560351831,0.0,11040.019002064382,25193.63460558269,15786.35972537108,12579.521678970124,2624.7034748370615,11872.125383333332,2025-10-17
PASS,C2,289,144,24,4795.69363630658,5026.171079173744,7.958078640513122e-13,15007.490534955885,426.93746571878665,7825.3806055251935,23259.808606199866,15675.03362976901,12489.34754153245,1869.4387636497606,12153.532070882278,2025-10-17
PASS,C0,290,144,24,5026.171079173746,8284.425614608243,6.821210263296962e-13,17350.49186133298,0.0,4196.714570674191,21547.20643200717,19411.914934789827,12791.222015288713,1058.0919861009866,12737.294874428544,2025-10-18
PASS,C1,290,144,24,5026.171079173746,8307.468251293676,6.821210263296962e-13,17350.49186133298,0.0,4148.436810003939,21498.92867133692,19455.412374853422,12805.716568723334,1043.5974326663659,12693.797434364951,2025-10-18
PASS,C2,290,144,24,5026.171079173744,8305.854267556982,6.821210263296962e-13,16706.080168812132,430.9779960984259,5493.542075985121,22630.60024089568,19300.409168631748,12681.616557046802,1349.7479563281092,12290.195448917128,2025-10-18
PASS,C0,291,144,24,8284.425614608243,8484.321582540606,1.3642420526593924e-12,40708.16766698567,0.0,10703.276093246748,51411.44376023242,22010.213917926463,17648.36690238131,2072.5877976837023,725.6370658260629,2025-10-19
PASS,C1,291,144,24,8307.468251293676,8484.321582540606,1.3642420526593924e-12,40697.23777631788,0.0,9712.204926925988,50409.44270324387,22241.332058895692,17856.310969583275,1864.643730481737,468.91599520635236,2025-10-19
PASS,C2,291,144,24,8305.854267556982,8484.32158254061,8.983924715266767e-13,39764.60696186129,542.7029540276367,14197.545955427919,54504.855871316846,21407.589870979606,17179.527212008215,2830.6092606976003,229.91284938695355,2025-10-19
PASS,C0,292,144,24,8484.321582540606,8308.015235004437,3.637978807091713e-12,44007.303661034115,0.0,4859.405227167788,48866.7088882019,21652.86297297817,17697.49472089487,1011.4359962071414,4156.726389227433,2025-10-20
PASS,C1,292,144,24,8484.321582540606,8308.015235004437,3.637978807091713e-12,44007.303661034115,0.0,5675.361041597636,49682.66470263175,21461.739466270497,17542.68468046165,1166.2460366403598,4347.849895935108,2025-10-20
PASS,C2,292,144,24,8484.32158254061,8308.015235004437,3.637978807091713e-12,41169.05062734761,1419.1265168432565,6815.527078874436,49403.70422306531,21628.38453133856,17677.66718316679,1440.7620286118245,683.0074748275066,2025-10-20
PASS,C0,293,144,24,8308.015235004437,8337.441539683741,9.094947017729282e-13,42604.2320846655,0.0,8752.151143969972,51356.38322863547,22341.951700471065,18070.49720317019,1783.6397739003867,1259.1690076925297,2025-10-21
PASS,C1,293,144,24,8308.015235004437,8340.245811720779,9.094947017729282e-13,42604.2320846655,0.0,9271.24812043796,51875.48020510346,22091.392992296285,17865.020804715285,1989.1161723552907,1509.727715867308,2025-10-21
PASS,C2,293,144,24,8308.015235004437,8337.441539683741,9.094947017729282e-13,42076.11039832579,788.3191690966065,7313.749750411444,50178.17931783384,22079.138662164067,17857.618642141522,1516.0764806752898,318.747169332156,2025-10-21
PASS,C0,294,144,24,8337.441539683741,8418.416674386735,1.3642420526593924e-12,41239.317494350704,0.0,13702.15803922834,54941.47553357904,21056.503892404027,16982.89053161457,2485.191072245343,266.5950581672147,2025-10-22
PASS,C1,294,144,24,8340.245811720779,8418.416674386735,1.3642420526593924e-12,41237.9873346478,0.0,13699.66344792791,54937.65078257571,21053.388034585096,16982.890531614572,2485.1910722453404,266.5950581672147,2025-10-22
PASS,C2,294,144,24,8337.441539683741,8418.416674386735,1.3642420526593924e-12,41983.463687127594,372.07309638844623,7560.2011261970565,49915.7379097131,22103.073471442993,17830.61189063613,1499.556414128719,330.00070693510486,2025-10-22
PASS,C0,295,144,24,8418.416674386735,5736.438351133303,8.757439218243235e-13,47049.013352153655,0.0,5202.609318098092,52251.62267025175,15614.109645518362,15061.20930379796,1145.121358459379,12844.50166097414,2025-10-23
PASS,C1,295,144,24,8418.416674386735,5736.438351133303,9.094947017729282e-13,47049.013352153655,0.0,6663.087952533962,53712.10130468762,15247.221911484223,14764.030239230307,1442.300423027032,13211.389395008278,2025-10-23
PASS,C2,295,144,24,8418.416674386735,5733.583872429598,9.094947017729282e-13,39709.9712114566,3974.4398280897653,6629.701899431914,50314.11293897828,18522.293317781965,17419.407109164815,1402.686205294786,406.54070272150204,2025-10-23
PASS,C0,296,144,24,5736.438351133303,5413.123468160106,6.821210263296962e-13,15763.970798280123,0.0,7358.573524125152,23122.544322405276,16038.165861061558,13281.897742135741,1688.4912078207724,11087.915487800889,2025-10-24
PASS,C1,296,144,24,5736.438351133303,5416.5881466811015,6.821210263296962e-13,15763.970798280123,0.0,7586.06767355475,23350.038471834872,15985.892531129059,13236.43813422152,1733.9508157349926,11140.18881773339,2025-10-24
PASS,C2,296,144,24,5733.583872429598,5399.504656034541,6.821210263296962e-13,15852.004961669276,58.60506842636026,7191.299181716172,23101.90921181181,15989.064174133175,13251.813275803424,1638.387155855429,11168.413635631603,2025-10-24
PASS,C0,297,144,24,5413.123468160106,8399.486587412368,9.094947017729282e-13,17185.997378225413,0.0,6085.860300870104,23271.85767909552,19568.478685274902,13162.740927745635,1288.94220804599,9806.444642128205,2025-10-25
PASS,C1,297,144,24,5416.5881466811015,8400.66829661483,9.094947017729282e-13,17184.363204856345,0.0,6110.7652823386,23295.128487194943,19560.212538205906,13158.10002100643,1293.583114785195,9810.861146396093,2025-10-25
PASS,C2,297,144,24,5399.504656034541,8400.66829661483,9.094947017729282e-13,17225.718023467005,56.660195575071604,6021.103162734747,23303.481381776823,19579.194194479864,13158.10002100643,1279.2744382843482,9824.838183117445,2025-10-25
PASS,C0,298,144,24,8399.486587412368,8674.006703629262,9.094947017729282e-13,44725.1763214512,0.0,3691.606131347606,48416.78245279881,20511.846836502875,16367.527832972131,797.6941554817521,5332.9631449935005,2025-10-26
PASS,C1,298,144,24,8400.66829661483,8674.006703629262,9.094947017729282e-13,44724.61579738617,0.0,5354.8674286357,50079.48322602187,20116.929224267933,16048.708105344042,1116.5138831098418,5726.567747003484,2025-10-26
PASS,C2,298,144,24,8400.66829661483,8670.835775388523,9.094947017729282e-13,41939.132468860415,2621.9881095979813,4578.615327146935,49139.73590560533,22122.468213435346,17676.048521986308,938.51053556503,406.916997279185,2025-10-26
PASS,C0,299,144,24,8674.006703629262,8406.521725615576,9.094947017729282e-13,40651.35392526421,0.0,8394.378978356459,49045.732903620665,20946.329633844383,17207.263483626273,1874.2752116790816,432.5663864803073,2025-10-27
PASS,C1,299,144,24,8674.006703629262,8406.521725615576,9.094947017729282e-13,40651.35392526421,0.0,17672.276165998897,58323.630091263105,18255.186455169292,15027.437508899446,4054.1011864059087,3123.709565155396,2025-10-27
PASS,C2,299,144,24,8670.835775388523,8406.521725615576,9.094947017729282e-13,41982.92926189941,1316.708283252047,4209.97939384681,47509.61693899827,21456.286486137797,17617.474698567272,927.5250162538345,1312.9129163015195,2025-10-27
PASS,C0,300,144,24,8406.521725615576,8492.083485912088,9.094947017729282e-13,40656.14875982872,0.0,21217.172455618587,61873.32121544731,19365.731601154417,15609.237012668218,4041.996214647321,381.99935694800683,2025-10-28
PASS,C1,300,144,24,8406.521725615576,8496.598812561937,9.094947017729282e-13,40656.14875982872,0.0,18732.65732222632,59388.806082055045,19365.731601154417,15605.173218683354,4046.0600086321847,381.99935694800683,2025-10-28
PASS,C2,300,144,24,8406.521725615576,8496.598812561937,9.094947017729282e-13,42936.3297007246,1164.6238416807169,5012.712412741111,49113.665955146425,21837.128364312917,17607.00459684174,1079.9044663698319,817.2512743194246,2025-10-28
PASS,C0,301,144,24,8492.083485912088,8510.149421124574,9.094947017729282e-13,45531.43682439984,0.0,6797.510592014047,52328.94741641389,23091.563153422223,18687.906812580764,1384.8124807210056,2115.711261181227,2025-10-29
PASS,C1,301,144,24,8496.598812561937,8511.799021865314,9.094947017729282e-13,45529.295054458926,0.0,5614.5463847815045,51143.84143924043,23338.428658784556,18890.447025242454,1182.2722680593158,1863.8287262079484,2025-10-29
PASS,C2,301,144,24,8496.598812561937,8510.149421124574,9.094947017729282e-13,45196.32473150388,676.6123969770265,4134.354222897652,50007.29135137856,23104.988337696188,18702.845005827538,837.3349746528471,839.5365846737255,2025-10-29
PASS,C0,302,144,24,8510.149421124574,6036.893526525453,9.094947017729282e-13,39069.35965396889,0.0,19511.810092086358,58581.169746055246,16574.22360245873,15651.05142313078,3869.0017879654993,490.21454814484747,2025-10-30
PASS,C1,302,144,24,8511.799021865314,6036.893526525453,9.094947017729282e-13,39068.57719335086,0.0,19313.558740021734,58382.13593337259,16572.390712746797,15651.051423130782,3869.001787965497,490.21454814484747,2025-10-30
PASS,C2,302,144,24,8510.149421124574,6054.88855843055,9.094947017729282e-13,41001.7597821695,1180.5215282059125,5735.299563078041,47917.58087345346,18609.985863196816,17283.82332561405,1313.7276603672494,579.0424449475929,2025-10-30
PASS,C0,303,144,24,6036.893526525453,5879.487143995757,7.958078640513122e-13,17527.509580900623,0.0,3373.356474524506,20900.86605542513,16610.556083817897,13596.216172169225,906.8302497199533,6950.395134212278,2025-10-31
PASS,C1,303,144,24,6036.893526525453,5880.705079180943,7.958078640513122e-13,17527.509580900623,0.0,3473.9835969870114,21001.493177887634,16582.619578330927,13572.491461058113,930.554960831065,6978.331639699246,2025-10-31
PASS,C2,303,144,24,6054.88855843055,5880.705079180943,7.958078640513122e-13,16941.273674203632,289.28602197316576,3797.1698210531595,21027.729517229956,16562.625098436376,13572.491461058113,1008.6453609440096,6328.486050415191,2025-10-31
PASS,C0,304,144,24,5879.487143995757,8551.464118701184,7.958078640513122e-13,17986.855879047092,0.0,3467.0837934387496,21453.93967248584,19535.181838304197,13418.718011791521,977.5136650909473,7514.125910136619,2025-11-01
PASS,C1,304,144,24,5880.705079180943,8552.434850182666,7.958078640513122e-13,17986.353413120138,0.0,3457.9247840448024,21444.27819716494,19538.393730092448,13421.542127473336,974.6895494091328,7509.560757031496,2025-11-01
PASS,C2,304,144,24,5880.705079180943,8552.434850182666,7.958078640513122e-13,17974.590917158537,35.491584640878976,3459.0558889360623,21469.13839073548,19538.393730092448,13421.542127473336,981.3998171422664,7494.225270282833,2025-11-01
PASS,C0,305,144,24,8551.464118701184,8484.16748163008,9.094947017729282e-13,44269.544827462116,0.0,12594.927505835889,56864.47233329801,21394.775990181613,17390.3355254111,2588.842978067899,1340.785399504149,2025-11-02
PASS,C1,305,144,24,8552.434850182666,8484.563105241194,9.094947017729282e-13,44269.086642202856,0.0,18729.468318233703,62998.55496043656,19363.761718115773,15745.731562121096,4233.446941357902,3370.721081035012,2025-11-02
PASS,C2,305,144,24,8552.434850182666,8484.167481630082,9.094947017729282e-13,45126.60995511716,1001.8630340421732,5287.780031487013,51416.25302064634,22772.339313686938,18507.03547578374,1132.2625362423655,1167.712997784967,2025-11-02
PASS,C0,306,144,24,8484.16748163008,8575.209976894326,8.810729923425242e-13,47063.04522867625,0.0,2505.710757153188,49568.75598582944,21983.21219614934,17724.463633143143,768.3587583466593,3689.1908432352357,2025-11-03
PASS,C1,306,144,24,8484.563105241194,8575.209976894326,8.810729923425242e-13,47062.85757121005,0.0,5164.704734563446,52227.5623057735,21338.898565403764,17202.925653489227,1289.8967380005754,4333.064892190686,2025-11-03
PASS,C2,306,144,24,8484.167481630082,8575.209976894326,8.810729923425242e-13,44721.89088910888,1179.1670715081307,5306.956987969883,51208.0149485869,22065.906477474196,17791.446001016273,1328.932888318153,568.1345615187334,2025-11-03
PASS,C0,307,144,24,8575.209976894326,8552.191355283163,8.57980353430321e-13,43307.40552738821,0.0,7632.254159673537,50939.65968706175,22229.931640257022,18026.961388058236,1641.1870792746424,327.32575603090334,2025-11-04
PASS,C1,307,144,24,8575.209976894326,8552.191355283163,8.57980353430321e-13,43307.40552738821,0.0,11493.271767816215,54800.67729520443,21108.448705536484,17118.560210934604,2549.5882563982764,1448.8086907514407,2025-11-04
PASS,C2,307,144,24,8575.209976894326,8552.191355283163,8.57980353430321e-13,43949.15552829673,332.71098546334156,6279.93380611757,50561.80031987764,22051.502644607484,17882.43390158211,1328.977768662301,929.4944991340166,2025-11-04
PASS,C0,308,144,24,8552.191355283163,8674.714432649786,9.094947017729282e-13,49327.42895703061,0.0,3204.8620445265933,52532.2910015572,22136.003628048853,17819.892169089613,814.9045803074881,6334.616609801064,2025-11-05
PASS,C1,308,144,24,8552.191355283163,8674.714432649786,9.094947017729282e-13,49327.42895703061,0.0,4535.570036016989,53862.99899304759,21807.30259958886,17553.644336037014,1081.1524133600876,6663.31763826106,2025-11-05
PASS,C2,308,144,24,8552.191355283163,8674.714432649786,9.094947017729282e-13,45493.06802988694,1917.1804635718327,5023.588769574447,52433.837263033216,22829.439369135205,18381.575119369558,1194.5165963238867,789.135373958511,2025-11-05
PASS,C0,309,144,24,8674.714432649786,6358.724989448253,9.094947017729282e-13,44083.91692668091,0.0,11990.297732480949,56074.214659161866,20040.03439154225,18316.8183560306,2516.87217528658,310.6944670298741,2025-11-06
PASS,C1,309,144,24,8674.714432649786,6358.724989448255,9.094947017729282e-13,44083.91692668091,0.0,13448.567669365008,57532.48459604592,19434.040776023943,17825.96352746077,3007.727003856408,916.6880825481824,2025-11-06
PASS,C2,309,144,24,8674.714432649786,6358.724989448255,9.094947017729282e-13,45257.476364887436,622.3084073965942,6810.983328898703,52690.76810118273,20124.79822165358,18385.477058420773,1464.9969064317202,723.5048888412676,2025-11-06
PASS,C0,310,144,24,6358.724989448253,6431.291355121976,7.958078640513122e-13,17247.260537507762,0.0,3934.4974572386004,21181.757994746364,17858.5300067317,14400.099576346327,1078.2249477753069,7525.3841713479,2025-11-07
PASS,C1,310,144,24,6358.724989448255,6430.913661445592,7.958078640513122e-13,17247.260537507762,0.0,3908.421512930038,21155.6820504378,17862.887653229216,14403.969194318062,1074.3553298035717,7521.02652485038,2025-11-07
PASS,C2,310,144,24,6358.724989448255,6431.291355121976,7.958078640513122e-13,17480.85672171864,116.79809210543857,3313.045203546025,20910.7000173701,17862.887653229216,14403.629270009318,929.2547042495752,7651.0908609899525,2025-11-07
PASS,C0,311,144,24,6431.291355121976,8646.524014024202,8.526512829121202e-13,18337.751633300555,0.0,2552.572426596427,20890.324059896982,19463.42033342126,13771.661077059221,661.0876140541977,6857.986964302963,2025-11-08
PASS,C1,311,144,24,6430.913661445592,8646.5240140242,8.526512829121202e-13,18337.929778817917,0.0,2984.9598999828722,21322.889678800788,19354.296912118632,13682.931181495347,749.8175096180711,6967.53004524602,2025-11-08
PASS,C2,311,144,24,6431.291355121976,8646.524014024202,8.526512829121202e-13,18422.965529604724,42.606948152083454,2813.946449614491,21279.518927371297,19353.877252478207,13682.931181495345,708.8288765529821,7029.07151218093,2025-11-08
PASS,C0,312,144,24,8646.524014024202,8588.752174174397,9.094947017729282e-13,47114.373196167224,0.0,3931.111035961184,51045.48423212841,23021.313974087192,18699.258974875454,885.3930317988807,1395.235559859303,2025-11-09
PASS,C1,312,144,24,8646.5240140242,8588.752174174397,9.094947017729282e-13,47114.373196167224,0.0,4683.857845496223,51798.23104166345,22831.148821223145,18545.22520105557,1039.4268056187607,1585.400712723353,2025-11-09
PASS,C2,312,144,24,8646.524014024202,8588.752174174397,9.094947017729282e-13,46825.45466353187,386.44967149227534,3547.0313777605606,50758.93571278471,23374.14521459747,18985.052279688778,766.5493899022035,772.5903861843855,2025-11-09
PASS,C0,313,144,24,8588.752174174397,8582.599913809616,9.094947017729282e-13,47735.954075377274,0.0,10385.325505542896,58121.27958092017,22814.70445296747,18485.447641231953,2209.6721199259173,919.1912249280758,2025-11-10
PASS,C1,313,144,24,8588.752174174397,8582.599913809616,9.094947017729282e-13,47735.954075377274,0.0,14516.117484632297,62252.07156000957,21431.602187271412,17365.134806018144,3329.984955139724,2302.293490624136,2025-11-10
PASS,C2,313,144,24,8588.752174174397,8582.599913809616,9.094947017729282e-13,48319.856639284684,1236.4579506819023,5565.567952957747,55121.88254292434,22705.254898565403,18396.793502166278,1255.1303182568743,939.1094542287299,2025-11-10
PASS,C0,314,144,24,8582.599913809616,8513.17064194613,9.094947017729282e-13,49293.39556963386,0.0,1731.5930902794782,51024.98865991334,21274.920723986022,17295.172131105814,429.733458876301,3753.6994270737227,2025-11-11
PASS,C1,314,144,24,8582.599913809616,8513.17064194613,9.094947017729282e-13,49293.39556963386,0.0,3414.9394647356908,52708.33503436955,20855.793734358922,16955.679269507862,769.2263204742522,4172.826416700824,2025-11-11
PASS,C2,314,144,24,8582.599913809616,8513.17064194613,9.094947017729282e-13,46667.274352445755,1313.0606085940508,4684.3073554219945,52664.6423164618,22782.370468420973,18516.20642409813,1063.7093517300343,536.9051372819275,2025-11-11
PASS,C0,315,144,24,8513.17064194613,8619.594295528903,9.094947017729282e-13,47225.839646396154,0.0,4596.132351775587,51821.97199817174,23476.33784615688,18920.052367162574,941.2501952618483,1664.783373930079,2025-11-12
PASS,C1,315,144,24,8513.17064194613,8619.594295528903,9.094947017729282e-13,47225.839646396154,0.0,10673.746923682238,57899.5865700784,21662.784528232783,17451.074179644056,2410.228382780368,3478.3366918541747,2025-11-12
PASS,C2,315,144,24,8513.17064194613,8619.594295528903,9.094947017729282e-13,47564.210495781226,1256.6836200623436,2669.5111066864865,51490.405222530055,22413.300684932234,18058.99226657061,583.4361414821352,1457.5771897898908,2025-11-12
PASS,C0,316,144,24,8619.594295528903,7018.878659206875,9.094947017729282e-13,45022.34569669961,0.0,14777.874572568246,59800.22026926785,18671.34141310996,16564.43061730889,3293.288548023611,467.3986228021564,2025-11-13
PASS,C1,316,144,24,8619.594295528903,7064.581345040122,9.094947017729282e-13,45022.34569669961,0.0,14836.336304080753,59858.68200078036,18671.34141310996,16523.298200058976,3334.420965273529,467.3986228021564,2025-11-13
PASS,C2,316,144,24,8619.594295528903,7072.703208087318,8.073541835074138e-13,46430.222082705885,748.808998140917,7232.946947824086,54411.978028670885,19833.714763148768,17457.51093684793,1627.4817580362997,469.15031072827946,2025-11-13
PASS,C0,317,144,24,7018.878659206875,6825.203150332356,8.526512829121202e-13,17875.372281479766,0.0,2008.4785151923236,19883.85079667209,17299.305958159537,14186.745784096298,605.916925797825,3596.3256127866416,2025-11-14
PASS,C1,317,144,24,7064.581345040122,6825.203150332356,8.526512829121202e-13,17856.517384535447,0.0,2049.948134361229,19906.46551889668,17233.69996380149,14174.7373459162,617.925363977921,3611.1508451077484,2025-11-14
PASS,C2,317,144,24,7072.703208087318,6825.203150332356,8.526512829121202e-13,17887.7892485622,17.311291874166784,1895.1712180695697,19800.271758505936,17224.675671526828,14174.7373459162,580.4871778668114,3615.4441617744174,2025-11-14
PASS,C0,318,144,24,6825.203150332356,8557.357827534473,6.821210263296962e-13,19401.055067784982,0.0,2756.50960544123,22157.564673226214,19840.93801566771,14512.22058320894,690.0849846472559,4595.5123988800015,2025-11-15
PASS,C1,318,144,24,6825.203150332356,8557.357827534473,6.821210263296962e-13,19401.055067784982,0.0,3226.7587141919785,22627.81378197696,19732.06898140499,14424.036665456139,778.2689024000587,4704.381433142721,2025-11-15
PASS,C2,318,144,24,6825.203150332356,8557.357827534473,6.821210263296962e-13,18946.86381103511,227.09562837493732,3566.180833527995,22740.140272938042,19732.06898140499,14424.036665456139,861.7784235378326,4056.3096880754338,2025-11-15
PASS,C0,319,144,24,8557.357827534473,8591.854861882295,9.094947017729282e-13,47630.12387964159,0.0,11696.034452611575,59326.158332253166,22596.774915145572,18272.34035035487,2481.4454666705224,430.8166030774631,2025-11-16
PASS,C1,319,144,24,8557.357827534473,8596.11233721574,9.094947017729282e-13,47630.12387964159,0.0,11719.0743055921,59349.19818523369,22367.98481648203,18083.188642637302,2670.59717438809,659.6067017410052,2025-11-16
PASS,C2,319,144,24,8557.357827534473,8596.11233721574,9.094947017729282e-13,49495.20827747783,937.1767179697869,3191.156348678576,53623.54134412619,23024.808107744746,18615.215508560104,714.411428682249,1029.673676562534,2025-11-16
PASS,C0,320,144,24,8591.854861882295,8523.715932185634,9.094947017729282e-13,45934.639284668316,0.0,18191.907583852862,64126.54686852118,20600.82346256581,16747.992041405305,3532.4720689472806,511.61164955252093,2025-11-17
PASS,C1,320,144,24,8596.11233721574,8579.888911288675,9.094947017729282e-13,45932.62975631093,0.0,22029.67438823625,67962.30414454718,18786.643619753264,15231.782415334503,5048.681695018084,2321.0609642167974,2025-11-17
PASS,C2,320,144,24,8596.11233721574,8579.888911288675,9.094947017729282e-13,49290.653814281046,1679.0120289850563,1785.7475314650837,52755.413374731186,22148.22148111303,17954.66048303591,561.5182745260166,2226.777699503423,2025-11-17
PASS,C0,321,144,24,8523.715932185634,8538.84723059395,9.094947017729282e-13,47917.234693793056,0.0,13627.145278611322,61544.37997240438,22368.569271903685,18104.922941674497,2931.3605717776954,948.4237527688772,2025-11-18
PASS,C1,321,144,24,8579.888911288675,8538.84723059395,9.094947017729282e-13,47890.659718164854,0.0,12388.172867598505,60278.83258576335,22546.887522683075,18299.91640599854,2736.3671074536524,707.6910807638866,2025-11-18
PASS,C2,321,144,24,8579.888911288675,8587.955325015027,9.094947017729282e-13,48943.54796154317,637.4043071191563,5811.039534889235,55391.99180355156,23630.112031087294,19133.130972826988,1336.716121590158,565.7612448976316,2025-11-18
PASS,C0,322,144,24,8538.84723059395,8565.800969115528,9.094947017729282e-13,47216.783823715174,0.0,17261.333679078652,64478.11750279383,22645.51749510661,18318.610806366938,3756.6139611881986,325.2837595608899,2025-11-19
PASS,C1,322,144,24,8538.84723059395,8565.800969115528,9.094947017729282e-13,47216.783823715174,0.0,21408.139344681542,68624.92316839672,21224.581842311545,17167.652927602932,4907.571839952206,1746.2194123559552,2025-11-19
PASS,C2,322,144,24,8587.955325015027,8565.800969115528,9.094947017729282e-13,50089.922089889624,1522.901601664084,3386.0384235538822,54998.86211510759,22977.110818632536,18631.3986834019,840.0275837936063,1122.7071441688959,2025-11-19
PASS,C0,323,144,24,8565.800969115528,7416.818211146563,9.094947017729282e-13,46758.6458120657,0.0,14918.261595895467,61676.90740796116,21253.967960453574,18249.79853013947,3237.8743833195845,304.35398557376163,2025-11-20
PASS,C1,323,144,24,8565.800969115528,7425.789782698566,9.094947017729282e-13,46758.6458120657,0.0,14790.898011049618,61549.54382311531,21120.885839758444,18133.927597979608,3353.7453154794443,437.4361062688911,2025-11-20
PASS,C2,323,144,24,8565.800969115528,7425.789782698566,9.094947017729282e-13,48729.41632921676,1001.7680034205323,4559.566344443849,54290.75067708114,22256.31213215593,19053.622894821572,978.9765222681654,551.6021567508471,2025-11-20
PASS,C0,324,144,24,7416.818211146563,7312.040875731489,7.389644451905042e-13,18069.14316043583,0.0,3591.4568685972035,21660.600029033034,17571.132934650184,14326.917278940216,1110.4149605359617,3088.356670983919,2025-11-21
PASS,C1,324,144,24,7425.789782698566,7312.040875731489,7.389644451905042e-13,18065.441888749985,0.0,3696.3575696753883,21761.799458425376,17513.923160231247,14288.65177605768,1148.6804634184987,3135.5980325673,2025-11-21
PASS,C2,324,144,24,7425.789782698566,7312.040875731489,7.389644451905042e-13,18376.880776683152,155.71944396658296,2936.6592747251884,21469.259495374925,17464.615012994986,14248.712176796307,946.7112512378701,3351.731604607332,2025-11-21
PASS,C0,325,144,24,7312.040875731489,8564.394774583016,9.094947017729282e-13,19871.506838895253,0.0,3176.03269492864,23047.539533823892,19590.84261155734,14741.464006395072,848.2400685879512,4384.214800585747,2025-11-22
PASS,C1,325,144,24,7312.040875731489,8564.394774583016,9.094947017729282e-13,19871.506838895253,0.0,3214.001135017429,23085.50797391268,19579.71436984394,14732.450130607216,857.2539443758058,4395.343042299146,2025-11-22
PASS,C2,325,144,24,7312.040875731489,8564.394774583016,9.094947017729282e-13,19659.517885634443,107.8218445426276,3312.1734338965953,23079.513164073665,19579.71436984394,14732.450130607216,882.8900860424724,3937.5054405304186,2025-11-22
PASS,C0,326,144,24,8564.394774583016,8692.570929169133,8.988365607365267e-13,47963.04459689268,0.0,13749.236014394242,61712.28061128692,22631.537830008856,18216.187103179665,2876.4815624774137,237.6222204886593,2025-11-23
PASS,C1,326,144,24,8564.394774583016,8697.327512512946,8.526512829121202e-13,47963.04459689268,0.0,14513.213109651402,62476.257706544086,22119.99772248512,17797.55869107601,3295.10997458107,749.1623280123923,2025-11-23
PASS,C2,326,144,24,8564.394774583016,8697.327512512946,8.597567102697212e-13,50117.62598263542,1077.2906928713724,2655.4349673046568,53850.35164281145,23090.541835152664,18583.699422336722,615.8646630574619,693.4500097821943,2025-11-23
PASS,C0,327,144,24,8692.570929169133,8464.038889714986,9.094947017729282e-13,47007.69731727904,0.0,13170.538669546137,60178.23598682517,21786.04132637717,17852.37230987424,2787.392976073667,116.36999400045323,2025-11-24
PASS,C1,327,144,24,8697.327512512946,8464.038889714986,9.094947017729282e-13,47005.452209940755,0.0,13761.076359831795,60766.52856977255,21484.842597536102,17612.68226452241,3027.0830214255006,412.28363023728195,2025-11-24
PASS,C2,327,144,24,8697.327512512946,8464.038889714984,9.094947017729282e-13,48447.324871075696,720.9363305674713,5783.302904385784,54951.56410602895,22945.33456943996,18795.680761764535,1292.4582038404617,612.1970387837391,2025-11-24
PASS,C0,328,144,24,8464.038889714986,8592.356493108337,9.094947017729282e-13,54993.67383911019,0.0,1744.4158478760526,56738.08968698625,22307.661252975577,17953.719771856206,543.7860002961821,7098.457317829832,2025-11-25
PASS,C1,328,144,24,8464.038889714986,8592.356493108337,9.094947017729282e-13,54993.67383911019,0.0,1895.9882654664802,56889.66210457667,22269.24789548594,17922.604952289596,574.9008198627898,7136.870675319471,2025-11-25
PASS,C2,328,144,24,8464.038889714984,8592.356493108337,9.094947017729282e-13,50681.551913760966,2156.0609626746154,2676.627064559719,55514.2399409953,23063.166434214938,18565.678968660086,755.4298491354767,929.4417851388434,2025-11-25
PASS,C0,329,144,24,8592.356493108337,8731.815265282617,8.86402062860725e-13,51164.3334188408,0.0,8389.916790672212,59554.25020951301,23636.414938144015,19019.983204939803,1752.0369308011236,2424.441896854469,2025-11-26
PASS,C1,329,144,24,8592.356493108337,8731.815265282617,8.86402062860725e-13,51164.3334188408,0.0,8903.79924554473,60068.13266438553,23327.58389150699,18769.830057163814,2002.190078577111,2733.272943491491,2025-11-26
PASS,C2,329,144,24,8592.356493108337,8731.815265282617,8.988365607365267e-13,51245.27539444775,1155.5381894487123,3396.29364335431,55797.10722725077,23513.816975188856,18920.678854946123,741.7409949399713,1215.6009364336533,2025-11-26
PASS,C0,330,144,24,8731.815265282617,7615.572898257671,9.094947017729282e-13,49271.844391914055,0.0,5684.546211375475,54956.39060328953,22390.216947267698,19140.693857609287,1237.7865326230296,449.3938140158489,2025-11-27
PASS,C1,330,144,24,8731.815265282617,7652.676656908683,9.094947017729282e-13,49271.844391914055,0.0,11341.574772940234,60613.41916485429,20770.73355065669,17795.518923568463,2582.961466663855,2068.877210626857,2025-11-27
PASS,C2,330,144,24,8731.815265282617,7652.676656908683,9.094947017729282e-13,50411.58980992933,926.3255228483151,2057.9432552636786,53395.85858804133,21709.659842486057,18556.04921995025,459.37755735165166,1024.6603622890298,2025-11-27
PASS,C0,331,144,24,7615.572898257671,7767.9783287624605,9.094947017729282e-13,18544.64113291624,0.0,4483.885622439503,23028.526755355742,18676.85692470888,14991.089221559887,1055.594990907785,1760.8591009204492,2025-11-28
PASS,C1,331,144,24,7652.676656908683,7767.9783287624605,9.094947017729282e-13,18527.14052675251,0.0,4557.189744925615,23084.33027167813,18619.98665103629,14978.417682670997,1068.2665297966741,1776.5029760919165,2025-11-28
PASS,C2,331,144,24,7652.676656908683,7767.9783287624605,9.094947017729282e-13,18585.036881450713,28.94817734909981,4332.233750879909,22946.21880967972,18619.98665103629,14978.417682670997,1011.2287909740282,1792.3334262692701,2025-11-28
PASS,C0,332,144,24,7767.9783287624605,8616.363395573084,9.094947017729282e-13,23090.82114605871,0.0,1293.8713464873476,24384.69249254606,19042.856425227706,14661.167144304885,379.219517284449,6119.85477309313,2025-11-29
PASS,C1,332,144,24,7767.9783287624605,8616.363395573084,9.094947017729282e-13,23090.82114605871,0.0,1301.162075466924,24391.983221525636,19054.248221873397,14670.394499587896,369.99216200143917,6108.462976447442,2025-11-29
PASS,C2,332,144,24,7767.9783287624605,8616.363395573084,9.094947017729282e-13,21013.150972060183,1038.8350869992655,1301.162075466924,23353.14813452637,19054.248221873397,14670.394499587896,369.99216200143917,1453.0010243653194,2025-11-29
PASS,C0,333,144,24,8616.363395573084,8582.07087529977,8.881784197001252e-13,51534.293698332745,0.0,13133.54422046871,64667.83791880146,23220.158846865637,18839.191934207152,2776.2434822433756,729.7309208112969,2025-11-30
PASS,C1,333,144,24,8616.363395573084,8582.07087529977,8.881784197001252e-13,51534.293698332745,0.0,14107.350800013459,65641.6444983462,22794.056048526578,18494.048667552514,3121.386748898015,1155.8337191503558,2025-11-30
PASS,C2,333,144,24,8616.363395573084,8582.070875299774,9.094947017729282e-13,53127.168399173395,938.0936474768545,4592.59446094718,58657.85650759743,24248.032312497282,19671.76944136878,962.558732563163,674.2364502538629,2025-11-30
PASS,C0,334,144,24,8582.07087529977,8578.303262918913,9.094947017729282e-13,54144.65286534469,0.0,20367.998914692795,74512.65178003749,24258.762838906736,19652.988750657227,5469.276018398134,181.3713342336114,2025-12-01
PASS,C1,334,144,24,8582.07087529977,8578.303262918913,9.094947017729282e-13,54144.65286534469,0.0,25595.607630168757,79740.26049551344,23028.391191622373,18656.387716356894,6465.877052698465,1411.7429815179735,2025-12-01
PASS,C2,334,144,24,8582.070875299774,8590.692538490723,9.094947017729282e-13,52640.38706002685,991.4568518912953,29405.960346570886,83037.80425848904,23302.951603862184,18867.631302256515,7351.570931215546,49.831048198874896,2025-12-01
PASS,C0,335,144,24,8578.303262918913,8403.12275702912,9.094947017729282e-13,56283.95225581,0.0,21637.8454147048,77921.7976705148,24453.56483828678,19965.049974313104,5515.079564508209,1555.8512138951257,2025-12-02
PASS,C1,335,144,24,8578.303262918913,8403.231702214307,9.094947017729282e-13,56283.95225581,0.0,23151.401548769343,79435.35380457934,24107.099165698077,19684.31472884959,5795.814809971723,1902.3168864838283,2025-12-02
PASS,C2,335,144,24,8590.692538490723,8403.12275702912,9.094947017729282e-13,54784.06256578252,896.5687295471294,25672.227328927504,81352.85862425716,23846.63700315152,19484.588775868175,6377.952188761215,39.015563924196954,2025-12-02
PASS,C0,336,144,24,8403.12275702912,8864.191866199388,8.970602038971265e-13,54462.12946046869,0.0,27341.6248445247,81803.75430499339,21751.4729618292,17203.73090082841,5905.169700879283,310.00226500155816,2025-12-03
PASS,C1,336,144,24,8403.231702214307,9390.161733123905,8.526512829121202e-13,54462.07778413585,0.0,30234.258305407027,84696.33608954288,21314.12984657215,16376.208147904801,6732.692453802892,747.224330052846,2025-12-03
PASS,C2,336,144,24,8403.12275702912,9390.154591148597,8.242295734817162e-13,58943.84473054347,2248.696834707384,5448.597308971583,66641.13887422244,25330.832733738574,19629.64586362071,1372.9336190053218,1155.430407989736,2025-12-03
PASS,C0,337,144,24,8864.191866199388,9010.462831845058,9.094947017729282e-13,59131.33746456064,0.0,14493.451969693584,73624.78943425423,23997.440507267336,19306.28294180544,3474.2680989692567,4074.8910480428076,2025-12-04
PASS,C1,337,144,24,9390.161733123905,9010.462831845058,9.094947017729282e-13,58883.109741283304,0.0,12084.523249197693,70967.632990481,24022.09570604576,19799.626533048024,2995.520387696912,3480.4207659851636,2025-12-04
PASS,C2,337,144,24,9390.154591148597,9011.281867999218,9.094947017729282e-13,56815.827808946124,1268.906966358951,11716.596819404196,69801.33159470928,23916.50307174721,19713.352938949683,2916.817563348683,620.9213202142184,2025-12-04
PASS,C0,338,144,24,9010.462831845058,9292.70843240777,9.094947017729282e-13,24205.271770372976,0.0,3021.950886991608,27227.222657364582,20500.229386629795,16351.164762663695,895.307108891637,1147.9815355322855,2025-12-05
PASS,C1,338,144,24,9010.462831845058,9292.70843240777,9.094947017729282e-13,24205.271770372976,0.0,6239.664545438093,30444.93631581107,19421.1869643329,15477.14040060321,1769.3314709521233,2227.0239578291817,2025-12-05
PASS,C2,338,144,24,9011.281867999218,9292.453450926288,9.094947017729282e-13,24431.930225897046,640.2094741696992,2761.5132980462977,27833.65299811304,20472.399679969938,16329.589316141286,824.9395080732536,1184.4981447441394,2025-12-05
PASS,C0,339,144,24,9292.70843240777,9110.656137259659,9.094947017729282e-13,24635.421382115608,0.0,3296.526107914582,27931.94749003019,20314.562070943728,16618.642343097716,1009.7633096227812,570.0836394346157,2025-12-06
PASS,C1,339,144,24,9292.70843240777,9110.722229852254,9.094947017729282e-13,24635.421382115608,0.0,4066.981000247917,28702.402382363525,20109.100339047898,16452.15885692876,1176.2467957917354,775.5453713304439,2025-12-06
PASS,C2,339,144,24,9292.453450926288,9084.897792013177,9.094947017729282e-13,24436.70049376482,266.91734414113205,4033.0255308495016,28736.643368755453,19989.954362931163,16378.663126996036,1166.7203867058324,239.69879967255497,2025-12-06
PASS,C0,340,144,24,9110.656137259659,9150.345222900736,8.419931418757187e-13,61099.00339225594,0.0,3535.2317778813103,64634.235170137246,24328.457227498347,19670.330177196687,801.2451054835295,4057.468822825035,2025-12-07
PASS,C1,340,144,24,9110.722229852254,9150.358040801972,9.094947017729282e-13,61098.97219655223,0.0,5454.420161165683,66553.39235771791,23864.157788088287,19294.295578496763,1177.2797041834528,4521.694826021099,2025-12-07
PASS,C2,340,144,24,9084.897792013177,9150.345222900736,8.419931418757187e-13,58523.71701356759,1342.0494509076668,6293.6310980571425,66159.3975625324,25018.13568637438,20205.78721816444,1393.7963916710169,626.2411090200094,2025-12-07
PASS,C0,341,144,24,9150.345222900736,9668.968304842314,9.094947017729282e-13,65627.02570143384,0.0,399.38350203869663,66026.40920347255,22783.31742965796,17987.72634427552,91.18940457691536,9033.042461951243,2025-12-08
PASS,C1,341,144,24,9150.358040801972,9668.968304842314,9.094947017729282e-13,65627.01965138446,0.0,195.4656450976732,65822.48529648213,22839.065653652917,18032.89394182255,46.021807029887164,8977.279995843803,2025-12-08
PASS,C2,341,144,24,9150.345222900736,9668.954249286759,9.094947017729282e-13,63826.12162908711,1036.5893199544428,46.900458011736866,64909.61140705329,22838.331603584327,18032.300475155884,10.430756601386244,5383.357451239805,2025-12-08
PASS,C0,342,144,24,9668.968304842314,8973.0477284822,9.094947017729282e-13,61405.41980612068,0.0,2146.2269356405263,63551.64674176121,23208.907595702774,19425.54367124336,470.74010572246453,4913.606869115762,2025-12-09
PASS,C1,342,144,24,9668.968304842314,8973.0477284822,9.094947017729282e-13,61405.41980612068,0.0,2232.960222582012,63638.38002870269,23199.647186738905,19418.042739982622,478.2410369831998,4922.8672780796305,2025-12-09
PASS,C2,342,144,24,9668.954249286759,8973.03317909948,9.094947017729282e-13,59288.09069643391,1217.3470372360694,2418.2270371821874,62923.66477085217,23976.549185940567,20047.33380378041,520.2660568838494,1658.3511377244577,2025-12-09
PASS,C0,343,144,24,8973.0477284822,8872.469584941759,8.846257060213247e-13,58481.395913465065,0.0,9948.276679257375,68429.67259272243,23353.96984994349,19007.23590764062,2186.5490414814144,1252.7954321639156,2025-12-10
PASS,C1,343,144,24,8973.0477284822,8872.469584941759,8.846257060213247e-13,58481.395913465065,0.0,10469.349667261633,68950.7455807267,23204.516982085708,18886.17908467582,2307.605864446217,1402.2483000216962,2025-12-10
PASS,C2,343,144,24,8973.03317909948,8872.456421361512,8.846257060213247e-13,59792.81502543084,727.1584886571785,1659.616015584757,62179.589529672776,24648.57720904877,20055.866621293677,425.00649056199586,1319.494624476117,2025-12-10
PASS,C0,344,144,24,8872.469584941759,8941.224024126694,9.094947017729282e-13,60983.655131180596,0.0,402.14065716042376,61385.79578834102,23815.8985140548,19228.99880111794,101.96122709944461,4898.130270967838,2025-12-11
PASS,C1,344,144,24,8872.469584941759,8941.224024126694,9.094947017729282e-13,60983.655131180596,0.0,506.5123617161751,61490.16749289678,23789.477772565835,19207.59800051188,123.36202770550395,4924.551012456801,2025-12-11
PASS,C2,344,144,24,8872.456421361512,8941.208039558793,9.094947017729282e-13,58783.344888818814,1101.8258193155523,1745.0384546673308,61630.2091628017,24090.58015731617,19451.49347104854,416.2804125417318,2028.0083871668087,2025-12-11
PASS,C0,345,144,24,8941.224024126694,8760.937125601518,9.094947017729282e-13,24570.604673176924,0.0,3404.278318312255,27974.88299148918,20494.305055607227,16762.64530371451,1060.8917285163404,936.864135933896,2025-12-12
PASS,C1,345,144,24,8941.224024126694,8761.158607083002,9.094947017729282e-13,24570.604673176924,0.0,9873.702243387987,34444.30691656491,18385.617156129083,15054.408771803879,2769.128260426972,3045.5520354120404,2025-12-12
PASS,C2,345,144,24,8941.208039558793,8761.158607083002,9.094947017729282e-13,25472.013934750994,1020.1488295031612,1760.4311937483626,28252.59395800252,20150.02014288808,16483.560804967554,638.1528035740038,1790.5341805241114,2025-12-12
PASS,C0,346,144,24,8760.937125601518,9013.502260406345,8.713030297258229e-13,25438.257309750177,0.0,3191.708337016309,28629.965646766486,20112.50254650214,16063.818441342388,809.1839366151348,2073.415430523823,2025-12-13
PASS,C1,346,144,24,8761.158607083002,9013.727723369308,9.094947017729282e-13,25438.152770490917,0.0,3457.6630929462663,28895.815863437183,20047.55424150637,16011.206730962487,861.7956469950361,2138.1176449846093,2025-12-13
PASS,C2,346,144,24,8761.158607083002,9013.727723369308,8.713030297258229e-13,25436.267559963206,532.3954072199431,2075.677005130814,28044.339972313963,20498.50249764999,16376.474818438819,513.6377812388504,1493.1987759369467,2025-12-13
PASS,C0,347,144,24,9013.502260406345,8959.376677633307,9.094947017729282e-13,57154.82790259413,0.0,18461.19982422109,75616.02772681521,23284.246505944117,18908.95269431046,3904.152322668913,1016.6287355469751,2025-12-14
PASS,C1,347,144,24,9013.727723369308,8971.063091691663,9.094947017729282e-13,57154.72148407561,0.0,19325.94333569661,76480.66481977222,22979.614641757955,18651.886028333818,4161.218988645557,1321.0100853298447,2025-12-14
PASS,C2,347,144,24,9013.727723369308,8971.04986946944,9.094947017729282e-13,60118.43872203854,1482.1704358714621,4448.262848955207,66048.8720068652,24884.504029350515,20194.858332283795,908.4333457811118,1921.411682146514,2025-12-14
PASS,C0,348,144,24,8959.376677633307,9070.788021458067,8.65085780787922e-13,60929.49136472639,0.0,7734.599863724235,68664.09122845062,23394.737003117956,18849.46676308326,1646.9205099550397,3043.0160023839626,2025-12-15
PASS,C1,348,144,24,8971.063091691663,9070.788021458067,8.65085780787922e-13,60923.975377290844,0.0,10457.323409295144,71381.29878658599,22702.874751184063,18299.57611166932,2196.811161368975,3721.893349808572,2025-12-15
PASS,C2,348,144,24,8971.04986946944,9070.773959729673,8.65085780787922e-13,63496.03536262608,1402.651011245039,315.8376207942622,65214.523994665375,23502.84745337215,18947.554755997233,66.84945087864503,4783.896424188369,2025-12-15
PASS,C0,349,144,24,9070.788021458067,8888.58928200888,9.094947017729282e-13,63871.01105500253,0.0,147.19143470154717,64018.20248970407,23373.1789775749,19096.25383733994,37.86239395041105,5283.916828668116,2025-12-16
PASS,C1,349,144,24,9070.788021458067,8888.58928200888,9.094947017729282e-13,63871.01105500253,0.0,201.2457036954917,64072.256758698015,23359.495634244035,19085.17032924194,48.945902048410744,5297.60017199898,2025-12-16
PASS,C2,349,144,24,9070.773959729673,8888.575553613815,9.094947017729282e-13,62483.593714036004,743.7024360969949,201.55328289549175,63428.84943302849,23712.45933973944,19371.07063069322,48.99532427063298,3445.6932666808566,2025-12-16
PASS,C0,350,144,24,8888.58928200888,8838.416494012252,9.094947017729282e-13,63055.1433225512,0.0,1067.6035228380767,64122.74684538927,23068.324130583245,18730.498054969397,234.03435088646796,6304.764459220906,2025-12-17
PASS,C1,350,144,24,8888.58928200888,8838.416494012252,9.094947017729282e-13,63055.1433225512,0.0,1283.3939504130803,64338.53727296428,23014.487947455673,18686.89074663606,277.641659219802,6358.60064234848,2025-12-17
PASS,C2,350,144,24,8888.575553613815,8838.402296481388,9.094947017729282e-13,60318.4506730388,1405.3549810599327,1275.5647199850239,62999.37037408376,24239.154455959688,19678.871040746533,274.6453364182523,2456.00282197197,2025-12-17
PASS,C0,351,144,24,8838.416494012252,8913.90864777373,8.881784197001252e-13,60554.21555738329,0.0,2922.0168831191772,63476.23244050248,24083.343164044185,19439.56502449047,667.7212786434924,2963.913499135466,2025-12-18
PASS,C1,351,144,24,8838.416494012252,8913.90864777373,8.881784197001252e-13,60554.21555738329,0.0,2719.8886978651544,63274.10425524845,24123.754794993536,19472.298445559445,634.9878575745183,2923.5018681861166,2025-12-18
PASS,C2,351,144,24,8838.402296481388,8913.895366909532,8.881784197001252e-13,61098.33322056866,340.74766806659386,683.8655906808127,62122.946479316066,24317.080787780244,19628.891674716673,192.74292562452604,3158.987598211675,2025-12-18
PASS,C0,352,144,24,8913.90864777373,8643.719099202246,8.8662410746565e-13,25234.802335631226,0.0,1399.5441185892107,26634.346454220435,19572.64316356317,16097.011556200507,332.00308529078166,1630.1125182764852,2025-12-19
PASS,C1,352,144,24,8913.90864777373,8643.719099202246,8.8662410746565e-13,25234.802335631226,0.0,10381.795148330159,35616.597483961385,16865.759293536827,13904.435621479171,2524.5790200121182,4336.996388302826,2025-12-19
PASS,C2,352,144,24,8913.895366909532,8643.719099202246,8.8662410746565e-13,25351.0617586999,1090.5218531093008,1538.5956746192446,27980.179286428447,19517.442131001826,16052.286767048043,364.0376748537575,1792.7766448797358,2025-12-19
PASS,C0,353,144,24,8643.719099202246,8841.311529559178,9.094947017729282e-13,26706.31321626734,0.0,253.76251079519088,26960.07572706253,20207.116295640117,16189.931012147254,52.628206347623006,3943.9299541885853,2025-12-20
PASS,C1,353,144,24,8643.719099202246,8841.311529559178,9.094947017729282e-13,26706.31321626734,0.0,324.60183175349016,27030.91504802083,20190.557395850035,16176.518303317289,66.04091517758799,3960.488853978666,2025-12-20
PASS,C2,353,144,24,8643.719099202246,8841.311529559178,9.094947017729282e-13,25455.43771668168,625.4377497928292,496.9028505041124,26577.778316978623,20429.88322449824,16370.372224522334,107.42688406642004,1723.6077241202172,2025-12-20
PASS,C0,354,144,24,8841.311529559178,8987.55160953335,9.094947017729282e-13,61478.29642439386,0.0,1946.2467247804416,63424.54314917431,24282.770029962165,19537.427652292597,425.9190337670981,3131.6242213578957,2025-12-21
PASS,C1,354,144,24,8841.311529559178,8987.56535027409,9.094947017729282e-13,61478.29642439386,0.0,2033.0533336509031,63511.349758044766,24256.00499214628,19515.735604995065,447.6110810646285,3158.389259173778,2025-12-21
PASS,C2,354,144,24,8841.311529559178,8987.55160953335,8.029132914089132e-13,62019.89033019592,811.9702640359335,1604.0529193927644,64435.91351362462,24474.001845761548,19692.325423090097,341.3229426773328,3717.1687300817666,2025-12-21
PASS,C0,355,144,24,8987.55160953335,8599.408429889085,9.094947017729282e-13,59717.14830380951,0.0,4889.326759309432,64606.47506311894,23763.349490644578,19597.64194910195,1042.028652948088,1243.2395020581075,2025-12-22
PASS,C1,355,144,24,8987.56535027409,8599.408429889085,9.094947017729282e-13,59717.14181817988,0.0,5139.5266711529375,64856.66848933281,23688.980759265978,19537.415643351953,1102.254958698089,1317.5929659469978,2025-12-22
PASS,C2,355,144,24,8987.55160953335,8599.395250876738,9.094947017729282e-13,60268.43751040025,284.4419544559235,2347.4441267185916,62900.32359157476,24280.594286919804,20016.622095196,484.60913989351707,1615.3118540993346,2025-12-22
PASS,C0,356,144,24,8599.408429889085,8728.23855658006,9.094947017729282e-13,61316.74290148742,0.0,2328.221484801644,63644.964386289066,23714.023155422874,19092.41164187065,513.305769788651,4615.845516177481,2025-12-23
PASS,C1,356,144,24,8599.408429889085,8728.23855658006,9.094947017729282e-13,61316.74290148742,0.0,1589.2094659744535,62905.952367461876,23910.4267648013,19251.498565467176,354.2188461921254,4419.441906799055,2025-12-23
PASS,C2,356,144,24,8599.395250876738,8728.22540225907,9.094947017729282e-13,59485.77077319568,946.0704133363922,2129.620341040177,62561.46152757225,24709.50967886387,19898.755703635634,476.3404409915339,1930.8095394489567,2025-12-23
PASS,C0,357,144,24,8728.23855658006,8664.987385162254,9.094947017729282e-13,60399.73072598408,0.0,2429.5314927201175,62829.2622187042,24250.708100549065,19699.99961572077,480.97065269369955,2469.6776566413873,2025-12-24
PASS,C1,357,144,24,8728.23855658006,8664.987385162254,9.094947017729282e-13,60399.73072598408,0.0,2168.909749392696,62568.64047537678,24327.201516186924,19761.95928238744,419.01098602703274,2393.184241003528,2025-12-24
PASS,C2,357,144,24,8728.22540225907,8664.987385162254,9.094947017729282e-13,59665.63207967894,519.8488834153767,2805.494881139564,62990.97584423388,24515.160857252617,19914.194509761757,576.1696074529385,1629.0829202769237,2025-12-24
PASS,C0,358,144,24,8664.987385162254,8578.569835835879,8.988365607365267e-13,57501.00051437926,0.0,12526.631823425285,70027.63233780455,23408.958752750306,19039.032384121478,2714.9389482135243,1222.1265848636035,2025-12-25
PASS,C1,358,144,24,8664.987385162254,8586.5893785581,8.100187187665142e-13,57501.00051437926,0.0,13393.22244238748,70894.22295676674,23174.39806589576,18841.8206393193,2912.1506930157007,1456.6872717181482,2025-12-25
PASS,C2,358,144,24,8664.987385162254,8586.574181027236,9.094947017729282e-13,59496.94124212574,998.3287640521291,3583.5910303685587,64078.86103654643,24789.58026035916,20150.13189461243,811.1367630906678,1979.4347782295242,2025-12-25
PASS,C0,359,144,24,8578.569835835879,8796.733493332187,9.094947017729282e-13,24409.15885676433,0.0,2843.74432319467,27252.903179958997,20920.54050762941,16749.290519433143,732.0195821387651,211.07285105836957,2025-12-26
PASS,C1,359,144,24,8586.5893785581,8810.744667449082,9.094947017729282e-13,24405.37363259944,0.0,4259.975906362346,28665.349538961786,20338.30696791191,16272.288884006763,1209.0212175651475,784.3957877511791,2025-12-26
PASS,C2,359,144,24,8586.574181027236,8810.744667449082,9.094947017729282e-13,24884.587946945045,284.1420944480429,1580.4980611739622,26749.228102567053,20436.65996136682,16351.94113092746,479.9607380401427,675.0165617044488,2025-12-26
PASS,C0,360,144,24,8796.733493332187,8802.103798217431,9.094947017729282e-13,24776.32749352867,0.0,3209.549159940333,27985.876653469004,20683.449591730958,16748.760894905354,681.9023905078282,1418.8256394141356,2025-12-27
PASS,C1,360,144,24,8810.744667449082,8802.186520439656,9.094947017729282e-13,24769.714219345497,0.0,2025.790560286257,26795.504779631752,20954.657358047356,16980.97479232684,449.6884930863407,1132.0499018567436,2025-12-27
PASS,C2,360,144,24,8810.744667449082,8802.186520439653,9.094947017729282e-13,25131.12933477013,200.8933251546655,1691.5078350813812,27023.530495006173,20630.628366726327,16718.51130935681,355.791526290224,1619.5847361515405,2025-12-27
PASS,C0,361,144,24,8802.103798217431,9008.96661907042,9.094947017729282e-13,59536.76403106791,0.0,2742.0584194284293,62278.822450496344,24047.081076699284,19291.959133358723,574.7440785881057,2479.476002664772,2025-12-28
PASS,C1,361,144,24,8802.186520439656,9008.96661907042,9.094947017729282e-13,59536.72498617902,0.0,2775.5463238509833,62312.27131003,24043.61622717199,19289.227055241623,577.4761567052082,2482.848938611813,2025-12-28
PASS,C2,361,144,24,8802.186520439653,9008.96661907042,9.094947017729282e-13,59236.78484327768,375.4990529021381,2817.5626756301876,62429.846571810005,23924.774593850725,19192.96533225139,587.1679996829398,2094.2132943701845,2025-12-28
PASS,C0,362,144,24,9008.96661907042,8647.623531787618,9.094947017729282e-13,58250.643108649405,0.0,5891.050582755377,64141.693691404784,23908.072172984146,19690.74723867168,1286.0515070918436,1549.2399549711652,2025-12-29
PASS,C1,362,144,24,9008.96661907042,8647.623531787618,9.094947017729282e-13,58250.643108649405,0.0,7326.415214349132,65577.05832299854,23519.79200859238,19376.240305514348,1600.558440249176,1937.520119362934,2025-12-29
PASS,C2,362,144,24,9008.96661907042,8647.610602775272,9.094947017729282e-13,59965.57814727599,857.7724214963486,1391.1899613333435,62214.54053010568,24047.91789663321,19804.03391093853,322.1018827791182,3054.0871037954716,2025-12-29
PASS,C0,363,144,24,8647.623531787618,8622.998884496757,9.094947017729282e-13,58216.058992026716,0.0,5863.754999755083,64079.8139917818,24301.305614362092,19706.21973019507,1277.6281746773116,2207.4725133507345,2025-12-30
PASS,C1,363,144,24,8647.623531787618,8623.192122737497,9.094947017729282e-13,58216.058992026716,0.0,5762.256425445271,63978.31541747199,24308.583515311617,19711.940915547515,1271.9069893248636,2200.194612401212,2025-12-30
PASS,C2,363,144,24,8647.610602775272,8622.998884496757,9.094947017729282e-13,57719.782948008164,649.4054249045915,4855.572943583341,63224.76131649609,24168.150441625472,19598.35240416729,1097.3981809730499,1237.0055400710626,2025-12-30
PASS,C0,364,144,24,8622.998884496757,1350.0557977523713,9.094947017729282e-13,56203.74180771709,0.0,5935.354476141471,62139.09628385856,16603.456489179447,19994.448534305302,1347.842057340237,2037.5050665903573,2025-12-31
PASS,C1,364,144,24,8623.192122737497,1350.0557977523713,9.094947017729282e-13,56203.650599267465,0.0,5356.050688220441,61559.7012874879,16742.60243960957,20107.330668570365,1234.959923075174,1898.1444070038579,2025-12-31
PASS,C2,364,144,24,8622.998884496757,1350.0557977523713,9.094947017729282e-13,56265.837273655445,374.4831257438984,4064.546701789484,60704.86710118882,16836.30107602091,20183.052649646885,939.6691445144247,1366.4301729043793,2025-12-31
