branch,date,segments,initial_energy_kwh,final_energy_kwh,normal_yuan,adjustment_yuan,emergency_yuan,total_yuan,q0_kwh,a_final_kwh,charge_kwh,discharge_kwh,emergency_kwh,unused_kwh,adjust_up_kwh,adjust_down_kwh,adjust_abs_kwh
Q42/M0_P1,2025-01-01,144,6000,6000,0,0,432888.799843008,432888.799843008,0,0,0,0,92035.1700166667,0,0,0,0
Q42/M0_P1,2025-01-02,144,6000,4710.6943124074,86423.9077016733,0,0,86423.9077016733,92035.1700166667,92035.1700166667,1633.18878333333,2483.25803333333,0,0,0,0,0
Q42/M0_P1,2025-01-03,144,4710.6943124074,10800,70194.2236261767,0,0,70194.2236261767,92460.2046416667,92460.2046416667,6765.89520843622,0,0,40189.3680665638,0,0,0
Q42/M0_P1,2025-01-04,144,10800,10713.1395061728,56988.3549234672,0,0,56988.3549234672,76808.4502166667,76808.4502166667,0,78.1744444444445,0,32121.0222944444,0,0,0
Q42/M0_P1,2025-01-05,144,10713.1395061728,1200,63100.9199660037,0,71714.7805642049,134815.700530209,69186.5846166667,69186.5846166667,0,8561.82555555555,13287.3001277778,0,0,0,0
Q42/M0_P1,2025-01-06,144,1200,1200,67802.136494766,0,91001.8500046617,158803.986499428,73420.02987,73420.02987,0,0,17212.45123,0,0,0,0
Q42/M0_P1,2025-01-07,144,1200,1200,69866.9209812197,0,85093.9065809181,154960.827562138,76212.3145166667,76212.3145166667,0,0,16354.5864333333,0,0,0,0
Q42/M0_P1,2025-01-08,144,1200,1200,72473.3577658288,0,58585.7860535951,131059.143819424,78489.435052381,78489.435052381,51.3445833333333,41.5891125000001,11046.321735119,0,0,0,0
Q42/M0_P1,2025-01-09,144,1200,1302.86344714286,72171.9098547264,0,67277.4814793429,139449.391334069,78154.3408309524,78154.3408309524,132.77330952381,14.9692782857145,13055.0193169524,0,0,0,0
Q42/M0_P1,2025-01-10,144,1302.86344714286,10800,57612.8304302079,0,0,57612.8304302079,77932.3540785714,77932.3540785714,10552.373947619,0,0,21889.3134142857,0,0,0
Q42/M0_P1,2025-01-11,144,10800,10733.3105820106,58321.7472164745,0,0,58321.7472164745,77889.6634714286,77889.6634714286,0,60.0204761904763,0,33083.7973309524,0,0,0
Q42/M0_P1,2025-01-12,144,10733.3105820106,1200,72341.0337572093,0,24000.244615575,96341.2783727843,77887.0290166667,77887.0290166667,4.2564285714285,8583.42723095239,4399.68858095238,0,0,0,0
Q42/M0_P1,2025-01-13,144,1200,1200,71641.0132039324,0,52174.1551097155,123815.168313648,77862.7687452381,77862.7687452381,11.8376190476189,9.58847142857137,10413.4373690476,0,0,0,0
Q42/M0_P1,2025-01-14,144,1200,1200,71547.2618426421,0,60123.4622561946,131670.724098837,77525.8367261905,77525.8367261905,7.07416666666671,5.73007499999992,11755.8202988095,0,0,0,0
Q42/M0_P1,2025-01-15,144,1200,1200,71307.4231522405,0,68698.2346262256,140005.657778466,77108.8427619048,77108.8427619048,26.8623928571428,21.7585382142855,12966.6040260714,0,0,0,0
Q42/M0_P1,2025-01-16,144,1200,1293.82521428571,71027.3789956817,0,62702.7011399518,133730.080135633,77164.6689642857,77164.6689642857,120.54325952381,13.1973473571428,12016.828397881,0,0,0,0
Q42/M0_P1,2025-01-17,144,1293.82521428571,10800,56674.3302740548,0,0,56674.3302740548,76931.7210190476,76931.7210190476,10562.4164285714,0,0,23680.1911238095,0,0,0
Q42/M0_P1,2025-01-18,144,10800,10702.7267195767,56256.2838101329,0,0,56256.2838101329,76583.3699,76583.3699,0,87.5459523809524,0,33428.4068357143,0,0,0
Q42/M0_P1,2025-01-19,144,10702.7267195767,1200,70045.5861944733,0,21144.5220465458,91190.1082410191,76353.4446166667,76353.4446166667,19.0979214285715,8567.92336397619,3780.86940745239,0,0,0,0
Q42/M0_P1,2025-01-20,144,1200,1200,69804.3862685374,0,62758.0842103024,132562.47047884,76121.0649309524,76121.0649309524,10.6061904761905,8.59101428571437,11948.0267952381,0,0,0,0
Q42/M0_P1,2025-01-21,144,1200,1200,69147.4752098352,0,37439.8624792154,106587.337689051,76094.7079333333,76094.7079333333,1139.57118809524,923.052662357143,7597.7152757381,0,0,0,0
Q42/M0_P1,2025-01-22,144,1200,1200,69141.5870714136,0,70131.1204945072,139272.707565921,75385.6655880952,75385.6655880952,1.08285714285716,0.877114285714242,13513.3045214286,0,0,0,0
Q42/M0_P1,2025-01-23,144,1200,1308.46970357143,69033.4617541836,0,74215.1346118532,143248.596366037,75221.7749976191,75221.7749976191,143.246738095238,18.4071246428572,14468.9902158333,0,0,0,0
Q42/M0_P1,2025-01-24,144,1308.46970357143,10800,54694.4952474583,0,0,54694.4952474583,75202.5788452381,75202.5788452381,10546.1447738095,0,0,24827.0209214286,0,0,0
Q42/M0_P1,2025-01-25,144,10800,10789.2923280423,54548.1297287121,0,0,54548.1297287121,74937.9405214286,74937.9405214286,0,9.6369047619047,0,36508.0019595238,0,0,0
Q42/M0_P1,2025-01-26,144,10789.2923280423,1200,67930.2259883517,0,24858.565027144,92788.7910154957,74450.6763666667,74450.6763666667,15.3892857142857,8642.82841666667,4620.87453571428,0,0,0,0
Q42/M0_P1,2025-01-27,144,1200,1200,67136.3706425233,0,49774.2529493966,116910.62359192,74213.407802381,74213.407802381,205.527735714286,166.477465928572,10020.5592507381,0,0,0,0
Q42/M0_P1,2025-01-28,144,1200,1200,66201.1466497557,0,67689.507788957,133890.654438713,73724.789897619,73724.789897619,30.6625857142856,24.8366944285713,13261.4353603333,0,0,0,0
Q42/M0_P1,2025-01-29,144,1200,1200,65906.8803495605,0,36522.3833397621,102429.263689323,73968.9248095238,73968.9248095238,327.973197619047,265.658290071429,7478.59114802381,0,0,0,0
Q42/M0_P1,2025-01-30,144,1200,1293.83907642857,65885.2648054469,0,57544.6833271645,123429.948132611,73039.3376309524,73039.3376309524,364.980028571428,211.178654357143,10857.0465265952,0,0,0,0
Q42/M0_P1,2025-01-31,144,1293.83907642857,10800,52295.1882423752,0,0,52295.1882423752,72516.0167738095,72516.0167738095,10562.4010261905,0,0,23189.2926976191,0,0,0
Q42/M0_P1,2025-02-01,144,10800,2660.29581889862,16939.0678280437,0,0,16939.0678280437,37878.8601771617,37878.8601771617,11376.4547822996,16540.6621366539,0,8664.89159818274,0,0,0
Q42/M0_P1,2025-02-02,144,2660.29581889862,2617.34334183822,64337.0480247543,0,0,64337.0480247543,91298.6381703022,91298.6381703022,22502.3956592246,18265.5977133263,0,8705.56227440386,0,0,0
Q42/M0_P1,2025-02-03,144,2617.34334183822,1839.80492190732,62612.2776059665,0,0,62612.2776059665,87724.8124940336,87724.8124940336,22225.3607489141,18702.3267845582,0,3984.86202967777,0,0,0
Q42/M0_P1,2025-02-04,144,1839.80492190732,1935.20706094782,63321.0543244349,0,0,63321.0543244349,89200.7614544306,89200.7614544306,24971.6869842551,20141.2045321102,0,3175.41505228566,0,0,0
Q42/M0_P1,2025-02-05,144,1935.20706094782,1845.84823934362,62591.9145562404,0,124.745205202278,62716.6597614427,87831.6759023008,87831.6759023008,23642.1909295466,19230.5975923766,18.0163496825936,2689.67193147999,0,0,0
Q42/M0_P1,2025-02-06,144,1845.84823934362,1722.49293619538,63361.2641930383,0,264.592458952503,63625.8566519908,89046.8656525748,89046.8656525748,23648.7781332107,19266.5300607341,37.0784117165053,4430.638775148,0,0,0
Q42/M0_P1,2025-02-07,144,1722.49293619538,1296.10058484637,17636.8295944284,0,0,17636.8295944284,42435.2002574582,42435.2002574582,21034.2231591825,17421.4738751519,0,7016.77130676095,0,0,0
Q42/M0_P1,2025-02-08,144,1296.10058484637,1247.06138477353,16130.4602374631,0,297.257216077657,16427.7174535408,38943.0207721351,38943.0207721351,21356.0560795734,17342.54070452,60.0470257037677,3412.38970611876,0,0,0
Q42/M0_P1,2025-02-09,144,1247.06138477353,1622.98205175184,60810.1322748325,0,0,60810.1322748325,86566.1420840855,86566.1420840855,23710.2386505322,18866.9647066506,0,2167.45217353724,0,0,0
Q42/M0_P1,2025-02-10,144,1622.98205175184,1655.88894729341,59861.5433045708,0,0,59861.5433045708,87064.8071874056,87064.8071874056,20695.5792626127,16733.8029967288,0,8776.39333818847,0,0,0
Q42/M0_P1,2025-02-11,144,1655.88894729341,1439.47697883701,59208.2392229007,0,135.105521078482,59343.3447439792,85747.6596943856,85747.6596943856,22464.8120091736,18391.2684990413,26.1421688821252,6479.66121980218,0,0,0
Q42/M0_P1,2025-02-12,144,1439.47697883701,1336.7758875212,56609.1762634512,0,891.715193162679,57500.8914566138,83503.9574886519,83503.9574886519,25261.0742877889,20553.9011552932,143.664889844114,3673.71311266699,0,0,0
Q42/M0_P1,2025-02-13,144,1336.7758875212,1776.79109547243,56887.7076939494,0,0,56887.7076939494,83827.3041553135,83827.3041553135,21874.5559169145,17322.3766055446,0,7945.64582727697,0,0,0
Q42/M0_P1,2025-02-14,144,1776.79109547243,1200,14684.074304137,0,656.431125562185,15340.5054296992,35328.3911129379,35328.3911129379,20872.176305046,17425.5747930124,224.800203253455,2304.78798749109,0,0,0
Q42/M0_P1,2025-02-15,144,1200,1200,15147.7442484773,0,2011.88143499622,17159.6256834735,35302.3009138809,35302.3009138809,19911.6544779801,16128.4401271639,547.810990895616,2786.80645396029,0,0,0
Q42/M0_P1,2025-02-16,144,1200,1520.83236384385,54021.8437323377,0,4725.45383467821,58747.2975670159,80065.782637259,80065.782637259,24249.1220228291,19353.0397110321,893.218922620197,685.540148082242,0,0,0
Q42/M0_P1,2025-02-17,144,1520.83236384385,1505.22260417447,54920.9170283972,0,0,54920.9170283972,81131.6312837501,81131.6312837501,20928.3148720567,16965.9838300684,0,5985.43707509514,0,0,0
Q42/M0_P1,2025-02-18,144,1505.22260417447,1735.54656359214,53269.622860373,0,29.5834344361733,53299.2062948091,79651.4994939222,79651.4994939222,22154.4422845648,17737.8066870216,5.80522653771061,3149.28133958333,0,0,0
Q42/M0_P1,2025-02-19,144,1735.54656359214,1345.90555888884,52662.8338053542,0,453.038722099137,53115.8725274533,79158.0190055039,79158.0190055039,23435.4563618842,19333.3965573592,83.9601900430864,2260.59200768863,0,0,0
Q42/M0_P1,2025-02-20,144,1345.90555888884,1796.92557184724,53394.002526562,0,131.495216942362,53525.4977435044,79754.9790865299,79754.9790865299,24184.5655720941,19183.5801017337,23.4373437202321,3784.29722655634,0,0,0
Q42/M0_P1,2025-02-21,144,1796.92557184724,1645.16846568351,14961.5434464399,0,0,14961.5434464399,35032.6617230231,35032.6617230231,20011.1413136378,16345.605859594,0,5806.86423564591,0,0,0
Q42/M0_P1,2025-02-22,144,1645.16846568351,1821.79752263552,15275.6301980961,0,0,15275.6301980961,35464.3006609205,35464.3006609205,19648.0442352,15755.9496792552,0,3727.44322164236,0,0,0
Q42/M0_P1,2025-02-23,144,1821.79752263552,1960.20371120008,52976.2520377248,0,47.5316035775836,53023.7836413024,79697.3968306253,79697.3968306253,24263.2243700871,19528.6461700625,9.1937337674243,3440.15868103472,0,0,0
Q42/M0_P1,2025-02-24,144,1960.20371120008,1800.24506887334,51300.5206797396,0,129.036982197611,51429.5576619372,77260.125765867,77260.125765867,21711.2440366938,17730.0704478161,25.2543266851181,5101.17288700764,0,0,0
Q42/M0_P1,2025-02-25,144,1800.24506887334,1852.83399423858,50413.8843661022,0,105.376825553361,50519.2611916555,77076.4179716017,77076.4179716017,20018.8874389513,16167.9687927219,20.5332863510056,7424.70937838994,0,0,0
Q42/M0_P1,2025-02-26,144,1852.83399423858,2027.49047015129,50089.9060295116,0,0,50089.9060295116,76210.545260827,76210.545260827,24040.1817529964,19315.3563916056,0,2670.87186610294,0,0,0
Q42/M0_P1,2025-02-27,144,2027.49047015129,2058.73122609861,47751.5824308809,0,3607.29127313142,51358.8737040124,74863.1489489989,74863.1489489989,23634.2979543461,19115.6646626677,677.701887831274,4065.63334515179,0,0,0
Q42/M0_P1,2025-02-28,144,2058.73122609861,1957.26420164545,14547.3412345927,0,0,14547.3412345927,34536.3088912684,34536.3088912684,18329.6322691742,14938.322460039,0,7852.4055321332,0,0,0
Q42/M0_P1,2025-03-01,144,1957.26420164545,2276.22266218744,14849.2337677553,0,0,14849.2337677553,35261.9787927624,35261.9787927624,17565.4035909834,13940.9142942088,0,7978.7235626544,0,0,0
Q42/M0_P1,2025-03-02,144,2276.22266218744,1864.98400919656,51813.8505877141,0,5983.97580673224,57797.8263944463,77946.6751279654,77946.6751279654,21001.160085033,17381.0544565686,952.56096911138,2920.82340194562,0,0,0
Q42/M0_P1,2025-03-03,144,1864.98400919656,1479.23752922843,50369.646848285,0,6019.77040871794,56389.4172570029,76654.1555739944,76654.1555739944,23860.1837970696,19673.9207075977,1043.44663048654,1494.19248167567,0,0,0
Q42/M0_P1,2025-03-04,144,1479.23752922843,1895.74430388328,52197.9546081108,0,0,52197.9546081108,79021.3462031217,79021.3462031217,20569.2375425984,16286.2263123154,0,5538.8770395053,0,0,0
Q42/M0_P1,2025-03-05,144,1895.74430388328,2010.50230242231,50623.5503647506,0,0,50623.5503647506,78576.9406112375,78576.9406112375,20854.2240201533,16788.639257639,0,8380.88383205659,0,0,0
Q42/M0_P1,2025-03-06,144,2010.50230242231,1359.3277742793,47517.8691387571,0,0,47517.8691387571,73849.1915476943,73849.1915476943,20482.8009805824,17177.1258696004,0,4602.86230337904,0,0,0
Q42/M0_P1,2025-03-07,144,1359.3277742793,1651.05610094151,13558.402348632,0,0,13558.402348632,32744.7928859753,32744.7928859753,16824.5026371051,13365.2916420591,0,8363.29635759601,0,0,0
Q42/M0_P1,2025-03-08,144,1651.05610094151,1478.76479294627,12964.5174714298,0,628.434409423993,13592.9518808538,31485.3407478614,31485.3407478614,18878.6550566042,15446.7727730451,200.096274487803,9190.41522212341,0,0,0
Q42/M0_P1,2025-03-09,144,1478.76479294627,2024.80363080441,46865.9417603924,0,0,46865.9417603924,74645.9991063765,74645.9991063765,23642.6021190569,18659.0727623638,0,6328.94469968334,0,0,0
Q42/M0_P1,2025-03-10,144,2024.80363080441,1494.32611293276,46719.122697206,0,2354.13385942582,49073.2565566318,71561.8361319331,71561.8361319331,21996.4678024932,18294.568686104,366.060310904341,183.925876448223,0,0,0
Q42/M0_P1,2025-03-11,144,1494.32611293276,2157.92599537068,47675.3105840256,0,0,47675.3105840256,74792.6842313096,74792.6842313096,21589.0129291903,16889.86057845,0,6154.61308056932,0,0,0
Q42/M0_P1,2025-03-12,144,2157.92599537068,1551.6087826854,45467.8157220985,0,0,45467.8157220985,71957.6409499004,71957.6409499004,20758.803083862,17360.315989345,0,6123.61917205007,0,0,0
Q42/M0_P1,2025-03-13,144,1551.6087826854,1472.55103874036,45519.6167368522,0,7814.41080031573,53334.0275371679,70909.5664889432,70909.5664889432,21647.6921894098,17605.7826429724,1296.77859344666,618.817519285918,0,0,0
Q42/M0_P1,2025-03-14,144,1472.55103874036,1942.79220351433,12877.7524498028,0,0,12877.7524498028,31570.6196091554,31570.6196091554,17812.0163034544,14004.5161575015,0,11733.6934798692,0,0,0
Q42/M0_P1,2025-03-15,144,1942.79220351433,1332.6022647185,12787.3837748539,0,1431.65718553815,14219.0409603921,30632.9072323605,30632.9072323605,17963.9871669481,15100.0005501442,461.535289010172,7306.33075456678,0,0,0
Q42/M0_P1,2025-03-16,144,1332.6022647185,2363.69494742494,45971.071547585,0,8.08109999999993,45979.152647585,73174.061498377,73174.061498377,22208.4676947376,17060.8754183016,1.63999999999999,4677.06228860774,0,0,0
Q42/M0_P1,2025-03-17,144,2363.69494742494,2260.6229375179,44518.804310836,0,0,44518.804310836,72283.6022631163,72283.6022631163,19491.62656323,15880.9823251326,0,10814.8265916856,0,0,0
Q42/M0_P1,2025-03-18,144,2260.6229375179,1666.58805247989,42090.4217008186,0,3470.76613182869,45561.1878326473,68019.1507930818,68019.1507930818,21832.1917335241,18218.7067006887,663.430019736414,3943.13741331621,0,0,0
Q42/M0_P1,2025-03-19,144,1666.58805247989,2284.1630424218,42077.6145930902,0,1732.67877127386,43810.2933643641,68590.0022011064,68590.0022011064,22783.5829416964,17898.8846918263,341.620186084723,4581.45368732108,0,0,0
Q42/M0_P1,2025-03-20,144,2284.1630424218,1815.77819458915,42281.3654286081,0,0,42281.3654286081,67453.059184321,67453.059184321,22085.2412214467,18310.5917524212,0,1469.4478986288,0,0,0
Q42/M0_P1,2025-03-21,144,1815.77819458915,1506.14867627245,12293.5294083922,0,592.578600898769,12886.108009291,30087.1727682141,30087.1727682141,18372.2395035886,15160.1805643918,204.778431295243,15046.4277436459,0,0,0
Q42/M0_P1,2025-03-22,144,1506.14867627245,2122.57384404223,12569.9396082481,0,0,12569.9396082481,30952.7401817665,30952.7401817665,17136.412239181,13325.7112627438,0,11260.8394719959,0,0,0
Q42/M0_P1,2025-03-23,144,2122.57384404223,2071.21871046126,41603.349983277,0,0,41603.349983277,68031.5535000028,68031.5535000028,21567.9463349847,17516.2561515605,0,5210.14319991185,0,0,0
Q42/M0_P1,2025-03-24,144,2071.21871046126,2122.07694231286,40832.4284447025,0,0,40832.4284447025,66408.8132535056,66408.8132535056,21066.2639909709,17017.90142402,0,4361.95360322136,0,0,0
Q42/M0_P1,2025-03-25,144,2122.07694231286,1653.11417028604,40745.7652024956,0,0,40745.7652024956,66166.5294868349,66166.5294868349,21128.3228454232,17536.0079996169,0,1624.08992436191,0,0,0
Q42/M0_P1,2025-03-26,144,1653.11417028604,2047.74988076671,40409.4336406336,0,0,40409.4336406336,66691.1789649277,66691.1789649277,21287.0746054459,16887.3582909786,0,6698.90778379369,0,0,0
Q42/M0_P1,2025-03-27,144,2047.74988076671,1936.64701458219,40567.9039046787,0,0,40567.9039046787,66602.7032488319,66602.7032488319,21259.1959907197,17319.941332049,0,3946.45919016126,0,0,0
Q42/M0_P1,2025-03-28,144,1936.64701458219,1893.38895551226,12104.3912949542,0,0,12104.3912949542,29858.5947652069,29858.5947652069,17490.7288894191,14206.4226535924,0,15752.4077627135,0,0,0
Q42/M0_P1,2025-03-29,144,1893.38895551226,2143.27524529821,12325.9207822114,0,0,12325.9207822114,30600.5907803137,30600.5907803137,18051.9211513137,14397.1584717568,0,19238.6189174234,0,0,0
Q42/M0_P1,2025-03-30,144,2143.27524529821,2133.49473215043,38028.3023926079,0,0,38028.3023926079,63486.1855991926,63486.1855991926,21169.6926709859,17156.2535253316,0,4127.12675353829,0,0,0
Q42/M0_P1,2025-03-31,144,2133.49473215043,1685.28105966213,37945.4293114888,0,493.433720494218,38438.863031983,62517.7372429675,62517.7372429675,20621.0912327596,17106.4762037748,73.7624217795378,2125.49515242883,0,0,0
Q42/M0_P1,2025-04-01,144,1685.28105966213,1769.36129456121,39658.3143207083,0,4836.89778690658,44495.2121076149,63477.2318565236,63477.2318565236,19086.9012976078,15384.7178396532,734.338616429458,300.535498331752,0,0,0
Q42/M0_P1,2025-04-02,144,1769.36129456121,1876.91548548205,38937.88759303,0,8526.2078567587,47464.0954497887,63814.1656862863,63814.1656862863,21357.8546320476,17203.0634801298,1588.28962571817,812.328760086674,0,0,0
Q42/M0_P1,2025-04-03,144,1876.91548548205,1988.55703528973,40490.5177865945,0,0,40490.5177865945,66550.9399990033,66550.9399990033,21569.8676906339,17371.1154345865,0,6488.65747628926,0,0,0
Q42/M0_P1,2025-04-04,144,1988.55703528973,2006.28233768864,11705.6673295477,0,0,11705.6673295477,29464.029387748,29464.029387748,17272.0758717462,13974.4286839554,0,19735.5799499573,0,0,0
Q42/M0_P1,2025-04-05,144,2006.28233768864,1859.81141073445,11799.7689794974,0,0,11799.7689794974,29260.9075119627,29260.9075119627,14684.7838115002,12026.4987215739,0,14558.5074387031,0,0,0
Q42/M0_P1,2025-04-06,144,1859.81141073445,2100.79995719335,40023.236068684,0,0,40023.236068684,65865.8209150517,65865.8209150517,20702.6530920785,16552.2593127706,0,7305.35086907709,0,0,0
Q42/M0_P1,2025-04-07,144,2100.79995719335,1860.8734106181,38544.6348005092,0,0,38544.6348005092,64273.0457807814,64273.0457807814,19836.8281412167,16283.7646863033,0,7477.26304253458,0,0,0
Q42/M0_P1,2025-04-08,144,1860.8734106181,1842.80491206875,38933.4927708297,0,0,38933.4927708297,65281.2634429636,65281.2634429636,21716.8674166351,17606.9242561689,0,6818.12666583072,0,0,0
Q42/M0_P1,2025-04-09,144,1842.80491206875,1559.94507862531,38334.9973157246,0,1857.40912553934,40192.4064412639,63734.1816273464,63734.1816273464,20903.6442324374,17186.5256783734,281.431027786668,1164.18308440241,0,0,0
Q42/M0_P1,2025-04-10,144,1559.94507862531,2069.41537222908,38726.9412588093,0,0,38726.9412588093,64689.1341630178,64689.1341630178,21739.001487966,17150.067941009,0,5639.56271606083,0,0,0
Q42/M0_P1,2025-04-11,144,2069.41537222908,1758.03400837695,11362.4970311658,0,0,11362.4970311658,28130.1242423045,28130.1242423045,14084.2850722714,11688.5141360067,0,20417.7031393732,0,0,0
Q42/M0_P1,2025-04-12,144,1758.03400837695,2180.50678539482,11443.9292273674,0,0,11443.9292273674,29256.4654975606,29256.4654975606,14264.4628364199,11173.989398184,0,17140.8315093248,0,0,0
Q42/M0_P1,2025-04-13,144,2180.50678539482,1995.16149097262,37838.5696070775,0,0,37838.5696070775,62474.0180346482,62474.0180346482,20031.4050018548,16392.2488164824,0,4558.50336594244,0,0,0
Q42/M0_P1,2025-04-14,144,1995.16149097262,1724.76612232564,36961.0545260548,0,0,36961.0545260548,62093.2904405796,62093.2904405796,21153.3359924898,17377.557985699,0,5789.4806337888,0,0,0
Q42/M0_P1,2025-04-15,144,1724.76612232564,2140.4603286092,37092.4956869327,0,0,37092.4956869327,63087.581676374,63087.581676374,19699.0302531658,15582.0897194091,0,8831.21230928391,0,0,0
Q42/M0_P1,2025-04-16,144,2140.4603286092,2096.97769597985,37886.4827799084,0,0,37886.4827799084,62524.6640872603,62524.6640872603,20061.1043548996,16288.6288968351,0,2972.59667919584,0,0,0
Q42/M0_P1,2025-04-17,144,2096.97769597985,2195.57491135626,36687.823387153,0,0,36687.823387153,61503.4591689959,61503.4591689959,19767.746816631,15923.1374276324,0,4790.50742999729,0,0,0
Q42/M0_P1,2025-04-18,144,2195.57491135626,2305.30121501393,11113.7045904171,0,0,11113.7045904171,28160.2899699891,28160.2899699891,17098.0805949318,13750.6916086029,0,18458.7838003268,0,0,0
Q42/M0_P1,2025-04-19,144,2305.30121501393,2231.58505519136,11112.0510631702,0,0,11112.0510631702,27905.8689234953,27905.8689234953,16284.9814902866,13257.1795509725,0,18093.3877341812,0,0,0
Q42/M0_P1,2025-04-20,144,2231.58505519136,2221.29483015869,36129.7355049379,0,0,36129.7355049379,60808.1781503043,60808.1781503043,21846.4265504265,17704.8667083749,0,4708.87342491935,0,0,0
Q42/M0_P1,2025-04-21,144,2221.29483015869,1829.31278655877,35500.3956477548,0,0,35500.3956477548,60442.1963883351,60442.1963883351,18792.8959994927,15575.0295988291,0,8707.41960433804,0,0,0
Q42/M0_P1,2025-04-22,144,1829.31278655877,1869.59676804447,35231.027368533,0,0,35231.027368533,58496.0503385987,58496.0503385987,19587.9967536077,15830.0217870851,0,2585.14605540949,0,0,0
Q42/M0_P1,2025-04-23,144,1869.59676804447,2253.05421546679,36871.0348326943,0,0,36871.0348326943,61036.5461847242,61036.5461847242,18742.7730527488,14836.5344700464,0,5730.39088535512,0,0,0
Q42/M0_P1,2025-04-24,144,2253.05421546679,1929.96236381696,35301.8159565421,0,0,35301.8159565421,59192.3993789121,59192.3993789121,18531.3489355785,15301.1753043034,0,8872.11904763703,0,0,0
Q42/M0_P1,2025-04-25,144,1929.96236381696,1652.74555950983,10179.9213245686,0,0,10179.9213245686,26589.5926463553,26589.5926463553,14440.6771925699,11946.4436498581,0,22095.0014536434,0,0,0
Q42/M0_P1,2025-04-26,144,1652.74555950983,1533.18933914959,10346.3520838511,0,0,10346.3520838511,26633.8365388924,26633.8365388924,14711.9174336953,12024.2537196174,0,23875.9791914812,0,0,0
Q42/M0_P1,2025-04-27,144,1533.18933914959,1442.63160352964,32459.2645760814,0,4987.63192058135,37446.8964966627,55054.1290932101,55054.1290932101,19913.4218012987,16211.3736211099,834.206659606435,3612.81638929443,0,0,0
Q42/M0_P1,2025-04-28,144,1442.63160352964,1715.75875831802,34688.8457225549,0,19504.0504482995,54192.8961708545,57357.938762725,57357.938762725,17367.8719494592,13822.1618397524,3088.31472399087,278.576060342369,0,0,0
Q42/M0_P1,2025-04-29,144,1715.75875831802,1891.49340747652,34445.4546504339,0,1519.37170058063,35964.8263510146,59121.238101832,59121.238101832,18280.1198921728,14648.7359284173,229.581701508104,8286.222122918,0,0,0
Q42/M0_P1,2025-04-30,144,1891.49340747652,1975.65077528793,33963.2995149939,0,0,33963.2995149939,57712.0654584384,57712.0654584384,18958.7189563504,15280.8207236135,0,5777.31279236818,0,0,0
Q42/M0_P1,2025-05-01,144,1975.65077528793,1204.10574151816,34501.9730786773,0,11257.9197908572,45759.8928695344,56154.872524297,56154.872524297,19814.9614754169,16744.5093254805,2127.67416802477,4200.71574238536,0,0,0
Q42/M0_P1,2025-05-02,144,1204.10574151816,1200,11048.2127201863,0,9394.10850096143,20442.3212211477,27302.8928952589,27302.8928952589,16063.1772803559,13014.8687644547,2096.4458465689,12060.7101425932,0,0,0
Q42/M0_P1,2025-05-03,144,1200,1200,11429.1832631812,0,4135.59590191847,15564.7791650997,28748.6281839012,28748.6281839012,17155.6178793231,13896.0504822517,946.524457740916,17568.4135945707,0,0,0
Q42/M0_P1,2025-05-04,144,1200,1292.82458511517,37215.993314249,0,4785.59446657076,42001.5877808197,61092.3355058492,61092.3355058492,17269.4129275861,13904.6823447411,864.518558136619,6857.45614780743,0,0,0
Q42/M0_P1,2025-05-05,144,1292.82458511517,1339.07755294403,37679.8911449586,0,2919.13134655636,40599.0224915149,61764.6810275207,61764.6810275207,21225.1023495478,17150.7052320877,435.548681065237,3049.82579112587,0,0,0
Q42/M0_P1,2025-05-06,144,1339.07755294403,1295.81884962914,37946.8658783406,0,3125.1816666058,41072.0475449464,62001.2367993874,62001.2367993874,20742.5742854982,16840.418004237,684.90300814064,5913.90115960011,0,0,0
Q42/M0_P1,2025-05-07,144,1295.81884962914,1376.50366672138,39170.7504682864,0,3654.38686586799,42825.1373341544,63912.7978665122,63912.7978665122,20369.3025196714,16426.5187055508,533.02025464819,5435.18835703979,0,0,0
Q42/M0_P1,2025-05-08,144,1376.50366672138,2716.50931010554,41254.7366902289,0,0,41254.7366902289,65615.538728548,65615.538728548,19670.1358175462,14726.8049331667,0,4845.69544416843,0,0,0
Q42/M0_P1,2025-05-09,144,2716.50931010554,2370.96036473715,12430.0346836659,0,0,12430.0346836659,28802.257200348,28802.257200348,15948.3175867791,13229.1312961226,0,17583.6850596915,0,0,0
Q42/M0_P1,2025-05-10,144,2370.96036473715,1976.35351529774,12815.0526357243,0,0,12815.0526357243,29551.6009057405,29551.6009057405,15834.3101994379,13180.9374260402,0,14777.1828490095,0,0,0
Q42/M0_P1,2025-05-11,144,1976.35351529774,2029.73973075145,39549.4372901951,0,396.627480591665,39946.0647707868,63953.5167497433,63953.5167497433,18416.2263795352,14869.0957735152,59.5162666666664,4981.82332705663,0,0,0
Q42/M0_P1,2025-05-12,144,2029.73973075145,2447.8282336464,40097.2544463669,0,0,40097.2544463669,64609.4038813686,64609.4038813686,16462.2136885538,12958.1134351231,0,9174.10839460459,0,0,0
Q42/M0_P1,2025-05-13,144,2447.8282336464,2371.14206096884,39373.1658814369,0,0,39373.1658814369,63988.8666864613,63988.8666864613,17959.0872431395,14615.8782223528,0,7516.4448990079,0,0,0
Q42/M0_P1,2025-05-14,144,2371.14206096884,2238.82493567431,39320.9837907698,0,0,39320.9837907698,64501.0018926904,64501.0018926904,17525.6016201747,14314.8227251066,0,8276.07421428899,0,0,0
Q42/M0_P1,2025-05-15,144,2238.82493567431,3845.13377075378,40711.5045675562,0,0,40711.5045675562,65240.5007984135,65240.5007984135,20049.4478121951,14794.3747763065,0,7220.36947919157,0,0,0
Q42/M0_P1,2025-05-16,144,3845.13377075378,2496.22229523051,12169.9656084625,0,0,12169.9656084625,27360.4856596774,27360.4856596774,13531.0447538509,12174.1665785902,0,23288.1009510834,0,0,0
Q42/M0_P1,2025-05-17,144,2496.22229523051,2787.50169391194,13078.5319716855,0,0,13078.5319716855,29738.3093259534,29738.3093259534,14691.5034635848,11637.9663466904,0,16235.9731257257,0,0,0
Q42/M0_P1,2025-05-18,144,2787.50169391194,3378.81783208539,39134.7729740427,0,0,39134.7729740427,62785.4431986279,62785.4431986279,18845.9905483751,14733.0678198277,0,4996.35237008052,0,0,0
Q42/M0_P1,2025-05-19,144,3378.81783208539,2690.29089854289,37941.3892041762,0,0,37941.3892041762,61779.9457529698,61779.9457529698,16704.8628401007,14150.6131406698,0,11710.4795035389,0,0,0
Q42/M0_P1,2025-05-20,144,2690.29089854289,2633.73501414992,38244.444636592,0,0,38244.444636592,61700.3741259215,61700.3741259215,18602.8018608328,15119.1698032282,0,3689.34725165023,0,0,0
Q42/M0_P1,2025-05-21,144,2633.73501414992,2598.54920278487,38366.941741824,0,0,38366.941741824,61621.0322057568,61621.0322057568,16319.4143834133,13250.3928807933,0,7189.39541980343,0,0,0
Q42/M0_P1,2025-05-22,144,2598.54920278487,2895.376887796,37242.4605650308,0,0,37242.4605650308,60479.3669499988,60479.3669499988,17950.2155105225,14272.5296470132,0,5985.05026982283,0,0,0
Q42/M0_P1,2025-05-23,144,2895.376887796,2455.65213685266,11569.0680852179,0,0,11569.0680852179,27117.6870080031,27117.6870080031,13889.0585269123,11645.889682648,0,18453.5692804054,0,0,0
Q42/M0_P1,2025-05-24,144,2455.65213685266,2879.20603421042,12666.6309116545,0,0,12666.6309116545,28859.1366125182,28859.1366125182,14113.7197798785,11050.9145140796,0,22041.829963386,0,0,0
Q42/M0_P1,2025-05-25,144,2879.20603421042,2706.74729310976,37509.4103548873,0,0,37509.4103548873,60859.2742080132,60859.2742080132,17368.1994271683,14223.4544029969,0,9169.51900050844,0,0,0
Q42/M0_P1,2025-05-26,144,2706.74729310976,2397.10967411548,37166.2180601194,0,0,37166.2180601194,60222.4200261993,60222.4200261993,18959.2861181034,15635.6956127586,0,2318.99657085448,0,0,0
Q42/M0_P1,2025-05-27,144,2397.10967411548,2201.4454732073,36675.7729796341,0,0,36675.7729796341,59518.70911855,59518.70911855,17169.5228138236,14083.4112600145,0,7042.23026474088,0,0,0
Q42/M0_P1,2025-05-28,144,2201.4454732073,2840.36657137925,37709.2955389041,0,0,37709.2955389041,60639.447253948,60639.447253948,19239.0005601246,15008.5614653462,0,4135.18405916961,0,0,0
Q42/M0_P1,2025-05-29,144,2840.36657137925,2047.78648902463,36186.2519122972,0,119.804421733333,36306.0563340305,58345.1064104582,58345.1064104582,18082.7685260482,15360.3645802182,17.8174333333333,1530.39639796154,0,0,0
Q42/M0_P1,2025-05-30,144,2047.78648902463,2331.37840556196,12074.2560260111,0,0,12074.2560260111,28003.9671746748,28003.9671746748,15320.3408536368,12154.2433665622,0,18241.6364209335,0,0,0
Q42/M0_P1,2025-05-31,144,2331.37840556196,2540.55495084494,11801.2127769924,0,0,11801.2127769924,28228.6710332463,28228.6710332463,14413.2990686356,11486.5133548402,0,16912.7037694508,0,0,0
Q42/M0_P1,2025-06-01,144,2540.55495084494,1200,41259.5528374741,0,70250.8806112868,111510.433448761,61745.5073256268,61745.5073256268,15465.103994253,13733.2336911053,11304.4676011859,93.2783236651328,0,0,0
Q42/M0_P1,2025-06-02,144,1200,1200,42005.2380434208,0,56006.4001876484,98011.6382310692,63775.9257744607,63775.9257744607,19670.4115142447,15933.0333265382,9022.44213353967,420.182270293887,0,0,0
Q42/M0_P1,2025-06-03,144,1200,1317.80754070537,51385.0961517677,0,618.787024891013,52003.8831766587,76964.7192347684,76964.7192347684,21095.1353501794,16981.0328470105,120.730609667549,4778.9805079337,0,0,0
Q42/M0_P1,2025-06-04,144,1317.80754070537,1290.56108919072,52247.7494568781,0,953.313846465249,53201.0633033434,77668.2076285268,77668.2076285268,19811.2828008836,16071.6608750789,149.781785817624,4433.10667187302,0,0,0
Q42/M0_P1,2025-06-05,144,1290.56108919072,1210.45037441647,54653.7559958214,0,907.733267937284,55561.4892637587,79688.6052830602,79688.6052830602,20712.2231029684,16849.0003567013,131.451514221014,4807.51603434736,0,0,0
Q42/M0_P1,2025-06-06,144,1210.45037441647,1214.85537816036,18081.0819619506,0,7397.93872997328,25479.0206919239,35977.438922701,35977.438922701,14424.1706260646,11679.6137037428,1347.3282595335,3725.21485991271,0,0,0
Q42/M0_P1,2025-06-07,144,1214.85537816036,1689.48184596473,20006.6132155488,0,0,20006.6132155488,40254.5461503758,40254.5461503758,17646.4107299564,13866.4288702408,0,5348.05112399347,0,0,0
Q42/M0_P1,2025-06-08,144,1689.48184596473,3926.6686043229,64348.4368542651,0,0,64348.4368542651,93562.085062845,93562.085062845,15554.4560830438,10585.6413447431,0,23408.3470578776,0,0,0
Q42/M0_P1,2025-06-09,144,3926.6686043229,2114.27388601581,56219.9084432022,0,193.084699461387,56412.9931426636,80581.5193676165,80581.5193676165,16531.073783541,15021.3250111446,27.3162197724251,8166.3740816592,0,0,0
Q42/M0_P1,2025-06-10,144,2114.27388601581,2530.11606379753,57339.3129400325,0,0,57339.3129400325,83379.4103515767,83379.4103515767,19732.1797480907,15608.8076359499,0,7637.59400610258,0,0,0
Q42/M0_P1,2025-06-11,144,2530.11606379753,1902.81672035184,56817.3994531774,0,2088.08644694198,58905.4859001194,82905.4853141158,82905.4853141158,24005.1387040812,20008.7317594069,368.303088987103,3192.9351417619,0,0,0
Q42/M0_P1,2025-06-12,144,1902.81672035184,2900.17877356771,60058.3237351291,0,0,60058.3237351291,86499.3927301565,86499.3927301565,20195.5304695986,15460.7538324806,0,9312.2246597051,0,0,0
Q42/M0_P1,2025-06-13,144,2900.17877356771,2125.9800479475,18062.8356887873,0,0,18062.8356887873,35488.8019066264,35488.8019066264,14533.8622111349,12469.2072440775,0,5078.83323956896,0,0,0
Q42/M0_P1,2025-06-14,144,2125.9800479475,2185.93181714505,19740.5392125942,0,0,19740.5392125942,38055.1057169027,38055.1057169027,16238.6120032066,13099.3191303195,0,8722.47009401563,0,0,0
Q42/M0_P1,2025-06-15,144,2185.93181714505,4696.03929943087,63518.8402185395,0,0,63518.8402185395,90908.9808557079,90908.9808557079,19315.4341566323,13386.404932815,0,14352.9772985571,0,0,0
Q42/M0_P1,2025-06-16,144,4696.03929943087,3901.15843110769,59953.9296272039,0,0,59953.9296272039,84730.4019600497,84730.4019600497,18028.9415288996,15318.8354198996,0,9326.24303438299,0,0,0
Q42/M0_P1,2025-06-17,144,3901.15843110769,3290.56715529011,60147.1559322618,0,0,60147.1559322618,85269.6496885655,85269.6496885655,19189.4979373542,16093.0254774927,0,7536.16601203735,0,0,0
Q42/M0_P1,2025-06-18,144,3290.56715529011,3762.47961085095,60398.7448083377,0,0,60398.7448083377,86304.4815588663,86304.4815588663,18830.7400323668,14828.1782162124,0,11373.5288427119,0,0,0
Q42/M0_P1,2025-06-19,144,3762.47961085095,3359.44577997718,57918.8490645954,0,152.459328734608,58071.30839333,84378.3914306554,84378.3914306554,18818.5505242244,15605.7563724081,22.3716374651527,12928.4647163043,0,0,0
Q42/M0_P1,2025-06-20,144,3359.44577997718,3017.63967259286,18568.1172014407,0,0,18568.1172014407,35329.4309937698,35329.4309937698,13226.3834750742,11020.996111456,0,10723.4627801516,0,0,0
Q42/M0_P1,2025-06-21,144,3017.63967259286,3711.8353153525,18848.5817863362,0,0,18848.5817863362,37140.2840336172,37140.2840336172,16929.2216899938,13087.8934904113,0,13964.2154340347,0,0,0
Q42/M0_P1,2025-06-22,144,3711.8353153525,3213.14489141336,54396.5819232878,0,0,54396.5819232878,78967.9261573868,78967.9261573868,17672.4100706441,14763.473538767,0,8601.64852550961,0,0,0
Q42/M0_P1,2025-06-23,144,3213.14489141336,2644.01416143233,52987.2775251227,0,0,52987.2775251227,78381.0547397983,78381.0547397983,18952.9125361625,15864.0768112745,0,8230.93301491041,0,0,0
Q42/M0_P1,2025-06-24,144,2644.01416143233,2060.32802924412,53301.0221242679,0,24216.4413059774,77517.4634302453,76907.2100493841,76907.2100493841,20943.2952786172,17489.3866946493,3899.3974207085,1083.90663612472,0,0,0
Q42/M0_P1,2025-06-25,144,2060.32802924412,2765.85469238296,55127.0150482835,0,0,55127.0150482835,81040.1812184889,81040.1812184889,20984.5426423092,16362.5055434455,0,5980.72275295858,0,0,0
Q42/M0_P1,2025-06-26,144,2765.85469238296,2392.59657952364,53916.9336297504,0,131.321122946551,54048.2547526969,80014.3462631841,80014.3462631841,19130.3011747539,15831.476253124,18.640783070575,9186.77829129145,0,0,0
Q42/M0_P1,2025-06-27,144,2392.59657952364,2397.4371928594,16678.9520784639,0,0,16678.9520784639,33518.2184426782,33518.2184426782,15232.0097760077,12333.5713665641,0,10848.1341665679,0,0,0
Q42/M0_P1,2025-06-28,144,2397.4371928594,2559.23659034002,17237.1191103848,0,0,17237.1191103848,34898.7636299451,34898.7636299451,15687.7464902619,12561.4551993796,0,9995.54622239608,0,0,0
Q42/M0_P1,2025-06-29,144,2559.23659034002,2800.62639199199,54031.9516780875,0,0,54031.9516780875,79198.2041430227,79198.2041430227,20938.6665973706,16743.0691223834,0,5734.8381347022,0,0,0
Q42/M0_P1,2025-06-30,144,2800.62639199199,1870.09068456545,52938.4716576646,0,119.505268334822,53057.9769259994,78196.3092249066,78196.3092249066,19463.8535000124,16603.2034716939,17.2061433064318,5475.18135656127,0,0,0
Q42/M0_P1,2025-07-01,144,1870.09068456545,1200,57145.7719797743,0,28727.5589865053,85873.3309662797,78486.6078577706,78486.6078577706,21564.6794661741,18070.4719837099,4715.88953010602,841.745872079083,0,0,0
Q42/M0_P1,2025-07-02,144,1200,1200,62505.3735006441,0,6343.70354913371,68849.0770497778,84989.063921468,84989.063921468,18033.1107134521,14606.8196778962,1025.50775516583,9683.51427441123,0,0,0
Q42/M0_P1,2025-07-03,144,1200,1406.99019218837,66261.2118395671,0,1793.45948143382,68054.6713210009,87890.7628032751,87890.7628032751,20876.1468802293,16723.3878000162,311.393809420301,4288.97859914894,0,0,0
Q42/M0_P1,2025-07-04,144,1406.99019218837,1200,25033.7390537926,0,1307.9732398505,26341.7122936431,43436.8112154986,43436.8112154986,13625.3069478271,11222.7898007095,345.643123082207,12499.0697247965,0,0,0
Q42/M0_P1,2025-07-05,144,1200,1472.85916276925,24795.4345123327,0,118.756534341645,24914.1910466743,43818.2893488074,43818.2893488074,13533.4116203524,10716.4901659931,48.5126740265085,12259.800601808,0,0,0
Q42/M0_P1,2025-07-06,144,1472.85916276925,1475.89445711475,62591.9848097347,0,23737.2837823088,86329.2685920434,84084.3742018751,84084.3742018751,21647.6658538251,17531.8775766874,2768.90374190276,2943.50811664017,0,0,0
Q42/M0_P1,2025-07-07,144,1475.89445711475,1805.34754594061,64525.609708006,0,431.439797941996,64957.049505948,87331.9044777592,87331.9044777592,18911.8434543102,15022.085418048,51.5930165199151,10084.2566913502,0,0,0
Q42/M0_P1,2025-07-08,144,1805.34754594061,4834.5226048698,72334.7271611722,0,0,72334.7271611722,96826.0743694106,96826.0743694106,21391.0895603654,14600.5249908597,0,14464.1227832383,0,0,0
Q42/M0_P1,2025-07-09,144,4834.5226048698,2867.00808468594,62599.7941610105,0,122.306661513896,62722.1008225243,83479.4479475968,83479.4479475968,17088.2432638424,15612.2401118778,14.0453217172595,7958.76510068278,0,0,0
Q42/M0_P1,2025-07-10,144,2867.00808468594,2486.25189360463,63382.3128879087,0,333.72566343453,63716.0385513433,85116.2949672649,85116.2949672649,19309.7934508499,15983.6132671616,38.8802487942557,8975.37164903756,0,0,0
Q42/M0_P1,2025-07-11,144,2486.25189360463,1773.54553263379,24799.7298544715,0,136.027485878374,24935.7573403498,42014.7594426436,42014.7594426436,13963.1398571444,11951.5790091607,42.9374824140925,7527.35892707403,0,0,0
Q42/M0_P1,2025-07-12,144,1773.54553263379,2078.60690221908,25694.4578164444,0,0,25694.4578164444,44902.7242045594,44902.7242045594,16070.9874895774,12742.944633931,0,10490.4380155795,0,0,0
Q42/M0_P1,2025-07-13,144,2078.60690221908,2236.15985831606,61173.0741975111,0,160.353398333986,61333.427595845,85538.9442949084,85538.9442949084,18871.1203136699,15143.8097935853,19.8764671005871,12563.7898419244,0,0,0
Q42/M0_P1,2025-07-14,144,2236.15985831606,1936.40777792284,60164.860447545,0,545.911768170639,60710.7722157156,82255.2079248272,82255.2079248272,18641.2250438408,15369.169157865,63.9065790657379,7239.37940125045,0,0,0
Q42/M0_P1,2025-07-15,144,1936.40777792284,5629.16018111104,72505.6078316983,0,0,72505.6078316983,97477.5494080035,97477.5494080035,19647.9791598709,12591.385956626,0,17671.9056214253,0,0,0
Q42/M0_P1,2025-07-16,144,5629.16018111104,3753.81049222084,65017.7944327322,0,0,65017.7944327322,86069.6927751851,86069.6927751851,15455.1437905366,14206.4811903358,0,12686.4667916509,0,0,0
Q42/M0_P1,2025-07-17,144,3753.81049222084,3721.18363925003,65501.5003097379,0,0,65501.5003097379,87855.1000971412,87855.1000971412,19227.3699638525,15603.5338383943,0,11510.8479050163,0,0,0
Q42/M0_P1,2025-07-18,144,3721.18363925003,3239.90394048526,25929.8645107226,0,0,25929.8645107226,43896.6645030638,43896.6645030638,12178.8067393825,10297.9851877882,0,10741.5948514694,0,0,0
Q42/M0_P1,2025-07-19,144,3239.90394048526,3055.61642609578,26712.6334754677,0,0,26712.6334754677,45790.3387361215,45790.3387361215,14225.5188101875,11688.5289992024,0,16070.5298751364,0,0,0
Q42/M0_P1,2025-07-20,144,3055.61642609578,3986.73606537862,62806.258418901,0,0,62806.258418901,85727.6792715823,85727.6792715823,19412.1919279455,14885.8677862813,0,9111.37691325148,0,0,0
Q42/M0_P1,2025-07-21,144,3986.73606537862,3490.43793867692,64850.6443041933,0,0,64850.6443041933,86613.9084459673,86613.9084459673,20083.265552096,16714.1134112293,0,9255.00695510057,0,0,0
Q42/M0_P1,2025-07-22,144,3490.43793867692,2725.91530520307,62752.0286282791,0,2.79315047693539,62754.8217787561,84873.0068639707,84873.0068639707,17818.794960541,15121.2942881647,0.328896140940287,8380.69047106866,0,0,0
Q42/M0_P1,2025-07-23,144,2725.91530520307,2678.13582562314,62939.950775328,0,0,62939.950775328,85338.0331742618,85338.0331742618,19465.9230801693,15810.3992265591,0,7465.96220398489,0,0,0
Q42/M0_P1,2025-07-24,144,2678.13582562314,3058.13689307903,63000.0336639855,0,0,63000.0336639855,84881.4228725579,84881.4228725579,18958.3523248578,15014.2644224245,0,7320.86297012461,0,0,0
Q42/M0_P1,2025-07-25,144,3058.13689307903,1973.281187374,24116.4752214436,0,0,24116.4752214436,41420.3937765718,41420.3937765718,13765.9295962054,12126.7731080609,0,13275.9177217606,0,0,0
Q42/M0_P1,2025-07-26,144,1973.281187374,2579.46853759524,25563.2612117766,0,0,25563.2612117766,44427.5895587414,44427.5895587414,16102.7451336376,12497.6549430473,0,12353.4078014845,0,0,0
Q42/M0_P1,2025-07-27,144,2579.46853759524,3268.93548717062,61574.4577947617,0,687.596073699379,62262.053868461,84072.6301985513,84072.6301985513,22335.4685626609,17471.2092811375,131.855261812424,5655.03637884035,0,0,0
Q42/M0_P1,2025-07-28,144,3268.93548717062,2521.36491062629,61888.5328301843,0,0,61888.5328301843,83362.5971870622,83362.5971870622,20369.9317897978,17172.4582686261,0,2210.24643255722,0,0,0
Q42/M0_P1,2025-07-29,144,2521.36491062629,2419.07674918789,62244.7334026038,0,47.4669260493042,62292.2003286531,84292.3240945247,84292.3240945247,19888.2366881986,16201.5310627355,5.53873116094564,4541.91125022241,0,0,0
Q42/M0_P1,2025-07-30,144,2419.07674918789,2001.59248545859,61184.9605255925,0,0,61184.9605255925,82211.9928802614,82211.9928802614,20602.1348615119,17063.465075181,0,4570.06904393052,0,0,0
Q42/M0_P1,2025-07-31,144,2001.59248545859,1759.00271116404,59877.1328366583,0,215.299988714133,60092.4328253724,82281.9512686196,82281.9512686196,20745.2469487401,17021.9808253446,25.4156472157299,3889.10452577316,0,0,0
Q42/M0_P1,2025-08-01,144,1759.00271116404,1294.67079788095,22371.0892820587,0,2274.92017985522,24646.0094619139,39346.7757883458,39346.7757883458,14890.4949569398,12479.199637076,762.072557599539,16446.1933594149,0,0,0
Q42/M0_P1,2025-08-02,144,1294.67079788095,2379.71150635318,24424.5285569949,0,0,24424.5285569949,43632.4907764251,43632.4907764251,16988.1726254438,12783.8831889845,0,18501.1764066324,0,0,0
Q42/M0_P1,2025-08-03,144,2379.71150635318,1442.40487179741,55070.4662734939,0,1966.89367443165,57037.3599479256,77356.1066633493,77356.1066633493,17439.5329254134,14969.5976406851,331.3409072845,12378.0323025721,0,0,0
Q42/M0_P1,2025-08-04,144,1442.40487179741,1775.88896424705,54607.5172847172,0,0,54607.5172847172,75496.4008778396,75496.4008778396,19680.9578391214,15641.4401664837,0,6041.2281218685,0,0,0
Q42/M0_P1,2025-08-05,144,1775.88896424705,1692.12459623743,53699.342913976,0,0,53699.342913976,74458.0524066086,74458.0524066086,20025.7791682842,16296.2690575189,0,5576.23256250993,0,0,0
Q42/M0_P1,2025-08-06,144,1692.12459623743,1208.04338546021,54212.8124115359,0,8589.48487885844,62802.2972903943,74036.6258329287,74036.6258329287,18527.6205436238,15443.0457300347,1019.63576534705,3857.28751802005,0,0,0
Q42/M0_P1,2025-08-07,144,1208.04338546021,1658.33027358663,55161.9866135107,0,177.90765296885,55339.8942664796,76579.1754689287,76579.1754689287,19449.3213460323,15348.6920909724,20.4233329088337,9110.9842967776,0,0,0
Q42/M0_P1,2025-08-08,144,1658.33027358663,1703.8335679242,22101.3828191937,0,0,22101.3828191937,39882.3711518644,39882.3711518644,15198.7774264946,12270.0567505568,0,21178.4792259266,0,0,0
Q42/M0_P1,2025-08-09,144,1703.8335679242,1392.76529350324,21833.7526591505,0,293.467033877523,22127.2196930281,39131.357165249,39131.357165249,15263.7147015191,12643.5703552093,121.676643377518,17710.9604623168,0,0,0
Q42/M0_P1,2025-08-10,144,1392.76529350324,2302.11195569018,54428.0585373467,0,81.0846984675089,54509.1432358142,73485.5547248781,73485.5547248781,18866.2976867859,14463.2891303283,10.1609897828959,3788.08810820346,0,0,0
Q42/M0_P1,2025-08-11,144,2302.11195569018,1875.88166941194,53410.8309999524,0,418.698234876743,53829.5292348291,74482.7229608991,74482.7229608991,18888.376342921,15683.1920954164,49.9944433341993,6766.27982339544,0,0,0
Q42/M0_P1,2025-08-12,144,1875.88166941194,1645.37159343313,53293.5060532758,0,7036.58803134731,60330.0940846231,72660.4680423339,72660.4680423339,18445.7328081022,15148.5026429437,842.660937091823,2445.35516426722,0,0,0
Q42/M0_P1,2025-08-13,144,1645.37159343313,2181.51375964779,54544.3951079426,0,437.01853829875,54981.4136462413,75156.2004567975,75156.2004567975,19256.8093384488,15115.4876145503,52.3383242132415,4946.23760711229,0,0,0
Q42/M0_P1,2025-08-14,144,2181.51375964779,1753.61034093292,53590.5879028911,0,419.242137682165,54009.8300405732,73647.689708301,73647.689708301,19946.7287172003,16541.9633377757,49.0360922794338,4365.66943782237,0,0,0
Q42/M0_P1,2025-08-15,144,1753.61034093292,1685.83891854382,22319.1235127431,0,133.946102216744,22453.0696149599,39670.4480874515,39670.4480874515,14762.3220519738,12018.475142249,51.697363235799,19818.5716576291,0,0,0
Q42/M0_P1,2025-08-16,144,1685.83891854382,1548.49482206805,22137.2197517547,0,128.283816116074,22265.5035678708,39385.7924408976,39385.7924408976,15247.3208406351,12473.9395677426,57.4554244668384,19740.5862258053,0,0,0
Q42/M0_P1,2025-08-17,144,1548.49482206805,2288.7822716634,52330.305984949,0,314.017358957305,52644.3233439063,71425.2814852978,71425.2814852978,19612.8327489597,15220.1358220215,37.4719906710641,3904.66293236401,0,0,0
Q42/M0_P1,2025-08-18,144,2288.7822716634,2156.5270859728,52383.4334521678,0,1580.99482690811,53964.4282790759,71610.7638109308,71610.7638109308,21314.7594917722,17383.984855457,186.748615449098,3472.62217339804,0,0,0
Q42/M0_P1,2025-08-19,144,2156.5270859728,1878.16624380895,52577.4315032532,0,570.016055177299,53147.4475584305,71541.2191059006,71541.2191059006,18203.4821149431,14995.3452710513,67.3336865722634,4082.75589858111,0,0,0
Q42/M0_P1,2025-08-20,144,1878.16624380895,1718.71422864068,53541.5709070865,0,14146.0152296654,67687.586136752,72324.7149597426,72324.7149597426,19794.6316779881,16177.1584728218,2227.09221703005,283.642904939684,0,0,0
Q42/M0_P1,2025-08-21,144,1718.71422864068,2062.48846809832,54725.0057655063,0,0,54725.0057655063,75842.2044494515,75842.2044494515,18800.9933361245,14919.407786749,0,6116.20041674268,0,0,0
Q42/M0_P1,2025-08-22,144,2062.48846809832,1370.03408112268,22100.7781141165,0,1546.9252665278,23647.7033806443,39073.5670513674,39073.5670513674,14560.7111614527,12417.3849890547,340.277690011225,16039.9491689807,0,0,0
Q42/M0_P1,2025-08-23,144,1370.03408112268,1696.85296210561,22506.0535240911,0,5.62001886101675,22511.6735429521,40988.9751293906,40988.9751293906,17334.1894073815,13746.5564270944,2.43027842638562,14873.7662775298,0,0,0
Q42/M0_P1,2025-08-24,144,1696.85296210561,2021.10268578921,54248.6769388363,0,0,54248.6769388363,74873.3312800446,74873.3312800446,20168.5645843271,16044.7125619897,0,7015.8897743739,0,0,0
Q42/M0_P1,2025-08-25,144,2021.10268578921,1662.8014761474,53868.6886479927,0,6843.76824335127,60712.456891344,73578.2006472422,73578.2006472422,19619.238854968,16214.0545612017,804.581265383408,204.510602192625,0,0,0
Q42/M0_P1,2025-08-26,144,1662.8014761474,2343.34106044519,54727.5756628161,0,0,54727.5756628161,76312.0359215019,76312.0359215019,21138.9139082102,16510.0346397823,0,6154.33826974064,0,0,0
Q42/M0_P1,2025-08-27,144,2343.34106044519,1925.31520432819,54268.2756413185,0,67.5485664460443,54335.8242077645,74738.7689960795,74738.7689960795,21235.5766660439,17577.0403700008,8.29528507925488,3174.37911844902,0,0,0
Q42/M0_P1,2025-08-28,144,1925.31520432819,2103.12852263105,54935.507572654,0,573.666847596026,55509.17442025,75568.5089003913,75568.5089003913,21318.1282783432,17107.6519189854,68.6730485714195,658.910606271592,0,0,0
Q42/M0_P1,2025-08-29,144,2103.12852263105,1889.55608627072,22794.095144407,0,0,22794.095144407,40594.2808886888,40594.2808886888,14345.5013147441,11812.071257667,0,15505.6304816117,0,0,0
Q42/M0_P1,2025-08-30,144,1889.55608627072,1716.39926760084,23517.9206163321,0,43.3774371764142,23561.2980535085,41466.5992526857,41466.5992526857,14645.7900922878,12018.931111556,21.1987120104231,20348.219150631,0,0,0
Q42/M0_P1,2025-08-31,144,1716.39926760084,2538.02599364068,54257.2405569302,0,226.030175872474,54483.2707328026,75830.4140622542,75830.4140622542,20775.2353584176,16088.4765868824,27.028364448195,4524.06057183389,0,0,0
Q42/M0_P1,2025-09-01,144,2538.02599364068,5797.24953463107,48810.2949957089,0,0,48810.2949957089,75286.0694237111,75286.0694237111,19520.7648615263,12878.518350945,0,15069.6883797964,0,0,0
Q42/M0_P1,2025-09-02,144,5797.24953463107,3489.36375266812,40083.8149781567,0,0,40083.8149781567,60803.8851343311,60803.8851343311,17363.3486240518,16141.4095892486,0,5524.1902495279,0,0,0
Q42/M0_P1,2025-09-03,144,3489.36375266812,3035.76733056006,41859.5055060403,0,0,41859.5055060403,62657.1547413892,62657.1547413892,20742.0954288705,17209.3340772823,0,3576.67613980105,0,0,0
Q42/M0_P1,2025-09-04,144,3035.76733056006,3198.80722543133,41544.2751664384,0,0,41544.2751664384,63473.5331039443,63473.5331039443,19884.2610890637,15959.5155767574,0,5623.22204163803,0,0,0
Q42/M0_P1,2025-09-05,144,3198.80722543133,2492.87927022837,14683.5792936473,0,0,14683.5792936473,31019.7596311439,31019.7596311439,15846.1322507556,13470.7022827947,0,21820.0679965163,0,0,0
Q42/M0_P1,2025-09-06,144,2492.87927022837,3004.99049766984,15234.8723605181,0,0,15234.8723605181,32582.0929116223,32582.0929116223,17845.7196973798,13994.1328501803,0,21009.4223644228,0,0,0
Q42/M0_P1,2025-09-07,144,3004.99049766984,2729.7459424701,39681.8556806638,0,0,39681.8556806638,60783.4878535157,60783.4878535157,20588.07896491,16924.0640612568,0,2158.48933319591,0,0,0
Q42/M0_P1,2025-09-08,144,2729.7459424701,1200,32997.3624088801,0,57384.8719063008,90382.2343151809,50508.420157883,50508.420157883,13812.9638563506,12565.272071867,10134.8411599339,0,0,0,0
Q42/M0_P1,2025-09-09,144,1200,1364.35947215383,39666.891253202,0,1981.73636172737,41648.6276149294,61687.8435862667,61687.8435862667,21354.6687204904,17149.3581386588,291.418709642313,4671.11744741071,0,0,0
Q42/M0_P1,2025-09-10,144,1364.35947215383,1444.24580760809,39794.2839672779,0,26571.2640697228,66365.5480370007,60669.5201453602,60669.5201453602,18260.0237831234,14718.7215624211,4290.01669330688,102.23596796476,0,0,0
Q42/M0_P1,2025-09-11,144,1444.24580760809,1743.38771628995,40343.5968211977,0,0,40343.5968211977,63454.5555887635,63454.5555887635,22819.5481424295,18214.6062775542,0,5353.5279405549,0,0,0
Q42/M0_P1,2025-09-12,144,1743.38771628995,1201.27724961172,13708.1947601252,0,4077.14046751852,17785.3352276437,30060.6390113374,30060.6390113374,15672.8530659066,13182.9104033947,1338.17350683954,17357.2136556651,0,0,0
Q42/M0_P1,2025-09-13,144,1201.27724961172,2079.19801904587,14882.1235109125,0,0,14882.1235109125,32728.0834697915,32728.0834697915,16879.5223217843,12882.2843881545,0,20723.7440528284,0,0,0
Q42/M0_P1,2025-09-14,144,2079.19801904587,1361.6068356711,40880.1574777061,0,5975.92517422339,46856.0826519295,63248.2848135728,63248.2848135728,21964.1651134232,18436.8058069101,991.282421463111,612.883178522815,0,0,0
Q42/M0_P1,2025-09-15,144,1361.6068356711,1200,34582.8751952288,0,38603.9609972284,73186.8361924572,54630.7155913524,54630.7155913524,21286.8988604664,17387.8342290817,7169.42066775734,2834.04099439182,0,0,0
Q42/M0_P1,2025-09-16,144,1200,1200,38197.5266944236,0,20650.5693104988,58848.0960049224,59542.3598667925,59542.3598667925,20292.3448043315,16436.7992915086,3820.96820800137,16.0125786375656,0,0,0
Q42/M0_P1,2025-09-17,144,1200,1200,38916.811961595,0,19452.0928063635,58368.9047679585,60740.5376159702,60740.5376159702,20777.474778088,16829.7545702513,3446.05705000552,278.756058139027,0,0,0
Q42/M0_P1,2025-09-18,144,1200,1247.47035883454,38325.2619948438,0,16814.8527780399,55140.1147728837,60373.4724296306,60373.4724296306,21368.3720437215,17265.6580324633,2924.49160711548,239.198908821254,0,0,0
Q42/M0_P1,2025-09-19,144,1247.47035883454,1200,13237.1365064477,0,8995.67174443463,22232.8082508824,29978.2080353973,29978.2080353973,19045.2000553828,15469.3353678111,2623.76378550771,12924.7548166667,0,0,0
Q42/M0_P1,2025-09-20,144,1200,1213.51654760639,13109.3142471823,0,7176.50532128512,20285.8195684674,30720.7508033854,30720.7508033854,16176.5820161467,13090.8665402331,1657.87527450643,13647.4768686449,0,0,0
Q42/M0_P1,2025-09-21,144,1213.51654760639,1745.78320260953,42495.8178574611,0,5130.20815770583,47626.0260151669,66308.5646187518,66308.5646187518,20516.515287591,16139.3373934459,816.580617453677,4460.47985872702,0,0,0
Q42/M0_P1,2025-09-22,144,1745.78320260953,1317.27204872735,43752.217254603,0,4335.37580776408,48087.593062367,67094.5524706663,67094.5524706663,20798.5860591142,17232.5147463765,744.589635134263,3659.0509097295,0,0,0
Q42/M0_P1,2025-09-23,144,1317.27204872735,1709.57446664347,44818.4756216806,0,3573.65086032438,48392.126482005,69370.1791130192,69370.1791130192,22243.6441328462,17664.2795714809,578.190807812399,3252.38977613303,0,0,0
Q42/M0_P1,2025-09-24,144,1709.57446664347,1771.95950551206,45021.8679240635,0,0,45021.8679240635,69610.997806145,69610.997806145,20805.082974843,16795.9706746411,0,4538.66040594312,0,0,0
Q42/M0_P1,2025-09-25,144,1771.95950551206,1374.86522476564,44296.7999082999,0,217.359290083332,44514.1591983833,68675.2620420974,68675.2620420974,21160.6069086587,17497.4764486853,31.8863666666665,4708.56904879067,0,0,0
Q42/M0_P1,2025-09-26,144,1374.86522476564,1219.21112146665,14466.5240959733,0,0,14466.5240959733,32723.9548009612,32723.9548009612,17553.3677965319,14358.3166081599,0,11834.6601125892,0,0,0
Q42/M0_P1,2025-09-27,144,1219.21112146665,1200,15445.2031132722,0,1248.32027966906,16693.5233929413,33963.9637140063,33963.9637140063,17821.1109946371,14452.3899149761,281.886497229519,13075.8268815747,0,0,0
Q42/M0_P1,2025-09-28,144,1200,2346.68346387213,46496.0627732136,0,0,46496.0627732136,71794.1428311654,71794.1428311654,23422.7299064816,17940.3961067652,0,2824.17986478236,0,0,0
Q42/M0_P1,2025-09-29,144,2346.68346387213,2121.84878223785,47776.6642008257,0,65.6612193175125,47842.3254201433,72611.5639420104,72611.5639420104,20207.9872638156,16570.8208971615,11.0679425938321,6225.5739179501,0,0,0
Q42/M0_P1,2025-09-30,144,2121.84878223785,2093.55229188492,47531.2972041019,0,0,47531.2972041019,72389.6562437292,72389.6562437292,21450.0204651986,17399.9834181285,0,2917.44442999243,0,0,0
Q42/M0_P1,2025-10-01,144,2093.55229188492,4283.81019669607,45118.7556576903,0,0,45118.7556576903,72646.7326783411,72646.7326783411,19138.4393736247,13530.9037783059,0,17377.675549689,0,0,0
Q42/M0_P1,2025-10-02,144,4283.81019669607,4376.01416919382,44797.3201340022,0,0,44797.3201340022,71320.5116561739,71320.5116561739,18308.8108208447,14747.1531896362,0,16028.0709082988,0,0,0
Q42/M0_P1,2025-10-03,144,4376.01416919382,2805.79203827118,12268.4127616553,0,0,12268.4127616553,28773.4003859418,28773.4003859418,16276.0755209236,14596.8210897785,0,19276.9922547967,0,0,0
Q42/M0_P1,2025-10-04,144,2805.79203827118,2962.10358658081,13673.0266596356,0,0,13673.0266596356,31654.3625424521,31654.3625424521,17241.096507179,13824.6077773363,0,15141.8913792761,0,0,0
Q42/M0_P1,2025-10-05,144,2962.10358658081,3223.91592559164,40796.7563565034,0,0,40796.7563565034,65050.6760630598,65050.6760630598,19563.0728423134,15610.4578971641,0,6362.10005124382,0,0,0
Q42/M0_P1,2025-10-06,144,3223.91592559164,3248.22655593166,43026.0240116608,0,0,43026.0240116608,66386.9481533741,66386.9481533741,19938.4774655376,16128.2871797794,0,4843.64861761597,0,0,0
Q42/M0_P1,2025-10-07,144,3248.22655593166,3193.16335714379,42368.503677619,0,0,42368.503677619,66645.4715099673,66645.4715099673,22381.1768288388,18178.3101102685,0,4671.04179139706,0,0,0
Q42/M0_P1,2025-10-08,144,3193.16335714379,1347.68257583954,38088.1203762916,0,2298.28710133405,40386.4074776256,61197.6135908457,61197.6135908457,21439.1977177483,19026.6828545499,348.3632944883,2654.96635546898,0,0,0
Q42/M0_P1,2025-10-09,144,1347.68257583954,1586.88410434939,40342.0780415459,0,880.903074899065,41222.9811164449,65043.818174293,65043.818174293,21035.3419018045,16823.3455648028,132.468942879236,5204.30909683715,0,0,0
Q42/M0_P1,2025-10-10,144,1586.88410434939,1200,12418.1487449813,0,277.180136792877,12695.3288817741,30661.4176960864,30661.4176960864,18246.2661560107,15127.6712802831,160.736906068519,18359.9488097607,0,0,0
Q42/M0_P1,2025-10-11,144,1200,1831.77351400397,13764.2205799948,0,0,13764.2205799948,33322.0568724728,33322.0568724728,18585.9884278474,14486.0544639528,0,15115.8093252449,0,0,0
Q42/M0_P1,2025-10-12,144,1831.77351400397,1479.8095785955,40591.3728137637,0,105.120590166667,40696.4934039304,65484.9491977592,65484.9491977592,21189.0860351801,17479.9272303635,20.9299333333333,3281.76434294257,0,0,0
Q42/M0_P1,2025-10-13,144,1479.8095785955,2147.13248974466,42899.7729937397,0,0,42899.7729937397,68542.7141229357,68542.7141229357,22151.5397581877,17342.1565840978,0,6705.93564884582,0,0,0
Q42/M0_P1,2025-10-14,144,2147.13248974466,1775.54021363964,42459.7194306427,0,0,42459.7194306427,66960.7062291624,66960.7062291624,21758.5073664851,17958.8240153474,0,2387.19359469144,0,0,0
Q42/M0_P1,2025-10-15,144,1775.54021363964,1370.80123285501,40910.1810572378,0,5543.10999393707,46453.2910511748,65870.4041364024,65870.4041364024,23297.0494364769,19234.8751262525,907.639589800738,795.845765978732,0,0,0
Q42/M0_P1,2025-10-16,144,1370.80123285501,1525.16793141542,42982.6198627296,0,9827.77154506637,52810.3914077959,68261.7160792344,68261.7160792344,22124.5209843271,17781.9319686006,1540.70428551073,2493.35839901865,0,0,0
Q42/M0_P1,2025-10-17,144,1525.16793141542,1234.80503167238,13496.4646936595,0,682.345682217849,14178.8103758774,32819.0290371645,32819.0290371645,18156.2352723593,14967.8771803797,203.648904955519,13830.1205334738,0,0,0
Q42/M0_P1,2025-10-18,144,1234.80503167238,1528.14021280778,13693.329502858,0,0,13693.329502858,33397.4997745864,33397.4997745864,18291.1021626189,14551.7910886995,0,13581.5954340003,0,0,0
Q42/M0_P1,2025-10-19,144,1528.14021280778,1583.47250266614,44929.8659922359,0,4796.16249866749,49726.0284909034,70989.226715601,70989.226715601,22612.6471553751,18266.4451349813,732.605403194446,3489.90756506829,0,0,0
Q42/M0_P1,2025-10-20,144,1583.47250266614,1400.88877609911,45954.4535927645,0,1710.81932991772,47665.2729226823,71917.475981555,71917.475981555,21590.5960219329,17652.708131676,323.418059761818,3862.22378439325,0,0,0
Q42/M0_P1,2025-10-21,144,1400.88877609911,1649.87164536806,47446.7721958701,0,0,47446.7721958701,73426.345435391,73426.345435391,22283.0743789689,17825.2056646228,0,2505.89537104482,0,0,0
Q42/M0_P1,2025-10-22,144,1649.87164536806,1510.00196134546,48491.621453345,0,0,48491.621453345,75563.8325169201,75563.8325169201,24491.736725822,19964.1894635362,0,5481.3885546343,0,0,0
Q42/M0_P1,2025-10-23,144,1510.00196134546,2062.2910850732,48607.9182604056,0,0,48607.9182604056,76031.3751011366,76031.3751011366,22218.5687729635,17499.9804947454,0,7933.28978958524,0,0,0
Q42/M0_P1,2025-10-24,144,2062.2910850732,1519.51640854922,14112.0602140186,0,0,14112.0602140186,33774.6763852254,33774.6763852254,18945.0904517906,15834.020474822,0,12243.5556915901,0,0,0
Q42/M0_P1,2025-10-25,144,1519.51640854922,1544.97419496781,14583.8835953921,0,0,14583.8835953921,34689.6212399148,34689.6212399148,19040.3099243871,15399.7390309768,0,11650.6176131711,0,0,0
Q42/M0_P1,2025-10-26,144,1544.97419496781,2397.28267721417,49018.9376205504,0,0,49018.9376205504,76004.3908048035,76004.3908048035,23002.1449949334,17864.6598118744,0,6322.59360507777,0,0,0
Q42/M0_P1,2025-10-27,144,2397.28267721417,1753.8069989303,47911.1755887869,0,27.9011015834896,47939.0766903704,74395.8221687956,74395.8221687956,20211.3108129489,16950.2898689441,5.31449553971231,7587.53405366381,0,0,0
Q42/M0_P1,2025-10-28,144,1753.8069989303,2123.50272402261,48479.8002054389,0,0,48479.8002054389,74468.7265640319,74468.7265640319,21365.9617664956,16973.7028782784,0,4104.04597581464,0,0,0
Q42/M0_P1,2025-10-29,144,2123.50272402261,1992.77834851916,49675.9415498153,0,0,49675.9415498153,75489.2837631725,75489.2837631725,22844.7892283305,18621.9312129008,0,1954.16894774279,0,0,0
Q42/M0_P1,2025-10-30,144,1992.77834851916,1998.29385173975,51659.4770985938,0,0,51659.4770985938,77441.6701925629,77441.6701925629,19579.4744448027,15854.4103473916,0,8928.78844515186,0,0,0
Q42/M0_P1,2025-10-31,144,1998.29385173975,2127.38869439472,15040.5393053747,0,0,15040.5393053747,34990.6124957022,34990.6124957022,17048.5928903238,13693.1748827728,0,7730.90242148457,0,0,0
Q42/M0_P1,2025-11-01,144,2127.38869439472,2315.95575996622,14729.8858550841,0,0,14729.8858550841,35309.5168729669,35309.5168729669,18433.5681300802,14761.4798263506,0,9093.39013590399,0,0,0
Q42/M0_P1,2025-11-02,144,2315.95575996622,2050.57330500216,51619.6910524169,0,0,51619.6910524169,78078.1496133397,78078.1496133397,23503.3139273754,19276.5284906417,0,5054.98024327266,0,0,0
Q42/M0_P1,2025-11-03,144,2050.57330500216,2272.50886313359,53006.9423059971,0,0,53006.9423059971,78551.5084482916,78551.5084482916,20692.1868657027,16560.9293589009,0,4915.32065815645,0,0,0
Q42/M0_P1,2025-11-04,144,2272.50886313359,1814.62374462642,52333.034049651,0,53.839768786649,52386.8738184376,79036.4198283504,79036.4198283504,20592.9103660655,17092.3540031695,11.2365164951788,7967.02794861629,0,0,0
Q42/M0_P1,2025-11-05,144,1814.62374462642,2556.18454015129,53990.0043199829,0,0,53990.0043199829,79994.9388998706,79994.9388998706,21581.9060691091,16813.939200006,0,5548.95196410079,0,0,0
Q42/M0_P1,2025-11-06,144,2556.18454015129,2013.22700051982,52881.8453365192,0,3213.7006172717,56095.5459537909,78059.324815387,78059.324815387,21651.293175689,18026.2092579764,606.773378180021,3671.42972585445,0,0,0
Q42/M0_P1,2025-11-07,144,2013.22700051982,2292.55891728305,15586.4555456087,0,0,15586.4555456087,36357.9128900155,36357.9128900155,18894.3526819416,15053.0269472858,0,9198.12537202632,0,0,0
Q42/M0_P1,2025-11-08,144,2292.55891728305,2375.97083714754,15300.8475556277,0,0,15300.8475556277,35837.3757427375,35837.3757427375,17884.4292803128,14411.3169891753,0,8573.05635160004,0,0,0
Q42/M0_P1,2025-11-09,144,2375.97083714754,2280.39091805315,53833.2493863988,0,0,53833.2493863988,79621.3287136071,79621.3287136071,21029.9692134411,17120.2969900723,0,4364.83930690492,0,0,0
Q42/M0_P1,2025-11-10,144,2280.39091805315,2069.08949845935,55228.5786428009,0,0,55228.5786428009,80069.8729126829,80069.8729126829,21913.7032286678,17940.2708928553,0,2237.99747687047,0,0,0
Q42/M0_P1,2025-11-11,144,2069.08949845935,2178.57135882158,55465.6197762528,0,0,55465.6197762528,81265.9370862827,81265.9370862827,20707.003296501,16674.1389958398,0,5674.05311895485,0,0,0
Q42/M0_P1,2025-11-12,144,2178.57135882158,2536.47030383595,56299.065886228,0,10.4914202739158,56309.5573065019,82396.6397448616,82396.6397448616,21419.4422718818,17027.6391897114,2.03895059254023,7050.88786328366,0,0,0
Q42/M0_P1,2025-11-13,144,2536.47030383595,2467.02913696399,56305.0247145417,0,0,56305.0247145417,81012.917921659,81012.917921659,21164.9450300574,17206.1025245312,0,4658.20409946617,0,0,0
Q42/M0_P1,2025-11-14,144,2467.02913696399,2430.37384217287,15917.4817869359,0,0,15917.4817869359,36877.3447115893,36877.3447115893,18800.8386637419,15261.669082943,0,5739.71983079032,0,0,0
Q42/M0_P1,2025-11-15,144,2430.37384217287,2146.93170837265,16058.8569962484,0,0,16058.8569962484,36916.2440343683,36916.2440343683,19456.4295064143,16014.8058206157,0,5262.73343190311,0,0,0
Q42/M0_P1,2025-11-16,144,2146.93170837265,2335.30550323242,58193.5333334258,0,0,58193.5333334258,83916.3819052492,83916.3819052492,22494.0520819226,18050.6457709835,0,5038.4312109768,0,0,0
Q42/M0_P1,2025-11-17,144,2335.30550323242,2641.3202358185,58603.5203227673,0,0,58603.5203227673,84945.4260489946,84945.4260489946,23525.7483173241,18780.442877705,0,7504.36627604221,0,0,0
Q42/M0_P1,2025-11-18,144,2641.3202358185,2593.98445512399,57914.78602373,0,0,57914.78602373,83074.1946007095,83074.1946007095,21291.7588357165,17288.9268595554,0,4180.81079121506,0,0,0
Q42/M0_P1,2025-11-19,144,2593.98445512399,2118.68202865228,59330.5417517102,0,0,59330.5417517102,83962.9854927444,83962.9854927444,21531.2583100209,17868.0914149414,0,4931.50699766496,0,0,0
Q42/M0_P1,2025-11-20,144,2118.68202865228,2391.32493034985,59182.4484586781,0,0,59182.4484586781,85260.6841429232,85260.6841429232,19677.6378285952,15693.5080296343,0,6483.47831062901,0,0,0
Q42/M0_P1,2025-11-21,144,2391.32493034985,2383.36347616327,16928.0333713644,0,0,16928.0333713644,38532.241665093,38532.241665093,18786.6550760405,15224.3559203607,0,6105.55844274655,0,0,0
Q42/M0_P1,2025-11-22,144,2383.36347616327,2219.06139588438,16990.5746455705,0,0,16990.5746455705,39217.0362675289,39217.0362675289,19149.1134126341,15658.6537364846,0,5506.74710804606,0,0,0
Q42/M0_P1,2025-11-23,144,2219.06139588438,2423.33420525432,60458.8367126207,0,0,60458.8367126207,86092.1162928053,86092.1162928053,21901.2301010109,17556.1508533859,0,6514.940761847,0,0,0
Q42/M0_P1,2025-11-24,144,2423.33420525432,1996.00926808491,59790.2611653423,0,28.3314469046434,59818.592612247,85465.5123779223,85465.5123779223,19945.5380287202,16540.4782467158,5.36275731679791,7903.87165323475,0,0,0
Q42/M0_P1,2025-11-25,144,1996.00926808491,2327.27369316569,59843.1004905895,0,0,59843.1004905895,85734.6509949652,85734.6509949652,20972.8308460919,16689.8550027617,0,5283.01468496838,0,0,0
Q42/M0_P1,2025-11-26,144,2327.27369316569,2561.10846614777,60396.3392417567,0,0,60396.3392417567,85401.0605299715,85401.0605299715,20210.5843741099,16160.1220473451,0,4592.93131987347,0,0,0
Q42/M0_P1,2025-11-27,144,2561.10846614777,2486.48410419245,60909.9481796785,0,0,60909.9481796785,85875.5765956005,85875.5765956005,20151.3009870387,16389.7157252611,0,6333.09860048964,0,0,0
Q42/M0_P1,2025-11-28,144,2486.48410419245,2197.13670546503,16721.400004936,0,0,16721.400004936,39342.5887659062,39342.5887659062,18784.8353348752,15476.1292801036,0,5112.64416113458,0,0,0
Q42/M0_P1,2025-11-29,144,2197.13670546503,2301.90779720113,17566.6743730901,0,0,17566.6743730901,41057.2375548196,41057.2375548196,19536.8300813446,15730.5383833267,0,2321.49575680159,0,0,0
Q42/M0_P1,2025-11-30,144,2301.90779720113,2370.60717567879,62750.5448903779,0,0,62750.5448903779,88163.6295104987,88163.6295104987,21919.4497328096,17692.9248429458,0,3692.27650396833,0,0,0
Q42/M0_P1,2025-12-01,144,2370.60717567879,1563.27924589644,66890.9121212623,0,15588.0226857733,82478.9348070356,88631.2666070906,88631.2666070906,22652.036829954,19074.7449690668,2394.63072322154,1149.67773609167,0,0,0
Q42/M0_P1,2025-12-02,144,1563.27924589644,1594.91134659865,69136.4741292256,0,20825.1984627483,89961.6725919739,90423.9273758408,90423.9273758408,24546.4151621377,19854.1273906996,3133.13275011242,226.962404515012,0,0,0
Q42/M0_P1,2025-12-03,144,1594.91134659865,3487.905722659,75886.8093388117,0,12.4911725317617,75899.3005113434,98119.6125548128,98119.6125548128,25165.8853753425,18680.6722155731,1.74226550411629,4473.3930938809,0,0,0
Q42/M0_P1,2025-12-04,144,3487.905722659,2951.10939972813,73643.4531660879,0,455.196338755108,74098.649504843,94853.3853757297,94853.3853757297,22802.6433430084,18953.2577984746,64.0872121502179,4296.8782933461,0,0,0
Q42/M0_P1,2025-12-05,144,2951.10939972813,3129.81566747735,24429.1428034066,0,0,24429.1428034066,51604.6591920661,51604.6591920661,21430.7374650845,17198.0617057441,0,6060.35574939237,0,0,0
Q42/M0_P1,2025-12-06,144,3129.81566747735,2986.64684983469,24402.6744026667,0,0,24402.6744026667,51182.8461128978,51182.8461128978,21174.6659953453,17280.3313921081,0,3623.88069299394,0,0,0
Q42/M0_P1,2025-12-07,144,2986.64684983469,3040.68508858981,75888.705265812,0,75.7452097606989,75964.4504755727,97862.8080546639,97862.8080546639,21633.2884300657,17474.3292134736,11.0078781805986,6062.17546625245,0,0,0
Q42/M0_P1,2025-12-08,144,3040.68508858981,3705.00386663041,80677.6300754632,0,0,80677.6300754632,104282.921067581,104282.921067581,21856.0439962164,17105.5087366987,0,11685.1746913971,0,0,0
Q42/M0_P1,2025-12-09,144,3705.00386663041,2777.57056164826,75894.7580390246,0,26.0667639636316,75920.8248029882,99664.7494432636,99664.7494432636,22005.729857287,18659.3311588864,3.52526397616555,8933.42174217255,0,0,0
Q42/M0_P1,2025-12-10,144,2777.57056164826,2507.73649632292,76743.4187089466,0,0,76743.4187089466,99504.8030746315,99504.8030746315,22132.2060238145,18169.9375380826,0,7154.91612223288,0,0,0
Q42/M0_P1,2025-12-11,144,2507.73649632292,2848.32289282377,75273.86166817,0,0,75273.86166817,99833.192952677,99833.192952677,21758.0546510048,17317.4965104631,0,9431.38011213534,0,0,0
Q42/M0_P1,2025-12-12,144,2848.32289282377,2515.13230967172,25217.4497787301,0,0,25217.4497787301,52733.9157599568,52733.9157599568,20915.1181443007,17241.1172217205,0,5345.50135404318,0,0,0
Q42/M0_P1,2025-12-13,144,2515.13230967172,2906.00113794697,25904.4362442173,0,0,25904.4362442173,54205.807018869,54205.807018869,20367.5345465801,16145.9210372821,0,6185.66012623773,0,0,0
Q42/M0_P1,2025-12-14,144,2906.00113794697,2749.24766991858,77128.9484494301,0,0,77128.9484494301,99777.4839411069,99777.4839411069,22562.7337396657,18416.8924503548,0,6852.92085179601,0,0,0
Q42/M0_P1,2025-12-15,144,2749.24766991858,2799.68851083318,82046.8519469726,0,0,82046.8519469726,105587.363806057,105587.363806057,22639.6384537057,18292.7103906785,0,11770.8777763633,0,0,0
Q42/M0_P1,2025-12-16,144,2799.68851083318,2613.56629169642,80284.0857491014,0,0,80284.0857491014,104232.606292777,104232.606292777,23135.9929259773,18907.6642672647,0,10586.1863007312,0,0,0
Q42/M0_P1,2025-12-17,144,2613.56629169642,2604.83087255691,79843.6009011487,0,0,79843.6009011487,103376.396363245,103376.396363245,21320.6978681553,17277.6271504313,0,11141.4785788547,0,0,0
Q42/M0_P1,2025-12-18,144,2604.83087255691,2618.52104599736,78468.0493567963,0,0,78468.0493567963,102737.091840384,102737.091840384,22032.7811429656,17834.2315697058,0,11172.2753004577,0,0,0
Q42/M0_P1,2025-12-19,144,2618.52104599736,2299.3412713382,27191.6088216895,0,0,27191.6088216895,56275.9374929509,56275.9374929509,17905.8877458768,14791.0308713534,0,10252.6893184275,0,0,0
Q42/M0_P1,2025-12-20,144,2299.3412713382,2710.5002581637,27273.1213409889,0,0,27273.1213409889,56861.3413111372,56861.3413111372,20077.7601876044,15892.9426638166,0,9820.17153734944,0,0,0
Q42/M0_P1,2025-12-21,144,2710.5002581637,2816.47265847346,77816.2571740532,0,0,77816.2571740532,102068.573878479,102068.573878479,24272.0633984263,19564.9961924465,0,8323.72480583287,0,0,0
Q42/M0_P1,2025-12-22,144,2816.47265847346,2032.02593204407,78332.748598337,0,0,78332.748598337,100864.602114481,100864.602114481,22402.0559360901,18851.6673620194,0,8376.78645707731,0,0,0
Q42/M0_P1,2025-12-23,144,2032.02593204407,2390.23126623723,77770.8004660948,0,0,77770.8004660948,101490.163529425,101490.163529425,22538.5680323132,17933.8553053998,0,9627.35826917863,0,0,0
Q42/M0_P1,2025-12-24,144,2390.23126623723,2114.60196333777,76535.6430630462,0,0,76535.6430630462,100408.003004858,100408.003004858,22806.7194867626,18721.5091568872,0,8468.23335831603,0,0,0
Q42/M0_P1,2025-12-25,144,2114.60196333777,2250.50658651374,76534.7753039407,0,0,76534.7753039407,99972.3308175736,99972.3308175736,22014.3820787393,17709.3353229204,0,7854.83552842146,0,0,0
Q42/M0_P1,2025-12-26,144,2250.50658651374,2537.99647151664,26021.584761219,0,0,26021.584761219,54410.6431079356,54410.6431079356,20296.8384323253,16181.6982336809,0,7287.88047595786,0,0,0
Q42/M0_P1,2025-12-27,144,2537.99647151664,2468.96579631986,24923.5319173537,0,0,24923.5319173537,54012.512619966,54012.512619966,20589.4630609303,16739.5926870307,0,6823.83317939971,0,0,0
Q42/M0_P1,2025-12-28,144,2468.96579631986,2664.1011024461,76002.9274132174,0,254.54677856389,76257.4741917813,100146.618178945,100146.618178945,21872.1676563819,17540.8340261557,34.1134572187119,9040.1432559379,0,0,0
Q42/M0_P1,2025-12-29,144,2664.1011024461,2132.61950039912,76257.1141476202,0,0,76257.1141476202,99969.5955707028,99969.5955707028,20766.0778129406,17298.8564703242,0,8978.60796141971,0,0,0
Q42/M0_P1,2025-12-30,144,2132.61950039912,2107.54910340383,74244.1756418984,0,0,74244.1756418984,98866.6799687155,98866.6799687155,22807.1903421259,18496.3875344177,0,8331.47456100734,0,0,0
Q42/M0_P1,2025-12-31,144,2107.54910340383,1875.68389574504,74762.4315907276,0,0,74762.4315907276,98561.7416364213,98561.7416364213,23109.8514044913,18927.6583245308,0,5733.12562312751,0,0,0
Q42/R2_P1,2025-01-01,144,6000,6000,0,0,432888.799843008,432888.799843008,0,0,0,0,92035.1700166667,0,0,0,0
Q42/R2_P1,2025-01-02,144,6000,4710.6943124074,86423.9077016733,0,0,86423.9077016733,92035.1700166667,92035.1700166667,1633.18878333333,2483.25803333333,0,0,0,0,0
Q42/R2_P1,2025-01-03,144,4710.6943124074,10800,70194.2236261767,0,0,70194.2236261767,92460.2046416667,92460.2046416667,6765.89520843622,0,0,40189.3680665638,0,0,0
Q42/R2_P1,2025-01-04,144,10800,10713.1395061728,56988.3549234672,0,0,56988.3549234672,76808.4502166667,76808.4502166667,0,78.1744444444445,0,32121.0222944444,0,0,0
Q42/R2_P1,2025-01-05,144,10713.1395061728,1200,63100.9199660037,0,71714.7805642049,134815.700530209,69186.5846166667,69186.5846166667,0,8561.82555555555,13287.3001277778,0,0,0,0
Q42/R2_P1,2025-01-06,144,1200,1200,67802.136494766,0,91001.8500046617,158803.986499428,73420.02987,73420.02987,0,0,17212.45123,0,0,0,0
Q42/R2_P1,2025-01-07,144,1200,1200,69866.9209812197,0,85093.9065809181,154960.827562138,76212.3145166667,76212.3145166667,0,0,16354.5864333333,0,0,0,0
Q42/R2_P1,2025-01-08,144,1200,1200,72473.3577658288,0,58585.7860535951,131059.143819424,78489.435052381,78489.435052381,51.3445833333333,41.5891125000001,11046.321735119,0,0,0,0
Q42/R2_P1,2025-01-09,144,1200,1302.86344714286,72171.9098547264,0,67277.4814793429,139449.391334069,78154.3408309524,78154.3408309524,132.77330952381,14.9692782857145,13055.0193169524,0,0,0,0
Q42/R2_P1,2025-01-10,144,1302.86344714286,10800,57612.8304302079,0,0,57612.8304302079,77932.3540785714,77932.3540785714,10552.373947619,0,0,21889.3134142857,0,0,0
Q42/R2_P1,2025-01-11,144,10800,10733.3105820106,58321.7472164745,0,0,58321.7472164745,77889.6634714286,77889.6634714286,0,60.0204761904763,0,33083.7973309524,0,0,0
Q42/R2_P1,2025-01-12,144,10733.3105820106,1200,72341.0337572093,0,24000.244615575,96341.2783727843,77887.0290166667,77887.0290166667,4.2564285714285,8583.42723095239,4399.68858095238,0,0,0,0
Q42/R2_P1,2025-01-13,144,1200,1200,71641.0132039324,0,52174.1551097155,123815.168313648,77862.7687452381,77862.7687452381,11.8376190476189,9.58847142857137,10413.4373690476,0,0,0,0
Q42/R2_P1,2025-01-14,144,1200,1200,71547.2618426421,0,60123.4622561946,131670.724098837,77525.8367261905,77525.8367261905,7.07416666666671,5.73007499999992,11755.8202988095,0,0,0,0
Q42/R2_P1,2025-01-15,144,1200,1200,71307.4231522405,0,68698.2346262256,140005.657778466,77108.8427619048,77108.8427619048,26.8623928571428,21.7585382142855,12966.6040260714,0,0,0,0
Q42/R2_P1,2025-01-16,144,1200,1293.82521428571,71027.3789956817,0,62702.7011399518,133730.080135633,77164.6689642857,77164.6689642857,120.54325952381,13.1973473571428,12016.828397881,0,0,0,0
Q42/R2_P1,2025-01-17,144,1293.82521428571,10800,56674.3302740548,0,0,56674.3302740548,76931.7210190476,76931.7210190476,10562.4164285714,0,0,23680.1911238095,0,0,0
Q42/R2_P1,2025-01-18,144,10800,10702.7267195767,56256.2838101329,0,0,56256.2838101329,76583.3699,76583.3699,0,87.5459523809524,0,33428.4068357143,0,0,0
Q42/R2_P1,2025-01-19,144,10702.7267195767,1200,70045.5861944733,0,21144.5220465458,91190.1082410191,76353.4446166667,76353.4446166667,19.0979214285715,8567.92336397619,3780.86940745239,0,0,0,0
Q42/R2_P1,2025-01-20,144,1200,1200,69804.3862685374,0,62758.0842103024,132562.47047884,76121.0649309524,76121.0649309524,10.6061904761905,8.59101428571437,11948.0267952381,0,0,0,0
Q42/R2_P1,2025-01-21,144,1200,1200,69147.4752098352,0,37439.8624792154,106587.337689051,76094.7079333333,76094.7079333333,1139.57118809524,923.052662357143,7597.7152757381,0,0,0,0
Q42/R2_P1,2025-01-22,144,1200,1200,69141.5870714136,0,70131.1204945072,139272.707565921,75385.6655880952,75385.6655880952,1.08285714285716,0.877114285714242,13513.3045214286,0,0,0,0
Q42/R2_P1,2025-01-23,144,1200,1308.46970357143,69033.4617541836,0,74215.1346118532,143248.596366037,75221.7749976191,75221.7749976191,143.246738095238,18.4071246428572,14468.9902158333,0,0,0,0
Q42/R2_P1,2025-01-24,144,1308.46970357143,10800,54694.4952474583,0,0,54694.4952474583,75202.5788452381,75202.5788452381,10546.1447738095,0,0,24827.0209214286,0,0,0
Q42/R2_P1,2025-01-25,144,10800,10789.2923280423,54548.1297287121,0,0,54548.1297287121,74937.9405214286,74937.9405214286,0,9.6369047619047,0,36508.0019595238,0,0,0
Q42/R2_P1,2025-01-26,144,10789.2923280423,1200,67930.2259883517,0,24858.565027144,92788.7910154957,74450.6763666667,74450.6763666667,15.3892857142857,8642.82841666667,4620.87453571428,0,0,0,0
Q42/R2_P1,2025-01-27,144,1200,1200,67136.3706425233,0,49774.2529493966,116910.62359192,74213.407802381,74213.407802381,205.527735714286,166.477465928572,10020.5592507381,0,0,0,0
Q42/R2_P1,2025-01-28,144,1200,1200,66201.1466497557,0,67689.507788957,133890.654438713,73724.789897619,73724.789897619,30.6625857142856,24.8366944285713,13261.4353603333,0,0,0,0
Q42/R2_P1,2025-01-29,144,1200,1200,65906.8803495605,0,36522.3833397621,102429.263689323,73968.9248095238,73968.9248095238,327.973197619047,265.658290071429,7478.59114802381,0,0,0,0
Q42/R2_P1,2025-01-30,144,1200,1293.83907642857,65885.2648054469,0,57544.6833271645,123429.948132611,73039.3376309524,73039.3376309524,364.980028571428,211.178654357143,10857.0465265952,0,0,0,0
Q42/R2_P1,2025-01-31,144,1293.83907642857,10800,52295.1882423752,0,0,52295.1882423752,72516.0167738095,72516.0167738095,10562.4010261905,0,0,23189.2926976191,0,0,0
Q42/R2_P1,2025-02-01,144,10800,10330.4954026191,17674.8185266602,0,422.15461534298,18096.9731420031,41857.5594623401,41857.5594623401,18887.5005422745,15721.4295768852,144.978711322527,4458.2912749399,0,0,0
Q42/R2_P1,2025-02-02,144,10330.4954026191,8403.17138864121,59416.1076781347,0,494.398090738297,59910.505768873,85069.4805058921,85069.4805058921,21551.8634267466,19191.6009882449,111.328874210611,4464.26899160102,0,0,0
Q42/R2_P1,2025-02-03,144,8403.17138864121,8542.01075647132,59279.6939530534,0,4635.84742534566,63915.541378399,84526.5936880458,84526.5936880458,23682.838760827,19058.1439652228,978.490238079148,663.472630520707,0,0,0
Q42/R2_P1,2025-02-04,144,8542.01075647132,6260.62090250308,58597.1791268707,0,9744.60965221816,68341.7887790889,82480.392724157,82480.392724157,21222.4125413378,19243.405027055,1847.33551571204,1153.85677558626,0,0,0
Q42/R2_P1,2025-02-05,144,6260.62090250308,7212.42306697359,59083.8020910718,0,9762.40779754534,68846.2098886172,84781.0693205279,84781.0693205279,24353.0674167368,18869.3626595334,1955.91429263921,504.851872630327,0,0,0
Q42/R2_P1,2025-02-06,144,7212.42306697359,1963.75701055371,57132.1888812512,0,3587.39697941625,60719.5858606674,79146.863641664,79146.863641664,19399.2221129022,20437.1693622287,723.11358843382,636.867262757636,0,0,0
Q42/R2_P1,2025-02-07,144,1963.75701055371,7791.56299783598,18054.1542747268,0,2287.93467713308,20342.0889518599,44541.4425049054,44541.4425049054,26516.9035503599,16233.6664872375,594.778925955701,3047.30470107198,0,0,0
Q42/R2_P1,2025-02-08,144,7791.56299783598,10579.3588739659,15372.9663533854,0,4821.22985477804,20194.1962081634,38490.3611894624,38490.3611894624,24290.1905635694,17166.0380679743,1507.49321939813,1296.5391965988,0,0,0
Q42/R2_P1,2025-02-09,144,10579.3588739659,4861.54942071418,53834.5690602262,0,12393.9560825834,66228.5251428097,75872.7622450833,75872.7622450833,18060.3900804481,19774.9444730895,2427.33941573701,459.240086794979,0,0,0
Q42/R2_P1,2025-02-10,144,4861.54942071418,5417.16386827266,56464.4982844924,0,2580.18069621052,59044.6789807029,83320.3923701685,83320.3923701685,21763.4366688546,17128.3306989696,640.05952839782,4998.70834534796,0,0,0
Q42/R2_P1,2025-02-11,144,5417.16386827266,4825.38086723335,55257.5899860876,0,4543.71836173676,59801.3083478243,80813.2427439717,80813.2427439717,22102.541587179,18435.6633865504,885.000792357929,2810.76820236763,0,0,0
Q42/R2_P1,2025-02-12,144,4825.38086723335,7750.18263357564,54362.451484903,0,7904.15829643901,62266.609781342,82358.272542224,82358.272542224,27689.4435847344,19796.1277139268,1609.80130209768,808.021840180739,0,0,0
Q42/R2_P1,2025-02-13,144,7750.18263357564,1963.8377677287,50218.2854239653,0,3848.46202866539,54066.7474526307,72878.4186572351,72878.4186572351,15778.119133371,17987.9868772927,1063.65598176323,4822.46336625342,0,0,0
Q42/R2_P1,2025-02-14,144,1963.8377677287,3742.32520369793,14432.7085705953,0,6004.30465228371,20437.013222879,35914.6879128944,35914.6879128944,22066.8948969922,16273.5461741914,1961.64398869999,2281.18136212691,0,0,0
Q42/R2_P1,2025-02-15,144,3742.32520369793,10389.1602857263,16468.9492710097,0,7185.38483846493,23654.3341094746,40625.3662402714,40625.3662402714,26447.4420009796,15440.2764469679,2418.82995347824,2756.93953973794,0,0,0
Q42/R2_P1,2025-02-16,144,10389.1602857263,5533.26292603735,47651.7727460448,0,23189.8067233028,70841.5794693476,69704.654904081,69704.654904081,16591.1300084919,17809.1229305986,4481.48620408874,26.7549302763599,0,0,0
Q42/R2_P1,2025-02-17,144,5533.26292603735,7711.05508061348,51987.0923760307,0,4427.359470802,56414.4518468327,78793.623824698,78793.623824698,24145.9659090216,17598.219447189,1060.12302074224,2122.13721694091,0,0,0
Q42/R2_P1,2025-02-18,144,7711.05508061348,4859.03529509677,47677.7635803112,0,6677.85515871972,54355.6187390309,71555.0063958326,71555.0063958326,18937.9363954982,17906.5462873185,1594.14056777349,26.369072093175,0,0,0
Q42/R2_P1,2025-02-19,144,4859.03529509677,5359.08711398316,49239.239934622,0,15029.1813250874,64268.4212597094,75261.5708350229,75261.5708350229,22427.974101629,17716.6123853217,3172.0406011928,842.922336575064,0,0,0
Q42/R2_P1,2025-02-20,144,5359.08711398316,1959.39189848994,47511.5195441162,0,8056.56444532621,55568.0839894424,70658.4948891534,70658.4948891534,19761.1970238491,19066.2952832617,1770.44454331252,740.903958545181,0,0,0
Q42/R2_P1,2025-02-21,144,1959.39189848994,6887.59697537649,15735.7137928581,0,3710.97470858729,19446.6885014454,38639.5867268948,38639.5867268948,24290.7098787552,15240.0904325938,1457.61299977498,5486.3182471751,0,0,0
Q42/R2_P1,2025-02-22,144,6887.59697537649,9938.8973508676,15118.7224544561,0,3918.89960953154,19037.6220639876,36952.4612659756,36952.4612659756,23743.2867143609,16485.8919006903,1375.45338755535,3225.75695652702,0,0,0
Q42/R2_P1,2025-02-23,144,9938.8973508676,6370.84117915412,47060.3859929168,0,7837.92980866563,54898.3158015825,70594.3568423746,70594.3568423746,18270.966918723,18010.7337587077,1748.20362346967,550.473622495722,0,0,0
Q42/R2_P1,2025-02-24,144,6370.84117915412,4122.75836494959,46371.321799878,0,4721.60213724359,51092.9239371216,70217.0970997699,70217.0970997699,20918.3648042157,18967.1500241988,1021.12176654451,1083.9704696308,0,0,0
Q42/R2_P1,2025-02-25,144,4122.75836494959,6176.6171683194,47461.8910586357,0,3987.29775306109,51449.1888116968,74756.1569989136,74756.1569989136,23612.6863189058,17277.8029952809,1014.653434793,3614.60387674831,0,0,0
Q42/R2_P1,2025-02-26,144,6176.6171683194,7006.46485470984,46505.3240484873,0,8225.20639384674,54730.5304423341,72449.448416089,72449.448416089,24416.8230203608,19030.7637287408,1839.15285845462,87.6939495903164,0,0,0
Q42/R2_P1,2025-02-27,144,7006.46485470984,2770.7645136686,42139.3280251204,0,13123.8019990614,55263.1300241818,65731.9323878363,65731.9323878363,19614.2315891429,19699.6578941429,2483.87531975321,1344.64981258947,0,0,0
Q42/R2_P1,2025-02-28,144,2770.7645136686,4814.60999268813,14073.9348291114,0,2264.21467965683,16338.1495087682,34859.3602068433,34859.3602068433,20130.4189454261,14466.1784146775,903.099726005326,6805.62585210006,0,0,0
Q42/R2_P1,2025-03-01,144,4814.60999268813,10791.1010154845,15865.2876792796,0,671.015074251983,16536.3027535316,39969.5456958295,39969.5456958295,24829.0484225276,14732.6873017306,228.371359985029,6442.79000168428,0,0,0
Q42/R2_P1,2025-03-02,144,10791.1010154845,7276.24602197235,45979.2300655461,0,22434.4342486298,68413.6643141759,69425.5705705977,69425.5705705977,15719.6630809317,15896.2965897156,4050.20827072342,1294.10528343841,0,0,0
Q42/R2_P1,2025-03-03,144,7276.24602197235,6341.48375448677,45769.5491431508,0,25389.3421871582,71158.891330309,70703.959653406,70703.959653406,20648.3022885542,17566.4108944659,4838.07272390853,442.994349892929,0,0,0
Q42/R2_P1,2025-03-04,144,6341.48375448677,6988.78092122344,48343.0361056464,0,1493.57820331993,49836.6143089663,74703.4443259297,74703.4443259297,23120.5563436489,18145.0831882926,402.098407714712,930.611644954798,0,0,0
Q42/R2_P1,2025-03-05,144,6988.78092122344,6409.96179090846,46441.371564804,0,2002.23863402901,48443.610198833,72918.7708876411,72918.7708876411,21174.493535261,17672.2769808449,398.808002354635,3684.89031891301,0,0,0
Q42/R2_P1,2025-03-06,144,6409.96179090846,1200.00000062333,41233.9124464619,0,8802.69991080902,50036.6123572709,63276.8021397362,63276.8021397362,15748.027150799,17444.8676034038,2079.83565061038,1112.82410961807,0,0,0
Q42/R2_P1,2025-03-07,144,1200.00000062333,4685.58734906709,13434.7357386994,0,2361.25520025136,15795.9909389507,34097.7133721659,34097.7133721659,19847.1482728669,12939.1614874228,755.606035243361,7023.04708863185,0,0,0
Q42/R2_P1,2025-03-08,144,4685.58734906709,9760.93903847215,13474.8502503677,0,5351.48929445355,18826.3395448212,34854.407796197,34854.407796197,22573.5100961573,13716.7266574228,2013.37845739601,8947.86329819195,0,0,0
Q42/R2_P1,2025-03-09,144,9760.93903847215,5677.64261627892,40784.8453549351,0,3130.17106928972,43915.0164242248,64725.8505605468,64725.8505605468,19912.4507422033,19804.0518811586,755.389951749283,2039.31660125132,0,0,0
Q42/R2_P1,2025-03-10,144,5677.64261627892,7058.83979404462,43608.1014799361,0,25607.5399783741,69215.6414583102,68578.9913248457,68578.9913248457,21441.7304201711,16124.7241803495,4790.70936718063,10.6230022046709,0,0,0
Q42/R2_P1,2025-03-11,144,7058.83979404462,5619.55642963239,42762.4174819824,0,5012.75800425068,47775.1754862331,67633.9611187577,67633.9611187577,20217.4860615255,17671.5187378066,1100.52524481358,2249.60023985241,0,0,0
Q42/R2_P1,2025-03-12,144,5619.55642963239,6155.60958690927,42077.2073749197,0,5188.75466626888,47265.9620411886,68051.0649821772,68051.0649821772,22172.5553179104,17477.3219659582,1212.89357057743,2133.19051746914,0,0,0
Q42/R2_P1,2025-03-13,144,6155.60958690927,1200.00000063391,39269.3143641491,0,30574.4588705845,69843.7732347337,60106.6678696034,60106.6678696034,13372.7841395489,15292.0037806824,5519.7305059297,0,0,0,0
Q42/R2_P1,2025-03-14,144,1200.00000063391,4018.12413853291,12504.1457853563,0,2617.50858190195,15121.6543672583,32064.8267098112,32064.8267098112,19009.0879072019,12861.0494807245,1011.83554089821,10899.1978408986,0,0,0
Q42/R2_P1,2025-03-15,144,4018.12413853291,9823.31828371152,13853.5437174234,0,6112.36521347973,19965.9089309032,35364.5895802493,35364.5895802493,23602.3313303459,13893.2136469194,2177.19224716912,6908.53899399191,0,0,0
Q42/R2_P1,2025-03-16,144,9823.31828371152,5876.62386155183,39875.2984676971,0,7146.29491602494,47021.5933837221,63056.4595430157,63056.4595430157,18834.1716087829,18807.7039830579,1737.79661476415,1416.74159872146,0,0,0
Q42/R2_P1,2025-03-17,144,5876.62386155183,5550.17667984084,40715.6870224172,0,2358.19153596376,43073.878558381,67091.8293883725,67091.8293883725,20165.4172846308,16627.7904640908,685.915883261717,6381.98701776092,0,0,0
Q42/R2_P1,2025-03-18,144,5550.17667984084,5439.50081495613,38654.5279544862,0,12903.5284341121,51558.0563885982,63533.8201819488,63533.8201819488,22388.5334823754,18234.3203991202,2692.759193307,946.407925334051,0,0,0
Q42/R2_P1,2025-03-19,144,5439.50081495613,5069.97143110288,38172.2675898368,0,8237.696978465,46409.9645683018,62538.9527711649,62538.9527711649,21109.9059648443,17431.6002769918,1803.7092782799,1198.88591159234,0,0,0
Q42/R2_P1,2025-03-20,144,5069.97143110288,1247.51917887096,36993.974753527,0,17302.6815899773,54296.6563435043,58358.7648763098,58358.7648763098,15874.0035029277,16298.1498643801,3504.19330611,78.142727205604,0,0,0
Q42/R2_P1,2025-03-21,144,1247.51917887096,4592.39154787452,12308.7917110547,0,4791.22980786584,17100.0215189205,31844.9249095001,31844.9249095001,20988.4760435044,13990.2804631354,1891.36892990096,14704.6337423654,0,0,0
Q42/R2_P1,2025-03-22,144,4592.39154787452,10046.8451145915,13460.3004122755,0,1883.85455210409,15344.1549643796,34727.7082240437,34727.7082240437,23102.8869447483,13804.3302151999,778.647791978436,10326.5995531414,0,0,0
Q42/R2_P1,2025-03-23,144,10046.8451145915,4280.47451666898,35284.6573967328,0,5626.92996895569,40911.5873656885,56696.9405955386,56696.9405955386,15868.808468194,18043.4683973673,1286.08104003358,1387.96144807888,0,0,0
Q42/R2_P1,2025-03-24,144,4280.47451666898,4786.572955316,37690.9265013486,0,6691.91178262326,44382.8382839719,62073.716464478,62073.716464478,22065.5057502413,17417.5710629129,1600.07223707739,1027.3569308939,0,0,0
Q42/R2_P1,2025-03-25,144,4786.572955316,5455.69332845604,37809.6974611692,0,15614.5953347971,53424.2927959664,62324.2414342863,62324.2414342863,21122.2357699849,16506.8026378617,3286.17111657405,44.8547020705527,0,0,0
Q42/R2_P1,2025-03-26,144,5455.69332845604,6199.04835361431,37307.8684869839,0,2455.6663814537,39763.5348684377,62186.502523701,62186.502523701,22857.4858659664,17845.5440287904,673.11923558888,2255.12505544711,0,0,0
Q42/R2_P1,2025-03-27,144,6199.04835361431,1972.17677843739,35086.2330649619,0,7795.04158636302,42881.2746513249,56931.0356559777,56931.0356559777,17007.2167829193,17580.0300118238,1952.53318581818,739.392670700414,0,0,0
Q42/R2_P1,2025-03-28,144,1972.17677843739,3223.52155706016,11442.8138092487,0,2617.77578682202,14060.5895960707,29259.1493432664,29259.1493432664,18069.706724477,13510.2521460658,1057.10120905784,14934.9152072465,0,0,0
Q42/R2_P1,2025-03-29,144,3223.52155706016,10136.4189160206,13587.0503065665,0,1955.46147642934,15542.5117829959,36163.5863271948,36163.5863271948,25495.2025081287,14429.5064085198,774.675006647819,18165.3560509005,0,0,0
Q42/R2_P1,2025-03-30,144,10136.4189160206,5645.64557477531,32699.7701390644,0,4401.4371302579,37101.2072693223,53789.8562525095,53789.8562525095,17054.344655797,17855.7151783164,1206.07675586353,451.683830892331,0,0,0
Q42/R2_P1,2025-03-31,144,5645.64557477531,4984.04766371717,34344.738242103,0,15255.6106130892,49600.3488551921,56673.220018653,56673.220018653,17620.758633566,14868.2526131408,3049.98664455328,19.3111594477956,0,0,0
Q42/R2_P1,2025-04-01,144,4984.04766371717,4156.62455120126,35490.0518292449,0,29267.2388917205,64757.2907209654,57094.2670509213,57094.2670509213,15023.8461020356,12913.9961439132,5247.1292748605,22.6948509926505,0,0,0
Q42/R2_P1,2025-04-02,144,4156.62455120126,7696.85193297704,36981.2242163679,0,29482.983350771,66464.2075671389,62474.3676132207,62474.3676132207,22418.2926875918,14972.6124333511,5537.44649454944,130.798453529532,0,0,0
Q42/R2_P1,2025-04-03,144,7696.85193297704,1883.59219117486,34148.4712365215,0,5532.97546685899,39681.4467033805,54618.2739521225,54618.2739521225,15759.9902366657,17997.5258593212,1399.77131528581,2392.05062339708,0,0,0
Q42/R2_P1,2025-04-04,144,1883.59219117486,5130.13335706218,11756.3037006725,0,1446.41048138045,13202.7141820529,31152.407377749,31152.407377749,20898.0936064801,14005.5687719503,612.302797574755,18441.383090794,0,0,0
Q42/R2_P1,2025-04-05,144,5130.13335706218,10022.3178454772,12623.9820852586,0,2000.5235248059,14624.5056100645,33189.5117049669,33189.5117049669,21974.9463219458,13396.7404812026,726.045756064845,13293.2366369552,0,0,0
Q42/R2_P1,2025-04-06,144,10022.3178454772,7199.99676591899,34873.0126379141,0,1803.298247315,36676.3108852291,57319.9809520789,57319.9809520789,18653.6640915279,17649.55688574,453.062659164407,2358.86013878865,0,0,0
Q42/R2_P1,2025-04-07,144,7199.99676591899,5513.54114706811,34426.4556649112,0,2034.69044649931,36461.1461114105,57428.5496963112,57428.5496963112,18889.8140490827,16818.5594367228,585.802218843808,2700.37801946175,0,0,0
Q42/R2_P1,2025-04-08,144,5513.54114706811,4826.1859106491,35362.9432080597,0,6315.26407005,41678.2072781097,59237.894519471,59237.894519471,20722.3155748385,17403.6953283963,1371.38871642306,2937.46937278521,0,0,0
Q42/R2_P1,2025-04-09,144,4826.1859106491,6833.99956353752,35821.4491280366,0,23635.9613269527,59457.4104549893,60745.0983035479,60745.0983035479,20069.7969229574,14449.5032199959,4228.11257181434,218.606155734119,0,0,0
Q42/R2_P1,2025-04-10,144,6833.99956353752,1367.06731732756,32775.7493970675,0,3666.00021003698,36441.7496071044,53050.7824914971,53050.7824914971,17707.3106427439,19263.1606422116,821.124523648211,967.11911461288,0,0,0
Q42/R2_P1,2025-04-11,144,1367.06731732756,4636.17094201732,11682.1983591324,0,1976.9451910631,13659.1435501955,30174.0845642239,30174.0845642239,17524.7775064676,11252.876518018,791.942447388586,19377.4758564962,0,0,0
Q42/R2_P1,2025-04-12,144,4636.17094201732,10069.7478459742,12607.0549286834,0,306.464885329875,12913.5198140133,33373.430356775,33373.430356775,21082.594061474,12186.6819762328,136.025528061386,15588.3832495952,0,0,0
Q42/R2_P1,2025-04-13,144,10069.7478459742,4960.25703950582,32017.5053734564,0,5785.5471675838,37803.0525410402,51806.3249466107,51806.3249466107,15013.0217888069,16759.0893747551,1276.07306660256,552.107115828169,0,0,0
Q42/R2_P1,2025-04-14,144,4960.25703950582,6185.99059996022,34307.3048475606,0,3543.91709828524,37851.2219458458,58115.2890680721,58115.2890680721,21949.1185630186,16675.6258316361,941.257043754449,1255.0215804441,0,0,0
Q42/R2_P1,2025-04-15,144,6185.99059996022,6368.33716576296,33894.7208398769,0,1855.73407192055,35750.4549117975,57597.7068502454,57597.7068502454,19933.1412755134,15981.7325239434,412.057840563615,3918.92710590561,0,0,0
Q42/R2_P1,2025-04-16,144,6368.33716576296,4964.96042547097,33876.5888856908,0,11035.2675132648,44911.8563989555,55848.3250540455,55848.3250540455,17148.3443413591,15153.1979827636,2034.79605282953,108.382798279545,0,0,0
Q42/R2_P1,2025-04-17,144,4964.96042547097,2142.47053423465,32072.0134015016,0,3755.33889344569,35827.3522949473,53182.3564879489,53182.3564879489,17700.9018702362,16877.971417004,735.573250703579,226.656935420327,0,0,0
Q42/R2_P1,2025-04-18,144,2142.47053423465,4122.86727144957,10822.9326166553,0,945.694531329512,11768.6271479848,28719.760035108,28719.760035108,19619.7753306072,14109.6609542984,506.826718208653,17362.3551936745,0,0,0
Q42/R2_P1,2025-04-19,144,4122.86727144957,9346.5205193809,12079.329404312,0,485.724161448102,12565.0535657601,32420.0333090404,32420.0333090404,22981.0345264115,13913.3500432551,235.654500847261,16803.3240767313,0,0,0
Q42/R2_P1,2025-04-20,144,9346.5205193809,5852.66612437678,31280.8794514935,0,5050.23354406937,36331.1129955629,51753.0350251012,51753.0350251012,17875.5580848116,17623.6710042011,1076.93302875222,620.336089909618,0,0,0
Q42/R2_P1,2025-04-21,144,5852.66612437678,4649.57028635135,32058.6811945278,0,2127.79606009059,34186.4772546184,54404.0293003096,54404.0293003096,18958.9886889371,16439.5670922613,570.2970258452,3937.99434614633,0,0,0
Q42/R2_P1,2025-04-22,144,4649.57028635135,8512.74018569865,33987.8854121119,0,10850.0484142336,44837.9338263455,57634.8884157263,57634.8884157263,22343.4867879024,14621.3713887884,2240.15630005435,0,0,0,0
Q42/R2_P1,2025-04-23,144,8512.74018569865,5023.97720734454,31773.4545262034,0,1151.33204648211,32924.7865726855,52007.1532920164,52007.1532920164,16503.1816223213,16507.4637945989,426.729689590755,1038.24843721811,0,0,0
Q42/R2_P1,2025-04-24,144,5023.97720734454,1787.97514761278,30799.9530225796,0,1957.26531408375,32757.2183366633,50700.1657806789,50700.1657806789,15759.2673179321,15677.4083812836,462.402633267032,3990.60277729741,0,0,0
Q42/R2_P1,2025-04-25,144,1787.97514761278,5324.93613054188,10471.3676911372,0,1446.59544854211,11917.9631396793,28895.6504729174,28895.6504729174,18515.1305368697,11813.9908502282,476.754423998,20670.907560274,0,0,0
Q42/R2_P1,2025-04-26,144,5324.93613054188,10548.6416933504,11413.1088917533,0,2862.51243123109,14275.6213229844,30860.8793210596,30860.8793210596,21895.393072059,13033.9333818401,994.666466129796,22923.8924636371,0,0,0
Q42/R2_P1,2025-04-27,144,10548.6416933504,3265.57459919035,26255.2156484321,0,13554.8261900327,39810.0418384648,42152.1545173696,42152.1545173696,14167.065801567,18030.0836840134,3128.05512623047,569.756342713095,0,0,0
Q42/R2_P1,2025-04-28,144,3265.57459919035,4580.08194542605,31787.9850899295,0,43420.6595203922,75208.6446103217,53011.204933886,53011.204933886,14275.1959164256,10379.8520806926,7555.74358955625,49.6373710425863,0,0,0
Q42/R2_P1,2025-04-29,144,4580.08194542605,4321.02373525717,31164.3188343787,0,5724.25520643265,36888.5740408113,53147.6419333396,53147.6419333396,17745.8455735429,14607.2873037218,1366.98943813491,3942.85938498664,0,0,0
Q42/R2_P1,2025-04-30,144,4321.02373525717,5704.24214965353,31410.8113824042,0,907.442973848805,32318.254356253,53789.8136705759,53789.8136705759,20213.644275034,15128.1552898209,175.827794657665,623.298046687056,0,0,0
Q42/R2_P1,2025-05-01,144,5704.24214965353,1928.13367159931,29372.2127960085,0,21277.2818571966,50649.4946532052,46712.0514607592,46712.0514607592,15421.84422261,15890.1914505629,4684.78163239025,853.801521102357,0,0,0
Q42/R2_P1,2025-05-02,144,1928.13367159931,3304.22675938082,10559.0056282935,0,13301.3519884014,23860.3576166949,27190.6401217431,27190.6401217431,17931.6461776123,13286.1496248626,3603.27522734736,11858.0987130075,0,0,0
Q42/R2_P1,2025-05-03,144,3304.22675938082,8939.38317257027,12461.5485497702,0,8133.41572141368,20594.9642711839,32680.9058068998,32680.9058068998,22888.3339490812,13467.9097268853,2034.194081342,16427.5040160459,0,0,0
Q42/R2_P1,2025-05-04,144,8939.38317257027,5797.47403959039,32316.9254452473,0,10144.086377807,42461.0118230544,51878.8019410261,51878.8019410261,15528.4130343531,15405.7327775079,1896.19216774262,1917.64651859019,0,0,0
Q42/R2_P1,2025-05-05,144,5797.47403959039,2915.59080085834,32975.0419411178,0,16071.7013507318,49046.7432918496,52538.7238218013,52538.7238218013,16175.1116485263,15695.5353501651,3082.92030322181,66.0610266619361,0,0,0
Q42/R2_P1,2025-05-06,144,2915.59080085834,5102.25428174786,35973.9881830124,0,13305.5667505885,49279.5549336009,58919.1452010797,58919.1452010797,22818.9373619204,16515.342130355,2683.55014442843,2429.01774727605,0,0,0
Q42/R2_P1,2025-05-07,144,5102.25428174786,5244.18829861114,35531.3596439876,0,10550.2545092801,46081.6141532677,57856.909761017,57856.909761017,20109.7500644794,16161.1569370514,2035.63089463161,876.101578220538,0,0,0
Q42/R2_P1,2025-05-08,144,5244.18829861114,2287.47298361468,35888.0960662295,0,4674.37825138373,40562.4743176132,55942.2924302198,55942.2924302198,16216.9541244327,15796.7766242873,891.706990939801,587.309521014178,0,0,0
Q42/R2_P1,2025-05-09,144,2287.47298361468,3231.71621472831,11775.2172574993,0,2038.02756455545,13813.2448220548,28484.5218592742,28484.5218592742,17370.648411996,13220.4063057145,791.580542756259,16626.474445749,0,0,0
Q42/R2_P1,2025-05-10,144,3231.71621472831,9953.32947132361,14532.8347275045,0,1039.32988792061,15572.1646154251,35698.0727199984,35698.0727199984,23680.6541328347,13131.8779166604,288.503356306085,13316.7545767967,0,0,0
Q42/R2_P1,2025-05-11,144,9953.32947132361,2134.89023134529,32329.8577608609,0,5294.83483713066,37624.6925979916,49822.15903434,49822.15903434,11954.3404341076,16719.6110676076,1038.4118455073,141.762430014048,0,0,0
Q42/R2_P1,2025-05-12,144,2134.89023134529,5815.11256654679,38221.377582281,0,2449.97545406699,40671.353036348,62658.3955624812,62658.3955624812,20447.8923763573,13250.592723168,516.972097858063,4046.87277381667,0,0,0
Q42/R2_P1,2025-05-13,144,5815.11256654679,5149.73209767535,35670.4996216986,0,446.625674536507,36117.1252962351,58004.0268892217,58004.0268892217,18502.9363677714,15586.2208798791,80.8810728060392,2038.97970746876,0,0,0
Q42/R2_P1,2025-05-14,144,5149.73209767535,5694.93517117575,36270.7311050287,0,1603.21686595646,37873.9479709851,59723.104012577,59723.104012577,18811.8556051316,14746.9202740063,310.520231343107,2954.54012946143,0,0,0
Q42/R2_P1,2025-05-15,144,5694.93517117575,2865.11814599406,35335.1923149736,0,4258.50731490003,39593.6996298736,55048.9460613979,55048.9460613979,15506.0574498044,15106.7418570051,1040.71576250328,2925.28794776855,0,0,0
Q42/R2_P1,2025-05-16,144,2865.11814599406,2314.28928755046,11359.0902779994,0,645.33110606181,12004.4213840612,26656.6219505474,26656.6219505474,14574.264943094,12300.9005765054,394.49083988853,22062.2418905139,0,0,0
Q42/R2_P1,2025-05-17,144,2314.28928755046,9901.89333814689,14961.7497859361,0,939.149641095748,15900.8994270319,36224.4949661918,36224.4949661918,22295.2729276944,11230.3274258957,391.82841402078,15102.5787950805,0,0,0
Q42/R2_P1,2025-05-18,144,9901.89333814689,3941.74641246797,32628.1408575292,0,4993.1702970055,37621.3111545347,50197.2160353432,50197.2160353432,11381.1610925783,14582.8727180995,1050.61937182493,773.37893268933,0,0,0
Q42/R2_P1,2025-05-19,144,3941.74641246797,3205.68052016759,34978.2117607495,0,416.250699483329,35394.4624602328,56261.2396857391,56261.2396857391,16574.3595445443,14087.6905341513,78.0722194771396,6337.42634482311,0,0,0
Q42/R2_P1,2025-05-20,144,3205.68052016759,3821.05269332329,35267.7605361737,0,7777.86784300014,43045.6283791739,57245.2192594149,57245.2192594149,18490.875620388,14423.7742966742,1411.21178491072,61.9349039451047,0,0,0
Q42/R2_P1,2025-05-21,144,3821.05269332329,3062.5315119057,34899.8731751403,0,2308.77648454268,37208.649659683,55584.4190699805,55584.4190699805,15922.1767200636,13579.6322065273,613.548966206838,2492.80823931777,0,0,0
Q42/R2_P1,2025-05-22,144,3062.5315119057,2111.92173907024,33486.4942553152,0,2614.07594921799,36100.5702045332,53842.4460446391,53842.4460446391,18258.2387748674,15644.7222031945,573.391425053383,985.690081352886,0,0,0
Q42/R2_P1,2025-05-23,144,2111.92173907024,2131.05241914906,10745.1056625794,0,1387.31914272768,12132.424805307,26213.4893954553,26213.4893954553,14819.8824437364,11986.8871673555,723.230106253221,17682.7753419944,0,0,0
Q42/R2_P1,2025-05-24,144,2131.05241914906,9943.03979343334,14467.7599052232,0,547.676197326232,15015.4361025494,35661.1500855041,35661.1500855041,22263.1215878553,11002.339849307,303.322287826963,20949.1892514493,0,0,0
Q42/R2_P1,2025-05-25,144,9943.03979343334,2615.89477446862,31423.4905171962,0,473.396049023525,31896.8865662197,47931.3794934017,47931.3794934017,12055.9263025114,16359.7308221025,107.554219685223,3797.72804934468,0,0,0
Q42/R2_P1,2025-05-26,144,2615.89477446862,2928.12016972961,34260.4133135539,0,14280.7388896298,48541.1522031836,55538.8476889034,55538.8476889034,16632.1676004505,13191.05290063,2521.80961191183,39.7096509947075,0,0,0
Q42/R2_P1,2025-05-27,144,2928.12016972961,3532.61624963705,33991.6807523517,0,1014.78314577533,35006.463898127,55086.8278040259,55086.8278040259,18574.8076395075,14501.5477160844,397.621722722021,2020.82230332475,0,0,0
Q42/R2_P1,2025-05-28,144,3532.61624963705,3223.06731657384,34036.5672891724,0,4206.82380674052,38243.3910959129,54360.1872011254,54360.1872011254,17618.4879948474,14549.5693155833,997.619245045677,15.0636669069162,0,0,0
Q42/R2_P1,2025-05-29,144,3223.06731657384,1427.18300299102,32415.9521352743,0,18932.3565653321,51348.3087006064,51579.2789291627,51579.2789291627,14016.0652486606,12969.3087336396,3664.98865118685,87.3875653285932,0,0,0
Q42/R2_P1,2025-05-30,144,1427.18300299102,3382.41693985372,11555.4307494572,0,2391.18627227112,13946.6170217283,28067.8341277038,28067.8341277038,16718.7489814289,11782.476131781,881.94880502389,17417.2768164131,0,0,0
Q42/R2_P1,2025-05-31,144,3382.41693985372,10230.3583748552,13281.1490622592,0,1333.92994460903,14615.0790068683,34489.2789778262,34489.2789778262,22403.5835851191,11983.7554124452,607.95134131854,16288.2205964707,0,0,0
Q42/R2_P1,2025-06-01,144,10230.3583748552,2973.75529174098,34583.9473924956,0,86564.5752841172,121148.522676613,50114.6215839568,50114.6215839568,7729.47163754729,12791.8148012161,16047.8615523744,0,0,0,0
Q42/R2_P1,2025-06-02,144,2973.75529174098,2815.36721645822,38099.2227657892,0,69024.2481582566,107123.470924046,57494.9995702977,57494.9995702977,14941.9526894374,12245.5309461988,13845.8947842188,3.66516127789021,0,0,0
Q42/R2_P1,2025-06-03,144,2815.36721645822,1200.00000061024,45888.4403834826,0,11304.3310158577,57192.7713993403,68838.2782293172,68838.2782293172,20451.9105764946,18019.8780612238,2314.56783981985,528.446720532959,0,0,0
Q42/R2_P1,2025-06-04,144,1200.00000061024,1513.25797675572,47968.6937061839,0,10829.686313461,58798.380019645,72018.2053336709,72018.2053336709,20439.5799135285,16274.1275514272,2249.10243706308,456.594591966003,0,0,0
Q42/R2_P1,2025-06-05,144,1513.25797675572,1200.00000022403,49465.0833354934,0,10299.4099392952,59764.4932747886,72846.49047973,72846.49047973,21251.3723838377,17495.5438097866,2313.50368393049,254.847572943117,0,0,0
Q42/R2_P1,2025-06-06,144,1200.00000022403,1200.00000070144,16331.6836868829,0,11944.9346694008,28276.6183562837,33063.3435964937,33063.3435964937,14371.482024763,11640.9004396284,3409.85110770962,2887.61771906868,0,0,0
Q42/R2_P1,2025-06-07,144,1200.00000070144,9937.42595288795,21667.0713260102,0,2942.37443423521,24609.4457602454,45567.1187454996,45567.1187454996,25905.3406245175,13119.6425488914,599.085230847891,2253.9927340546,0,0,0
Q42/R2_P1,2025-06-08,144,9937.42595288795,2983.56139558014,55185.0340543771,0,2.60906023464316e-05,55185.0340804677,77838.4084088163,77838.4084088163,6816.68418706662,11779.992293101,4.797443115541e-06,17616.7932529814,0,0,0
Q42/R2_P1,2025-06-09,144,2983.56139558014,3030.55556420582,52361.6150999477,0,6051.24741973578,58412.8625196835,76747.2711240642,76747.2711240642,20507.3307735531,16568.6431748149,1183.55401371182,3059.42480570444,0,0,0
Q42/R2_P1,2025-06-10,144,3030.55556420582,2350.29398981363,52207.8588287547,0,1467.81402505283,53675.6728538075,76691.9085299643,76691.9085299643,20825.8297241386,17481.1574935053,287.301192941939,2016.0932589395,0,0,0
Q42/R2_P1,2025-06-11,144,2350.29398981363,2331.3068559308,52043.6424255045,0,22735.0485962855,74778.69102179,77192.5220623048,77192.5220623048,21838.9336174183,17706.6246506034,4312.5569451243,1288.32372394749,0,0,0
Q42/R2_P1,2025-06-12,144,2331.3068559308,1910.04047879587,54711.1324114436,0,1446.38722247345,56157.5196339171,79552.1180222481,79552.1180222481,21231.7830051571,17576.8839735987,286.517965482364,3731.34552283868,0,0,0
Q42/R2_P1,2025-06-13,144,1910.04047879587,1240.89472785267,16627.1023780032,0,1688.12841880064,18315.2307968038,33376.5753570519,33376.5753570519,14332.7580701664,12211.7652126836,406.693750205941,3316.96254977506,0,0,0
Q42/R2_P1,2025-06-14,144,1240.89472785267,8639.81945901322,21621.6748683988,0,353.802389066061,21975.4772574648,43743.9662894782,43743.9662894782,21944.6820532098,11116.1602050554,170.938662632542,6893.04035395637,0,0,0
Q42/R2_P1,2025-06-15,144,8639.81945901322,3831.4583075806,55281.7486488511,0,365.682793707806,55647.4314425589,77486.1406775099,77486.1406775099,13965.7197179544,15639.7580078324,81.060283446515,8614.2649175011,0,0,0
Q42/R2_P1,2025-06-16,144,3831.4583075806,3611.09082369487,55736.5888011138,0,1455.80905958817,57192.3978607019,79809.7892203846,79809.7892203846,19866.1154473239,16289.8842478295,376.246089209258,3915.75129343282,0,0,0
Q42/R2_P1,2025-06-17,144,3611.09082369487,2971.05407753051,55431.9912802447,0,8458.98648806821,63890.9777683129,79811.5123256729,79811.5123256729,20072.115065622,16834.4462747017,1538.98117537577,3475.81349346173,0,0,0
Q42/R2_P1,2025-06-18,144,2971.05407753051,3579.02925238999,55834.9414035184,0,346.028627937576,56180.970031456,80926.268677846,80926.268677846,20292.1826097513,15889.4902565251,74.5065963271777,5669.69202094688,0,0,0
Q42/R2_P1,2025-06-19,144,3579.02925238999,2519.93966605287,53237.7251936771,0,984.464890198099,54222.1900838752,77870.4615917657,77870.4615917657,18769.2898377407,16156.3053962734,171.483110201184,7169.45606049956,0,0,0
Q42/R2_P1,2025-06-20,144,2519.93966605287,2008.52553049416,17205.6186491484,0,65.9476642009734,17271.5663133494,33330.9180818943,33330.9180818943,13918.7469958407,11734.4577886338,33.8804707645826,8779.92849545197,0,0,0
Q42/R2_P1,2025-06-21,144,2008.52553049416,7812.80629669047,19791.7094215095,0,113.897034834627,19905.6064563441,40728.6775722146,40728.6775722146,20987.0892042774,11775.689565888,39.740765047646,12222.2782988728,0,0,0
Q42/R2_P1,2025-06-22,144,7812.80629669047,2920.90790535922,47789.8704107377,0,5594.27688449703,53384.1472952347,69015.6721255782,69015.6721255782,14854.7657754101,16435.0688302803,1056.88659726003,4195.52067770838,0,0,0
Q42/R2_P1,2025-06-23,144,2920.90790535922,2480.78211300836,48945.5421721979,0,4908.18765688791,53853.7298290858,73085.0563224605,73085.0563224605,19681.4568479405,16338.0932599476,913.020215602181,3593.42695006977,0,0,0
Q42/R2_P1,2025-06-24,144,2480.78211300836,2363.01862974351,48986.6489944326,0,46756.3206406482,95742.9696350809,71307.3686613718,71307.3686613718,17329.2444703474,14142.6751559197,8371.77220994109,223.779306885289,0,0,0
Q42/R2_P1,2025-06-25,144,2363.01862974351,1909.20737972191,50183.9842458726,0,9787.92521252601,59971.9094583986,74361.3524066771,74361.3524066771,19641.5965969115,16318.1233685177,1834.45037941346,2434.90819103017,0,0,0
Q42/R2_P1,2025-06-26,144,1909.20737972191,1600.77912946466,49527.0854892529,0,3910.17311234453,53437.2586015975,74527.8714357586,74527.8714357586,20458.6509530659,16849.0926972149,793.557347769978,4164.48669434425,0,0,0
Q42/R2_P1,2025-06-27,144,1600.77912946466,1360.22298350165,15388.4023927209,0,1754.31086584106,17142.7132585619,31505.1209803669,31505.1209803669,14685.8395485117,12112.0305656612,823.0052504705,9982.67138132023,0,0,0
Q42/R2_P1,2025-06-28,144,1360.22298350165,8881.83462412824,19228.3679290748,0,456.51302035301,19684.8809494278,41257.6422591253,41257.6422591253,22978.8410653457,11843.4107863661,193.836055636177,8539.1219191152,0,0,0
Q42/R2_P1,2025-06-29,144,8881.83462412824,2027.44851437458,46077.9610028926,0,5698.05124408591,51776.0122469785,66021.543406083,66021.543406083,14902.937153186,18240.326592859,1076.68613362811,1167.85044605073,0,0,0
Q42/R2_P1,2025-06-30,144,2027.44851437458,1895.83738199774,48846.1122747683,0,6835.83269183352,55681.9449666019,73264.1526607641,73264.1526607641,20086.9418389424,16388.8729086825,1568.86761898069,1257.26736615157,0,0,0
Q42/R2_P1,2025-07-01,144,1895.83738199774,1200.00000015506,52111.1011543375,0,47095.2910390943,99206.3921934318,71787.7921033081,71787.7921033081,17878.2932358889,15107.6711647284,10001.4196868134,152.045685627643,0,0,0
Q42/R2_P1,2025-07-02,144,1200.00000015506,2625.76500332839,58754.5329942514,0,16592.6291259917,75347.1621202431,80919.9077199766,80919.9077199766,19590.8333500858,14585.3865107135,3342.303386499,6351.99790043664,0,0,0
Q42/R2_P1,2025-07-03,144,2625.76500332839,1233.96259356411,60177.445851078,0,12356.9907900948,72534.4366411728,79855.6927244547,79855.6927244547,19274.5335835737,16864.9943714826,2485.89600088927,171.630579919477,0,0,0
Q42/R2_P1,2025-07-04,144,1233.96259356411,1904.97418962629,23479.6182336981,0,8286.1005800687,31765.7188137668,41047.8088880583,41047.8088880583,14008.8199083095,10743.2336892747,2270.4240967311,11171.7792990879,0,0,0
Q42/R2_P1,2025-07-05,144,1904.97418962629,8483.44951588901,26387.5216369268,0,5090.20145387789,31477.7230908047,48512.2496984972,48512.2496984972,21385.0707977166,11401.279552514,1145.27707459702,10883.6555612249,0,0,0
Q42/R2_P1,2025-07-06,144,8483.44951588901,1921.80504079186,54166.6741549729,0,34963.3055314995,89129.9796864724,70997.4467178371,70997.4467178371,14980.6370323243,18039.7960237701,5870.41207222102,133.036231503902,0,0,0
Q42/R2_P1,2025-07-07,144,1921.80504079186,6153.99239526668,62331.2294676931,0,3955.24511666244,66286.4745843555,86044.2421870732,86044.2421870732,24031.068499242,15656.1968653587,871.45897240213,5131.34675892536,0,0,0
Q42/R2_P1,2025-07-08,144,6153.99239526668,6694.71885969085,66832.9302849402,0,325.601605154873,67158.5318900951,88990.3755390545,88990.3755390545,20442.4129789451,16071.7006949637,70.867545362785,9119.1437837693,0,0,0
Q42/R2_P1,2025-07-09,144,6694.71885969085,2019.0340508217,56816.2005422651,0,1375.36916969804,58191.5697119631,75062.8166341575,75062.8166341575,15772.3818706712,16983.7456432259,209.076362236619,2424.53175228218,0,0,0
Q42/R2_P1,2025-07-10,144,2019.0340508217,1677.01468037184,59123.0872427322,0,2377.79499631276,61500.8822390449,79675.241263345,79675.241263345,20712.1826889787,17084.6854114776,402.378091748645,3596.49869425923,0,0,0
Q42/R2_P1,2025-07-11,144,1677.01468037184,2459.63133761935,24085.3865823221,0,4024.71624617171,28110.1028284939,41693.9412085231,41693.9412085231,15373.5194636645,11748.1957740455,1334.83264745076,6884.67301635481,0,0,0
Q42/R2_P1,2025-07-12,144,2459.63133761935,7955.18805599384,27020.7017247408,0,1823.92028554366,28844.6220102845,48715.7916357803,48715.7916357803,22083.6686241823,12941.7705390506,484.481275998392,8974.13149331364,0,0,0
Q42/R2_P1,2025-07-13,144,7955.18805599384,2966.09635683707,54344.9544593805,0,2094.50401735807,56439.4584767385,74492.5674828148,74492.5674828148,15579.3562711927,17109.4611089072,306.484380807245,7061.43630133653,0,0,0
Q42/R2_P1,2025-07-14,144,2966.09635683707,5824.78308025286,57870.3661938714,0,5732.80029112162,63603.166484993,79984.7489906176,79984.7489906176,22461.6653517831,15621.1308838701,991.524091299138,2328.05939733702,0,0,0
Q42/R2_P1,2025-07-15,144,5824.78308025286,4779.43371723372,65282.6936891881,0,38.5612551262676,65321.2549443144,86607.3206599246,86607.3206599246,15144.0463651283,13207.4919824712,7.95343096575664,11929.6691248999,0,0,0
Q42/R2_P1,2025-07-16,144,4779.43371723372,3603.30067547517,61189.3176583608,0,830.529363447862,62019.8470218086,81555.0730650206,81555.0730650206,17921.6402719876,15575.0483578927,169.827448875832,7243.74521646816,0,0,0
Q42/R2_P1,2025-07-17,144,3603.30067547517,2868.85543875899,61054.0230387119,0,1203.47844982268,62257.5014885346,81646.4773444282,81646.4773444282,19245.6896504398,16250.0093299008,233.602863007177,6163.98382022967,0,0,0
Q42/R2_P1,2025-07-18,144,2868.85543875899,2362.03354108333,24446.5906800816,0,165.214569416096,24611.8052494977,41923.1302331342,41923.1302331342,12385.6884812223,10488.5473776982,47.757375322027,8799.49840493204,0,0,0
Q42/R2_P1,2025-07-19,144,2362.03354108333,7196.82168575685,27767.1903761643,0,53.2669027245376,27820.4572788889,49373.6921052589,49373.6921052589,18659.4204567608,10762.8212397701,15.5947144144367,14309.8685526826,0,0,0
Q42/R2_P1,2025-07-20,144,7196.82168575685,4557.97553671921,56984.5038870113,0,1039.57625758539,58024.0801445966,76473.6876069211,76473.6876069211,16404.0479449436,15662.2403695382,218.168714967539,3860.07052981659,0,0,0
Q42/R2_P1,2025-07-21,144,4557.97553671921,3395.80978890954,60318.0755925902,0,1366.40106426185,61684.476656852,80669.8041017824,80669.8041017824,21061.9395268924,18106.1201898115,259.87113882349,3984.106553525,0,0,0
Q42/R2_P1,2025-07-22,144,3395.80978890954,2544.2329120273,58635.0699011207,0,3227.47722084663,61862.5471219673,79472.1509185644,79472.1509185644,18639.07015526,15864.0660149546,588.071503886607,3490.07366547894,0,0,0
Q42/R2_P1,2025-07-23,144,2544.2329120273,1853.52741324175,58451.311308932,0,3665.05088246739,62116.3621913994,79333.9676828754,79333.9676828754,19612.0946050806,16507.4315790223,726.891853919644,2739.64939407001,0,0,0
Q42/R2_P1,2025-07-24,144,1853.52741324175,2238.66206269065,58831.6131180855,0,5371.49033642564,64203.1034545111,79529.857835981,79529.857835981,19095.4621056939,15120.7031211081,1021.39950689381,2960.02635828894,0,0,0
Q42/R2_P1,2025-07-25,144,2238.66206269065,1200.00000063923,22585.6103922856,0,2436.9106549956,25022.5210472812,39338.7745452045,39338.7745452045,13155.6541105814,11590.8756854172,958.057707160553,12226.7342605342,0,0,0
Q42/R2_P1,2025-07-26,144,1200.00000063923,8983.07873218294,27823.5389181165,0,6.83300856791998e-05,27823.5389864466,50535.7169330336,50535.7169330336,23478.7719875475,12013.0344515241,2.03302218884655e-05,10600.8878506738,0,0,0
Q42/R2_P1,2025-07-27,144,8983.07873218294,2460.95931380461,53701.629790696,0,11342.637801831,65044.267592527,71032.3028414703,71032.3028414703,14562.466893288,17665.5056601038,2196.5963063736,2646.7481146597,0,0,0
Q42/R2_P1,2025-07-28,144,2460.95931380461,1435.07441412009,57658.4914397102,0,19565.1282237215,77223.6196634316,78132.8452885879,78132.8452885879,18323.4643268269,15765.3025144458,3191.78574648745,811.591989360961,0,0,0
Q42/R2_P1,2025-07-29,144,1435.07441412009,1597.014294186,58233.5726146061,0,7766.21742855894,65999.790043165,79425.4213261101,79425.4213261101,20905.8528779729,16787.9949390988,1253.03706471388,491.354501949834,0,0,0
Q42/R2_P1,2025-07-30,144,1597.014294186,2828.89184831794,57679.030284195,0,11801.5200846445,69480.5503688395,78362.4061443435,78362.4061443435,21138.6176661047,16013.5905108261,2450.91553898771,1585.04047805261,0,0,0
Q42/R2_P1,2025-07-31,144,2828.89184831794,1297.98040112147,54879.5508256712,0,12867.9747155431,67747.5255412143,75227.1876206769,75227.1876206769,19311.227603913,17019.9146616463,2194.96294082151,435.841352565136,0,0,0
Q42/R2_P1,2025-08-01,144,1297.98040112147,1200.00000076119,20762.2175581108,0,9260.92972614346,30023.1472842543,36981.8007037488,36981.8007037488,13938.1674579026,11378.0980012253,2950.98542379565,16121.3570042006,0,0,0
Q42/R2_P1,2025-08-02,144,1200.00000076119,8878.65772794977,26326.7117491862,0,834.361259053706,27161.0730082399,49132.1953248519,49132.1953248519,23903.0858184258,12450.7075584552,160.214042005173,16913.0061735531,0,0,0
Q42/R2_P1,2025-08-03,144,8878.65772794977,1242.53603229011,47374.0239921669,0,7282.62076484474,54656.6447570116,63822.2704900265,63822.2704900265,10144.5307047357,15089.5793969296,1265.07691162184,7192.9161105089,0,0,0
Q42/R2_P1,2025-08-04,144,1242.53603229011,1200.00000061247,50762.3258194591,0,5725.10393372328,56487.4297531824,69466.6138078433,69466.6138078433,19557.7673625458,15880.0739921719,1111.88101782917,1485.14637196528,0,0,0
Q42/R2_P1,2025-08-05,144,1200.00000061247,1749.46839847116,50465.1228177037,0,4868.85065574728,55333.973473451,69705.8557069921,69705.8557069921,20812.7384365604,16363.7965755411,1022.33451730768,1126.93862994715,0,0,0
Q42/R2_P1,2025-08-06,144,1749.46839847116,1200.00000053689,50255.7921814599,0,17434.1960287331,67689.988210193,67743.4745943615,67743.4745943615,17499.4996668784,14669.1162883123,3400.64203963234,199.333988761154,0,0,0
Q42/R2_P1,2025-08-07,144,1200.00000053689,1218.15590190127,51161.9923980062,0,5498.64422351239,56660.6366215186,70309.4762775703,70309.4762775703,18489.4744593488,14960.1340008446,1340.60864094061,4732.75921000671,0,0,0
Q42/R2_P1,2025-08-08,144,1218.15590190127,1200.00000065787,20597.837594998,0,3944.21402215459,24542.0516171526,37710.9283418777,37710.9283418777,15028.6875027889,12189.5771883781,1209.2741836909,20305.9209611578,0,0,0
Q42/R2_P1,2025-08-09,144,1200.00000065787,7011.41763147511,23359.9176722062,0,5268.2777579622,28628.1954301684,43726.4661123565,43726.4661123565,20377.7911879917,11275.7349945377,1555.98429438347,17258.465213286,0,0,0
Q42/R2_P1,2025-08-10,144,7011.41763147511,2847.29322937044,48231.3031659934,0,8205.03702804613,56436.3401940395,63023.2595345024,63023.2595345024,14549.9202252545,15533.1473443504,1301.36233277297,3.22993637122374,0,0,0
Q42/R2_P1,2025-08-11,144,2847.29322937044,2025.08192713853,49701.7756210948,0,6676.22901823897,56378.0046393338,68438.6818535697,68438.6818535697,18088.4087754765,15391.6012801445,1153.40315643655,2334.02418134111,0,0,0
Q42/R2_P1,2025-08-12,144,2025.08192713853,1915.6883111271,49641.2735341162,0,23902.9563727529,73544.2299068691,67137.3812830347,67137.3812830347,16946.8418916292,13825.3961866299,3862.22170911189,117.613637147284,0,0,0
Q42/R2_P1,2025-08-13,144,1915.6883111271,2189.95208410769,50618.3384124358,0,5136.09056293379,55754.4289753696,69442.8120145781,69442.8120145781,19200.1385544301,15305.2748334059,991.468963482556,418.437807036365,0,0,0
Q42/R2_P1,2025-08-14,144,2189.95208410769,1247.7542388308,49439.9740121447,0,13108.8792608085,62548.8532729532,67365.8119149528,67365.8119149528,17976.5332771649,15408.9700152527,2686.2836373711,1558.24130707844,0,0,0
Q42/R2_P1,2025-08-15,144,1247.7542388308,1431.03365930569,21079.7551234615,0,3931.2171068513,25010.9722303128,38182.3756628947,38182.3756628947,14754.6857544148,11786.3439826486,1395.80946003301,19450.1164678282,0,0,0
Q42/R2_P1,2025-08-16,144,1431.03365930569,7682.61532047208,23615.7154440886,0,5457.64482522245,29073.3602693111,44127.3597508132,44127.3597508132,20275.9954501051,10797.1328195354,1584.05412666445,19303.2708802413,0,0,0
Q42/R2_P1,2025-08-17,144,7682.61532047208,1611.41891840913,45248.4444227479,0,8552.03518168128,53800.4796044292,58836.9472926364,58836.9472926364,13927.9510099425,16745.7170799101,1755.25067383588,244.570419773212,0,0,0
Q42/R2_P1,2025-08-18,144,1611.41891840913,2157.59155724521,49276.7748448294,0,10858.9180581478,60135.6929029773,66761.8245931078,66761.8245931078,20398.3191052595,16031.0831003077,2141.74211198984,142.215083479149,0,0,0
Q42/R2_P1,2025-08-19,144,2157.59155724521,2010.91693344463,49000.6042046166,0,8412.66012959061,57413.2643342073,66076.0807183403,66076.0807183403,17967.45027028,14685.6418803473,1550.21383844373,26.8261168513401,0,0,0
Q42/R2_P1,2025-08-20,144,2010.91693344463,1207.15046846399,49308.5156108873,0,44605.2945212757,93913.810132163,65868.5181323738,65868.5181323738,14636.7563649578,12579.1624740984,6988.28781063872,148.520985486431,0,0,0
Q42/R2_P1,2025-08-21,144,1207.15046846399,1334.64367442845,50917.2552830372,0,4461.5676508907,55378.8229339279,70133.5567242749,70133.5567242749,19195.7399053144,15433.8054379366,876.824100027483,1404.02787359134,0,0,0
Q42/R2_P1,2025-08-22,144,1334.64367442845,1202.08612591412,20576.4955146498,0,8840.67369097977,29417.1692056296,37024.207058544,37024.207058544,13722.7282411295,11234.7116689778,2578.11917704831,15883.7402634406,0,0,0
Q42/R2_P1,2025-08-23,144,1202.08612591412,7730.88795889021,23774.951618426,0,3788.27616877339,27563.2277871994,45450.2871623854,45450.2871623854,21823.386135211,11801.0211198425,1133.016877243,14030.9328742598,0,0,0
Q42/R2_P1,2025-08-24,144,7730.88795889021,1400.0568065055,47065.6546765729,0,9989.0210702275,57054.6757468004,62088.5893430937,62088.5893430937,13869.6080448672,16932.1305534886,2056.91531040429,3474.43767878609,0,0,0
Q42/R2_P1,2025-08-25,144,1400.0568065055,2662.75311028218,50989.5349818628,0,36873.7752659757,87863.3102478385,69475.2659004677,69475.2659004677,16911.4030108241,12561.8097653685,5738.05607252943,90.6417108748725,0,0,0
Q42/R2_P1,2025-08-26,144,2662.75311028218,1561.67104546889,50097.8359826883,0,4878.70815715018,54976.5441398385,68684.9246280486,68684.9246280486,19258.1065335538,16590.0401505106,915.557751540727,1403.59761321273,0,0,0
Q42/R2_P1,2025-08-27,144,1561.67104546889,1200.00000052513,50461.5566280231,0,14252.7489992909,64714.3056273141,69091.927782776,69091.927782776,19724.0895117099,16302.0164449344,2434.18313830389,189.888987637683,0,0,0
Q42/R2_P1,2025-08-28,144,1200.00000052513,1325.17630509435,51079.9950306868,0,30245.5264521724,81325.5214828592,69846.2686923935,69846.2686923935,17234.9840922775,13847.6784406325,4381.15348972383,72.3215471390055,0,0,0
Q42/R2_P1,2025-08-29,144,1325.17630509435,1651.32269066589,21559.0243076117,0,3825.13707482343,25384.1613824352,39149.9758793739,39149.9758793739,14399.3002728762,11369.9014740154,1050.25084206052,14615.6075725735,0,0,0
Q42/R2_P1,2025-08-30,144,1651.32269066589,9753.74117982553,25915.275638624,0,3195.78363628348,29111.0592749074,48510.2207962932,48510.2207962932,23013.0721742075,11348.4118208644,873.44592562971,19206.2865352464,0,0,0
Q42/R2_P1,2025-08-31,144,9753.74117982553,2408.2098480615,46270.9790146199,0,7197.89781147514,53468.876826095,61335.2407751322,61335.2407751322,11994.7505709134,16326.7261610275,1345.95589445231,366.549176365255,0,0,0
Q42/R2_P1,2025-09-01,144,2408.2098480615,4957.9674511005,45062.2018265837,0,2.76803084381136e-05,45062.2018542641,68875.2252823718,68875.2252823718,19086.620290317,13165.3805924217,5.56789603177675e-06,9379.85105671107,0,0,0
Q42/R2_P1,2025-09-02,144,4957.9674511005,4080.51553410111,37697.5080245532,0,7614.32746682936,45311.8354913826,57165.9386736338,57165.9386736338,18734.448663267,15964.6101425457,1714.25671727421,2052.6010201867,0,0,0
Q42/R2_P1,2025-09-03,144,4080.51553410111,2956.1880342395,38173.6380974254,0,8986.20878539619,47159.8468828216,56157.4098478219,56157.4098478219,18214.4515804414,15765.600530033,2043.71254672826,204.554094141711,0,0,0
Q42/R2_P1,2025-09-04,144,2956.1880342395,2364.30944595182,37955.1360778338,0,7075.75844751021,45030.894525344,57202.0096029058,57202.0096029058,18909.8501660386,15849.6693639502,1611.18014516386,1827.44339598123,0,0,0
Q42/R2_P1,2025-09-05,144,2364.30944595182,2207.59445110342,13739.2682769988,0,2384.10966438528,16123.377941384,29883.1437519951,29883.1437519951,15634.0234983181,12804.6025290012,957.735313878844,21187.1964298905,0,0,0
Q42/R2_P1,2025-09-06,144,2207.59445110342,8649.00006929556,16203.0134718508,0,3577.99425605631,19781.0077279071,37192.2704658913,37192.2704658913,21953.8816995856,11985.3791202914,1085.68048738817,20588.3646739853,0,0,0
Q42/R2_P1,2025-09-07,144,8649.00006929556,1951.81017393053,33667.2728126461,0,14127.3668112296,47794.6396238757,49064.9273420603,49064.9273420603,14053.8950638752,17411.1259075674,2576.7528911297,37.9274602156017,0,0,0
Q42/R2_P1,2025-09-08,144,1951.81017393053,2445.36987342934,31318.204860116,0,64785.5454582116,96103.7503183277,48432.6125541891,48432.6125541891,13901.9854643257,10816.4044965549,14048.537946915,0,0,0,0
Q42/R2_P1,2025-09-09,144,2445.36987342934,3854.4848469039,36888.8805518126,0,13744.6802102222,50633.5607620348,56913.8483764808,56913.8483764808,20539.8516561636,15369.0763653654,3357.6416075671,1997.88042658309,0,0,0
Q42/R2_P1,2025-09-10,144,3854.4848469039,1200.00000070314,35112.6308629269,0,48459.6851550661,83572.316017993,52131.9944078617,52131.9944078617,12612.9878885526,12605.5565513083,9191.43557938263,0,0,0,0
Q42/R2_P1,2025-09-11,144,1200.00000070314,1245.63830358695,36739.432975604,0,11518.7412216185,48258.1741972225,57072.0383480574,57072.0383480574,21111.7935089876,17059.4782696845,2803.22516386711,2326.86248928809,0,0,0
Q42/R2_P1,2025-09-12,144,1245.63830358695,1860.32015288722,12680.2442652184,0,9409.67694259769,22089.921207816,28819.4260271691,28819.4260271691,16149.4807127267,12527.8657129384,3493.89048749956,17140.0453148803,0,0,0
Q42/R2_P1,2025-09-13,144,1860.32015288722,9394.12469020241,16131.8108448923,0,5540.02206923298,21671.8329141252,38178.0184472418,38178.0184472418,23180.6308032115,11995.8868670176,1759.41225352852,20745.5852812432,0,0,0
Q42/R2_P1,2025-09-14,144,9394.12469020241,1593.67017471235,33698.6255558662,0,33357.4087301573,67056.0342860235,49328.9749663357,49328.9749663357,11924.039521069,16678.8810760069,6015.50822872638,0,0,0,0
Q42/R2_P1,2025-09-15,144,1593.67017471235,4887.36701842373,33419.3118494626,0,42331.767870923,75751.0797203856,53649.7084383954,53649.7084383954,23762.1742938716,16283.0340186957,9655.67312036095,759.21065024717,0,0,0
Q42/R2_P1,2025-09-16,144,4887.36701842373,3886.6784984621,34319.4105042602,0,42916.0930982687,77235.5036025289,53024.8484150873,53024.8484150873,16601.4140716758,14347.7650660228,8720.57057389897,0,0,0,0
Q42/R2_P1,2025-09-17,144,3886.6784984621,4189.95532227061,35634.1634904145,0,42687.5012827805,78321.664773195,55405.7878069262,55405.7878069262,18114.4254447248,14399.7354687987,8269.02056899915,0,0,0,0
Q42/R2_P1,2025-09-18,144,4189.95532227061,1217.72556421136,33259.0568231246,0,41283.9557319133,74543.0125550379,50718.221714729,50718.221714729,14994.9852691219,14820.9448502421,8411.86982081746,0,0,0,0
Q42/R2_P1,2025-09-19,144,1217.72556421136,3266.27999661907,12436.2715998438,0,14368.7394877728,26805.0110876167,29600.7238109687,29600.7238109687,20452.1693913082,14722.5582177927,5154.99449623429,12924.7548170208,0,0,0
Q42/R2_P1,2025-09-20,144,3266.27999661907,9721.46815876453,14230.2190867793,0,13226.7753057308,27456.9943925102,35513.8051514987,35513.8051514987,23700.7022093069,13387.8994436077,4017.3341475596,13572.9028000257,0,0,0
Q42/R2_P1,2025-09-21,144,9721.46815876453,5045.36876428346,35820.1958944554,0,15349.6755509439,51169.8714453993,54274.6438054125,54274.6438054125,15823.0805556656,17025.1847051221,2948.7821641181,138.042635653731,0,0,0
Q42/R2_P1,2025-09-22,144,5045.36876428346,3165.04747903977,38540.6331269911,0,16459.5908417179,55000.223968709,58879.0359373602,58879.0359373602,18692.1846465006,16832.9587203848,3619.20415588642,24.994283797529,0,0,0
Q42/R2_P1,2025-09-23,144,3165.04747903977,2574.28298041733,40010.4716833994,0,20761.8855921307,60772.3572755301,61758.3637043912,61758.3637043912,20151.3771456198,16854.3035367122,3861.50160187509,206.176114025369,0,0,0
Q42/R2_P1,2025-09-24,144,2574.28298041733,2626.27102262669,40720.3003530647,0,9183.44746744952,49903.7478205143,63368.2143801102,63368.2143801102,21276.9691860789,17187.5558027355,2104.81565887884,320.391555645655,0,0,0
Q42/R2_P1,2025-09-25,144,2626.27102262669,1200.00000057368,39373.1390331739,0,10336.1781232883,49709.3171564622,60793.0092416686,60793.0092416686,20308.8773678658,17733.834587819,2597.01444542164,479.532007043432,0,0,0
Q42/R2_P1,2025-09-26,144,1200.00000057368,2469.54432444176,13266.4252549795,0,5754.92826627159,19021.3535212511,31126.0561693018,31126.0561693018,17768.7069169664,13250.0627112615,2334.52153629803,11247.6899998949,0,0,0
Q42/R2_P1,2025-09-27,144,2469.54432444176,9742.12672520038,16733.576922499,0,8443.55530009198,25177.1322225909,39188.7541226949,39188.7541226949,24424.8035412522,13238.7667077309,2642.82319586605,12844.2382350403,0,0,0
Q42/R2_P1,2025-09-28,144,9742.12672520038,4166.88416617245,39153.5955050335,0,18501.892773455,57655.4882784885,58447.8610418067,58447.8610418067,13574.6051270929,16013.1484560704,3429.40243487646,828.177638993984,0,0,0
Q42/R2_P1,2025-09-29,144,4166.88416617245,4133.3198622959,43639.0290117995,0,3845.24569088413,47484.2747026836,66915.3181310471,66915.3181310471,21726.0712336671,17628.3255727592,853.224746513107,910.905616652351,0,0,0
Q42/R2_P1,2025-09-30,144,4133.3198622959,2619.89776376467,42437.2608864038,0,16864.769952267,59302.0308386708,64830.095386509,64830.095386509,18944.6276652481,16707.228297529,3423.30132332587,593.82257544922,0,0,0
Q42/R2_P1,2025-10-01,144,2619.89776376467,3904.22074789429,40877.2508007373,0,263.355608773137,41140.6064095104,65895.4264349333,65895.4264349333,19806.8822626391,14887.683947021,118.431653828969,11433.1382398108,0,0,0
Q42/R2_P1,2025-10-02,144,3904.22074789429,3330.66277719905,40591.1269610366,0,151.338885489048,40742.4658465256,64764.4976065159,64764.4976065159,19215.4944677861,16080.7526925324,48.797330802235,9947.77004539781,0,0,0
Q42/R2_P1,2025-10-03,144,3330.66277719905,4806.82413651426,12042.5258010645,0,2447.95836835874,14490.4841694233,30117.2222502862,30117.2222502862,19302.5533619786,14306.522999819,1304.47388219219,18608.5120703188,0,0,0
Q42/R2_P1,2025-10-04,144,4806.82413651426,9994.89296660165,14246.5448636241,0,3526.59514200438,17773.1400056284,35227.3143223343,35227.3143223343,22355.1480329879,13438.4079596416,1348.83599047684,14563.4278061315,0,0,0
Q42/R2_P1,2025-10-05,144,9994.89296660165,5648.11218331913,34791.0060864347,0,2870.15771235567,37661.1637987904,54478.4555631602,54478.4555631602,16067.5329592489,16926.8044019459,837.904631778574,1439.67057096909,0,0,0
Q42/R2_P1,2025-10-06,144,5648.11218331913,4192.11487899525,38210.3502373254,0,5288.21241732798,43498.5626546533,58956.537391686,58956.537391686,18485.6472058333,16283.7718106165,1022.05312127754,43.605867746668,0,0,0
Q42/R2_P1,2025-10-07,144,4192.11487899525,7050.44578183372,39841.0698210698,0,4781.37985656935,44622.4496776392,64201.7509538172,64201.7509538172,25456.1735556525,18047.0027675239,1025.49618033625,46.5133460248219,0,0,0
Q42/R2_P1,2025-10-08,144,7050.44578183372,5406.42921824935,33759.3562346224,0,19488.4470577786,53247.803292401,54916.5212485327,54916.5212485327,19956.3410948549,17644.2511940584,3907.8387747196,33.7744557890881,0,0,0
Q42/R2_P1,2025-10-09,144,5406.42921824935,1200.0000008673,34027.2768539478,0,10828.5335306262,44855.810384574,53655.1498425504,53655.1498425504,16704.7180885581,17316.6079473759,2374.31190624251,881.369924277328,0,0,0
Q42/R2_P1,2025-10-10,144,1200.0000008673,4644.82030862172,12373.9869137617,0,7668.2575901272,20042.2445038889,32128.0026865112,32128.0026865112,20929.4604164139,13852.5246603163,2626.64662671067,18334.1026404576,0,0,0
Q42/R2_P1,2025-10-11,144,4644.82030862172,10031.0444060579,14109.863952703,0,3579.08225786429,17688.9462105673,36101.1529506594,36101.1529506594,23849.7388123937,14470.6867503463,1056.29870080557,13672.0860060842,0,0,0
Q42/R2_P1,2025-10-12,144,10031.0444060579,5943.33976549029,34429.6412878495,0,17743.3733284655,52173.014616315,54926.292729299,54926.292729299,14969.6316518602,15804.3358145176,3169.61731524674,415.658223869876,0,0,0
Q42/R2_P1,2025-10-13,144,5943.33976549029,5667.78083411028,38170.3179522748,0,3639.0041247697,41809.3220770445,61380.4758452891,61380.4758452891,21204.0574365171,17423.2895618208,846.017867865978,1418.33053845881,0,0,0
Q42/R2_P1,2025-10-14,144,5667.78083411028,6145.40931336139,38422.7034963918,0,18002.5787360864,56425.2822324782,61794.9072301025,61794.9072301025,21461.3946896547,16953.8640672943,3628.43671701387,141.984041422606,0,0,0
Q42/R2_P1,2025-10-15,144,6145.40931336139,7551.42491767474,36954.1169361311,0,33833.998717377,70788.1156535081,60900.6717823485,60900.6717823485,19560.3074625459,14578.4350007801,6058.21165271107,56.9873232938638,0,0,0
Q42/R2_P1,2025-10-16,144,7551.42491767474,1200.00000064506,35377.5459602435,0,27625.2384351099,63002.7843953534,54578.897974492,54578.897974492,14549.5034665416,17501.3802332254,5479.48464034772,43.7864315234857,0,0,0
Q42/R2_P1,2025-10-17,144,1200.00000064506,5250.88554859997,13437.3250270833,0,5038.95201565432,18476.2770427376,34379.2055115564,34379.2055115564,21496.5153960741,13766.3804776606,1502.58271794951,12147.4539944258,0,0,0
Q42/R2_P1,2025-10-18,144,5250.88554859997,9720.56715900639,13719.6149697567,0,4414.9350994067,18134.5500691634,35242.3197591236,35242.3197591236,22446.5077377308,14158.9578181962,1403.21706389819,12281.3936368204,0,0,0
Q42/R2_P1,2025-10-19,144,9720.56715900639,6370.54732500924,38625.8092070808,0,20607.7415406677,59233.5507477485,60725.5549295374,60725.5549295374,18252.6140161962,17799.6352037164,4020.57015139364,407.423735117831,0,0,0
Q42/R2_P1,2025-10-20,144,6370.54732500924,7650.01753537088,41734.0214498638,0,15416.1244136897,57150.1458635535,67074.6541181485,67074.6541181485,22611.6472295553,17163.9110666143,2963.12487586432,149.260464405156,0,0,0
Q42/R2_P1,2025-10-21,144,7650.01753537088,8318.89510767765,42604.1657835414,0,19619.7742665591,62223.9400501005,67623.9664876775,67623.9664876775,21368.3785381847,16706.3968008535,3533.51890199557,32.9223023418999,0,0,0
Q42/R2_P1,2025-10-22,144,8318.89510767765,7046.09942107992,42849.2354004612,0,13156.6953348324,56005.9307352936,67746.0300191976,67746.0300191976,23152.469902803,19899.0167392084,2491.75168938875,1429.43184499169,0,0,0
Q42/R2_P1,2025-10-23,144,7046.09942107992,1214.14919244198,40908.5823046572,0,3399.20683546786,44307.7891401251,62779.039263272,62779.039263272,16720.8615604813,18792.653069764,713.726490199805,2185.06022942122,0,0,0
Q42/R2_P1,2025-10-24,144,1214.14919244198,3240.0568917747,13414.5687162326,0,5571.07947662775,18985.6481928604,33492.7289116468,33492.7289116468,20868.8423563789,15080.4453792674,1679.40112975943,10963.6823476281,0,0,0
Q42/R2_P1,2025-10-25,144,3240.0568917747,9830.21289010876,15154.0007363787,0,4174.61487407431,19328.615610453,38941.7233763896,38941.7233763896,25884.4437606224,15035.2590476035,1192.83898619792,9886.94491623524,0,0,0
Q42/R2_P1,2025-10-26,144,9830.21289010876,4292.5384322272,41220.0648992851,0,2985.07664515579,44205.1415444409,62634.0075716581,62634.0075716581,15442.5416838009,17492.3657759721,643.296699186716,782.816346349418,0,0,0
Q42/R2_P1,2025-10-27,144,4292.5384322272,6265.17631497954,44366.258963603,0,8746.84186426917,53113.1008278722,71012.2951472893,71012.2951472893,23648.6912181342,17380.0657922116,1883.2998189732,3074.38787367325,0,0,0
Q42/R2_P1,2025-10-28,144,6265.17631497954,7177.01505054837,43960.5678971139,0,11023.5499729349,54984.1178700489,69126.5348120134,69126.5348120134,22163.3764809163,17131.6800875303,2187.47663410945,309.893352736824,0,0,0
Q42/R2_P1,2025-10-29,144,7177.01505054837,6379.60496708982,44299.3366489119,0,22410.4033621349,66709.7400110469,68545.0410641895,68545.0410641895,19097.1741155855,16186.3801087369,3968.13641000175,290.126667342729,0,0,0
Q42/R2_P1,2025-10-30,144,6379.60496708982,1217.42822157297,44192.0410778223,0,3389.2582793574,47581.2993571797,65641.6852920199,65641.6852920199,15792.7369962653,17438.0760379401,738.796183903835,3238.00286759847,0,0,0
Q42/R2_P1,2025-10-31,144,1217.42822157297,7004.2909178225,15589.7950980141,0,3110.72708546503,18700.5221834791,38874.4272752657,38874.4272752657,23662.7767946928,13958.6727770766,1040.92365355377,6306.95484453661,0,0,0
Q42/R2_P1,2025-11-01,144,7004.2909178225,10043.6715574365,14312.8109776792,0,1844.70177263749,16157.5127503167,36223.4276580821,36223.4276580821,22383.9332373746,15395.5433466208,686.463240946664,7377.46257494167,0,0,0
Q42/R2_P1,2025-11-02,144,10043.6715574365,5676.99787201108,44624.2112164002,0,9129.77177687311,53753.9829932733,67315.6449428345,67315.6449428345,18311.7076449155,18762.4895092645,1801.68142982917,771.724303679274,0,0,0
Q42/R2_P1,2025-11-03,144,5676.99787201108,4863.56912354799,47523.9930380726,0,5065.5463079759,52589.5393460485,71820.6100193218,71820.6100193218,21491.5276712329,18140.2232873154,1110.59031567715,74.9656677481672,0,0,0
Q42/R2_P1,2025-11-04,144,4863.56912354799,4753.97353370095,47469.8538898486,0,5536.23178128572,53006.0856711344,73327.737974247,73327.737974247,23075.0997881247,18789.4668592434,1130.74924273296,2592.78225476525,0,0,0
Q42/R2_P1,2025-11-05,144,4753.97353370095,6373.19937144338,49566.201012515,0,3179.82881918485,52746.0298316999,75283.0047342796,75283.0047342796,24149.3322257722,18103.6558489073,749.451669413425,308.759960161427,0,0,0
Q42/R2_P1,2025-11-06,144,6373.19937144338,1251.94369580159,45731.864000592,0,15597.674787103,61329.538787695,67066.3453038938,67066.3453038938,17291.4745571296,18615.2244993525,3100.61601692932,121.126713046118,0,0,0
Q42/R2_P1,2025-11-07,144,1251.94369580159,4102.4693284843,15110.177051654,0,2852.92212908909,17963.0991807431,36676.1475476109,36676.1475476109,21275.9985992559,14668.0857959829,903.678001861155,7653.45096286562,0,0,0
Q42/R2_P1,2025-11-08,144,4102.4693284843,10126.5210985672,16097.2085379573,0,1147.86118737701,17245.0697253343,39967.3649422353,39967.3649422353,24551.3269422012,14464.9282301084,416.688091185906,6506.44722132837,0,0,0
Q42/R2_P1,2025-11-09,144,10126.5210985672,5711.41511100624,46954.9904336578,0,10103.0485770948,57058.0390107526,69064.1156689623,69064.1156689623,16608.0750877814,17426.1362099078,2075.0909327016,610.450540456923,0,0,0
Q42/R2_P1,2025-11-10,144,5711.41511100624,6338.41601489679,50381.5936447898,0,19298.4067705055,69680.0004152952,75109.2637617678,75109.2637617678,22242.7750825414,17452.347003357,3624.82488083988,85.2174634233144,0,0,0
Q42/R2_P1,2025-11-11,144,6338.41601489679,4034.40110377751,49338.2127412033,0,3872.66538249072,53210.878123694,73072.0769950421,73072.0769950421,20436.1719469484,18626.9126970346,797.136800082195,500.934878544744,0,0,0
Q42/R2_P1,2025-11-12,144,4034.40110377751,4023.63416232152,51119.0663836214,0,2139.23148529926,53258.2978689207,76374.2605980408,76374.2605980408,22672.1073994994,18374.0972409049,425.900370442242,1546.16305988856,0,0,0
Q42/R2_P1,2025-11-13,144,4023.63416232152,1377.90602484216,50033.7804721756,0,6991.31247279728,57025.0929449729,72453.0645953954,72453.0645953954,19534.3664860938,18203.9921774667,1408.6277091427,135.446679244999,0,0,0
Q42/R2_P1,2025-11-14,144,1377.90602484216,4541.7575233315,15420.0739177129,0,1333.01627305148,16753.0901907643,37709.7973577294,37709.7973577294,22218.2320524072,15149.3016138094,519.653859000322,3562.06547813197,0,0,0
Q42/R2_P1,2025-11-15,144,4541.7575233315,9384.12352637194,16459.2187340079,0,2555.4093224347,19014.6280564426,39605.8123147692,39605.8123147692,23738.9599107465,14870.4281249682,822.536412247366,3347.93002457171,0,0,0
Q42/R2_P1,2025-11-16,144,9384.12352637194,5981.21030027251,51452.6731791262,0,7330.47850627908,58783.1516854052,74573.2409250454,74573.2409250454,20447.5014231481,19625.0980562395,1458.54958458498,774.842759388404,0,0,0
Q42/R2_P1,2025-11-17,144,5981.21030027251,6586.83818478853,53650.6817267204,0,846.653723755322,54497.3354504757,79590.4820340694,79590.4820340694,24690.4292779794,19454.1826190989,197.132800961529,1855.61384281714,0,0,0
Q42/R2_P1,2025-11-18,144,6586.83818478853,5701.03400265664,52524.0767296748,0,8439.37567098358,60963.4524006583,76722.5756115186,76722.5756115186,21525.8519900558,18233.1638758639,1686.1539930314,225.489657024785,0,0,0
Q42/R2_P1,2025-11-19,144,5701.03400265664,8615.69231230384,55672.5949839343,0,7752.91035754064,63425.5053414749,81992.3124649965,81992.3124649965,25803.8164033598,18277.898808039,1627.09104721932,725.174316894986,0,0,0
Q42/R2_P1,2025-11-20,144,8615.69231230384,1287.05860373888,50640.1270598443,0,4790.22660021056,55430.3536600549,71399.7892216376,71399.7892216376,14107.3941011648,18022.759559652,929.196919402165,1451.27556619362,0,0,0
Q42/R2_P1,2025-11-21,144,1287.05860373888,6342.47315542267,16815.8578615672,0,1615.57058416546,18431.4284457327,40427.9111691597,40427.9111691597,23542.7234152871,14519.7328698672,699.031102413929,3239.56765948702,0,0,0
Q42/R2_P1,2025-11-22,144,6342.47315542267,10082.7764758676,16534.9843092009,0,2242.61438197683,18777.5986911777,39403.5314128952,39403.5314128952,23259.4382747492,15473.8720141465,739.720246519807,2137.85591547888,0,0,0
Q42/R2_P1,2025-11-23,144,10082.7764758676,6489.73095178496,53386.0540542494,0,5797.65127048459,59183.705324734,76450.2582666134,76450.2582666134,19033.2515279582,18650.6747093205,1220.97475310132,2056.55991774363,0,0,0
Q42/R2_P1,2025-11-24,144,6489.73095178496,3174.85034356446,53431.5073030046,0,2556.48911686387,55987.9964198684,76757.919190958,76757.919190958,19397.6111026672,18695.4575405589,579.299811052141,2473.12173990178,0,0,0
Q42/R2_P1,2025-11-25,144,3174.85034356446,4897.04939223698,55434.6890667175,0,5340.03859766218,60774.7276643797,81836.9256711544,81836.9256711544,23875.3717105069,17789.0719417053,1084.21457798489,666.180013671087,0,0,0
Q42/R2_P1,2025-11-26,144,4897.04939223698,5025.23652745911,55141.232944919,0,8124.0036010362,63265.2365459552,79839.3644370244,79839.3644370244,21290.3360055052,17129.8037427593,1530.73200488417,451.897295829339,0,0,0
Q42/R2_P1,2025-11-27,144,5025.23652745911,1364.0554484096,54031.1088194858,0,4103.11985595122,58134.228675437,76373.4246500749,76373.4246500749,17840.1672579776,17745.5984501064,822.321513483597,1320.28462235399,0,0,0
Q42/R2_P1,2025-11-28,144,1364.0554484096,4953.71506078459,15896.8224828943,0,2920.62496466464,18817.4474475589,39078.0931809091,39078.0931809091,22529.6184406692,15018.2972858046,865.926598898388,1511.46007494286,0,0,0
Q42/R2_P1,2025-11-29,144,4953.71506078459,9717.79376142981,17022.4678072272,0,9289.13690621177,26311.604713439,41886.0034211688,41886.0034211688,23876.535295042,15052.3227584033,1976.25265075378,108.59343528388,0,0,0
Q42/R2_P1,2025-11-30,144,9717.79376142981,6428.72691118239,56126.6505135396,0,11166.7436587893,67293.3941723289,79184.5916937235,79184.5916937235,19393.7232803741,18669.0760223257,2211.82341515204,426.93973416049,0,0,0
Q42/R2_P1,2025-12-01,144,6428.72691118239,5485.93943318791,60807.1034921596,0,37119.9391929869,97927.0426851465,82454.4159488952,82454.4159488952,21650.8068393257,18385.6622700489,7272.02820893554,162.371855220549,0,0,0
Q42/R2_P1,2025-12-02,144,5485.93943318791,6271.05750102958,63358.8293297701,0,46725.2217349458,110084.051064716,84734.0285324001,84734.0285324001,21592.1642919656,16783.0468154346,8712.89889413082,0,0,0,0
Q42/R2_P1,2025-12-03,144,6271.05750102958,5283.01528121096,68343.4610566827,0,7501.7940832059,75845.2551398886,89182.7425223517,89182.7425223517,21314.640088759,18154.0964697316,1483.44962675366,342.899963411297,0,0,0
Q42/R2_P1,2025-12-04,144,5283.01528121096,1824.67064766458,66411.7454480132,0,10407.2483634938,76818.993811507,86140.4008330412,86140.4008330412,20075.566728991,19373.7192206745,2273.70427328729,941.048848011894,0,0,0
Q42/R2_P1,2025-12-05,144,1824.67064766458,7112.83579370985,22965.5463226086,0,2727.92947933975,25693.4758019484,51583.4570724207,51583.4570724207,26658.0401878899,16833.6639207501,747.98811611862,1195.4412380662,0,0,0
Q42/R2_P1,2025-12-06,144,7112.83579370985,10139.3133650628,22237.4865953541,0,6499.94085129362,28737.4274466477,49641.8141517344,49641.8141517344,24321.2883077352,16976.4137150478,1656.43040066058,288.73914304094,0,0,0
Q42/R2_P1,2025-12-07,144,10139.3133650628,9275.63298845943,69560.0916840215,0,3330.22405016517,72890.3157341867,91621.1768138523,91621.1768138523,23115.3930682624,19500.7807242356,752.30715640854,1106.19037623404,0,0,0
Q42/R2_P1,2025-12-08,144,9275.63298845943,6941.99498665508,73181.3114894369,0,89.6431469399021,73270.9546363768,95455.9654785793,95455.9654785793,20173.2020262867,18440.5678429161,16.9106093403958,5893.03078788247,0,0,0
Q42/R2_P1,2025-12-09,144,6941.99498665508,5486.18331659548,69822.7617890982,0,1617.96468195456,71440.7264710528,93319.5951166959,93319.5951166959,22143.9418777757,19246.823424052,266.996943198459,3301.01933950395,0,0,0
Q42/R2_P1,2025-12-10,144,5486.18331659548,8948.08069232107,72676.3257235982,0,1675.26078828972,74351.5865118879,97980.4538217503,97980.4538217503,27638.9214439755,19271.8187314671,359.727553508422,1585.46019608368,0,0,0
Q42/R2_P1,2025-12-11,144,8948.08069232107,1817.30343222025,66073.6459216845,0,437.764126770266,66511.4100484548,85942.2441161061,85942.2441161061,15020.7113488607,18584.4757266679,123.396041700566,3668.14983561383,0,0,0
Q42/R2_P1,2025-12-12,144,1817.30343222025,8579.18886293805,24168.2815442598,0,1440.6494661773,25608.9310104371,54873.8425346687,54873.8425346687,28138.4242651617,16706.4267671349,500.022248879275,227.453802187922,0,0,0
Q42/R2_P1,2025-12-13,144,8579.18886293805,10498.3306089893,22754.4638368062,0,1306.18891399414,24060.6527508004,50604.2784061937,50604.2784061937,23024.0563541527,16922.2580754176,395.048499924933,1098.9952440502,0,0,0
Q42/R2_P1,2025-12-14,144,10498.3306089893,9669.91366890093,70940.4978684746,0,3239.37802936932,74179.875897844,93986.8405913516,93986.8405913516,25015.9270919419,21008.4761905525,581.663934280268,1782.33182424247,0,0,0
Q42/R2_P1,2025-12-15,144,9669.91366890093,8502.12483114523,75572.7021007547,0,315.548220196915,75888.2503209516,98624.8877568973,98624.8877568973,22280.9471227843,19098.5771234354,55.7627839930484,6028.7225748748,0,0,0
Q42/R2_P1,2025-12-16,144,8502.12483114523,8911.85882656193,74655.0218562668,0,176.173650697201,74831.195506964,99102.6748250941,99102.6748250941,23925.4822081166,19010.8799926994,38.7281597278501,4808.70943607144,0,0,0
Q42/R2_P1,2025-12-17,144,8911.85882656193,7511.39794053957,73040.2979493596,0,783.606654324364,73823.9046036839,96285.4165898824,96285.4165898824,20520.4791240137,17882.0028878712,152.208510164628,5607.30179723787,0,0,0
Q42/R2_P1,2025-12-18,144,7511.39794053957,2382.15443472653,70235.844093667,0,610.753405343942,70846.597499011,91492.5791292714,91492.5791292714,17741.5579671967,18986.9811086611,194.809815161572,5566.54511923072,0,0,0
Q42/R2_P1,2025-12-19,144,2382.15443472653,7836.0908210804,25614.989075246,0,118.120583568128,25733.1096588142,57353.6176053408,57353.6176053408,26014.4885067849,16163.1929427773,29.6370367050297,4623.56777803821,0,0,0
Q42/R2_P1,2025-12-20,144,7836.0908210804,10458.2113325486,24100.9476257066,0,251.525405129029,24352.4730308357,53989.3525407267,53989.3525407267,23932.8642325505,17025.7115680445,66.238528955831,4292.08615517652,0,0,0
Q42/R2_P1,2025-12-21,144,10458.2113325486,8274.27760490359,71002.0451569587,0,1561.53484601847,72563.5800029772,94060.6195297789,94060.6195297789,22635.6030685217,20300.3788403831,320.56958143724,3008.1830164109,0,0,0
Q42/R2_P1,2025-12-22,144,8274.27760490359,7216.20969022243,72066.9974266749,0,2384.01560307657,74451.0130297515,94739.304855487,94739.304855487,22523.4489251728,19196.254752603,534.732504820792,3009.41610440469,0,0,0
Q42/R2_P1,2025-12-23,144,7216.20969022243,8688.24972050179,72423.3052834735,0,873.112116999452,73296.417400473,97324.1941026165,97324.1941026165,25157.678248933,19052.8833543843,179.163511784184,4140.47018651861,0,0,0
Q42/R2_P1,2025-12-24,144,8688.24972050179,8718.36309099564,70652.6441649419,0,2172.39022796393,72825.0343929058,95061.9788810294,95061.9788810294,24052.9997400649,19455.8277560081,402.770159920822,3013.01774022671,0,0,0
Q42/R2_P1,2025-12-25,144,8718.36309099564,1449.10214433857,67273.9801046552,0,2740.81076573043,70014.7908703856,86181.0385665609,86181.0385665609,15631.8152736547,19204.1052236517,562.780724826435,2503.66070805097,0,0,0
Q42/R2_P1,2025-12-26,144,1449.10214433857,8144.59177614228,24844.30239377,0,606.829797241279,25451.1321910113,56152.6935348854,56152.6935348854,28507.1402626809,17064.8429441482,298.385726657112,2001.15950967646,0,0,0
Q42/R2_P1,2025-12-27,144,8144.59177614228,10159.5732203875,22119.8102013069,0,960.349286816399,23080.1594881233,51066.8783583714,51066.8783583714,23812.46166411,17474.6106481084,319.38549852514,1709.60377422825,0,0,0
Q42/R2_P1,2025-12-28,144,10159.5732203875,6824.3343129611,68448.8282246887,0,2866.71977026023,71315.5479949489,90931.7542408773,90931.7542408773,19332.0821608306,18660.7015669566,541.093418206627,3992.21231520986,0,0,0
Q42/R2_P1,2025-12-29,144,6824.3343129611,7756.19079719397,71296.0610645114,0,891.849577941519,72187.9106424529,96208.5700656055,96208.5700656055,23990.6577313355,18593.7619265721,195.658546690418,3483.56654086596,0,0,0
Q42/R2_P1,2025-12-30,144,7756.19079719397,7180.4200226798,68322.0678298895,0,3022.17427682851,71344.2421067181,92700.8439292496,92700.8439292496,22992.6612833954,19142.249336613,634.302816724771,3260.33219919202,0,0,0
Q42/R2_P1,2025-12-31,144,7180.4200226798,1235.2640570262,66336.3781340725,0,6134.95618870183,72471.3343227743,86483.3020722956,86483.3020722956,17700.1684054499,19687.7767775027,1134.59946361013,959.086974625114,0,0,0
Q42/M0_P7,2025-01-01,144,6000,6000,0,0,432888.799843008,432888.799843008,0,0,0,0,92035.1700166667,0,0,0,0
Q42/M0_P7,2025-01-02,144,6000,4710.6943124074,86423.9077016733,0,0,86423.9077016733,92035.1700166667,92035.1700166667,1633.18878333333,2483.25803333333,0,0,0,0,0
Q42/M0_P7,2025-01-03,144,4710.6943124074,10800,70194.2236261767,0,0,70194.2236261767,92460.2046416667,92460.2046416667,6765.89520843622,0,0,40189.3680665638,0,0,0
Q42/M0_P7,2025-01-04,144,10800,10713.1395061728,56988.3549234672,0,0,56988.3549234672,76808.4502166667,76808.4502166667,0,78.1744444444445,0,32121.0222944444,0,0,0
Q42/M0_P7,2025-01-05,144,10713.1395061728,1200,63100.9199660037,0,71714.7805642049,134815.700530209,69186.5846166667,69186.5846166667,0,8561.82555555555,13287.3001277778,0,0,0,0
Q42/M0_P7,2025-01-06,144,1200,1200,67802.136494766,0,91001.8500046617,158803.986499428,73420.02987,73420.02987,0,0,17212.45123,0,0,0,0
Q42/M0_P7,2025-01-07,144,1200,1200,69866.9209812197,0,85093.9065809181,154960.827562138,76212.3145166667,76212.3145166667,0,0,16354.5864333333,0,0,0,0
Q42/M0_P7,2025-01-08,144,1200,1200,72473.3577658288,0,58585.7860535951,131059.143819424,78489.435052381,78489.435052381,51.3445833333333,41.5891125000001,11046.321735119,0,0,0,0
Q42/M0_P7,2025-01-09,144,1200,1302.86344714286,72171.9098547264,0,67277.4814793429,139449.391334069,78154.3408309524,78154.3408309524,132.77330952381,14.9692782857145,13055.0193169524,0,0,0,0
Q42/M0_P7,2025-01-10,144,1302.86344714286,10800,57612.8304302079,0,0,57612.8304302079,77932.3540785714,77932.3540785714,10552.373947619,0,0,21889.3134142857,0,0,0
Q42/M0_P7,2025-01-11,144,10800,10733.3105820106,58321.7472164745,0,0,58321.7472164745,77889.6634714286,77889.6634714286,0,60.0204761904763,0,33083.7973309524,0,0,0
Q42/M0_P7,2025-01-12,144,10733.3105820106,1200,72341.0337572093,0,24000.244615575,96341.2783727843,77887.0290166667,77887.0290166667,4.2564285714285,8583.42723095239,4399.68858095238,0,0,0,0
Q42/M0_P7,2025-01-13,144,1200,1200,71641.0132039324,0,52174.1551097155,123815.168313648,77862.7687452381,77862.7687452381,11.8376190476189,9.58847142857137,10413.4373690476,0,0,0,0
Q42/M0_P7,2025-01-14,144,1200,1200,71547.2618426421,0,60123.4622561946,131670.724098837,77525.8367261905,77525.8367261905,7.07416666666671,5.73007499999992,11755.8202988095,0,0,0,0
Q42/M0_P7,2025-01-15,144,1200,1200,71307.4231522405,0,68698.2346262256,140005.657778466,77108.8427619048,77108.8427619048,26.8623928571428,21.7585382142855,12966.6040260714,0,0,0,0
Q42/M0_P7,2025-01-16,144,1200,1293.82521428571,71027.3789956817,0,62702.7011399518,133730.080135633,77164.6689642857,77164.6689642857,120.54325952381,13.1973473571428,12016.828397881,0,0,0,0
Q42/M0_P7,2025-01-17,144,1293.82521428571,10800,56674.3302740548,0,0,56674.3302740548,76931.7210190476,76931.7210190476,10562.4164285714,0,0,23680.1911238095,0,0,0
Q42/M0_P7,2025-01-18,144,10800,10702.7267195767,56256.2838101329,0,0,56256.2838101329,76583.3699,76583.3699,0,87.5459523809524,0,33428.4068357143,0,0,0
Q42/M0_P7,2025-01-19,144,10702.7267195767,1200,70045.5861944733,0,21144.5220465458,91190.1082410191,76353.4446166667,76353.4446166667,19.0979214285715,8567.92336397619,3780.86940745239,0,0,0,0
Q42/M0_P7,2025-01-20,144,1200,1200,69804.3862685374,0,62758.0842103024,132562.47047884,76121.0649309524,76121.0649309524,10.6061904761905,8.59101428571437,11948.0267952381,0,0,0,0
Q42/M0_P7,2025-01-21,144,1200,1200,69147.4752098352,0,37439.8624792154,106587.337689051,76094.7079333333,76094.7079333333,1139.57118809524,923.052662357143,7597.7152757381,0,0,0,0
Q42/M0_P7,2025-01-22,144,1200,1200,69141.5870714136,0,70131.1204945072,139272.707565921,75385.6655880952,75385.6655880952,1.08285714285716,0.877114285714242,13513.3045214286,0,0,0,0
Q42/M0_P7,2025-01-23,144,1200,1308.46970357143,69033.4617541836,0,74215.1346118532,143248.596366037,75221.7749976191,75221.7749976191,143.246738095238,18.4071246428572,14468.9902158333,0,0,0,0
Q42/M0_P7,2025-01-24,144,1308.46970357143,10800,54694.4952474583,0,0,54694.4952474583,75202.5788452381,75202.5788452381,10546.1447738095,0,0,24827.0209214286,0,0,0
Q42/M0_P7,2025-01-25,144,10800,10789.2923280423,54548.1297287121,0,0,54548.1297287121,74937.9405214286,74937.9405214286,0,9.6369047619047,0,36508.0019595238,0,0,0
Q42/M0_P7,2025-01-26,144,10789.2923280423,1200,67930.2259883517,0,24858.565027144,92788.7910154957,74450.6763666667,74450.6763666667,15.3892857142857,8642.82841666667,4620.87453571428,0,0,0,0
Q42/M0_P7,2025-01-27,144,1200,1200,67136.3706425233,0,49774.2529493966,116910.62359192,74213.407802381,74213.407802381,205.527735714286,166.477465928572,10020.5592507381,0,0,0,0
Q42/M0_P7,2025-01-28,144,1200,1200,66201.1466497557,0,67689.507788957,133890.654438713,73724.789897619,73724.789897619,30.6625857142856,24.8366944285713,13261.4353603333,0,0,0,0
Q42/M0_P7,2025-01-29,144,1200,1200,65906.8803495605,0,36522.3833397621,102429.263689323,73968.9248095238,73968.9248095238,327.973197619047,265.658290071429,7478.59114802381,0,0,0,0
Q42/M0_P7,2025-01-30,144,1200,1293.83907642857,65885.2648054469,0,57544.6833271645,123429.948132611,73039.3376309524,73039.3376309524,364.980028571428,211.178654357143,10857.0465265952,0,0,0,0
Q42/M0_P7,2025-01-31,144,1293.83907642857,10800,52295.1882423752,0,0,52295.1882423752,72516.0167738095,72516.0167738095,10562.4010261905,0,0,23189.2926976191,0,0,0
Q42/M0_P7,2025-02-01,144,10800,2647.62101173552,16931.8708830379,0,0,16931.8708830379,38026.0599521819,38026.0599521819,12109.4594128892,17145.8032138783,0,8684.22781983762,0,0,0
Q42/M0_P7,2025-02-02,144,2647.62101173552,2635.70671562691,64348.230061927,0,0,64348.230061927,91333.3301696276,91333.3301696276,22501.9677162473,18237.3167166581,0,8712.40122003833,0,0,0
Q42/M0_P7,2025-02-03,144,2635.70671562691,1796.42315040055,62690.7187279204,0,0,62690.7187279204,87525.8949098847,87525.8949098847,21254.1090064283,17971.1835039106,0,4026.05290736709,0,0,0
Q42/M0_P7,2025-02-04,144,1796.42315040055,1814.12502687862,63410.5802587342,0,0,63410.5802587342,89277.4615073287,89277.4615073287,25085.7599259102,20303.533851157,0,3300.3714825755,0,0,0
Q42/M0_P7,2025-02-05,144,1814.12502687862,1837.87762613593,62713.5574036165,0,124.745205202278,62838.3026088187,87996.6786217512,87996.6786217512,23717.2346917186,19189.5827609605,18.0163496825936,2738.61605734233,0,0,0
Q42/M0_P7,2025-02-06,144,1837.87762613593,1721.71270519533,63510.3503159388,0,264.592458952503,63774.9427748913,89222.0516105454,89222.0516105454,24433.2437814079,19895.475891787,37.0784117165053,4450.30491597423,0,0,0
Q42/M0_P7,2025-02-07,144,1721.71270519533,1296.10058484637,17675.7338013957,0,0,17675.7338013957,42418.661393241,42418.661393241,20943.4806743553,17347.2702545419,0,7016.77130676094,0,0,0
Q42/M0_P7,2025-02-08,144,1296.10058484637,1237.71579034028,16180.2474815532,0,297.257216077657,16477.5046976308,38998.489500143,38998.489500143,21636.6034615576,17578.1951189172,60.0470257037677,3422.96546653964,0,0,0
Q42/M0_P7,2025-02-09,144,1237.71579034028,1621.01768924084,60986.3679742709,0,0,60986.3679742709,86576.5260779002,86576.5260779002,23746.7596780075,18889.9036301755,0,2164.25406340164,0,0,0
Q42/M0_P7,2025-02-10,144,1621.01768924084,1655.88894729341,59933.0655429085,0,0,59933.0655429085,86867.8210805686,86867.8210805686,20017.4749260825,16182.7705578795,0,8706.47912903223,0,0,0
Q42/M0_P7,2025-02-11,144,1655.88894729341,1471.96970628971,59074.8315963663,0,107.53201365776,59182.363610024,85589.3263610523,85589.3263610523,21640.1089634325,17694.0155772836,20.9839035335663,6443.61974510366,0,0,0
Q42/M0_P7,2025-02-12,144,1471.96970628971,1287.99884129433,56600.8155717089,0,427.486081874213,57028.3016535831,83387.5410440034,83387.5410440034,24500.9966756714,20011.3810857897,71.4619018530624,3702.65122264142,0,0,0
Q42/M0_P7,2025-02-13,144,1287.99884129433,1775.6127896596,56989.9511021946,0,0,56989.9511021946,83805.0739916468,83805.0739916468,21223.3664855987,16752.0742998062,0,8004.30278918769,0,0,0
Q42/M0_P7,2025-02-14,144,1775.6127896596,1200,14743.0399318039,0,684.144023325708,15427.1839551296,35329.7003416188,35329.7003416188,20866.3021551984,17419.7562564043,230.618739861568,2311.97136601962,0,0,0
Q42/M0_P7,2025-02-15,144,1200,1200,15215.0537660083,0,1981.88065052561,17196.9344165339,35256.5287340256,35256.5287340256,19651.1618533249,15917.4411011932,541.769753587802,2784.48663548163,0,0,0
Q42/M0_P7,2025-02-16,144,1200,1431.64080559604,53973.2598329415,0,3940.44473240985,57913.7045653513,80011.3859010837,80011.3859010837,24078.0864132977,19294.7732697347,713.521236873042,564.214894393715,0,0,0
Q42/M0_P7,2025-02-17,144,1431.64080559604,1459.36984066476,55001.3574307235,0,0,55001.3574307235,81289.6684049918,81289.6684049918,21821.7227143757,17650.6392670824,0,5934.7217910319,0,0,0
Q42/M0_P7,2025-02-18,144,1459.36984066476,1735.54656359214,53258.5567078436,0,29.5834344361733,53288.1401422798,79641.4473814689,79641.4473814689,21884.3391287122,17477.7556436222,5.80522653771061,3149.28133958333,0,0,0
Q42/M0_P7,2025-02-19,144,1735.54656359214,1312.87377609187,52641.1459810778,0,253.634049296028,52894.7800303738,79017.2795075479,79017.2795075479,22704.6293627209,18771.1552925542,48.5562884190472,2253.03434246693,0,0,0
Q42/M0_P7,2025-02-20,144,1312.87377609187,1803.50324084605,53658.7918736998,0,131.495216942362,53790.2870906421,79638.7992806164,79638.7992806164,23415.9933318231,18525.388080498,23.4373437202321,3778.49763967814,0,0,0
Q42/M0_P7,2025-02-21,144,1803.50324084605,1645.16846568351,14952.6378994224,0,0,14952.6378994224,35113.0409268465,35113.0409268465,20500.4564147086,16747.8709935602,0,5800.19347236479,0,0,0
Q42/M0_P7,2025-02-22,144,1645.16846568351,1821.79752263552,15211.3873104939,0,0,15211.3873104939,35462.679882343,35462.679882343,19639.6307470307,15749.1347538381,0,3727.42100581698,0,0,0
Q42/M0_P7,2025-02-23,144,1821.79752263552,1966.28666867495,53007.9743673931,0,47.5316035775836,53055.5059709707,79697.3968306253,79697.3968306253,24175.253448388,19451.9150617588,9.1937337674243,3451.39849443018,0,0,0
Q42/M0_P7,2025-02-24,144,1966.28666867495,1798.1861419499,51258.1422713934,0,129.036982197611,51387.179253591,77076.2032577707,77076.2032577707,20929.7729862216,17104.406592892,25.2543266851181,5073.05757445964,0,0,0
Q42/M0_P7,2025-02-25,144,1798.1861419499,1866.49814977492,50410.0028911953,0,266.104330976991,50676.1072221723,77148.2668580207,77148.2668580207,20494.8538600749,16539.3508196182,51.4097641962904,7422.85034842695,0,0,0
Q42/M0_P7,2025-02-26,144,1866.49814977492,1883.71470315035,50151.3565172066,0,0,50151.3565172066,76112.2379805842,76112.2379805842,23133.2157197672,18722.4098349736,0,2886.58406245716,0,0,0
Q42/M0_P7,2025-02-27,144,1883.71470315035,2054.68915671035,47856.7213202457,0,3254.8447243945,51111.5660446402,75022.8998012221,75022.8998012221,23801.688485875,19125.4906653547,618.878049132901,4008.99582983478,0,0,0
Q42/M0_P7,2025-02-28,144,2054.68915671035,1953.99012213365,14618.7289736584,0,0,14618.7289736584,34784.9273390643,34784.9273390643,19576.0865063943,15947.2592012984,0,7863.50648396838,0,0,0
Q42/M0_P7,2025-03-01,144,1953.99012213365,2291.17740630902,14999.4325589309,0,0,14999.4325589309,35513.2375629707,35513.2375629707,18772.576224171,14902.3181858207,0,7984.213591287,0,0,0
Q42/M0_P7,2025-03-02,144,2291.17740630902,1864.98400919656,51736.1881505093,0,5983.97580673224,57720.1639572416,78033.7517536066,78033.7517536066,21413.1519456808,17728.2271334026,952.56096911138,2943.08084377323,0,0,0
Q42/M0_P7,2025-03-03,144,1864.98400919656,1479.23752922843,50356.7262895622,0,5958.61983559944,56315.3461251617,76654.1555739944,76654.1555739944,23853.502307769,19668.5087012642,1042.17714751942,1494.19248167567,0,0,0
Q42/M0_P7,2025-03-04,144,1479.23752922843,1895.13048313288,52375.4495257305,0,0,52375.4495257305,79072.9139218541,79072.9139218541,21319.1001370868,16894.1674525263,0,5448.52330396029,0,0,0
Q42/M0_P7,2025-03-05,144,1895.13048313288,2010.50230242231,50622.0961756249,0,0,50622.0961756249,78577.6226342935,78577.6226342935,21091.7450435258,16980.4788478954,0,8335.88442199644,0,0,0
Q42/M0_P7,2025-03-06,144,2010.50230242231,1354.05278953139,47522.6016049472,0,0,47522.6016049472,73849.1915476943,73849.1915476943,20681.5238959634,17342.8389173322,0,4569.85243572978,0,0,0
Q42/M0_P7,2025-03-07,144,1354.05278953139,1653.55426035286,13598.7298962983,0,0,13598.7298962983,32849.0884029424,32849.0884029424,17363.4802729182,13794.8676973244,0,8358.19029401527,0,0,0
Q42/M0_P7,2025-03-08,144,1653.55426035286,1478.76479294627,12989.2910772378,0,651.934974900174,13641.226052138,31382.6272845389,31382.6272845389,18371.9413027344,15038.5829758808,208.46393176969,9194.59337278836,0,0,0
Q42/M0_P7,2025-03-09,144,1478.76479294627,2023.49827608918,47028.8126710932,0,0,47028.8126710932,74661.4340491176,74661.4340491176,23732.8540475918,18733.3516437207,0,6328.40659524656,0,0,0
Q42/M0_P7,2025-03-10,144,2023.49827608918,1494.32611293276,46798.2844710434,0,2290.80505928427,49089.0895303277,71508.819934114,71508.819934114,21763.3040893571,18104.53125922,356.212884354575,164.188538331551,0,0,0
Q42/M0_P7,2025-03-11,144,1494.32611293276,2162.20470524231,47848.8045426778,0,0,47848.8045426778,74890.316956957,74890.316956957,21965.2999571929,17190.8022322476,0,6176.90043201174,0,0,0
Q42/M0_P7,2025-03-12,144,2162.20470524231,1551.25187943569,45516.0875300563,0,0,45516.0875300563,71952.8868278209,71952.8868278209,20730.2240877987,17341.3390543429,0,6128.46711103173,0,0,0
Q42/M0_P7,2025-03-13,144,1551.25187943569,1479.61005486411,45573.6932701352,0,7864.21001086933,53437.9032810045,71036.4651296865,71036.4651296865,22328.4471172293,18150.5198070702,1304.62407758271,617.543880443378,0,0,0
Q42/M0_P7,2025-03-14,144,1479.61005486411,1938.89531681702,12897.5232042127,0,0,12897.5232042127,31639.4427126445,31639.4427126445,18256.4855253649,14374.396539788,0,11727.9277437342,0,0,0
Q42/M0_P7,2025-03-15,144,1938.89531681702,1304.95387849685,12747.0082496685,0,1447.06529950569,14194.0735491742,30731.6024641733,30731.6024641733,18442.146073658,15508.6856141511,466.384420077848,7340.40127474425,0,0,0
Q42/M0_P7,2025-03-16,144,1304.95387849685,2357.320299094,46060.8146690566,0,8.08109999999993,46068.8957690566,73183.4023348625,73183.4023348625,22239.7539445565,17067.0709165534,1.63999999999999,4661.31237352598,0,0,0
Q42/M0_P7,2025-03-17,144,2357.320299094,2264.24308434712,44602.4062878427,0,0,44602.4062878427,72290.6852057063,72290.6852057063,19499.137379425,15878.0707706064,0,10811.4871635544,0,0,0
Q42/M0_P7,2025-03-18,144,2264.24308434712,1666.58805247989,42120.8342827186,0,3470.76613182869,45591.6004145473,68010.8511304801,68010.8511304801,21843.2002140352,18230.881702049,663.430019736414,3936.0042715637,0,0,0
Q42/M0_P7,2025-03-19,144,1666.58805247989,2277.2480087786,42017.5655979752,0,1732.67877127386,43750.2443692491,68590.0022011064,68590.0022011064,22826.2955174425,17939.7054084596,341.620186084723,4579.5618282082,0,0,0
Q42/M0_P7,2025-03-20,144,2277.2480087786,1815.77819458915,42392.4122392453,0,0,42392.4122392453,67311.8981661085,67311.8981661085,21352.7484998749,17711.0491176692,0,1461.23696723614,0,0,0
Q42/M0_P7,2025-03-21,144,1815.77819458915,1506.14867627245,12295.0294083922,0,517.701868842427,12812.7312772346,30087.1727682141,30087.1727682141,18391.707134236,15175.9493452162,180.655772771937,15018.6062352996,0,0,0
Q42/M0_P7,2025-03-22,144,1506.14867627245,2116.09002496514,12636.091861048,0,0,12636.091861048,31062.62245413,31062.62245413,17738.3943504079,13819.1522100069,0,11262.1805803957,0,0,0
Q42/M0_P7,2025-03-23,144,2116.09002496514,2143.37436900364,41749.5903418284,0,0,41749.5903418284,68060.9250776052,68060.9250776052,21705.9605122738,17557.2721053071,0,5142.51655397183,0,0,0
Q42/M0_P7,2025-03-24,144,2143.37436900364,2117.54246086602,40763.8904320013,0,0,40763.8904320013,66328.6402995696,66328.6402995696,21007.5701596778,17039.3805466629,0,4361.95360322136,0,0,0
Q42/M0_P7,2025-03-25,144,2117.54246086602,1659.11100245834,40819.5745701835,0,0,40819.5745701835,66304.9984772759,66304.9984772759,21845.3854168986,18107.3505002548,0,1616.83884396538,0,0,0
Q42/M0_P7,2025-03-26,144,1659.11100245834,2047.74988076671,40422.5708863887,0,0,40422.5708863887,66827.8642720302,66827.8642720302,22036.1962353833,17499.5439601829,0,6698.65713016322,0,0,0
Q42/M0_P7,2025-03-27,144,2047.74988076671,1936.64701458218,40556.4017979748,0,0,40556.4017979748,66602.7032488319,66602.7032488319,21259.1959907197,17319.941332049,0,3946.45919016126,0,0,0
Q42/M0_P7,2025-03-28,144,1936.64701458218,1893.38895551226,12161.8387380007,0,0,12161.8387380007,29980.6357685373,29980.6357685373,18141.7293205047,14733.7330027718,0,15750.7586841376,0,0,0
Q42/M0_P7,2025-03-29,144,1893.38895551226,2143.27524529821,12359.5902859983,0,0,12359.5902859983,30600.5907803137,30600.5907803137,18051.9211513137,14397.1584717568,0,19238.6189174234,0,0,0
Q42/M0_P7,2025-03-30,144,2143.27524529821,2130.42442076476,37988.5633349878,0,0,37988.5633349878,63486.1855991926,63486.1855991926,21146.6923089552,17140.3865123338,0,4134.26010257122,0,0,0
Q42/M0_P7,2025-03-31,144,2130.42442076476,1685.28105966213,38042.5227060279,0,429.344565878668,38471.8672719066,62521.1487000627,62521.1487000627,20574.0786910385,17065.6327647335,64.1818620044349,2125.49515242883,0,0,0
Q42/M0_P7,2025-04-01,144,1685.28105966213,1769.36129456121,39715.0296240629,0,4837.30776003549,44552.3373840984,63477.2318565236,63477.2318565236,19090.8552029196,15387.9205029557,733.99911329571,299.444753188757,0,0,0
Q42/M0_P7,2025-04-02,144,1769.36129456121,1884.99206036062,38985.517922821,0,8526.2078567587,47511.7257795797,63954.3486190732,63954.3486190732,22066.6811681839,17769.9440570095,1588.28962571817,810.565733616949,0,0,0
Q42/M0_P7,2025-04-03,144,1884.99206036062,1988.55703528973,40473.4221268987,0,0,40473.4221268987,66541.966026916,66541.966026916,21560.8937185466,17371.1154345865,0,6488.65747628926,0,0,0
Q42/M0_P7,2025-04-04,144,1988.55703528973,2006.28233768864,11705.4686389631,0,0,11705.4686389631,29464.029387748,29464.029387748,17272.0758717462,13974.4286839554,0,19735.5799499573,0,0,0
Q42/M0_P7,2025-04-05,144,2006.28233768864,1859.81141073445,11836.6666279543,0,0,11836.6666279543,29361.4028274274,29361.4028274274,15213.706524472,12454.9261190811,0,14558.5074387031,0,0,0
Q42/M0_P7,2025-04-06,144,1859.81141073445,2116.46748420872,40078.5174326095,0,0,40078.5174326095,66004.4269756699,66004.4269756699,21324.67001466,17041.9922457477,0,7311.67294009099,0,0,0
Q42/M0_P7,2025-04-07,144,2116.46748420872,1854.18296735242,38516.8215428938,0,0,38516.8215428938,64255.6374174309,64255.6374174309,19851.1113512301,16315.456259667,0,7477.26304253458,0,0,0
Q42/M0_P7,2025-04-08,144,1854.18296735242,1842.80491206875,39196.8356250225,0,0,39196.8356250225,65028.699376648,65028.699376648,20362.9478558663,16504.228013007,0,6816.7859171221,0,0,0
Q42/M0_P7,2025-04-09,144,1842.80491206875,1559.94507862531,38369.4238013899,0,1902.35160259317,40271.7754039831,63706.1900969919,63706.1900969919,20792.1325539339,17096.2012187856,288.235339225553,1164.18308440241,0,0,0
Q42/M0_P7,2025-04-10,144,1559.94507862531,2074.04252640407,38742.6864022358,0,0,38742.6864022358,64847.4674963511,64847.4674963511,22480.6783427023,17746.661754588,0,5652.81300823677,0,0,0
Q42/M0_P7,2025-04-11,144,2074.04252640407,1758.03400837695,11313.6275381955,0,0,11313.6275381955,28124.9829598879,28124.9829598879,14053.0896264576,11667.4102636551,0,20422.6534304187,0,0,0
Q42/M0_P7,2025-04-12,144,1758.03400837695,2180.50678539482,11475.7400226293,0,0,11475.7400226293,29365.5904170175,29365.5904170175,14798.5497500002,11606.599798184,0,17148.4799152014,0,0,0
Q42/M0_P7,2025-04-13,144,2180.50678539482,1996.85338058868,37933.6856453305,0,0,37933.6856453305,62474.0180346482,62474.0180346482,20023.390787884,16384.2346025116,0,4558.50336594244,0,0,0
Q42/M0_P7,2025-04-14,144,1996.85338058868,1730.66997088928,37028.261305703,0,0,37028.261305703,62091.4105632284,62091.4105632284,21138.0869068189,17361.4154632527,0,5786.70731966228,0,0,0
Q42/M0_P7,2025-04-15,144,1730.66997088928,2170.60536887157,37115.3759849547,0,0,37115.3759849547,63081.0218446366,63081.0218446366,19694.8822580127,15556.9127708062,0,8803.62352409677,0,0,0
Q42/M0_P7,2025-04-16,144,2170.60536887157,2091.50627775166,37893.9095306141,0,0,37893.9095306141,62439.4448886811,62439.4448886811,19781.2917973324,16094.0355378472,0,2972.59667919584,0,0,0
Q42/M0_P7,2025-04-17,144,2091.50627775166,2219.64193331579,36711.9333820511,0,0,36711.9333820511,61648.1637234515,61648.1637234515,20490.628348474,16482.0868722562,0,4771.27989723375,0,0,0
Q42/M0_P7,2025-04-18,144,2219.64193331579,2305.30121501393,11099.7525129044,0,0,11099.7525129044,28030.6188454432,28030.6188454432,16540.7685334953,13320.9291586029,0,18456.6622872174,0,0,0
Q42/M0_P7,2025-04-19,144,2305.30121501393,2231.58505519136,11207.874021597,0,0,11207.874021597,28064.2022568286,28064.2022568286,17037.5786560015,13866.7832552016,0,18108.7276060287,0,0,0
Q42/M0_P7,2025-04-20,144,2231.58505519136,2210.17037986799,36080.060373886,0,0,36080.060373886,60536.2496321021,60536.2496321021,20568.7940451822,16679.9963843886,0,4689.70708797523,0,0,0
Q42/M0_P7,2025-04-21,144,2210.17037986799,1840.54796398066,35595.2569875156,0,0,35595.2569875156,60454.5568886581,60454.5568886581,18752.0372383436,15521.8103373569,0,8707.41960433804,0,0,0
Q42/M0_P7,2025-04-22,144,1840.54796398066,1869.59676804447,35240.3810633838,0,0,35240.3810633838,58774.9447695293,58774.9447695293,21069.8264535916,17040.4155037517,0,2592.60450302277,0,0,0
Q42/M0_P7,2025-04-23,144,1869.59676804447,2248.17421764918,36855.0826667729,0,0,36855.0826667729,60989.3972290091,60989.3972290091,18594.0198606914,14720.4363825158,0,5715.89703416684,0,0,0
Q42/M0_P7,2025-04-24,144,2248.17421764918,1928.99848085263,35274.6728440264,0,0,35274.6728440264,59197.8215987094,59197.8215987094,18541.3369167858,15305.7410657134,0,8872.11904763704,0,0,0
Q42/M0_P7,2025-04-25,144,1928.99848085263,1652.74555950983,10229.8546103404,0,0,10229.8546103404,26735.9170089315,26735.9170089315,15168.401360114,12535.0327309009,0,22102.1907297183,0,0,0
Q42/M0_P7,2025-04-26,144,1652.74555950983,1531.63102448365,10475.2223502094,0,0,10475.2223502094,26688.2797537453,26688.2797537453,14941.7290270541,12211.8035934374,0,23888.1606867953,0,0,0
Q42/M0_P7,2025-04-27,144,1531.63102448365,1484.48442141462,32244.6176248124,0,5747.62722685042,37992.2448516628,55055.8605539501,55055.8605539501,19961.6563930219,16211.3736211099,880.709790589739,3612.81638929443,0,0,0
Q42/M0_P7,2025-04-28,144,1484.48442141462,1715.75875831802,34548.1587095709,0,19753.105177319,54301.2638868899,57311.4356317416,57311.4356317416,17233.8177729735,13751.2454928954,3134.67443946502,341.570474461979,0,0,0
Q42/M0_P7,2025-04-29,144,1715.75875831802,1891.49340747652,34552.4075005727,0,1538.10746056894,36090.5149611416,59121.238101832,59121.238101832,18295.0200528099,14660.8050585334,232.412732029154,8286.222122918,0,0,0
Q42/M0_P7,2025-04-30,144,1891.49340747652,1975.65077528793,33972.7726597601,0,0,33972.7726597601,57712.0654584384,57712.0654584384,18951.6414583884,15275.0879502643,0,5778.65751698096,0,0,0
Q42/M0_P7,2025-05-01,144,1975.65077528793,1204.10574151816,34313.2768009753,0,11272.3197540557,45585.596555031,56175.7026132635,56175.7026132635,19928.2209453435,16836.249496121,2127.67416802478,4200.02653206576,0,0,0
Q42/M0_P7,2025-05-02,144,1204.10574151816,1200,11093.1587714767,0,9394.10850096143,20487.2672724382,27461.2262285922,27461.2262285922,16897.4914099426,13690.6632094198,2096.4458465689,12060.5237913051,0,0,0
Q42/M0_P7,2025-05-03,144,1200,1200,11465.4490266004,0,4138.26511312556,15603.714139726,28845.7409280302,28845.7409280302,17604.331968435,14259.5088944324,947.807732359711,17581.5539363872,0,0,0
Q42/M0_P7,2025-05-04,144,1200,1292.82458511517,37305.4802667528,0,4806.38167102464,42111.8619377774,61232.1782874119,61232.1782874119,17990.8023075627,14489.0077425221,867.68733930337,6863.40372834137,0,0,0
Q42/M0_P7,2025-05-05,144,1292.82458511517,1339.07755294403,37762.5253234604,0,2919.13134655636,40681.6566700167,61590.9377561683,61590.9377561683,20324.4697525265,16421.1928285005,435.548681065237,3047.20271320755,0,0,0
Q42/M0_P7,2025-05-06,144,1339.07755294403,1295.81884962914,37922.2368870989,0,3125.18166660581,41047.4185537047,62141.0575266636,62141.0575266636,21429.0057258274,17396.4274709036,684.903008140642,5923.29991321375,0,0,0
Q42/M0_P7,2025-05-07,144,1295.81884962914,1376.50366672138,39191.8029837873,0,3654.38686586799,42846.1898496553,63868.5095530428,63868.5095530428,20167.0703234009,16262.7106265717,533.02025464819,5429.32416086178,0,0,0
Q42/M0_P7,2025-05-08,144,1376.50366672138,2761.23335918988,41273.3321820511,0,0,41273.3321820511,65615.538728548,65615.538728548,19701.7960887976,14712.1981087044,0,4799.42834845476,0,0,0
Q42/M0_P7,2025-05-09,144,2761.23335918988,2355.08406389885,12487.8631866985,0,0,12487.8631866985,28950.226611417,28950.226611417,16709.3678209088,13900.1223006981,0,17641.5952412063,0,0,0
Q42/M0_P7,2025-05-10,144,2355.08406389885,1973.74002691112,12848.2045494035,0,0,12848.2045494035,29463.1185149662,29463.1185149662,15311.0083614643,12745.1264060751,0,14776.1912762436,0,0,0
Q42/M0_P7,2025-05-11,144,1973.74002691112,2012.12723227999,39589.2822811021,0,396.627480591665,39985.9097616938,63906.5614002789,63906.5614002789,18361.0822625749,14837.9281478536,59.5162666666664,4958.84446889105,0,0,0
Q42/M0_P7,2025-05-12,144,2012.12723227999,2460.7059336041,40143.2181211859,0,0,40143.2181211859,64778.9934642649,64778.9934642649,17325.3777326708,13629.8351322717,0,9152.25563053238,0,0,0
Q42/M0_P7,2025-05-13,144,2460.7059336041,2372.07847255959,39450.8661235021,0,0,39450.8661235021,64109.1180062313,64109.1180062313,18623.8308109817,15165.0676718352,0,7521.1421004182,0,0,0
Q42/M0_P7,2025-05-14,144,2372.07847255959,2236.5559921447,39256.843465276,0,0,39256.843465276,64499.9614353674,64499.9614353674,17535.3087900971,14325.5703523521,0,8276.07421428899,0,0,0
Q42/M0_P7,2025-05-15,144,2236.5559921447,3836.50681824814,40736.9865617136,0,0,40736.9865617136,65199.8534829571,65199.8534829571,19865.6314575743,14651.2057371421,0,7220.36947919157,0,0,0
Q42/M0_P7,2025-05-16,144,3836.50681824814,2487.58473004358,12149.8283711115,0,0,12149.8283711115,27256.0710967397,27256.0710967397,12965.0897359094,11715.7525654707,0,23291.2273929676,0,0,0
Q42/M0_P7,2025-05-17,144,2487.58473004358,2850.74287746455,13114.8572486708,0,0,13114.8572486708,29835.7306264002,29835.7306264002,15234.4086742655,12013.0286934762,0,16165.5515622776,0,0,0
Q42/M0_P7,2025-05-18,144,2850.74287746455,3369.36051178728,39215.1569735663,0,0,39215.1569735663,62873.5085502361,62873.5085502361,19499.7139071276,15328.0123938829,0,5025.6389369914,0,0,0
Q42/M0_P7,2025-05-19,144,3369.36051178728,2690.29089854289,38113.7784368692,0,0,38113.7784368692,61750.585280911,61750.585280911,16614.4567762344,14068.8726406698,0,11689.7845953465,0,0,0
Q42/M0_P7,2025-05-20,144,2690.29089854289,2626.00801724094,38264.0772793941,0,0,38264.0772793941,61740.7595643548,61740.7595643548,18756.2755551342,15250.4377928305,0,3707.52698538436,0,0,0
Q42/M0_P7,2025-05-21,144,2626.00801724094,2636.74010751891,38413.4726717099,0,0,38413.4726717099,61629.6177578778,61629.6177578778,16450.2559271912,13315.0484197747,0,7131.79496712799,0,0,0
Q42/M0_P7,2025-05-22,144,2636.74010751891,2895.376887796,37223.8243597512,0,0,37223.8243597512,60444.9951357382,60444.9951357382,17942.0558649659,14300.292148373,0,5986.60060247859,0,0,0
Q42/M0_P7,2025-05-23,144,2895.376887796,2461.40985907885,11681.7110544315,0,0,11681.7110544315,27277.2520385029,27277.2520385029,14626.0476748046,12237.6689424371,0,18467.9244228022,0,0,0
Q42/M0_P7,2025-05-24,144,2461.40985907885,2879.20603421042,12725.9949773007,0,0,12725.9949773007,29012.2879958479,29012.2879958479,14881.5648100023,11678.0509384835,0,22054.2727409958,0,0,0
Q42/M0_P7,2025-05-25,144,2879.20603421042,2834.14076665229,37643.1457411239,0,0,37643.1457411239,60691.3714737784,60691.3714737784,16911.7570984527,13739.081990549,0,8973.6861825414,0,0,0
Q42/M0_P7,2025-05-26,144,2834.14076665229,2394.21961160924,37246.4519864894,0,0,37246.4519864894,60092.1410939022,60092.1410939022,18890.7400662444,15697.4284931967,0,2318.99657085447,0,0,0
Q42/M0_P7,2025-05-27,144,2394.21961160924,2201.4454732073,36741.555881232,0,0,36741.555881232,59391.2460554952,59391.2460554952,16544.9237632064,13574.884972759,0,7030.83996504772,0,0,0
Q42/M0_P7,2025-05-28,144,2201.4454732073,2855.64274191866,37685.0574283487,0,0,37685.0574283487,60768.2801619149,60768.2801619149,19758.3986873954,15415.5253949501,0,4151.58276946958,0,0,0
Q42/M0_P7,2025-05-29,144,2855.64274191866,2049.61649779206,36231.2232590181,0,119.804421733333,36351.0276807515,58328.1328876366,58328.1328876366,18057.1265406441,15351.6961176356,17.8174333333333,1530.39639796154,0,0,0
Q42/M0_P7,2025-05-30,144,2049.61649779206,2329.88865075825,12070.8698371612,0,0,12070.8698371612,28106.2045478609,28106.2045478609,15857.8722473728,12592.6315827024,0,18244.7306165239,0,0,0
Q42/M0_P7,2025-05-31,144,2329.88865075825,2489.52438005496,11798.2895650908,0,0,11798.2895650908,28230.0118125696,28230.0118125696,14356.5984344245,11485.1725755168,0,16969.4044036619,0,0,0
Q42/M0_P7,2025-06-01,144,2489.52438005496,1200,41380.87670592,0,70573.2831860623,111954.159891982,61755.6286400755,61755.6286400755,15344.544992035,13589.6533855978,11317.3675900268,93.2783236651328,0,0,0
Q42/M0_P7,2025-06-02,144,1200,1200,42126.5643118839,0,55514.392151068,97640.9564629518,63738.1637323851,63738.1637323851,19614.2259463222,15887.5230165209,8926.60178306304,297.255135646938,0,0,0
Q42/M0_P7,2025-06-03,144,1200,1317.80754070537,51361.0950855977,0,626.392377754286,51987.487463352,77283.7702853127,77283.7702853127,22555.7079597981,18164.0966608016,117.626471828885,4817.41862481183,0,0,0
Q42/M0_P7,2025-06-04,144,1317.80754070537,1233.05195509539,52405.7254498909,0,672.548208964487,53078.2736588554,77951.2025795431,77951.2025795431,21284.1458098019,17316.4381329885,95.902880522586,4434.13696658567,0,0,0
Q42/M0_P7,2025-06-05,144,1233.05195509539,1210.45037441647,54644.3794090535,0,907.733267937284,55552.1126769907,79747.4612896317,79747.4612896317,20755.6341031836,16832.4050461898,131.451514221014,4806.3657301922,0,0,0
Q42/M0_P7,2025-06-06,144,1210.45037441647,1214.85537816036,18333.4948017549,0,7383.08802366777,25716.5828254227,36429.6274856307,36429.6274856307,16472.0041848087,13338.3588863256,1340.00362017197,3780.99040731952,0,0,0
Q42/M0_P7,2025-06-07,144,1214.85537816036,1697.32654261389,20174.0780831738,0,0,20174.0780831738,40604.4092581626,40604.4092581626,19279.2048590006,15181.9318877823,0,5380.62312027765,0,0,0
Q42/M0_P7,2025-06-08,144,1697.32654261389,3800.91764530087,64372.2012911635,0,0,64372.2012911635,93515.032876477,93515.032876477,15243.6315980115,10454.109601971,0,23540.5876137699,0,0,0
Q42/M0_P7,2025-06-09,144,3800.91764530087,2115.21698411776,56287.7700162247,0,193.084699461387,56480.8547156861,80646.9447249038,80646.9447249038,16977.4161744632,15268.83769638,27.3162197724251,8032.96973325973,0,0,0
Q42/M0_P7,2025-06-10,144,2115.21698411776,2530.79797415989,57330.4277290322,0,0,57330.4277290322,83695.0291314634,83695.0291314634,21516.4146528377,17054.2729777606,0,7614.443223053,0,0,0
Q42/M0_P7,2025-06-11,144,2530.79797415989,1889.5333045008,56897.31230207,0,2718.66089274506,59615.9731948151,82968.654123576,82968.654123576,24266.3441010605,20232.8769245522,377.068084985445,3227.80871538648,0,0,0
Q42/M0_P7,2025-06-12,144,1889.5333045008,2900.17877356771,60055.6281723573,0,0,60055.6281723573,86248.6851977845,86248.6851977845,19505.7884201001,14890.1076981209,0,9180.61304247196,0,0,0
Q42/M0_P7,2025-06-13,144,2900.17877356771,2135.0888507318,18097.8611782224,0,0,18097.8611782224,35403.5398098624,35403.5398098624,14041.9673728725,12062.574502579,0,5078.83323956896,0,0,0
Q42/M0_P7,2025-06-14,144,2135.0888507318,2163.48722511912,19579.6552993012,0,0,19579.6552993012,37900.6625035439,37900.6625035439,15575.2164346298,12590.3667751015,0,8722.47009401563,0,0,0
Q42/M0_P7,2025-06-15,144,2163.48722511912,4696.03929943087,63567.7038452164,0,0,63567.7038452164,91310.4210049647,91310.4210049647,20862.2100875441,14619.0933040302,0,14440.3298881174,0,0,0
Q42/M0_P7,2025-06-16,144,4696.03929943087,3831.74142233722,60221.6568371932,0,0,60221.6568371932,85150.756814123,85150.756814123,19870.2371702082,16872.7601972529,0,9459.2270245011,0,0,0
Q42/M0_P7,2025-06-17,144,3831.74142233722,3218.2940957949,60107.5301680311,0,0,60107.5301680311,85508.6725219701,85508.6725219701,20139.3669754463,16864.9898439996,0,7597.28417385677,0,0,0
Q42/M0_P7,2025-06-18,144,3218.2940957949,3762.47961085095,60387.9969241097,0,0,60387.9969241097,86449.6121812855,86449.6121812855,19063.0004774088,14951.2634231507,0,11409.4842270274,0,0,0
Q42/M0_P7,2025-06-19,144,3762.47961085095,3359.44577997718,57938.8507977107,0,152.459328734608,58091.3101264453,84452.4912682594,84452.4912682594,19166.8757435355,15887.8998000501,22.3716374651527,12936.3827622392,0,0,0
Q42/M0_P7,2025-06-20,144,3359.44577997718,2970.50363233283,18596.7288439887,0,0,18596.7288439887,35315.9980579878,35315.9980579878,13025.7180705307,10900.8795700098,0,10790.5787074668,0,0,0
Q42/M0_P7,2025-06-21,144,2970.50363233283,3663.65154943907,18945.2374133769,0,0,18945.2374133769,37352.5194430378,37352.5194430378,17604.9834528912,13636.2034714463,0,14048.9990615928,0,0,0
Q42/M0_P7,2025-06-22,144,3663.65154943907,3213.14489141336,54523.3674660565,0,0,54523.3674660565,78991.6644138265,78991.6644138265,17621.0743578646,14678.5262220934,0,8591.7751780554,0,0,0
Q42/M0_P7,2025-06-23,144,3213.14489141336,2621.97701911767,53126.3096211892,0,0,53126.3096211892,78532.3551974041,78532.3551974041,19754.2607242463,16533.0022717056,0,8249.81074486343,0,0,0
Q42/M0_P7,2025-06-24,144,2621.97701911767,2060.32802924412,53403.9190894771,0,25954.4507619763,79358.3698514534,76838.1297465818,76838.1297465818,20498.5385355784,17109.3003047047,3910.67464438459,1090.77391009271,0,0,0
Q42/M0_P7,2025-06-25,144,2060.32802924412,2765.72570306803,55153.6388569892,0,0,55153.6388569892,81037.602123496,81037.602123496,20695.8961041615,16128.8179379293,0,6033.10259059711,0,0,0
Q42/M0_P7,2025-06-26,144,2765.72570306803,2517.76292783063,53889.874891948,0,131.321122946551,54021.1960148945,79995.9366543567,79995.9366543567,19798.8359746719,16260.2236371979,18.640783070575,8928.58126661991,0,0,0
Q42/M0_P7,2025-06-27,144,2517.76292783063,2397.4371928594,16641.8639426976,0,0,16641.8639426976,33405.5687292019,33405.5687292019,15216.153984336,12433.3778887863,0,10851.1467669855,0,0,0
Q42/M0_P7,2025-06-28,144,2397.4371928594,2502.34491988459,17251.6797362047,0,0,17251.6797362047,34779.0772476881,34779.0772476881,15093.7274612788,12131.5022893131,0,10039.9259590558,0,0,0
Q42/M0_P7,2025-06-29,144,2502.34491988459,2737.08712635214,54317.3972260013,0,0,54317.3972260013,79567.8721220513,79567.8721220513,21981.2802076783,17593.5689823986,0,5912.39236343826,0,0,0
Q42/M0_P7,2025-06-30,144,2737.08712635214,1870.09068456545,52789.6150021318,0,119.505268334822,52909.1202704666,78266.9084089509,78266.9084089509,19527.8163305523,16597.8280253554,17.2061433064318,5476.44226372709,0,0,0
Q42/M0_P7,2025-07-01,144,1870.09068456545,1200,57254.5341017781,0,32015.8485433529,89270.382645131,78051.4804577931,78051.4804577931,19403.7940989254,16320.1548362385,4621.58727438392,722.884436156741,0,0,0
Q42/M0_P7,2025-07-02,144,1200,1200,62595.5960798265,0,7231.44484878181,69827.0409286083,84744.9276722416,84744.9276722416,16377.3103062343,13265.6213480497,1351.7415430955,10080.2138904859,0,0,0
Q42/M0_P7,2025-07-03,144,1200,1444.32316969545,66395.6487794803,0,1901.36333091718,68297.0121103975,88114.5083792313,88114.5083792313,21986.785983097,17589.4057935827,274.539853844393,4231.24911022806,0,0,0
Q42/M0_P7,2025-07-04,144,1444.32316969545,1200,25067.5158518795,0,1225.90484472683,26293.4206966063,43486.2209776628,43486.2209776628,14123.590388001,11659.9990670067,312.043443325835,12453.8056333277,0,0,0
Q42/M0_P7,2025-07-05,144,1200,1469.33057246306,24999.9479831177,0,22.6492705263184,25022.597253644,44115.157209199,44115.157209199,15035.7730641423,11936.5786667385,8.9913737698763,12234.8742188984,0,0,0
Q42/M0_P7,2025-07-06,144,1469.33057246306,1486.79816818785,62908.755016373,0,23744.3282937645,86653.0833101375,83645.5472491515,83645.5472491515,19637.1654283076,15890.3831607768,2769.74312366693,2874.52655528771,0,0,0
Q42/M0_P7,2025-07-07,144,1486.79816818785,1805.34754594061,64528.2754276674,0,431.439797941996,64959.7152256094,87347.4902570421,87347.4902570421,19019.3736063886,15118.9981811973,51.5930165199151,10089.2250817041,0,0,0
Q42/M0_P7,2025-07-08,144,1805.34754594061,4735.08328686046,72507.5593521456,0,0,72507.5593521456,96984.4077027439,96984.4077027439,21960.615423882,15151.3363265165,0,14603.7415887118,0,0,0
Q42/M0_P7,2025-07-09,144,4735.08328686046,2867.00808468594,62681.2737122514,0,122.306661513896,62803.5803737653,83642.9774687906,83642.9774687906,17352.6211064719,15736.8907781993,14.0453217172595,7982.56744556866,0,0,0
Q42/M0_P7,2025-07-10,144,2867.00808468594,2529.53444292185,63987.5946128346,0,333.72566343453,64321.3202762692,84584.6361543583,84584.6361543583,16748.4857072673,13869.9997004742,38.8802487942557,8891.40701302612,0,0,0
Q42/M0_P7,2025-07-11,144,2529.53444292185,1775.32948469901,24931.8152481655,0,73.3680864827463,25005.1833346483,42281.5658236515,42281.5658236515,15532.9195385522,13260.4492886278,23.3900173086091,7513.70844103577,0,0,0
Q42/M0_P7,2025-07-12,144,1775.32948469901,2078.60690221908,25702.1645903999,0,0,25702.1645903999,44886.3689687872,44886.3689687872,16057.7061197222,12733.7922812069,0,10478.2117969386,0,0,0
Q42/M0_P7,2025-07-13,144,2078.60690221908,2236.15985831606,61297.5797699374,0,160.353398333986,61457.9331682714,85399.9640970614,85399.9640970614,18324.8693473517,14701.3465108676,19.8764671005871,12528.5973276779,0,0,0
Q42/M0_P7,2025-07-14,144,2236.15985831606,1936.40777792284,60014.6796361454,0,545.911768170639,60560.591404316,82252.9577091231,82252.9577091231,18624.4834854116,15355.6084955373,63.9065790657379,7240.31008164783,0,0,0
Q42/M0_P7,2025-07-15,144,1936.40777792284,5629.16018111104,72640.4048302146,0,0,72640.4048302146,97447.0910984835,97447.0910984835,19579.2600857968,12535.723506626,0,17654.5039359794,0,0,0
Q42/M0_P7,2025-07-16,144,5629.16018111104,3753.81049222084,65065.0515510503,0,0,65065.0515510503,86083.0220219797,86083.0220219797,15455.1437905366,14206.4811903358,0,12699.7960384456,0,0,0
Q42/M0_P7,2025-07-17,144,3753.81049222084,3721.18363925003,65592.4605620258,0,0,65592.4605620258,87775.442024681,87775.442024681,18840.050098507,15289.8047474644,0,11504.7806069717,0,0,0
Q42/M0_P7,2025-07-18,144,3721.18363925003,3239.90394048526,25964.8263451766,0,0,25964.8263451766,43965.716530303,43965.716530303,12446.7942520388,10515.0550730397,0,10759.729251304,0,0,0
Q42/M0_P7,2025-07-19,144,3239.90394048526,3055.61642609578,26737.0010225221,0,0,26737.0010225221,45800.6074909249,45800.6074909249,14315.6298731936,11761.5189602374,0,16063.6775279687,0,0,0
Q42/M0_P7,2025-07-20,144,3055.61642609578,3986.73606537862,62837.1637870912,0,0,62837.1637870912,85798.389830175,85798.389830175,19771.368882678,15176.8011196146,0,9113.84385044493,0,0,0
Q42/M0_P7,2025-07-21,144,3986.73606537862,3490.43793867692,64980.1234866283,0,0,64980.1234866283,86795.8209711863,86795.8209711863,20752.980668009,17256.5826551188,0,9309.67360829614,0,0,0
Q42/M0_P7,2025-07-22,144,3490.43793867692,2698.66259092569,63223.6556536729,0,2.79315047693539,63226.4488041499,85408.8555161732,85408.8555161732,20293.6747268334,17150.4743417112,0.328896140940287,8470.8394105252,0,0,0
Q42/M0_P7,2025-07-23,144,2698.66259092569,2678.13582562314,62935.5091694027,0,0,62935.5091694027,85368.3139679033,85368.3139679033,19496.2038738109,15810.3992265591,0,7465.96220398489,0,0,0
Q42/M0_P7,2025-07-24,144,2678.13582562314,3024.61819611877,63003.5314766004,0,0,63003.5314766004,85141.6642694308,85141.6642694308,20038.4293699776,15919.2936562358,0,7406.05655568902,0,0,0
Q42/M0_P7,2025-07-25,144,3024.61819611877,1973.281187374,24144.0190122293,0,0,24144.0190122293,41494.1240897114,41494.1240897114,13933.3262980435,12232.1976092855,0,13287.6758342867,0,0,0
Q42/M0_P7,2025-07-26,144,1973.281187374,2590.11462785463,25661.5367543217,0,0,25661.5367543217,44599.9920501425,44599.9920501425,16823.6151116555,13071.9781440084,0,12379.2635158287,0,0,0
Q42/M0_P7,2025-07-27,144,2590.11462785463,3268.93548717062,61786.747021006,0,0,61786.747021006,83917.7909227615,83917.7909227615,21773.9402304995,17025.9528133202,0,5484.61370558223,0,0,0
Q42/M0_P7,2025-07-28,144,3268.93548717062,2521.36491062629,61881.780858778,0,0,61881.780858778,83346.8224550945,83346.8224550945,20369.8626993566,17172.4023053688,0,2194.48482777333,0,0,0
Q42/M0_P7,2025-07-29,144,2521.36491062629,2333.98283156631,62465.1445264353,0,47.4669260493042,62512.6114524846,84667.7041197272,84667.7041197272,21544.3434450462,17619.5620616414,5.53873116094564,4679.21551748338,0,0,0
Q42/M0_P7,2025-07-30,144,2333.98283156631,2001.59248545859,61060.9317568407,0,0,61060.9317568407,82300.1471840734,82300.1471840734,20729.8337960286,17090.3166862801,0,4557.37602432487,0,0,0
Q42/M0_P7,2025-07-31,144,2001.59248545859,1753.45795710479,59894.6954715057,0,173.473968181316,60068.169439687,82333.5067346769,82333.5067346769,21002.4730394715,17235.3242374903,20.4253685624082,3891.78703459146,0,0,0
Q42/M0_P7,2025-08-01,144,1753.45795710479,1294.67079788095,22315.9605709152,0,2301.17075526095,24617.1313261762,39327.0280361774,39327.0280361774,14824.5888351571,12420.8253997787,774.288425282562,16446.1933594149,0,0,0
Q42/M0_P7,2025-08-02,144,1294.67079788095,2374.72220061235,24559.9906249178,0,0,24559.9906249178,44038.0925089888,44038.0925089888,18895.9125171244,14333.6428764125,0,18548.7979349435,0,0,0
Q42/M0_P7,2025-08-03,144,2374.72220061235,1442.40487179741,55115.9248268795,0,1966.89367443165,57082.8185013112,77361.6503363947,77361.6503363947,17439.8542396489,14965.367530049,331.3409072845,12379.024550746,0,0,0
Q42/M0_P7,2025-08-04,144,1442.40487179741,1775.88896424705,54677.6318084741,0,0,54677.6318084741,75449.3823754893,75449.3823754893,19489.3655236129,15486.2503909218,0,6030.6121594648,0,0,0
Q42/M0_P7,2025-08-05,144,1775.88896424705,1692.12459623742,53880.8615301637,0,0,53880.8615301637,74186.9574401069,74186.9574401069,18865.9720960214,15356.825328986,0,5525.50093973812,0,0,0
Q42/M0_P7,2025-08-06,144,1692.12459623742,1208.04338546021,54282.2063512097,0,8589.48487885844,62871.6912300682,73960.4403188031,73960.4403188031,18160.4015102157,15145.5983129742,1019.63576534705,3850.87362024194,0,0,0
Q42/M0_P7,2025-08-07,144,1208.04338546021,1658.33027358663,55192.8843569275,0,177.90765296885,55370.7920098964,76579.1754689287,76579.1754689287,19436.9040981387,15338.6341201786,20.4233329088337,9113.34357387738,0,0,0
Q42/M0_P7,2025-08-08,144,1658.33027358663,1730.22004915593,22198.6438947495,0,0,22198.6438947495,40040.7044851977,40040.7044851977,15907.1221645197,12820.0681552486,0,21178.4792259266,0,0,0
Q42/M0_P7,2025-08-09,144,1730.22004915593,1392.76529350324,21925.5972960181,0,271.94064202779,22197.5379380459,39251.7409700342,39251.7409700342,15966.9163476096,13236.9115216512,111.988798260627,17711.7959423364,0,0,0
Q42/M0_P7,2025-08-10,144,1392.76529350324,2307.36590134977,54567.2253851555,0,81.0846984675089,54648.310083623,73953.5874623302,73953.5874623302,21169.0982364245,16323.829024442,10.1609897828959,3813.86019013058,0,0,0
Q42/M0_P7,2025-08-11,144,2307.36590134977,1875.88166941194,53407.3256145166,0,418.698234876743,53826.0238493934,74476.8852434996,74476.8852434996,18882.5386255215,15683.1920954164,49.9944433341993,6766.27982339544,0,0,0
Q42/M0_P7,2025-08-12,144,1875.88166941194,1645.37159343313,53274.9623003059,0,7036.58803134731,60311.5503316532,72709.2362675776,72709.2362675776,18721.9929637992,15372.2733690582,842.660937091823,2441.63395992851,0,0,0
Q42/M0_P7,2025-08-13,144,1645.37159343313,2181.51375964779,54539.4802895373,0,437.01853829875,54976.4988278361,75234.7331399414,75234.7331399414,19670.1392497323,15450.28484269,52.3383242132415,4946.23760711229,0,0,0
Q42/M0_P7,2025-08-14,144,2181.51375964779,1777.67869030065,53410.8157842661,0,597.245632518587,54008.0614167847,73808.757205373,73808.757205373,20794.4523860003,17206.9579950727,70.6976067103948,4365.66943782238,0,0,0
Q42/M0_P7,2025-08-15,144,1777.67869030065,1685.83891854382,22324.8466471703,0,151.111820379744,22475.95846755,39807.1199063538,39807.1199063538,15584.4114970646,12706.0291072035,57.3312068911663,19826.3418400506,0,0,0
Q42/M0_P7,2025-08-16,144,1685.83891854382,1540.51072193439,22362.7666803306,0,86.5182634062013,22449.2849437368,39702.4591075643,39702.4591075643,16864.7926598016,13791.2774313878,37.6575684031344,19737.3210808869,0,0,0
Q42/M0_P7,2025-08-17,144,1540.51072193439,2288.7822716634,52312.2260118085,0,314.017358957305,52626.2433707658,71434.1527076685,71434.1527076685,19621.7039713304,15220.1358220215,37.4719906710641,3904.66293236401,0,0,0
Q42/M0_P7,2025-08-18,144,2288.7822716634,2156.5270859728,52411.3864996025,0,1580.99482690811,53992.3813265106,71610.7638109308,71610.7638109308,21314.7594917722,17383.984855457,186.748615449098,3472.62217339804,0,0,0
Q42/M0_P7,2025-08-19,144,2156.5270859728,1917.5627123075,52603.1868822328,0,879.637641366601,53482.8245235994,71541.2191059006,71541.2191059006,18203.4821149431,14959.8884494026,102.790508220959,4082.7558985811,0,0,0
Q42/M0_P7,2025-08-20,144,1917.5627123075,1718.71422864068,53543.0113679841,0,15966.4715488865,69509.4829168705,72280.9411058553,72280.9411058553,19669.6099383264,16111.3476853445,2292.68268874418,364.670474950952,0,0,0
Q42/M0_P7,2025-08-21,144,1718.71422864068,2062.48846809832,54732.9313515269,0,0,54732.9313515269,75842.2044494515,75842.2044494515,18783.0106439161,14904.8418060602,0,6119.61712826228,0,0,0
Q42/M0_P7,2025-08-22,144,2062.48846809832,1370.03408112268,22086.0614217879,0,1520.80643859417,23606.8678603821,38988.0856736431,38988.0856736431,14047.2399862898,12001.4733371728,328.19954445465,16039.9491689807,0,0,0
Q42/M0_P7,2025-08-23,144,1370.03408112268,1696.85296210561,22455.5730587242,0,5.62001886101675,22461.1930775852,40887.323948799,40887.323948799,16846.6374084757,13351.6393079807,2.43027842638562,14864.7499767303,0,0,0
Q42/M0_P7,2025-08-24,144,1696.85296210561,2036.13193997655,54307.7300472975,0,0,54307.7300472975,75031.664613378,75031.664613378,20930.7067136152,16648.5213579444,0,7015.88977437391,0,0,0
Q42/M0_P7,2025-08-25,144,2036.13193997655,1662.8014761474,53888.6229084478,0,9113.96773868805,63002.5906471359,73710.706987705,73710.706987705,20059.686147437,16584.3431968702,1070.37928520675,532.656305678227,0,0,0
Q42/M0_P7,2025-08-26,144,1662.8014761474,2343.34106044519,54799.613023592,0,0,54799.613023592,76119.7618121216,76119.7618121216,20245.0351113399,15785.9928143173,0,6131.9011317657,0,0,0
Q42/M0_P7,2025-08-27,144,2343.34106044519,1925.31520432819,54230.8278320296,0,67.5485664460443,54298.3763984756,74540.7365962669,74540.7365962669,20293.8553903237,16814.2461366675,8.29528507925488,3155.27376102331,0,0,0
Q42/M0_P7,2025-08-28,144,1925.31520432819,1743.8284681473,55154.4177181629,0,675.542947372738,55829.9606655357,75519.0881441824,75519.0881441824,20587.0659993986,16838.8615220756,80.1645587966444,1083.25324232274,0,0,0
Q42/M0_P7,2025-08-29,144,1743.8284681473,1889.55608627072,23017.3551544292,0,0,23017.3551544292,41075.9842710575,41075.9842710575,15178.6405388472,12163.5439801552,0,15505.6673623655,0,0,0
Q42/M0_P7,2025-08-30,144,1889.55608627072,1716.39926760084,23509.8895373098,0,33.0023057795158,23542.8918430893,41466.5992526857,41466.5992526857,14619.6565891911,11997.7629740477,16.2333464220535,20348.219150631,0,0,0
Q42/M0_P7,2025-08-31,144,1716.39926760084,2538.02599364068,54414.8526262876,0,226.030175872474,54640.8828021601,75830.4140622542,75830.4140622542,20775.2353584176,16088.4765868824,27.028364448195,4524.0605718339,0,0,0
Q42/M0_P7,2025-09-01,144,2538.02599364068,5797.24953463107,48869.1115715175,0,0,48869.1115715175,75247.1695960439,75247.1695960439,19439.214038481,12812.4621842783,0,15046.2832085078,0,0,0
Q42/M0_P7,2025-09-02,144,5797.24953463107,3489.36375266812,40141.4290213002,0,777.419376154201,40918.8483974544,61040.8503657725,61040.8503657725,18231.3103039687,16844.4585499813,154.463233811946,5750.70599559707,0,0,0
Q42/M0_P7,2025-09-03,144,3489.36375266812,3069.16556265449,41549.5084785022,0,0,41549.5084785022,62186.8015659452,62186.8015659452,18640.6914659246,15477.1384584112,0,3475.53130843174,0,0,0
Q42/M0_P7,2025-09-04,144,3069.16556265449,3198.80722543133,41628.6598545955,0,0,41628.6598545955,63290.3347008858,63290.3347008858,19078.2611197294,15336.7140104816,0,5623.22204163803,0,0,0
Q42/M0_P7,2025-09-05,144,3198.80722543133,2487.04876187132,14609.1329509625,0,0,14609.1329509625,30703.0929644772,30703.0929644772,14195.2009091923,12138.6953536497,0,21822.325742268,0,0,0
Q42/M0_P7,2025-09-06,144,2487.04876187132,3004.99049766984,15210.0522706645,0,0,15210.0522706645,32475.1376927926,32475.1376927926,17216.4879430692,13479.2076716674,0,21016.7737213908,0,0,0
Q42/M0_P7,2025-09-07,144,3004.99049766984,2805.97321421002,39540.3185097531,0,0,39540.3185097531,60584.1888881152,60584.1888881152,19771.4623165395,16194.0000315108,0,2045.7429864199,0,0,0
Q42/M0_P7,2025-09-08,144,2805.97321421002,1200,32899.3017660668,0,58002.5391217508,90901.8408878176,50423.7231892831,50423.7231892831,13730.8605492006,12567.3729376415,10135.3339556093,0,0,0,0
Q42/M0_P7,2025-09-09,144,1200,1346.57760590169,39508.2261430232,0,1944.18634221582,41452.412485239,61541.4275205916,61541.4275205916,20752.4798803785,16677.5888577951,285.917529630322,4649.61976097177,0,0,0
Q42/M0_P7,2025-09-10,144,1346.57760590169,1444.24580760809,39786.6463702537,0,26483.401591249,66270.0479615027,60685.5238249871,60685.5238249871,18316.5111144175,14748.4726211424,4276.07317652098,77.5598582330069,0,0,0
Q42/M0_P7,2025-09-11,144,1444.24580760809,1741.60642803304,40217.2150018096,0,0,40217.2150018096,63352.6313950853,63352.6313950853,22475.5618510215,17937.5805409449,0,5318.56430167543,0,0,0
Q42/M0_P7,2025-09-12,144,1741.60642803304,1201.27724961172,13734.8744320966,0,4152.64081362024,17887.5152457169,29932.817062131,29932.817062131,15099.9654852214,12717.2683036085,1358.74997514696,17357.2136556651,0,0,0
Q42/M0_P7,2025-09-13,144,1201.27724961172,2075.17811250655,14908.9512008233,0,0,14908.9512008233,32818.778772427,32818.778772427,17377.3268486559,13289.1239708059,0,20723.4744112437,0,0,0
Q42/M0_P7,2025-09-14,144,2075.17811250655,1353.57353346318,40861.9126087967,0,6007.59646339787,46869.5090721946,63246.4657361111,63246.4657361111,21969.9547834753,18445.107495754,991.282421463109,613.576119852938,0,0,0
Q42/M0_P7,2025-09-15,144,1353.57353346318,1200,34619.0628413525,0,37528.6808400574,72147.7436814099,54540.8698200233,54540.8698200233,21223.3360403992,17329.1183728402,6900.53222239603,2480.15374152705,0,0,0
Q42/M0_P7,2025-09-16,144,1200,1200,38350.5408021548,0,20942.1896541889,59292.7304563437,59700.6932001259,59700.6932001259,21100.5763600125,17091.4668516102,3824.18497403043,23.9986824205705,0,0,0
Q42/M0_P7,2025-09-17,144,1200,1200,38868.7579992454,0,18905.1175278416,57773.875527087,60740.5376159702,60740.5376159702,20938.5280160427,16960.2076929946,3396.85090899011,198.949801912221,0,0,0
Q42/M0_P7,2025-09-18,144,1200,1247.47035883454,38382.6969514737,0,16915.8168748869,55298.5138263606,60373.4724296306,60373.4724296306,21365.8261252328,17263.5958384875,2940.1196384696,255.310664688216,0,0,0
Q42/M0_P7,2025-09-19,144,1247.47035883454,1200,13062.5108189734,0,7544.45603504604,20606.9668540195,29452.9530481977,29452.9530481977,16437.2078431613,13356.8616759118,2655.52805793676,12926.7826222182,0,0,0
Q42/M0_P7,2025-09-20,144,1200,1231.01723708582,13199.2500275809,0,7447.26820569429,20646.5182332752,30879.0841367187,30879.0841367187,16960.0879887802,13709.7557575347,1664.15869650495,13647.4768686449,0,0,0
Q42/M0_P7,2025-09-21,144,1231.01723708582,1745.78320260953,42455.2030819897,0,5091.44960976754,47546.6526917572,66289.1194082191,66289.1194082191,20466.9003872602,16114.8999447094,810.848376392035,4460.47985872702,0,0,0
Q42/M0_P7,2025-09-22,144,1745.78320260953,1284.22477462879,43650.6461997141,0,4345.40886064238,47996.0550603565,67109.7901143816,67109.7901143816,20883.1498372782,17330.753953378,746.057314022254,3689.43166117034,0,0,0
Q42/M0_P7,2025-09-23,144,1284.22477462879,1709.57446664347,44793.9011975899,0,3573.65086032438,48367.5520579143,69304.2768122535,69304.2768122535,21742.3442816064,17228.484145288,578.190807812399,3251.99190041411,0,0,0
Q42/M0_P7,2025-09-24,144,1709.57446664347,1761.53756119148,44968.8739211117,0,0,44968.8739211117,69610.997806145,69610.997806145,20853.0479455511,16844.2020508032,0,4538.92681139711,0,0,0
Q42/M0_P7,2025-09-25,144,1761.53756119148,1380.94112115721,44354.0235715072,0,106.256645833333,44460.2802173405,68686.8419802314,68686.8419802314,20990.5506020697,17344.8827837073,15.3716666666666,4721.09692853564,0,0,0
Q42/M0_P7,2025-09-26,144,1380.94112115721,1219.19542211799,14477.1321479165,0,0,14477.1321479165,32648.8597680302,32648.8597680302,17186.9857082962,14067.0295528552,0,11834.6601125892,0,0,0
Q42/M0_P7,2025-09-27,144,1219.19542211799,1200,15576.5733384178,0,1117.59873446306,16694.1720728808,33992.6992356786,33992.6992356786,17851.1958687825,14476.7445336201,275.26307483087,13092.208725347,0,0,0
Q42/M0_P7,2025-09-28,144,1200,2363.15281921381,46503.3278804323,0,43.485003917616,46546.81288435,71896.7124235964,71896.7124235964,24106.1647899779,18479.1559425897,6.5922891613001,2788.66669870276,0,0,0
Q42/M0_P7,2025-09-29,144,2363.15281921381,2135.7224739111,47741.6205618921,0,65.6612193175125,47807.2817812096,72722.314691756,72722.314691756,20820.8242153044,17069.554925169,11.0679425938321,6222.22174421441,0,0,0
Q42/M0_P7,2025-09-30,144,2135.7224739111,2081.83504420831,47611.4241328675,0,0,47611.4241328675,72374.2410307589,72374.2410307589,21441.0773843048,17415.7713680194,0,2926.76024780683,0,0,0
Q42/M0_P7,2025-10-01,144,2081.83504420831,4285.48963191727,45113.0603853118,0,0,45113.0603853118,72659.7518424262,72659.7518424262,19126.8638604067,13509.4705979914,0,17380.8370466775,0,0,0
Q42/M0_P7,2025-10-02,144,4285.48963191727,4375.32416415782,44914.2594381566,0,0,44914.2594381566,71520.412967172,71520.412967172,18913.9696628797,15239.4643479161,0,16115.1245355417,0,0,0
Q42/M0_P7,2025-10-03,144,4375.32416415782,2805.79203827118,12166.9711251629,0,0,12166.9711251629,28586.2256753642,28586.2256753642,15301.3994678481,13806.7124822549,0,19274.384989771,0,0,0
Q42/M0_P7,2025-10-04,144,2805.79203827118,2962.10358658081,13677.5330465105,0,0,13677.5330465105,31543.153411176,31543.153411176,16683.3866527921,13372.862795283,0,15136.6471203335,0,0,0
Q42/M0_P7,2025-10-05,144,2962.10358658081,3223.91592559163,40805.5893278929,0,0,40805.5893278929,65050.6760630598,65050.6760630598,19601.1772765297,15641.3224888793,0,6354.86020874271,0,0,0
Q42/M0_P7,2025-10-06,144,3223.91592559163,3248.22655593166,43071.2691683341,0,0,43071.2691683341,66386.9481533741,66386.9481533741,19938.4774655376,16128.2871797794,0,4843.64861761597,0,0,0
Q42/M0_P7,2025-10-07,144,3248.22655593166,3224.38293187553,42425.4859420968,0,0,42425.4859420968,66764.3672007197,66764.3672007197,22864.5901766662,18541.7773047501,0,4669.99132880369,0,0,0
Q42/M0_P7,2025-10-08,144,3224.38293187553,1339.35790484139,38106.8270022085,0,2298.28710133405,40405.1141035426,61226.9787286078,61226.9787286078,21636.9424976189,19222.4459474021,348.3632944883,2682.34980621261,0,0,0
Q42/M0_P7,2025-10-09,144,1339.35790484139,1586.88410434939,40360.0887410182,0,911.885934404672,41271.9746754229,65055.4204064169,65055.4204064169,21093.6611398396,16863.0919437129,136.961491201661,5201.83101815846,0,0,0
Q42/M0_P7,2025-10-10,144,1586.88410434939,1200,12531.5124466588,0,261.948797090741,12793.4612437496,30811.1352092319,30811.1352092319,19023.873124424,15757.5329246979,165.637299270779,18366.8213921099,0,0,0
Q42/M0_P7,2025-10-11,144,1200,1876.21286450625,13741.581794876,0,0,13741.581794876,33254.978373408,33254.978373408,18243.5917776592,14168.7177618484,0,15073.7907742638,0,0,0
Q42/M0_P7,2025-10-12,144,1876.21286450625,1473.4420943847,40693.4840188109,0,105.120590166667,40798.6046089776,65435.5721416455,65435.5721416455,21169.8707463808,17510.0889976778,20.9299333333333,3281.76434294257,0,0,0
Q42/M0_P7,2025-10-13,144,1473.4420943847,2128.1060725959,42760.2620868142,0,0,42760.2620868142,68535.9168829427,68535.9168829427,22189.7998349036,17384.5402858818,0,6703.2620339209,0,0,0
Q42/M0_P7,2025-10-14,144,2128.1060725959,1775.00684515505,42460.4395072904,0,0,42460.4395072904,67051.1135302091,67051.1135302091,22135.0727316269,18247.1982173146,0,2389.40973256338,0,0,0
Q42/M0_P7,2025-10-15,144,1775.00684515505,1396.88295164026,40845.4404548778,0,5571.75714769767,46417.1976025754,65602.4567544105,65602.4567544105,21934.3854032622,18107.1636808057,913.671627575231,768.88300952919,0,0,0
Q42/M0_P7,2025-10-16,144,1396.88295164026,1525.8984684841,43012.0475984228,0,9827.77154506637,52839.8191434892,68252.4673717925,68252.4673717925,22165.5317699759,17837.966768521,1540.70428551073,2499.13370584837,0,0,0
Q42/M0_P7,2025-10-17,144,1525.8984684841,1200,13473.8835647328,0,621.41073570726,14095.2943004401,32721.8169097339,32721.8169097339,17632.1750450957,14575.3704081632,164.976647541762,13825.7896036765,0,0,0
Q42/M0_P7,2025-10-18,144,1200,1519.61779190748,13744.585031389,0,0,13744.585031389,33641.2490790392,33641.2490790392,19337.2606882194,15375.5251447409,0,13602.9202688942,0,0,0
Q42/M0_P7,2025-10-19,144,1519.61779190748,1583.47250266614,44979.2743810051,0,4796.16249866749,49775.4368796726,71005.3765034325,71005.3765034325,22654.9126743368,18293.01002653,732.605403194446,3490.35672548688,0,0,0
Q42/M0_P7,2025-10-20,144,1583.47250266614,1400.88877609911,45908.9654457479,0,1710.81932991772,47619.7847756656,72030.7402980682,72030.7402980682,22186.7240035813,18135.5717968112,323.418059761818,3862.22378439325,0,0,0
Q42/M0_P7,2025-10-21,144,1400.88877609911,1649.87164536806,47461.4235051918,0,0,47461.4235051918,73436.2744938973,73436.2744938973,22335.3325816337,17867.5348087812,0,2505.89537104482,0,0,0
Q42/M0_P7,2025-10-22,144,1649.87164536806,1486.08472339107,48696.2727667083,0,0,48696.2727667083,75772.880228361,75772.880228361,25476.3501124401,20783.2518208558,0,5524.88523677663,0,0,0
Q42/M0_P7,2025-10-23,144,1486.08472339107,2072.94918178078,48613.5138576125,0,0,48613.5138576125,76096.4055655297,76096.4055655297,23022.9267915761,18120.3926886259,0,7814.37442924616,0,0,0
Q42/M0_P7,2025-10-24,144,2072.94918178078,1519.51640854922,14127.9276907874,0,0,14127.9276907874,33762.8340555503,33762.8340555503,18932.2643677705,15833.2236338025,0,12243.7426049156,0,0,0
Q42/M0_P7,2025-10-25,144,1519.51640854922,1549.66220287972,14606.9472951388,0,0,14606.9472951388,34788.6247656891,34788.6247656891,19603.8586215048,15851.9942685215,0,11638.3276793724,0,0,0
Q42/M0_P7,2025-10-26,144,1549.66220287972,2395.08229484907,48996.2563838518,0,0,48996.2563838518,75997.3685242542,75997.3685242542,23009.3851097961,17876.7238561624,0,6320.39525395381,0,0,0
Q42/M0_P7,2025-10-27,144,2395.08229484907,1759.73553318765,47944.4184154663,0,27.9011015834896,47972.3195170498,74449.0565658692,74449.0565658692,20489.8175400701,17168.5642929521,5.31449553971231,7580.53614762423,0,0,0
Q42/M0_P7,2025-10-28,144,1759.73553318765,2119.87647750492,48477.3363312665,0,0,48477.3363312665,74471.4007050504,74471.4007050504,21379.2695086662,16993.0814521341,0,4112.79094851829,0,0,0
Q42/M0_P7,2025-10-29,144,2119.87647750492,1999.4132517004,49714.158646229,0,0,49714.158646229,75493.3129259699,75493.3129259699,22777.9454562181,18558.5527227607,0,1961.66339251254,0,0,0
Q42/M0_P7,2025-10-30,144,1999.4132517004,2010.074802939,51689.9484786984,0,0,51689.9484786984,77791.9623531023,77791.9623531023,21400.0118926319,17324.4142369171,0,8928.54704738753,0,0,0
Q42/M0_P7,2025-10-31,144,2010.074802939,2127.38869439472,14997.9166624058,0,0,14997.9166624058,34881.8177009447,34881.8177009447,16595.171401567,13336.5063329591,0,7718.86056567019,0,0,0
Q42/M0_P7,2025-11-01,144,2127.38869439472,2307.90618271027,14783.7137128053,0,0,14783.7137128053,35203.2263615206,35203.2263615206,17909.3319091234,14344.093106906,0,9093.9491259698,0,0,0
Q42/M0_P7,2025-11-02,144,2307.90618271027,2011.86716153203,51576.6534247439,0,0,51576.6534247439,78036.3830580849,78036.3830580849,23307.9619898247,19145.8843308184,0,5077.92146574529,0,0,0
Q42/M0_P7,2025-11-03,144,2011.86716153203,2275.95881882757,53019.8008107837,0,0,53019.8008107837,78517.6986896873,78517.6986896873,20852.6189634736,16652.9388688476,0,4813.08831172797,0,0,0
Q42/M0_P7,2025-11-04,144,2275.95881882757,1814.62374462642,52295.878307582,0,53.839768786649,52349.7180763686,79028.6510753869,79028.6510753869,20752.1667759654,17224.456655313,11.2365164951788,7932.10543789633,0,0,0
Q42/M0_P7,2025-11-05,144,1814.62374462642,2556.18454015129,53995.3284337664,0,0,53995.3284337664,80036.672473106,80036.672473106,21733.0576874417,16936.3720108554,0,5561.96672985301,0,0,0
Q42/M0_P7,2025-11-06,144,2556.18454015129,2013.22700051982,52956.0787970161,0,3131.90682787731,56087.9856248935,78181.4783597695,78181.4783597695,22288.2410838704,18542.1370636034,573.623752319828,3639.41354182228,0,0,0
Q42/M0_P7,2025-11-07,144,2013.22700051982,2319.40277339293,15568.1543661998,0,0,15568.1543661998,36349.1451226396,36349.1451226396,18898.2974645433,15032.0627506943,0,9164.44862545726,0,0,0
Q42/M0_P7,2025-11-08,144,2319.40277339293,2339.37722472063,15466.4784051292,0,0,15466.4784051292,36023.4338786831,36023.4338786831,18771.7158954633,15187.1128691304,0,8647.62375235017,0,0,0
Q42/M0_P7,2025-11-09,144,2339.37722472063,2284.06149859981,53913.3707194465,0,0,53913.3707194465,79689.6202695955,79689.6202695955,21167.3175144529,17195.3113402156,0,4370.79691202488,0,0,0
Q42/M0_P7,2025-11-10,144,2284.06149859981,2039.08043598494,55349.0269428113,0,0,55349.0269428113,80224.1278231866,80224.1278231866,22693.949479423,18602.582034686,0,2274.31727844965,0,0,0
Q42/M0_P7,2025-11-11,144,2039.08043598494,2169.76212159716,55451.6480964835,0,0,55451.6480964835,81404.5320031478,81404.5320031478,21110.1748892368,16981.6281432308,0,5716.96559047514,0,0,0
Q42/M0_P7,2025-11-12,144,2169.76212159716,2532.83800311479,56274.4309892158,0,10.4914202739158,56284.9224094898,82494.2314743,82494.2314743,21873.2724412506,17390.5823840471,2.03895059254023,7057.59261768901,0,0,0
Q42/M0_P7,2025-11-13,144,2532.83800311479,2467.02913696399,56237.3377237299,0,0,56237.3377237299,80947.2356711676,80947.2356711676,20513.5480682863,16675.2019148476,0,4713.01820106223,0,0,0
Q42/M0_P7,2025-11-14,144,2467.02913696399,2430.37384217287,15874.3629520009,0,0,15874.3629520009,36759.7712506957,36759.7712506957,18249.9931762902,14815.4842381071,0,5726.80701251257,0,0,0
Q42/M0_P7,2025-11-15,144,2430.37384217287,2145.85760943158,16209.2192706168,0,0,16209.2192706168,36886.5793265109,36886.5793265109,19249.3143916664,15848.0092667169,0,5273.38728489478,0,0,0
Q42/M0_P7,2025-11-16,144,2145.85760943158,2335.30550323242,58284.9016943453,0,0,58284.9016943453,83807.150361202,83807.150361202,22040.0461051761,17681.9342407719,0,5014.49411346447,0,0,0
Q42/M0_P7,2025-11-17,144,2335.30550323242,2633.801192337,58518.053246586,0,0,58518.053246586,84701.1793117989,84701.1793117989,22785.5355768114,18187.6376970231,0,7407.52709867725,0,0,0
Q42/M0_P7,2025-11-18,144,2633.801192337,2593.96373051618,57931.255083816,0,0,57931.255083816,83082.5490934667,83082.5490934667,21245.1625446731,17244.435376824,0,4191.27009228422,0,0,0
Q42/M0_P7,2025-11-19,144,2593.96373051618,2118.68202865228,59329.7822660667,0,0,59329.7822660667,83963.0085200864,83963.0085200864,21643.0543275028,17958.6275369547,0,4910.27012953838,0,0,0
Q42/M0_P7,2025-11-20,144,2118.68202865228,2395.33802322975,59152.5407418915,0,0,59152.5407418915,85419.0174762566,85419.0174762566,20842.6784423596,16633.5791431915,0,6416.8421437552,0,0,0
Q42/M0_P7,2025-11-21,144,2395.33802322975,2375.93001849699,16926.1049792178,0,0,16926.1049792178,38426.9217323873,38426.9217323873,18258.532916738,14806.8788668172,0,6110.88361579996,0,0,0
Q42/M0_P7,2025-11-22,144,2375.93001849699,2211.17369204767,16979.8478147095,0,0,16979.8478147095,39225.2956649359,39225.2956649359,19198.554714503,15699.1100125519,0,5506.02147965133,0,0,0
Q42/M0_P7,2025-11-23,144,2211.17369204767,2423.33420525432,60462.1432598183,0,0,60462.1432598183,86259.2137415128,86259.2137415128,22664.1753808849,18167.0375966308,0,6529.97967392535,0,0,0
Q42/M0_P7,2025-11-24,144,2423.33420525432,1996.00926808491,59812.1630640165,0,0,59812.1630640165,85465.5123779223,85465.5123779223,20429.0733614881,16932.1418662579,0,7806.63718269204,0,0,0
Q42/M0_P7,2025-11-25,144,1996.00926808491,2327.27369316569,59921.1112552729,0,0,59921.1112552729,85892.9843282985,85892.9843282985,21831.2442587354,17385.169867003,0,5278.24946989944,0,0,0
Q42/M0_P7,2025-11-26,144,2327.27369316569,2561.10846614777,60371.4475723654,0,0,60371.4475723654,85559.3938633049,85559.3938633049,20967.7013541441,16773.3868011729,0,4607.41242700029,0,0,0
Q42/M0_P7,2025-11-27,144,2561.10846614777,2486.28297373342,60997.161770656,0,0,60997.161770656,85875.5765956005,85875.5765956005,20301.0832236179,16511.2203543034,0,6304.82099295271,0,0,0
Q42/M0_P7,2025-11-28,144,2486.28297373342,2197.39637695719,16724.1807573395,0,0,16724.1807573395,39342.812244194,39342.812244194,18783.8287903054,15474.899257246,0,5112.64416113458,0,0,0
Q42/M0_P7,2025-11-29,144,2197.39637695719,2301.90779720113,17612.1023658371,0,0,17612.1023658371,41171.9637011095,41171.9637011095,20134.2592735139,16214.6897333267,0,2322.94406092235,0,0,0
Q42/M0_P7,2025-11-30,144,2301.90779720113,2375.0229514102,62865.8426648141,0,0,62865.8426648141,88231.0305649001,88231.0305649001,22158.7678028192,17882.7982814954,0,3710.23292690966,0,0,0
Q42/M0_P7,2025-12-01,144,2375.0229514102,1982.9632698719,67294.941418003,0,17853.6670048599,85148.6084228629,88898.8111355473,88898.8111355473,23864.4292955864,19683.0414428095,2877.73396651055,1296.22951594758,0,0,0
Q42/M0_P7,2025-12-02,144,1982.9632698719,1586.27824345664,68884.1702206603,0,20908.7895152289,89792.9597358892,89886.763290367,89886.763290367,23816.4273403784,19648.3226694802,3146.11373504613,226.962404515012,0,0,0
Q42/M0_P7,2025-12-03,144,1586.27824345664,3422.82561868479,76173.9413110911,0,12.4911725317617,76186.4324836228,98320.5707734254,98320.5707734254,26175.3384466375,19549.1315040711,1.74226550411629,4533.35752969632,0,0,0
Q42/M0_P7,2025-12-04,144,3422.82561868479,2953.96895300247,73766.4923635175,0,455.196338755108,74221.6887022726,94925.6966023677,94925.6966023677,22948.4178426685,19010.1894516756,64.0872121502179,4280.346673525,0,0,0
Q42/M0_P7,2025-12-05,144,2953.96895300247,3129.81566747735,24356.1051212158,0,0,24356.1051212158,51475.1528402595,51475.1528402595,20833.7577145327,16717.0817057441,0,6046.84914813753,0,0,0
Q42/M0_P7,2025-12-06,144,3129.81566747735,2922.3465576677,24519.8544216022,0,0,24519.8544216022,51482.532356965,51482.532356965,22569.078557744,18467.6758306014,0,3716.49881315562,0,0,0
Q42/M0_P7,2025-12-07,144,2922.3465576677,3040.68508858981,75869.6115629436,0,75.7452097606989,75945.3567727043,98117.7335641186,98117.7335641186,22684.5181566806,18267.9550290814,11.0078781805986,6059.49706470003,0,0,0
Q42/M0_P7,2025-12-08,144,3040.68508858981,3700.15594132496,80805.2608352077,0,0,80805.2608352077,104487.348278493,104487.348278493,22813.3256939684,17885.2700446528,0,11712.0815125103,0,0,0
Q42/M0_P7,2025-12-09,144,3700.15594132496,2777.57056164826,76022.8499927356,0,26.0667639636316,76048.9167566993,99828.4693602697,99828.4693602697,22661.5208190727,19186.1587051579,3.52526397616555,8968.17824366442,0,0,0
Q42/M0_P7,2025-12-10,144,2777.57056164826,2507.73649632292,76625.0416294011,0,0,76625.0416294011,99504.8030746315,99504.8030746315,22132.2060238145,18169.9375380826,0,7154.91612223288,0,0,0
Q42/M0_P7,2025-12-11,144,2507.73649632292,2719.48126734864,75325.6593074018,0,0,75325.6593074018,100024.156694751,100024.156694751,22620.816302182,18132.2909108443,0,9574.37660341358,0,0,0
Q42/M0_P7,2025-12-12,144,2719.48126734864,2513.77435137609,25296.1355808655,0,0,25296.1355808655,52849.683828141,52849.683828141,20941.3252927488,17147.6097115018,0,5341.55476356073,0,0,0
Q42/M0_P7,2025-12-13,144,2513.77435137609,2946.70874356013,26131.5863875047,0,0,26131.5863875047,54459.7314675415,54459.7314675415,21682.1059344622,17172.8648539488,0,6151.95700369473,0,0,0
Q42/M0_P7,2025-12-14,144,2946.70874356013,2749.24766991858,77151.4916202986,0,0,77151.4916202986,99550.4139339905,99550.4139339905,21890.6175260072,17909.1151623432,0,6790.18977032651,0,0,0
Q42/M0_P7,2025-12-15,144,2749.24766991858,2799.68851083318,82081.7505195162,0,0,82081.7505195162,105587.363806057,105587.363806057,22653.131316963,18303.6396099169,0,11768.3141323445,0,0,0
Q42/M0_P7,2025-12-16,144,2799.68851083318,2613.56629169642,80351.7408804353,0,0,80351.7408804353,104248.238003784,104248.238003784,23218.2650891728,18974.3047194531,0,10586.1863007312,0,0,0
Q42/M0_P7,2025-12-17,144,2613.56629169642,2604.83087255691,79822.7935864143,0,0,79822.7935864143,103376.396363245,103376.396363245,21320.6978681553,17277.6271504313,0,11141.4785788547,0,0,0
Q42/M0_P7,2025-12-18,144,2604.83087255691,2628.11460879968,78628.1218931333,0,0,78628.1218931333,102885.131519218,102885.131519218,22766.4941551328,18419.9049030391,0,11172.2753004577,0,0,0
Q42/M0_P7,2025-12-19,144,2628.11460879968,2250.04106326063,27265.3242466132,0,0,27265.3242466132,56312.4926770382,56312.4926770382,18117.0372031562,15015.0663255417,0,10302.1304994236,0,0,0
Q42/M0_P7,2025-12-20,144,2250.04106326063,2710.5002581637,27211.5572340808,0,0,27211.5572340808,56783.0039893458,56783.0039893458,19464.1534229169,15351.5509971499,0,9814.04931357885,0,0,0
Q42/M0_P7,2025-12-21,144,2710.5002581637,2840.52923460744,77814.238573931,0,0,77814.238573931,101916.232470469,101916.232470469,23588.5824767297,18989.7257273517,0,8279.59385442444,0,0,0
Q42/M0_P7,2025-12-22,144,2840.52923460744,2037.55962261119,78431.8528428759,0,0,78431.8528428759,100970.391000993,100970.391000993,23046.5795335761,19390.4020729933,0,8376.78645707731,0,0,0
Q42/M0_P7,2025-12-23,144,2037.55962261119,2390.23126623723,77780.2843487735,0,0,77780.2843487735,101642.348317684,101642.348317684,23144.5252754802,18429.6609938755,0,9669.39150274606,0,0,0
Q42/M0_P7,2025-12-24,144,2390.23126623723,2114.60196333777,76575.0173882572,0,0,76575.0173882572,100408.003004858,100408.003004858,22764.4778122859,18687.2934005611,0,8476.2592764666,0,0,0
Q42/M0_P7,2025-12-25,144,2114.60196333777,2250.50658651374,76470.1124686006,0,0,76470.1124686006,99972.3308175736,99972.3308175736,22014.3820787393,17709.3353229204,0,7854.83552842146,0,0,0
Q42/M0_P7,2025-12-26,144,2250.50658651374,2537.99647151664,26040.6535277426,0,0,26040.6535277426,54543.8528074127,54543.8528074127,20930.663535206,16695.0965670142,0,7300.66340588765,0,0,0
Q42/M0_P7,2025-12-27,144,2537.99647151664,2484.62229423067,24959.3382212843,0,0,24959.3382212843,54073.0850894912,54073.0850894912,20834.1031735904,16923.6603301656,0,6823.83317939972,0,0,0
Q42/M0_P7,2025-12-28,144,2484.62229423067,2664.1011024461,76040.9328804046,0,254.54677856389,76295.4796589685,100041.564414705,100041.564414705,21620.1370208431,17350.7800594891,34.1134572187119,8997.06616056927,0,0,0
Q42/M0_P7,2025-12-29,144,2664.1011024461,2132.61950039912,76258.1033236831,0,0,76258.1033236831,99969.5955707028,99969.5955707028,20766.0778129406,17298.8564703242,0,8978.60796141971,0,0,0
Q42/M0_P7,2025-12-30,144,2132.61950039912,2107.54910340383,74196.2381936939,0,0,74196.2381936939,98866.6799687155,98866.6799687155,22948.9661487383,18611.2259377738,0,8304.53715775099,0,0,0
Q42/M0_P7,2025-12-31,144,2107.54910340383,1879.80463048063,74777.3191775397,0,0,74777.3191775397,98706.5084157632,98706.5084157632,23852.2625522803,19525.3026929779,0,5733.12562312751,0,0,0
Q43/C0-P1,2025-01-01,144,6000,1200,0,0,423101.477271308,423101.477271308,0,0,0,4320,87687.3416166667,0,0,0,0
Q43/C0-P1,2025-01-02,144,1200,7080.16117685185,78866.4360995375,0,7248.66639331186,86115.1024928494,104968.508478704,104968.508478704,29508.0260203932,18609.3560173519,1260.96710116667,2315.96964349565,0,0,0
Q43/C0-P1,2025-01-03,144,7080.16117685185,10800,56883.3896433655,0,0,56883.3896433655,95430.7506176955,95430.7506176955,13150.5839804527,7304.11808333333,0,44053.4133539095,0,0,0
Q43/C0-P1,2025-01-04,144,10800,7860.67959259259,20739.7198855891,0,6838.44608218708,27578.1659677761,44554.8041146091,44554.8041146091,17212.5066923868,16587.5187875,1571.87425694444,874.748099999999,0,0,0
Q43/C0-P1,2025-01-05,144,7860.67959259259,6737.181345,29035.4045901716,0,249096.520114192,278131.924704364,48170.4748256173,48170.4748256173,11881.2200047325,10634.9366266667,44102.5171857819,0,0,0,0
Q43/C0-P1,2025-01-06,144,6737.181345,9419.60236425926,75094.775485382,0,5973.13196827709,81067.9074536591,99074.7569620027,99074.7569620027,27203.2234315501,19620.4320622222,1147.74434333334,1966.9455026749,0,0,0
Q43/C0-P1,2025-01-07,144,9419.60236425926,10219.8716162963,71282.9750748066,0,24994.6107331604,96277.585807967,94181.9723018176,94181.9723018176,23141.1822517147,18024.1152970556,4147.12672794444,682.197791769547,0,0,0
Q43/C0-P1,2025-01-08,144,10219.8716162963,5955.40965611111,75616.4054619015,0,3893.3548557625,79509.760317664,96225.1030050069,96225.1030050069,18251.060867284,18621.3750666667,1088.50643611111,8163.52732383401,0,0,0
Q43/C0-P1,2025-01-09,144,5955.40965611111,2798.96206259259,70726.5511746301,0,7656.52578954529,78383.0769641754,91930.7504121399,91930.7504121399,22820.7283365226,21325.59278675,1463.52242991667,648.571175617283,0,0,0
Q43/C0-P1,2025-01-10,144,2798.96206259259,7408.68006481481,27222.3116972203,0,2266.86479684044,29489.1764940608,59571.5655838477,59571.5655838477,24926.4292552812,16041.6614947778,546.829132999998,5718.03523967764,0,0,0
Q43/C0-P1,2025-01-11,144,7408.68006481481,10257.5719712963,23312.1023557459,0,3038.05131496759,26350.1536707135,52100.1065536694,52100.1065536694,25288.0928530178,17919.3524951111,815.744544737992,867.322457167357,0,0,0
Q43/C0-P1,2025-01-12,144,10257.5719712963,7294.96719851852,73586.0878025772,0,5494.48180769849,79080.5696102757,94419.7166758333,94419.7166758333,21200.8792995885,19839.0565281667,1011.47704877777,3162.16588652264,0,0,0
Q43/C0-P1,2025-01-13,144,7294.96719851852,7174.77751685185,73048.2211857119,0,2718.88366092444,75767.1048466363,96309.1666447531,96309.1666447531,24260.4397892318,19759.1269427778,558.536237777776,4114.69306941015,0,0,0
Q43/C0-P1,2025-01-14,144,7174.77751685185,5771.27392333333,70680.4990749876,0,3987.18247207918,74667.6815470668,93220.0337007202,93220.0337007202,24143.7383548011,20819.5813015556,960.735234555552,1594.70061536351,0,0,0
Q43/C0-P1,2025-01-15,144,5771.27392333333,6963.73418018519,68983.3712252914,0,23900.0547010154,92883.4259263067,92610.9729951989,92610.9729951989,24120.883801749,18464.70164825,3973.04741951406,816.946994547325,0,0,0
Q43/C0-P1,2025-01-16,144,6963.73418018519,1364.73333333334,64870.3529443233,0,19777.1056118975,84647.4585562208,85084.5817839163,85084.5817839163,19479.9431361797,20817.8547024722,3430.32129197222,651.401525514403,0,0,0
Q43/C0-P1,2025-01-17,144,1364.73333333334,6459.52527604938,24063.2575611295,0,1638.74283416533,25702.0003952949,53573.6342796296,53573.6342796296,27533.7611013717,17717.0337436667,533.508106333333,1599.24656159123,0,0,0
Q43/C0-P1,2025-01-18,144,6459.52527604938,9599.58145981482,24404.5811249887,0,2588.78478907084,26993.3659140596,54061.9912996694,54061.9912996694,24355.7643449246,16902.118554,688.354727777778,4249.22621985597,0,0,0
Q43/C0-P1,2025-01-19,144,9599.58145981482,6328.07937,64830.6659401485,0,24955.3648918777,89786.0308320262,86125.3683133745,86125.3683133745,19341.81864393,18611.2249824167,4112.53451480555,795.966366666665,0,0,0
Q43/C0-P1,2025-01-20,144,6328.07937,5239.77219962963,67179.6226552466,0,13816.1284691166,80995.7511243632,89647.4038014403,89647.4038014403,23404.5652084705,19937.1742721945,2356.46584447222,478.538826303151,0,0,0
Q43/C0-P1,2025-01-21,144,5239.77219962963,6289.31312537037,67140.9826224679,0,2655.93886125086,69796.9214837187,92627.3545079904,92627.3545079904,25418.7832620027,19644.6276090556,612.812949174895,3959.65545421811,0,0,0
Q43/C0-P1,2025-01-22,144,6289.31312537037,6268.05790529143,70330.6877286289,0,5959.4226249243,76290.1103535531,94440.9122173423,94440.9122173423,25414.3618340613,20604.7627836607,1038.57829215257,1778.22209242765,0,0,0
Q43/C0-P1,2025-01-23,144,6268.05790529143,1491.92073298412,65767.6282560886,0,23263.0949640238,89030.7232201124,85597.670043812,85597.670043812,18639.1982534088,19396.2740403377,3858.29338950179,498.380286909365,0,0,0
Q43/C0-P1,2025-01-24,144,1491.92073298412,7375.94004475767,20963.9782685135,0,9791.18619596161,30755.1644644751,47959.4738408884,47959.4738408884,26439.4973721068,16120.3754908103,2317.45571266756,134.986188926161,0,0,0
Q43/C0-P1,2025-01-25,144,7375.94004475767,10343.0305810245,19280.0442355979,0,3179.55182311897,22459.5960587169,44959.8371859046,44959.8371859046,24472.624835324,17152.4446339723,805.385915285612,126.107433171837,0,0,0
Q43/C0-P1,2025-01-26,144,10343.0305810245,5664.86577036034,70372.0655023918,0,4412.56722882464,74784.6327312164,91774.7874632295,91774.7874632295,19833.014364655,20275.0899649683,988.633170787717,5553.48120099713,0,0,0
Q43/C0-P1,2025-01-27,144,5664.86577036034,6289.78433173046,63294.8251970774,0,12526.9202479028,75821.7454449802,87824.494457329,87824.494457329,23043.4147023061,18102.7392036348,2275.22215784515,920.20099983616,0,0,0
Q43/C0-P1,2025-01-28,144,6289.78433173046,7220.72378198417,67356.2027846287,0,8038.62140528665,75394.8241899153,92964.6805164323,92964.6805164323,25445.5855442011,19773.0787855746,1559.24391749421,1895.70664196659,0,0,0
Q43/C0-P1,2025-01-29,144,7220.72378198417,9076.61181160879,61155.9599315135,0,9186.07816729764,70342.0380988112,87499.4908533436,87499.4908533436,25571.1032143489,19042.2943769605,1692.1228518714,1273.21881782654,0,0,0
Q43/C0-P1,2025-01-30,144,9076.61181160879,1659.12215932488,57863.3976781478,0,17756.6939207849,75620.0915989327,77500.5797296185,77500.5797296185,15723.165138415,19411.5044491717,3124.9188230386,435.316746747153,0,0,0
Q43/C0-P1,2025-01-31,144,1659.12215932488,5162.18959439794,18965.4129385358,0,11458.2167499511,30423.6296884869,43852.8733076476,43852.8733076476,22749.9478814545,15274.6970924124,2487.28347498735,63.7329435928951,0,0,0
Q43/C0-P1,2025-02-01,144,5162.18959439794,10381.6053222988,19759.9880404889,0,531.325369025882,20291.3134095148,47751.2318392452,47751.2318392452,25921.2805965849,16298.763128123,129.704086346306,4037.10585712956,0,0,0
Q43/C0-P1,2025-02-02,144,10381.6053222988,8386.38009580123,59912.6682854827,0,1098.57733222088,61011.2456177036,85722.3749257286,85722.3749257286,21400.4618838588,19130.0768297735,210.917351720273,5317.18260669685,0,0,0
Q43/C0-P1,2025-02-03,144,8386.38009580123,8593.08154087579,62736.8672641705,0,2991.39346811207,65728.2607322826,88558.3645801379,88558.3645801379,22853.7899515489,18325.5385601875,629.051082203427,4443.07443764656,0,0,0
Q43/C0-P1,2025-02-04,144,8593.08154087579,5627.18207707196,63844.4118154781,0,762.546171092007,64606.9579865702,87861.5031132331,87861.5031132331,19878.7280823691,18771.0792641424,137.478457300743,5657.26713564048,0,0,0
Q43/C0-P1,2025-02-05,144,5627.18207707196,7221.02387916008,60286.34692703,0,7207.49839321551,67493.8453202455,86481.9008542613,86481.9008542613,24872.1470169591,18711.9814618576,1421.32214388738,996.593793047146,0,0,0
Q43/C0-P1,2025-02-06,144,7221.02387916008,1381.13852623906,62543.4680289708,0,1943.29041397397,64486.7584429448,84837.892848455,84837.892848455,17976.7456982343,19817.0608331987,431.238235405122,6691.19400215786,0,0,0
Q43/C0-P1,2025-02-07,144,1381.13852623906,7085.98193672402,19141.0725741135,0,2754.09959372085,21895.1721678343,47088.3366145636,47088.3366145636,26296.5737352819,16165.8656561419,604.063900350987,5745.67443577452,0,0,0
Q43/C0-P1,2025-02-08,144,7085.98193672402,9995.61618912682,14704.8844099625,0,8723.0556977579,23427.9401077204,37504.5765442269,37504.5765442269,24520.0252173942,17242.5495989268,2325.47058672206,1113.12212914819,0,0,0
Q43/C0-P1,2025-02-09,144,9995.61618912682,4825.91679386724,56262.414857417,0,8145.65403908917,64408.0688965062,78942.1905335546,78942.1905335546,17962.6475270124,19202.4739526137,1685.09708881359,2352.53974796943,0,0,0
Q43/C0-P1,2025-02-10,144,4825.91679386724,4789.9058917099,54690.070607505,0,3151.28932937643,57841.3599368815,81087.7772392854,81087.7772392854,21968.543034811,17826.9296701385,722.172203513838,3360.6618281267,0,0,0
Q43/C0-P1,2025-02-11,144,4789.9058917099,4945.60602002231,56048.3214784625,0,7933.54079467636,63981.8622731388,81747.8668488432,81747.8668488432,22925.15269595,18429.2435682383,1516.90885252023,3490.42277365172,0,0,0
Q43/C0-P1,2025-02-12,144,4945.60602002231,7862.69328922349,56604.3719977915,0,5346.3456198906,61950.7176176821,84866.3543066755,84866.3543066755,26145.0459652572,18552.1086895772,1105.3427746704,3116.06367233268,0,0,0
Q43/C0-P1,2025-02-13,144,7862.69328922349,1252.13859671733,47954.3871513874,0,5885.43826536402,53839.8254167515,69715.5213940669,69715.5213940669,15863.432232417,18798.8793315133,1416.2890471144,2600.16685694424,0,0,0
Q43/C0-P1,2025-02-14,144,1252.13859671733,3756.44724134628,14997.9657332287,0,5480.42574224347,20478.3914754721,37426.1229885434,37426.1229885434,22781.4943832576,16199.1326702726,1714.97912812272,2771.66692034775,0,0,0
Q43/C0-P1,2025-02-15,144,3756.44724134628,9849.05978989069,16366.4515838073,0,7523.79179171944,23890.2433755267,40227.7164132792,40227.7164132792,25693.0208037728,15327.995557366,2207.16374062607,2919.14547416512,0,0,0
Q43/C0-P1,2025-02-16,144,9849.05978989069,5660.04397698682,53564.5691457489,0,6456.01155402211,60020.5806997711,76868.0435569516,76868.0435569516,17341.9817758321,17817.1194700375,1418.06632184532,3388.6668063357,0,0,0
Q43/C0-P1,2025-02-17,144,5660.04397698682,7778.52483767698,56642.7884693501,0,5181.65411729651,61824.4425866466,84732.1630007268,84732.1630007268,21898.8873403604,15831.4659710707,1226.78037197639,8721.87217008021,0,0,0
Q43/C0-P1,2025-02-18,144,7778.52483767698,4224.58442126152,45832.0778896841,0,17463.6001476179,63295.678037302,68397.4867207463,68397.4867207463,15716.5311593042,15928.9366138103,3505.54835341796,1.87941200370642,0,0,0
Q43/C0-P1,2025-02-19,144,4224.58442126152,5526.14530725312,48953.1487654769,0,17903.7722168402,66856.9209823172,74759.0108349344,74759.0108349344,22639.9075520172,17166.9203197415,3686.46711257577,120.841665234427,0,0,0
Q43/C0-P1,2025-02-20,144,5526.14530725312,1328.64209040896,48938.1794367251,0,7003.04739401102,55941.2268307361,72118.1479555637,72118.1479555637,18326.6394108081,18622.3308179143,1509.33158107426,2774.27887707756,0,0,0
Q43/C0-P1,2025-02-21,144,1328.64209040896,6427.76580463645,15560.9694527121,0,5258.83268208831,20819.8021348004,38574.3612606863,38574.3612606863,24992.4819375732,15654.6990266296,1791.92082817159,5488.21714458092,0,0,0
Q43/C0-P1,2025-02-22,144,6427.76580463645,10131.7123601248,15427.6025949466,0,4150.8670436922,19578.4696386388,37652.2979035303,37652.2979035303,23719.9778813798,15879.6301839781,1356.0895734452,3470.52522957382,0,0,0
Q43/C0-P1,2025-02-23,144,10131.7123601248,6481.91431579654,48245.1501233214,0,8979.82765590076,57224.9777792222,72001.8341691033,72001.8341691033,17779.4707861095,17686.1895766442,1863.06640764174,2221.12068394638,0,0,0
Q43/C0-P1,2025-02-24,144,6481.91431579654,4132.37949135087,47053.3228076626,0,4789.77193572355,51843.0947433861,69872.2926577055,69872.2926577055,19140.1846531491,17618.1309110519,1028.52504933548,1168.81701494374,0,0,0
Q43/C0-P1,2025-02-25,144,4132.37949135087,4988.54052551658,49571.4653641751,0,3367.93773621825,52939.4031003934,76514.371358073,76514.371358073,20011.0619190375,15438.4152236712,878.92983641299,6975.33293245302,0,0,0
Q43/C0-P1,2025-02-26,144,4988.54052551658,6500.12047604405,45418.5331679104,0,19752.6484527199,65171.1816206303,71079.3541992416,71079.3541992416,23156.0709640148,17395.9955253773,3672.8753520169,205.769412620966,0,0,0
Q43/C0-P1,2025-02-27,144,6500.12047604405,1341.32565693651,42093.7503917835,0,11259.1878522892,53352.9382440727,64421.7834925384,64421.7834925384,17881.3043266235,19126.7718417618,2169.09618198978,704.539656333168,0,0,0
Q43/C0-P1,2025-02-28,144,1341.32565693651,4344.92275892528,14593.9725885314,0,2896.04965304128,17490.0222415727,35885.0607328562,35885.0607328562,20767.3034755301,14118.2784233895,995.022743092988,6977.54154047522,0,0,0
Q43/C0-P1,2025-03-01,144,4344.92275892528,10382.3811039152,16847.4790807425,0,439.733142021602,17287.2122227641,42731.0612020758,42731.0612020758,24132.5265271194,14113.6339764758,94.2190194698289,9258.83840423534,0,0,0
Q43/C0-P1,2025-03-02,144,10382.3811039152,6075.39821501452,51490.3279377527,0,1501.14877586533,52991.476713618,75665.0271328436,75665.0271328436,16907.269206257,17571.1726570787,269.589643887957,4270.17649421995,0,0,0
Q43/C0-P1,2025-03-03,144,6075.39821501452,6268.80841237248,53749.8424876251,0,5514.31303248584,59264.1555201109,81223.0767201981,81223.0767201981,22014.9218054931,17658.0174848272,1255.28005354898,6106.75581974787,0,0,0
Q43/C0-P1,2025-03-04,144,6268.80841237248,6348.2609132459,46582.6394817038,0,7739.2198005896,54321.8592822934,72009.6631160117,72009.6631160117,21584.8885427506,17412.2524688419,1600.75856048963,235.479335925939,0,0,0
Q43/C0-P1,2025-03-05,144,6348.2609132459,6496.65708670373,47915.5559794969,0,1934.37990521188,49849.9358847088,75531.3860305333,75531.3860305333,21473.1529377584,17259.6973234723,388.62158544687,5597.14498502736,0,0,0
Q43/C0-P1,2025-03-06,144,6496.65708670373,1265.98029321725,41653.6067628221,0,5801.58703631101,47455.1937991332,63782.6307053234,63782.6307053234,16999.9451635107,18477.5646965815,1380.79827532217,546.532713716335,0,0,0
Q43/C0-P1,2025-03-07,144,1265.98029321725,4872.41381266256,14234.274974522,0,1821.88189553038,16056.1568700524,35491.3120111426,35491.3120111426,19820.2534612963,12808.6151361492,596.279924923757,8132.67307758599,0,0,0
Q43/C0-P1,2025-03-08,144,4872.41381266256,9814.88446097142,13436.2727070328,0,5444.82868558065,18881.1013926134,34722.6593284559,34722.6593284559,22906.0638202191,14105.6881108995,1902.03174159821,8885.41084406785,0,0,0
Q43/C0-P1,2025-03-09,144,9814.88446097142,5788.43484416084,43188.3673324277,0,5839.78884174801,49028.1561741758,68388.8808186503,68388.8808186503,18768.1564446557,18826.0113753007,1235.03831417223,6376.66401346745,0,0,0
Q43/C0-P1,2025-03-10,144,5788.43484416084,6503.43483256679,44689.822142177,0,13971.2725951936,58661.0947373706,70122.7126052974,70122.7126052974,22754.6981259966,17787.8054924919,2973.19505310551,95.7969082315305,0,0,0
Q43/C0-P1,2025-03-11,144,6503.43483256679,5170.86796927831,37975.7121749066,0,37088.239390933,75063.9515658396,59565.5832542779,59565.5832542779,15597.5984931467,13833.3649564085,6383.28994326851,204.397527474829,0,0,0
Q43/C0-P1,2025-03-12,144,5170.86796927831,6317.04631876749,44389.2505196829,0,3769.68209106564,48158.9326107486,71450.2417490573,71450.2417490573,23016.2120153928,17611.5712179279,850.853875000362,4508.40514325947,0,0,0
Q43/C0-P1,2025-03-13,144,6317.04631876749,1242.77853010714,42433.132236737,0,8028.13093764417,50461.2631743812,64672.2239427457,64672.2239427457,16252.6823881773,17731.5137442179,1811.20303363675,242.315315756364,0,0,0
Q43/C0-P1,2025-03-14,144,1242.77853010714,4294.99023710536,12465.1991178038,0,3810.36456355912,16275.5636813629,32195.8053412385,32195.8053412385,18986.089046544,12631.7415914023,1254.54236245889,11051.6775985557,0,0,0
Q43/C0-P1,2025-03-15,144,4294.99023710536,10006.9052546869,13613.8083620337,0,5985.8346880184,19599.6430500521,35120.7896162732,35120.7896162732,23780.1833807182,14121.2250225583,1912.60934157437,6635.11544968775,0,0,0
Q43/C0-P1,2025-03-16,144,10006.9052546869,5116.64837813065,39719.3117207426,0,7080.27596390132,46799.5876846439,61144.2516021079,61144.2516021079,17118.9025531828,18267.5422569786,1661.89271200911,621.183751246177,0,0,0
Q43/C0-P1,2025-03-17,144,5116.64837813065,5304.44798950681,37499.2739763162,0,10206.0881956846,47705.3621720007,62250.2490220275,62250.2490220275,19951.4650532526,15991.667042896,2345.6179249829,2744.70916998723,0,0,0
Q43/C0-P1,2025-03-18,144,5304.44798950681,5052.82239800213,43820.8021129242,0,2678.81820504464,46499.6203179688,70381.821357745,70381.821357745,19959.1638912305,16393.385784251,654.653429962736,6352.70998072814,0,0,0
Q43/C0-P1,2025-03-19,144,5052.82239800213,4333.62634852046,35085.5285473374,0,30147.6474469651,65233.1759943025,56591.9324440496,56591.9324440496,16356.8269168577,13896.3062471883,5373.23647722643,38.7844682732237,0,0,0
Q43/C0-P1,2025-03-20,144,4333.62634852046,1421.88730725516,40109.2468176835,0,10672.1994911786,50781.4463088621,62844.2798336007,62844.2798336007,17727.1236856053,16979.535322479,2234.86879216637,1954.34677930749,0,0,0
Q43/C0-P1,2025-03-21,144,1421.88730725516,4326.33101058518,12085.8092578355,0,5517.59687575685,17603.4061335924,31087.1817976163,31087.1817976163,19872.6395797755,13482.8387266212,1982.24880967242,14654.4302374677,0,0,0
Q43/C0-P1,2025-03-22,144,4326.33101058518,10437.302490333,14241.0236567357,0,733.373531997769,14974.3971887334,36294.5454278754,36294.5454278754,22947.7994124948,13087.8431923477,308.711642134047,11034.9061165291,0,0,0
Q43/C0-P1,2025-03-23,144,10437.302490333,4399.24767651411,38822.8557895552,0,3876.95048750971,42699.8062770649,61749.6705332335,61749.6705332335,14393.0412337664,17092.6127317878,891.266126281113,6554.97637420269,0,0,0
Q43/C0-P1,2025-03-24,144,4399.24767651411,4437.34891227356,39001.1558398998,0,3420.0967706121,42421.2526105119,64203.4423766363,64203.4423766363,21359.8051980692,17267.1510982526,943.755390090207,3074.13991690983,0,0,0
Q43/C0-P1,2025-03-25,144,4437.34891227356,4804.78264765735,43979.6356084659,0,4947.147276931,48926.7828853969,71038.1043211556,71038.1043211556,19396.5353083722,15380.5032379361,1266.47229631876,7313.14483037154,0,0,0
Q43/C0-P1,2025-03-26,144,4804.78264765735,6366.30713893635,37814.1653494056,0,7471.64436662381,45285.8097160294,62355.9765541658,62355.9765541658,23741.5804000685,17825.3080819044,1573.74500675908,2440.67437609412,0,0,0
Q43/C0-P1,2025-03-27,144,6366.30713893635,1473.16829049273,37546.6015622709,0,2657.62430827483,40204.2258705458,59992.832661536,59992.832661536,15794.5796274285,17197.4344618163,766.526437637318,3277.77286689448,0,0,0
Q43/C0-P1,2025-03-28,144,1473.16829049273,3585.48512349726,12107.1727435914,0,1997.7923214344,14104.9650650258,30915.8038214333,30915.8038214333,18578.6313831039,13147.6062706101,817.32205135298,15506.8399936258,0,0,0
Q43/C0-P1,2025-03-29,144,3585.48512349726,9513.23438496219,12960.5116131637,0,2978.67448440571,15939.1860975694,34904.3643232353,34904.3643232353,24510.5781246662,14518.5939456612,1002.42483231467,18339.769126545,0,0,0
Q43/C0-P1,2025-03-30,144,9513.23438496219,5162.17823857899,35926.6478882729,0,3710.25962809131,39636.9075163642,59386.7874303143,59386.7874303143,15768.3405786837,16688.3064004786,1015.59588810141,5994.14777354405,0,0,0
Q43/C0-P1,2025-03-31,144,5162.17823857899,4943.40772799477,33607.6976917431,0,27364.9111052366,60972.6087969797,54925.1401367636,54925.1401367636,16029.5489803177,13180.8281335831,4929.08136151383,26.5028348762131,0,0,0
Q43/C0-P1,2025-04-01,144,4943.40772799477,3683.779066786,41656.7062901535,0,5535.25457471936,47191.9608648728,66840.888083132,66840.888083132,17103.002259855,14987.0976255704,1398.74010851351,5926.29870736091,0,0,0
Q43/C0-P1,2025-04-02,144,3683.779066786,7014.85927931754,40601.5347237119,0,6304.59390078033,46906.1286244922,68172.841839471,68172.841839471,23475.1902926688,16016.9319457834,1550.47129329091,1805.62271920977,0,0,0
Q43/C0-P1,2025-04-03,144,7014.85927931754,1313.97613804713,37903.2181061079,0,2009.38315194345,39912.6012580514,59770.9053786651,59770.9053786651,14432.3103133839,16820.9661809843,595.588592104243,6717.47290503648,0,0,0
Q43/C0-P1,2025-04-04,144,1313.97613804713,4600.82598363666,11589.2257870465,0,2172.20634964805,13761.4321366946,30864.7712433597,30864.7712433597,20743.4662696687,13844.0428174011,778.834701353745,18355.9335757792,0,0,0
Q43/C0-P1,2025-04-05,144,4600.82598363666,10039.7155099237,12490.9168230087,0,2949.35842842843,15440.2752514371,33173.1006858984,33173.1006858984,22484.3295840819,13317.306389448,937.926224340969,13035.8320656055,0,0,0
Q43/C0-P1,2025-04-06,144,10039.7155099237,7316.20569240561,36084.4609021734,0,3054.9746670897,39139.4355692631,59864.6330293294,59864.6330293294,18316.749444139,17287.7258855189,682.631985006912,5096.84852238286,0,0,0
Q43/C0-P1,2025-04-07,144,7316.20569240561,5752.27131322332,31623.8995576294,0,11591.3855183154,43215.2850759449,52614.5464324592,52614.5464324592,17978.5792553306,15970.1901380818,2600.89723261502,2.43359782544508,0,0,0
Q43/C0-P1,2025-04-08,144,5752.27131322332,4916.2736544873,37866.7507959042,0,2705.9009692111,40572.6517651153,62952.289574616,62952.289574616,19419.9469220692,16482.5548997385,569.381260125049,6241.53019574366,0,0,0
Q43/C0-P1,2025-04-09,144,4916.2736544873,6253.93150583794,37915.8275701898,0,5994.53176178499,43910.3593319748,63636.621430777,63636.621430777,21930.367148192,16559.70532382,1230.4973892212,338.277645626128,0,0,0
Q43/C0-P1,2025-04-10,144,6253.93150583794,1447.99680824869,34732.7119824308,0,2593.53168802013,37326.2436704509,55477.1076104966,55477.1076104966,18045.68186421,18942.3435378405,620.604561252937,2361.83761204665,0,0,0
Q43/C0-P1,2025-04-11,144,1447.99680824869,5015.80680027614,11084.0735985509,0,5585.66479741419,16669.7383959651,28981.0699366649,28981.0699366649,17057.6126883054,10605.6372847026,1807.15247962439,19047.5985126866,0,0,0
Q43/C0-P1,2025-04-12,144,5015.80680027614,10317.6671609165,12539.3245718534,0,920.774716806951,13460.0992886604,33102.2160198315,33102.2160198315,20525.7996166078,11854.223364876,300.358419247246,15857.2409706802,0,0,0
Q43/C0-P1,2025-04-13,144,10317.6671609165,4321.03184314904,31741.5853410446,0,6120.79863944985,37862.3839804944,50879.9029629692,50879.9029629692,13895.8680303922,16652.6248906084,1368.15638417273,691.284390691445,0,0,0
Q43/C0-P1,2025-04-14,144,4321.03184314904,5528.69708899064,36651.787102162,0,2806.4857007422,39458.2728029042,61753.2921058163,61753.2921058163,20897.1846366691,15839.8208344445,720.476649636387,4906.78481989473,0,0,0
Q43/C0-P1,2025-04-15,144,5528.69708899064,6430.97751812322,31758.2897061182,0,7087.06381391608,38845.3535200343,53771.1742127149,53771.1742127149,20588.2676700292,15864.4444265043,1702.29444042626,599.469909616311,0,0,0
Q43/C0-P1,2025-04-16,144,6430.97751812322,4409.94412246563,34357.9490844029,0,5379.34478766808,39737.293872071,56999.5711867742,56999.5711867742,17093.5173249897,15664.6790893335,1280.6440427077,1102.91004382571,0,0,0
Q43/C0-P1,2025-04-17,144,4409.94412246563,1465.03536973907,31179.5634975809,0,18201.4414876201,49381.004985201,50065.4987317218,50065.4987317218,14394.107795969,14309.6451921888,3128.62127132904,57.5150492706214,0,0,0
Q43/C0-P1,2025-04-18,144,1465.03536973907,3589.40356513506,10760.9843496917,0,1487.77154192542,12248.7558916172,28563.2478043041,28563.2478043041,19572.5951273448,13941.8706772929,595.934262199501,17184.9954331184,0,0,0
Q43/C0-P1,2025-04-19,144,3589.40356513506,9533.0918038809,11907.9657970806,0,1924.83221010838,13832.798007189,32523.2912591019,32523.2912591019,22778.3200410546,13101.119818383,567.985719190657,16800.7258389542,0,0,0
Q43/C0-P1,2025-04-20,144,9533.0918038809,5764.78101359143,30449.3432597602,0,10343.6994603923,40793.0427201525,49782.9715424696,49782.9715424696,16620.518620896,16854.0997941863,1980.10755031677,60.1253827433305,0,0,0
Q43/C0-P1,2025-04-21,144,5764.78101359143,4945.60503583859,33553.5800393482,0,4735.38325347323,38288.9632928214,57098.9580792897,57098.9580792897,17828.9309877768,15178.6924800767,1155.72006790152,7040.64092282449,0,0,0
Q43/C0-P1,2025-04-22,144,4945.60503583859,7811.70248370975,32862.7635917515,0,14306.161871188,47168.9254629395,55961.5821092137,55961.5821092137,21756.9563717532,15043.646958036,2847.35990233903,7.44161450221588,0,0,0
Q43/C0-P1,2025-04-23,144,7811.70248370975,5119.32410285021,29501.9194926469,0,20610.2658457035,50112.1853383504,48109.0814434846,48109.0814434846,14649.2856985763,14289.0619586204,3794.61831449928,112.189301361308,0,0,0
Q43/C0-P1,2025-04-24,144,5119.32410285021,1380.12685003869,29455.0551827764,0,3636.65751096443,33091.7126937408,47766.3548419005,47766.3548419005,14866.285092967,15406.9684528336,814.205487403258,1867.54198917038,0,0,0
Q43/C0-P1,2025-04-25,144,1380.12685003869,4356.46468475698,10480.3352854815,0,1851.80158947057,12332.1368749521,28422.8368768499,28422.8368768499,17487.5043308174,11486.1744567157,580.708877940004,20963.6198973548,0,0,0
Q43/C0-P1,2025-04-26,144,4356.46468475698,10043.1081140516,11582.0954734209,0,2287.65593227428,13869.7514056951,31409.9583250421,31409.9583250421,21289.9496803297,12126.8801547018,722.627266682597,23079.7490994302,0,0,0
Q43/C0-P1,2025-04-27,144,10043.1081140516,3560.76854504876,27093.2289816315,0,12511.261185941,39604.4901675726,43590.8041017701,43590.8041017701,13989.6019788486,17165.68321497,2683.92984478314,925.462332674595,0,0,0
Q43/C0-P1,2025-04-28,144,3560.76854504876,4104.77505011809,37311.2670945984,0,4794.73528162767,42106.002376226,62344.6867017801,62344.6867017801,19219.6376270362,15078.300623337,1012.02087745344,2562.00492553429,0,0,0
Q43/C0-P1,2025-04-29,144,4104.77505011809,3661.20848156264,29996.787019054,0,9433.46740346742,39430.2544225215,50036.5374937445,50036.5374937445,16710.6655549343,13934.8490111967,2103.84822719229,1899.5604605325,0,0,0
Q43/C0-P1,2025-04-30,144,3661.20848156264,5822.71951560113,30540.7315451633,0,9982.48533938099,40523.2168845443,52017.9984149399,52017.9984149399,19469.6543849785,13825.060121198,1952.38941079472,158.075795287423,0,0,0
Q43/C0-P1,2025-05-01,144,5822.71951560113,1200,29745.0130777543,0,19550.9527237834,49295.9658015377,46595.9136063305,46595.9136063305,14663.7836719963,16038.112338358,4121.8376521213,878.484458146851,0,0,0
Q43/C0-P1,2025-05-02,144,1200,3283.63315717943,11417.3956466132,0,10338.8887524348,21756.284399048,28779.348084773,28779.348084773,17904.7588975491,12627.5848655533,2814.46938960345,12042.690025714,0,0,0
Q43/C0-P1,2025-05-03,144,3283.63315717943,8495.54790890231,12540.2527658491,0,8688.24974871018,21228.5025145593,32874.1212252488,32874.1212252488,22504.6937571565,13538.0786667461,1906.75800998778,17097.1058281596,0,0,0
Q43/C0-P1,2025-05-04,144,8495.54790890231,5905.08766133073,33165.410250564,0,9968.0052524708,43133.4155030348,53527.5048975439,53527.5048975439,15025.6562638282,14502.1957965153,1934.42413551923,3187.52289908351,0,0,0
Q43/C0-P1,2025-05-05,144,5905.08766133073,2711.2103805543,35632.7201179113,0,5118.92627725675,40751.6463951681,56318.2253316888,56318.2253316888,16156.0912384856,15960.9234558721,1096.6537731901,2142.59785559881,0,0,0
Q43/C0-P1,2025-05-06,144,2711.2103805543,4025.44116973851,32846.8833792133,0,25250.9875916901,58097.8709709034,52846.3848989124,52846.3848989124,19706.3555099118,14779.3402527628,4960.53730285317,39.0062446164904,0,0,0
Q43/C0-P1,2025-05-07,144,4025.44116973851,5301.52686280246,35376.1314967325,0,20128.3974241372,55504.5289208697,56396.7701489445,56396.7701489445,18871.4862509466,14137.4267395092,3491.35685337544,100.416540882487,0,0,0
Q43/C0-P1,2025-05-08,144,5301.52686280246,1904.31344073594,36729.3390865799,0,4878.44471545474,41607.7838020346,58295.5791040783,58295.5791040783,15803.2480876021,15858.1230308176,1040.45042538899,3393.65040601605,0,0,0
Q43/C0-P1,2025-05-09,144,1904.31344073594,2372.25004997911,11566.4915153229,0,2637.60026942245,14204.0917847453,28050.2491556181,28050.2491556181,16726.1084349145,13127.0048839619,875.724086316862,16761.050507649,0,0,0
Q43/C0-P1,2025-05-10,144,2372.25004997911,10163.4323060875,14594.7120187784,0,2357.7412293662,16952.4532481446,36349.4856214697,36349.4856214697,24445.5902726166,12788.8640903219,775.348733281658,13546.90955579,0,0,0
Q43/C0-P1,2025-05-11,144,10163.4323060875,2210.82179317335,31891.4441491362,0,7616.60921309527,39508.0533622315,49682.0030924968,49682.0030924968,11716.6981109285,16647.8749314748,1610.79173945579,774.894235832152,0,0,0
Q43/C0-P1,2025-05-12,144,2210.82179317335,4542.93199448853,33670.5572095639,0,21320.2185192648,54990.7757288287,53763.2088679604,53763.2088679604,17535.1336392734,12104.5590666278,3807.74951298789,146.245241635975,0,0,0
Q43/C0-P1,2025-05-13,144,4542.93199448853,5293.58831596594,36747.5570557992,0,5543.7318775808,42291.28893338,61389.6686237786,61389.6686237786,19781.952553518,15347.7908790199,1218.53541983263,5041.05126911313,0,0,0
Q43/C0-P1,2025-05-14,144,5293.58831596594,5240.30757523851,35763.9122790309,0,1942.89380724678,37706.8060862777,57717.6098646786,57717.6098646786,18331.0413194154,14896.0961353812,392.022074647185,1710.1679719582,0,0,0
Q43/C0-P1,2025-05-15,144,5240.30757523851,3072.57296878082,35835.7901435149,0,1039.09698396132,36874.8871274762,53900.8626310098,53900.8626310098,16257.1700427845,15119.2688804673,295.635521934201,132.39037396023,0,0,0
Q43/C0-P1,2025-05-16,144,3072.57296878082,2017.25001032066,11205.7692632755,0,1620.00695050066,12825.7762137762,25618.0827819674,25618.0827819674,13996.8468143529,12287.23658224,759.428202815815,21943.414219337,0,0,0
Q43/C0-P1,2025-05-17,144,2017.25001032066,9974.07969807046,14961.0421213899,0,1198.13092555206,16159.1730469419,36255.1416201514,36255.1416201514,22721.917657106,11243.606583281,429.557474887209,14931.2789378803,0,0,0
Q43/C0-P1,2025-05-18,144,9974.07969807046,4082.75680399608,35357.3146374224,0,577.925602693207,35935.2402401156,55271.2569789645,55271.2569789645,11789.4620235343,14851.6548437297,192.853436113946,4846.99013527388,0,0,0
Q43/C0-P1,2025-05-19,144,4082.75680399608,3425.48346110255,33582.6282567907,0,2744.42217105761,36327.0504278483,54073.4966568618,54073.4966568618,16297.9684921249,13792.9004872253,608.230702186458,4664.75613748202,0,0,0
Q43/C0-P1,2025-05-20,144,3425.48346110255,3823.72992883944,34270.4925280418,0,15225.0034139685,49495.4959420103,55507.2557873267,55507.2557873267,17263.6145390259,13625.1059556478,2749.42045008835,66.4745040369538,0,0,0
Q43/C0-P1,2025-05-21,144,3823.72992883944,3048.26960180073,32708.3424278194,0,13805.2373136774,46513.5797414968,50717.9910058278,50717.9910058278,15168.9462865047,12984.7607864036,2938.05477583348,135.068331560191,0,0,0
Q43/C0-P1,2025-05-22,144,3048.26960180073,1986.18540178272,33282.6945072935,0,5561.26546042949,38843.959967723,52569.8343173438,52569.8343173438,18097.5539815905,15614.8945051045,1055.37596680563,143.974990996745,0,0,0
Q43/C0-P1,2025-05-23,144,1986.18540178272,2349.32242774768,10639.8798876868,0,2056.72106234036,12696.6009500271,26257.0259843881,26257.0259843881,15004.787959549,11827.0549238662,858.258826337935,17518.0962250432,0,0,0
Q43/C0-P1,2025-05-24,144,2349.32242774768,10172.2836436054,14462.6768130364,0,1132.94617715734,15595.6229901938,35427.5971404985,35427.5971404985,22429.6381738528,11127.3418265488,441.837283180745,20946.5100263753,0,0,0
Q43/C0-P1,2025-05-25,144,10172.2836436054,2679.10369522917,30525.0277418048,0,3990.34433947977,34515.3720812845,46841.9001002421,46841.9001002421,11042.9120171043,15688.6206873931,929.462008096148,3855.29726196037,0,0,0
Q43/C0-P1,2025-05-26,144,2679.10369522917,2962.97168806278,32837.8456413265,0,29596.6688100765,62434.5144514031,52545.8106072141,52545.8106072141,13994.9096667982,11080.3956365563,4954.34275055647,38.7113775286173,0,0,0
Q43/C0-P1,2025-05-27,144,2962.97168806278,2116.0679137209,31663.2212071159,0,10516.7157052938,42179.9369124096,49747.4089855178,49747.4089855178,16645.0058173174,14244.6681089348,2153.71919865893,117.216509127429,0,0,0
Q43/C0-P1,2025-05-28,144,2116.0679137209,3438.174614358,35248.5506229998,0,2878.61539689949,38127.1660198993,57667.4220504265,57667.4220504265,19302.4148640061,14445.0600092715,718.13561601803,1281.41537837663,0,0,0
Q43/C0-P1,2025-05-29,144,3438.174614358,1511.52208414733,33122.5737731946,0,12313.6207594474,45436.1945326421,53065.2535551816,53065.2535551816,15510.0260933358,14297.1084127916,2504.07537399602,44.3627486334528,0,0,0
Q43/C0-P1,2025-05-30,144,1511.52208414733,3412.68279480852,11793.3174104743,0,2152.94869514274,13946.266105617,28121.0767759569,28121.0767759569,16008.4028127073,11255.7616386979,767.688736800479,17543.3027387479,0,0,0
Q43/C0-P1,2025-05-31,144,3412.68279480852,10698.6470176544,14142.1292104508,0,1279.97188496858,15422.1010954194,36392.1092421048,36392.1092421048,22060.7752131633,11311.860122101,420.421293623279,17960.2155613324,0,0,0
Q43/C0-P1,2025-06-01,144,10698.6470176544,3538.54610032532,45300.6491526927,0,24737.8342001557,70038.4833528485,64508.116707676,64508.116707676,12819.5624193711,16827.9363852867,5338.78370874781,2611.04474900614,0,0,0
Q43/C0-P1,2025-06-02,144,3538.54610032532,3151.28270838601,48465.5642693822,0,24704.2814821136,73169.8457514958,72449.974527201,72449.974527201,18756.1185218792,15540.9930554675,5626.71392625822,6208.57553704758,0,0,0
Q43/C0-P1,2025-06-03,144,3151.28270838601,1357.21736898319,48036.5588102647,0,11441.2035052868,59477.7623155514,71811.8470725743,71811.8470725743,18115.6819173723,16288.3611585341,2396.81493628379,4222.14275001991,0,0,0
Q43/C0-P1,2025-06-04,144,1357.21736898319,1996.55985364616,57171.5918946528,0,7574.8016082487,64746.3935029015,84659.7433214881,84659.7433214881,17694.7229548408,13757.3173572243,1783.59529690445,12862.3838707762,0,0,0
Q43/C0-P1,2025-06-05,144,1996.55985364616,1200.9051263176,49386.7611639326,0,17926.5541548503,67313.3153187828,73174.0847043102,73174.0847043102,19462.7815232089,16480.9422883949,3771.6997820944,2664.48390159063,0,0,0
Q43/C0-P1,2025-06-06,144,1200.9051263176,1271.68906534804,17593.8666641731,0,7295.04754363117,24888.9142078043,34648.0787860583,34648.0787860583,13993.9964152835,11271.4315512522,2161.34339570342,3164.15691773046,0,0,0
Q43/C0-P1,2025-06-07,144,1271.68906534804,9957.09513723928,22423.9003628806,0,5477.2274425901,27901.1278054707,48632.585289821,48632.585289821,23973.5874470811,11601.7403674336,1223.84952474272,6569.98956824956,0,0,0
Q43/C0-P1,2025-06-08,144,9957.09513723928,2924.76168134936,47970.7901532331,0,4900.90009165858,52871.6902448917,69009.2239763145,69009.2239763145,9615.33515299518,14117.521584227,1055.79354990362,9374.31902411664,0,0,0
Q43/C0-P1,2025-06-09,144,2924.76168134936,2541.1340555383,56234.6205922339,0,2538.89949877812,58773.5200910121,80546.9872416622,80546.9872416622,17691.5139322329,14675.3911483386,624.992773863136,7237.88449829775,0,0,0
Q43/C0-P1,2025-06-10,144,2541.1340555383,2488.75606037997,51462.9288591964,0,5318.5965062978,56781.5253654942,75776.6907683519,75776.6907683519,20635.8453328779,16762.1749152736,1073.50682446112,1359.09460854203,0,0,0
Q43/C0-P1,2025-06-11,144,2488.75606037997,2371.0013656419,55633.1535486515,0,10908.3303408553,66541.4838895068,80642.6836201885,80642.6836201885,22419.5037038505,18265.7772253832,2027.37909761052,2413.56825599835,0,0,0
Q43/C0-P1,2025-06-12,144,2371.0013656419,1900.02263542847,54569.7241359266,0,3647.67865698542,58217.4027929121,79041.7106390107,79041.7106390107,20519.9765619279,17045.0618723537,681.350081957566,3598.20126472737,0,0,0
Q43/C0-P1,2025-06-13,144,1900.02263542847,1338.94128152671,16885.3596251745,0,1974.62365414793,18859.9832793225,34036.5482160433,34036.5482160433,14189.7761962136,11998.6919374446,499.751709611953,4035.57363355288,0,0,0
Q43/C0-P1,2025-06-14,144,1338.94128152671,8713.85215878429,21247.208564294,0,1334.99066667109,22582.199230965,42755.6173214976,42755.6173214976,22092.0912802125,11257.1741474403,409.906490816638,6268.69226287538,0,0,0
Q43/C0-P1,2025-06-15,144,8713.85215878429,3770.904403134,50091.2869880795,0,14517.6397287901,64608.9267168696,70366.6831054322,70366.6831054322,14276.2177014877,16012.3893182903,2749.05260486385,4239.36632709859,0,0,0
Q43/C0-P1,2025-06-16,144,3770.904403134,2958.00289298093,53553.2217967525,0,8069.8901201473,61623.1119168998,76525.7888357592,76525.7888357592,19423.0397344427,16464.2735440363,1589.00017940629,2442.62834142575,0,0,0
Q43/C0-P1,2025-06-17,144,2958.00289298093,2906.2389272709,55416.0179321414,0,8518.83476129292,63934.8526934343,79722.3462726427,79722.3462726427,21904.2379670572,17789.0203224553,1650.31356734022,2637.55097871442,0,0,0
Q43/C0-P1,2025-06-18,144,2906.2389272709,3577.31208611843,55790.3320138798,0,3493.78474280981,59284.1167566896,80534.6045680965,80534.6045680965,20318.4787834734,15854.0019716507,752.489779149195,5913.886635423,0,0,0
Q43/C0-P1,2025-06-19,144,3577.31208611843,2582.31471569453,49715.3294038964,0,7088.24475410962,56803.574158006,73689.0461486969,73689.0461486969,18303.963044719,15721.7076996039,1480.00448623006,4218.75275647849,0,0,0
Q43/C0-P1,2025-06-20,144,2582.31471569453,2271.76903683454,17916.7410156955,0,294.31296355659,18211.0539792521,34086.0315878399,34086.0315878399,13209.8107223862,10979.4377961068,138.434551897192,9553.77403012439,0,0,0
Q43/C0-P1,2025-06-21,144,2271.76903683454,7949.71273144646,19873.1773775253,0,174.675718015621,20047.8530955409,40737.2823828866,40737.2823828866,20403.2491897965,11416.4825185845,56.1072909206282,12539.4142692618,0,0,0
Q43/C0-P1,2025-06-22,144,7949.71273144646,3052.10938847792,44852.4537798536,0,12505.5145372765,57357.9683171302,65137.1354314874,65137.1354314874,13001.8788594097,14939.3648847935,2483.50867855165,2149.84736875627,0,0,0
Q43/C0-P1,2025-06-23,144,3052.10938847792,2701.33406234294,48679.965602044,0,4385.47668007061,53065.4422821146,72060.5452145085,72060.5452145085,20624.4071154919,17021.4675570699,876.561401429904,2278.46605751643,0,0,0
Q43/C0-P1,2025-06-24,144,2701.33406234294,3065.71693881711,58680.2026605803,0,5548.37221570497,64228.5748762853,83147.5649868861,83147.5649868861,21462.2788072205,17056.5012450218,1084.30539711023,3599.133905131,0,0,0
Q43/C0-P1,2025-06-25,144,3065.71693881711,1958.16735991239,49038.6756364791,0,10238.3413666294,59277.0170031085,72883.536951259,72883.536951259,17751.7661222096,15375.725180004,2070.27578528107,2103.52376100117,0,0,0
Q43/C0-P1,2025-06-26,144,1958.16735991239,1811.15691949612,47540.1999575883,0,5337.52899568694,52877.7289532752,71132.02171488,71132.02171488,19665.0472590815,16060.9976762306,1167.36384694232,1009.52381230479,0,0,0
Q43/C0-P1,2025-06-27,144,1811.15691949612,1756.68902382983,16768.5590544457,0,1207.9313311561,17976.4903856018,34164.9098693694,34164.9098693694,14889.6350164244,12109.6254694034,528.561702785542,12108.5011584672,0,0,0
Q43/C0-P1,2025-06-28,144,1756.68902382983,9518.1206103839,19714.4166180179,0,1463.86416377852,21178.2807817964,41624.3461987358,41624.3461987358,22056.552340888,10880.5189682206,363.54394659301,9232.98398932811,0,0,0
Q43/C0-P1,2025-06-29,144,9518.1206103839,1965.15103123458,41770.9635789518,0,27371.8970029261,69142.8605818778,60568.8890049746,60568.8890049746,13044.3017360986,17363.5570274743,5095.84627713859,684.392040155527,0,0,0
Q43/C0-P1,2025-06-30,144,1965.15103123458,1542.86646551568,49148.6162464336,0,5823.99874447807,54972.6149909116,73637.0551448292,73637.0551448292,19928.8122260629,16522.394012258,1265.32375349734,1767.24836785488,0,0,0
Q43/C0-P1,2025-07-01,144,1542.86646551568,1200,46125.7273218216,0,96618.1755824198,142743.902904241,63540.4929460894,63540.4929460894,12977.5324561608,10820.3811084544,17478.1624349504,0,0,0,0
Q43/C0-P1,2025-07-02,144,1200,3159.15005327225,51723.3614320715,0,48814.2800942826,100537.641526354,69518.4570348347,69518.4570348347,16942.1779457116,11959.9290880814,8402.74485612888,0,0,0,0
Q43/C0-P1,2025-07-03,144,3159.15005327225,1488.05487963708,62408.5718009231,0,8198.1280016484,70606.6998025715,82248.1428160492,82248.1428160492,18809.9123317901,16740.0146450217,1543.3945301434,1797.88072609082,0,0,0
Q43/C0-P1,2025-07-04,144,1488.05487963708,1200,22401.1282155822,0,8249.02530359905,30650.1535191813,38997.5240802948,38997.5240802948,13357.128094693,11078.5231483747,2311.582883214,10161.4428838572,0,0,0
Q43/C0-P1,2025-07-05,144,1200,6550.05082755626,26139.8704033194,0,3771.89709450025,29911.7674978196,47557.2895263674,47557.2895263674,18883.3407233734,10480.4602411318,948.341276273702,11458.0370203995,0,0,0
Q43/C0-P1,2025-07-06,144,6550.05082755626,2018.14636419011,55982.6157841466,0,39275.2553570494,95257.871141196,72453.8338108446,72453.8338108446,14714.160218311,15997.1837938615,6221.46723575247,189.234738814132,0,0,0
Q43/C0-P1,2025-07-07,144,2018.14636419011,5700.79695839944,59976.8114372837,0,6582.72953479385,66559.5409720776,82061.6179500551,82061.6179500551,22734.9495935155,15100.9236359591,1390.80542607386,2399.05631857263,0,0,0
Q43/C0-P1,2025-07-08,144,5700.79695839944,6882.31991288801,72016.2692931811,0,0,72016.2692931811,95372.2426282604,95372.2426282604,18113.2222786347,13608.3393866544,0,15288.0877196134,0,0,0
Q43/C0-P1,2025-07-09,144,6882.31991288801,2135.23277062779,59746.7855606825,0,2399.33682723984,62146.1223879223,79339.6125588407,79339.6125588407,14022.975660351,15630.9887129185,426.575196954554,7283.06412502947,0,0,0
Q43/C0-P1,2025-07-10,144,2135.23277062779,1886.965321314,57825.2569472292,0,4464.79352605537,62290.0504732845,76969.3978753036,76969.3978753036,20351.5196234855,16708.1715994057,895.204654458023,1193.99945568177,0,0,0
Q43/C0-P1,2025-07-11,144,1886.965321314,2933.26071226472,25188.3145146862,0,2398.91539659176,27587.229911278,43584.4381920707,43584.4381920707,15932.6693768043,11963.7963433558,833.556436422053,8019.85111171092,0,0,0
Q43/C0-P1,2025-07-12,144,2933.26071226472,7995.00764444702,26548.2172390262,0,2813.89728526136,29362.1145242876,47937.3213695677,47937.3213695677,22016.5512815986,13277.8342991308,782.646971140778,8994.39469157399,0,0,0
Q43/C0-P1,2025-07-13,144,7995.00764444702,2156.862154723,56449.8840520713,0,951.547032039684,57401.431084111,75098.0038117441,75098.0038117441,13557.8417348931,16236.182746015,123.610418554465,8636.66650808716,0,0,0
Q43/C0-P1,2025-07-14,144,2156.862154723,5077.97554591203,57071.8341571912,0,10439.5171988537,67511.3513560448,79610.7011943137,79610.7011943137,21974.8764408885,15170.6478650495,2021.63341230209,3039.07681411018,0,0,0
Q43/C0-P1,2025-07-15,144,5077.97554591203,4782.8741409192,67819.1422604355,0,0,67819.1422604355,90487.3415154263,90487.3415154263,15674.4382960239,12961.8862842729,0,15002.2455870087,0,0,0
Q43/C0-P1,2025-07-16,144,4782.8741409192,2968.73786879261,61041.6470607712,0,939.661116025744,61981.308176797,80119.1222744914,80119.1222744914,17016.8662073531,15416.3842728699,200.624285077704,6572.92957508597,0,0,0
Q43/C0-P1,2025-07-17,144,2968.73786879261,2875.85750046073,60212.4477396186,0,6219.75203855533,66432.1997781739,80462.2698852642,80462.2698852642,19123.848035973,15573.9092406368,1132.73264515491,5147.47600174958,0,0,0
Q43/C0-P1,2025-07-18,144,2875.85750046073,2378.0307064711,26003.1151453559,0,22.7770246320081,26025.8921699879,44527.1392417372,44527.1392417372,12571.8869725225,10631.2725623339,10.5570941838496,11327.0321590658,0,0,0
Q43/C0-P1,2025-07-19,144,2378.0307064711,7185.73367871903,29064.1262775023,0,4.52926091945614,29068.6555384218,51294.5996104246,51294.5996104246,18455.6816314948,10622.1694464877,2.03242581083964,16514.9891345616,0,0,0
Q43/C0-P1,2025-07-20,144,7185.73367871903,4518.57136693065,59483.8326686445,0,4146.36943058108,63630.2020992255,80377.4524118781,80377.4524118781,14061.9286764009,13790.6083084943,805.677583857225,8770.05807782868,0,0,0
Q43/C0-P1,2025-07-21,144,4518.57136693065,2728.81567033035,62512.5267790659,0,589.519782258703,63102.0465613246,83514.8432437235,83514.8432437235,19882.3568509872,17715.4891762399,105.866657001268,7489.64120931076,0,0,0
Q43/C0-P1,2025-07-22,144,2728.81567033035,2004.34610887029,57801.7397434065,0,5893.16151551174,63694.9012589182,77874.2140333448,77874.2140333448,17968.9273312244,15206.8537436058,1166.48626714651,2458.7554295394,0,0,0
Q43/C0-P1,2025-07-23,144,2004.34610887029,2054.78069149093,65510.771697786,0,567.341769874004,66078.11346766,88687.3286532998,88687.3286532998,18699.2539037107,15101.0045376471,102.591593714249,10998.4404309504,0,0,0
Q43/C0-P1,2025-07-24,144,2054.78069149093,2301.82390269485,65461.7900254573,0,473.905077060182,65935.6951025175,87022.1562777497,87022.1562777497,17383.505887921,13858.3008791325,97.3277525397677,9785.25535483431,0,0,0
Q43/C0-P1,2025-07-25,144,2301.82390269485,1519.8084570198,22588.4170315073,0,2983.2840431306,25571.7010746379,39174.7848707634,39174.7848707634,13418.9238822021,11573.1422456912,1028.07829101177,11881.7686252643,0,0,0
Q43/C0-P1,2025-07-26,144,1519.8084570198,9107.42479728816,27280.7833302267,0,931.683872521823,28212.4672027486,49882.9589401246,49882.9589401246,23037.2078659453,11831.2836651742,315.743343200067,10677.7765158869,0,0,0
Q43/C0-P1,2025-07-27,144,9107.42479728816,2559.10183167581,53241.5326154769,0,14832.6826199036,68074.2152353805,71408.2816974781,71408.2816974781,14874.1277174171,17941.534120159,2964.30665089483,3764.54995111478,0,0,0
Q43/C0-P1,2025-07-28,144,2559.10183167581,1999.41000603149,60010.5132147758,0,9493.13681269119,69503.650027467,81482.4838649142,81482.4838649142,20237.6493704967,16896.2186331822,1755.78767948293,1913.48857374931,0,0,0
Q43/C0-P1,2025-07-29,144,1999.41000603149,1920.97912350893,57900.2286449273,0,11897.4438820514,69797.6725269787,78681.390231751,78681.390231751,20077.4971530476,16333.3604882389,2043.20025839767,922.702875339918,0,0,0
Q43/C0-P1,2025-07-30,144,1920.97912350893,2190.46152427321,51731.5964988356,0,56068.6984253947,107800.29492423,68669.6878194268,68669.6878194268,15290.38474095,12142.6774794817,8674.95249575913,73.6823370509185,0,0,0
Q43/C0-P1,2025-07-31,144,2190.46152427321,1384.13172819333,52406.7868156748,0,35332.7992388604,87739.5860545352,71802.3450118215,71802.3450118215,17700.318488725,15062.9547923392,5956.12224237627,277.217291145231,0,0,0
Q43/C0-P1,2025-08-01,144,1384.13172819333,1257.42798712138,20950.3000242959,0,9368.98053204319,30319.2805563391,37016.7529567593,37016.7529567593,14062.4513613899,11504.6189696905,2994.81013649415,16177.0310348874,0,0,0
Q43/C0-P1,2025-08-02,144,1257.42798712138,9116.24247176105,26603.1100736542,0,1534.12484996498,28137.2349236192,49655.6164708265,49655.6164708265,23979.8016380063,12350.7062906094,315.264291106579,17657.2054812028,0,0,0
Q43/C0-P1,2025-08-03,144,9116.24247176105,1286.43611672422,42741.4160907186,0,14918.0321246918,57659.4482154104,55397.575912707,55397.575912707,12404.52007265,17094.4869783797,2813.46761673053,2.58545183384558,0,0,0
Q43/C0-P1,2025-08-04,144,1286.43611672422,1823.16289082812,52550.8600750889,0,1083.0969166275,53633.9569917164,70607.1992603784,70607.1992603784,19520.9485424831,15328.9142227178,222.581445944656,1269.20963655775,0,0,0
Q43/C0-P1,2025-08-05,144,1823.16289082812,1350.6131302527,49760.6141534473,0,9558.76313498197,59319.3772884292,66986.3340142918,66986.3340142918,18817.0103845472,15667.0731960011,1619.85207698322,244.570836062288,0,0,0
Q43/C0-P1,2025-08-06,144,1350.6131302527,1499.46490456595,55721.339942367,0,6586.99715758818,62308.3370999552,73567.3348563678,73567.3348563678,18256.8384498885,14654.0725475278,1285.60347834842,3214.49816568886,0,0,0
Q43/C0-P1,2025-08-07,144,1499.46490456595,1425.81087028559,52926.0433185011,0,7506.99017408411,60433.0334925852,74600.7483806391,74600.7483806391,18100.5458111588,14727.730737891,1685.70812974514,9294.75285378308,0,0,0
Q43/C0-P1,2025-08-08,144,1425.81087028559,1369.61985907439,21134.0837115813,0,2355.40774430825,23489.4914558895,38584.3282755702,38584.3282755702,15075.8737372612,12262.0296372716,710.188409514987,20678.7413350956,0,0,0
Q43/C0-P1,2025-08-09,144,1369.61985907439,8049.02244650025,24375.1617187054,0,3695.69149838052,28070.8532170859,45289.7040216384,45289.7040216384,20301.201663719,10432.5110189291,1079.17688663238,17776.8179301475,0,0,0
Q43/C0-P1,2025-08-10,144,8049.02244650025,2776.31554915018,49415.1945618865,0,4574.98606318167,53990.1806250682,64114.7274428526,64114.7274428526,13666.4655231349,15815.2732813543,850.675788603959,1811.77193967597,0,0,0
Q43/C0-P1,2025-08-11,144,2776.31554915018,2268.11236829901,49259.1017591874,0,8767.86088538438,58026.9626445718,68353.9896415955,68353.9896415955,18396.7897163611,15358.7825330186,1822.7630588905,2578.3771838101,0,0,0
Q43/C0-P1,2025-08-12,144,2268.11236829901,2076.32682346634,52871.180314943,0,9543.69222402784,62414.8725389708,72925.3872254556,72925.3872254556,17641.8765237716,14462.5269746044,1904.91761947724,3845.16331243227,0,0,0
Q43/C0-P1,2025-08-13,144,2076.32682346634,2160.60049790141,48220.4376634004,0,24830.0090411422,73050.4467045427,65883.6669314258,65883.6669314258,16654.7712375354,13414.5183954121,3670.6542601207,227.740566089944,0,0,0
Q43/C0-P1,2025-08-14,144,2160.60049790141,1456.29427489049,49944.7964439666,0,16194.6936992265,66139.490143193,66569.290511378,66569.290511378,17522.5794361077,14827.1649439571,2460.55574777306,252.967450333792,0,0,0
Q43/C0-P1,2025-08-15,144,1456.29427489049,2201.5129101066,22056.2086523667,0,4629.42304794039,26685.6317003071,39540.8552211341,39540.8552211341,14875.3918164914,11378.3705996635,1467.6826977869,20372.1948187598,0,0,0
Q43/C0-P1,2025-08-16,144,2201.5129101066,7885.35830341003,25206.94088037,0,5844.23040903263,31051.1712894026,46029.5471195202,46029.5471195202,19940.4751673659,11036.3240315933,1721.76714444199,22025.2144281896,0,0,0
Q43/C0-P1,2025-08-17,144,7885.35830341003,1802.55835272454,47932.2223614882,0,6454.84149507705,54387.0638565652,64648.8349514134,64648.8349514134,11991.9916446679,15188.0331877979,1213.25090793743,5957.5721191475,0,0,0
Q43/C0-P1,2025-08-18,144,1802.55835272454,1662.07052726409,50878.6448302513,0,6099.5124036987,56978.15723395,68667.221436921,68667.221436921,20441.1596881665,16683.7783903293,1236.82666814639,1714.30952389682,0,0,0
Q43/C0-P1,2025-08-19,144,1662.07052726409,2139.17755334792,50015.9632330762,0,5483.88973625006,55499.8529693263,67571.1220620208,67571.1220620208,18755.9974716286,14762.9616285437,1079.36428817877,309.108790447977,0,0,0
Q43/C0-P1,2025-08-20,144,2139.17755334792,1474.49713143933,54165.0055579935,0,11172.225618001,65337.2311759945,75073.5665162543,75073.5665162543,20589.8638871619,17276.0021283189,2121.47201149641,3281.14570224096,0,0,0
Q43/C0-P1,2025-08-21,144,1474.49713143933,1412.49365128786,52050.0050741038,0,3735.70767629285,55785.7127503966,72285.4524955726,72285.4524955726,18314.1036392249,14890.2270799085,719.521285476996,3572.36373839987,0,0,0
Q43/C0-P1,2025-08-22,144,1412.49365128786,1215.98110464003,21385.8901729201,0,7295.7757231772,28681.6658960973,38038.7277449432,38038.7277449432,13647.0479324088,11230.9701172342,2105.43858683221,16441.5491166008,0,0,0
Q43/C0-P1,2025-08-23,144,1215.98110464003,7826.60751376299,23537.9784562846,0,5308.86514148823,28846.8435977728,45389.3947993817,45389.3947993817,21799.1147289525,11707.7191622409,1490.95654597443,14439.2479619778,0,0,0
Q43/C0-P1,2025-08-24,144,7826.60751376299,1631.77791963825,47269.6832074297,0,6626.92417155708,53896.6073789867,60549.9547942071,60549.9547942071,13933.598454901,16861.5613831821,1370.72496196969,1124.38986779122,0,0,0
Q43/C0-P1,2025-08-25,144,1631.77791963825,2912.48200530484,65726.0925066717,0,1801.66694820178,67527.7594548735,90616.0043718377,90616.0043718377,17254.9396284149,12823.8674219161,409.382084570993,15818.44889991,0,0,0
Q43/C0-P1,2025-08-26,144,2912.48200530484,1663.4371103372,50638.4561729289,0,3917.72191464969,54556.1780875786,67352.3219527549,67352.3219527549,18517.3752867729,16123.214387757,683.188098556884,84.7874356291152,0,0,0
Q43/C0-P1,2025-08-27,144,1663.4371103372,1313.68334465836,50797.7737675006,0,13531.3167709678,64329.0905384684,69281.0407006952,69281.0407006952,19205.3249264055,15871.0915794994,2341.75737800147,407.742531790531,0,0,0
Q43/C0-P1,2025-08-28,144,1313.68334465836,1526.06024352698,49737.0990072679,0,38908.1951047941,88645.2941120621,68629.6791501369,68629.6791501369,16721.8295540039,13353.5427297614,6147.23762997711,422.563305871498,0,0,0
Q43/C0-P1,2025-08-29,144,1526.06024352698,2131.16499006801,23023.0828724024,0,2717.70720261167,25740.7900750141,41502.3058388333,41502.3058388333,15292.1908738395,11842.0803359231,708.470807454943,16228.3290917051,0,0,0
Q43/C0-P1,2025-08-30,144,2131.16499006801,9905.07979531901,26081.4148151174,0,2976.01936571397,29057.4341808313,48622.0946106327,48622.0946106327,22770.479544927,11447.565106665,810.527438242846,19782.5944439468,0,0,0
Q43/C0-P1,2025-08-31,144,9905.07979531901,2453.24699734508,45821.6905228427,0,16552.8787448063,62374.569267649,59480.388996357,59480.388996357,11494.1934342043,16016.946199882,2835.35449911123,70.548177812621,0,0,0
Q43/C0-P1,2025-09-01,144,2453.24699734508,4866.21964118791,48903.0290716192,0,0,48903.0290716192,76108.0057743726,76108.0057743726,17409.6972470524,11930.1793906539,0,17025.2900513074,0,0,0
Q43/C0-P1,2025-09-02,144,4866.21964118791,3484.01628933466,36360.6890540846,0,5745.89067086597,42106.5797249505,55110.3726830422,55110.3726830422,17820.281498857,15678.4110307421,1363.44471470423,248.576079631539,0,0,0
Q43/C0-P1,2025-09-03,144,3484.01628933466,2960.07988320556,39781.2131319476,0,7016.93963187228,46798.1527638199,59192.465467854,59192.465467854,18643.7322225402,15572.9658657737,1764.6210091703,2331.0512035912,0,0,0
Q43/C0-P1,2025-09-04,144,2960.07988320556,2467.15684662002,39154.1214814945,0,7353.14052555395,46507.2620070485,58027.4405836466,58027.4405836466,17725.9077143395,14801.6159815419,1545.07146294075,2668.77809712317,0,0,0
Q43/C0-P1,2025-09-05,144,2467.15684662002,1783.2718951892,13847.6214101483,0,3316.44529989789,17164.0667100462,29598.6625909106,29598.6625909106,14900.5272732744,12684.92354764,1174.02332646195,21699.6871917382,0,0,0
Q43/C0-P1,2025-09-06,144,1783.2718951892,8728.86972327847,16593.1860922778,0,3037.21579912144,19630.4018913992,38026.530195514,38026.530195514,21608.7477375381,11252.0476221255,1009.49892345965,21096.850303561,0,0,0
Q43/C0-P1,2025-09-07,144,8728.86972327847,1932.99981153356,33223.6407970825,0,16444.4672552937,49668.1080523762,47977.7986940231,47977.7986940231,11782.9236387034,15660.4510679202,3148.34679771811,53.2943042913328,0,0,0
Q43/C0-P1,2025-09-08,144,1932.99981153356,1848.76662280574,33160.7965355278,0,42591.3977108796,75752.1942464074,52186.1996663685,52186.1996663685,16708.9474285548,13610.0572869844,10280.0456601945,23.4739849925552,0,0,0
Q43/C0-P1,2025-09-09,144,1848.76662280574,4220.02374352126,36206.2252530712,0,19281.6362120055,55487.8614650767,55873.5433982811,55873.5433982811,21192.8315251172,15032.0621267009,4731.21731680182,1296.14371666667,0,0,0
Q43/C0-P1,2025-09-10,144,4220.02374352126,1354.30941559341,38216.6528282673,0,19251.6857334965,57468.3385617637,58985.6402013082,58985.6402013082,17495.7682540168,16750.7151808887,4511.04241039857,1421.52588857862,0,0,0
Q43/C0-P1,2025-09-11,144,1354.30941559341,1456.62080291913,40157.9767054936,0,14117.1050859424,54275.0817914359,62555.2849395652,62555.2849395652,18842.2329799416,15170.1284651595,3169.58921490543,8405.11885635525,0,0,0
Q43/C0-P1,2025-09-12,144,1456.62080291913,2182.09924768915,13190.3373510777,0,8084.66029748677,21274.9976485645,29612.3968055009,29612.3968055009,16884.0355882709,13023.1382262064,3185.43806688837,17338.4263103248,0,0,0
Q43/C0-P1,2025-09-13,144,2182.09924768915,9611.79896621898,16349.027287094,0,3824.01554523437,20173.0428323284,38691.0879695526,38691.0879695526,23564.7029636731,12400.6796538984,1177.31220845389,20861.1070515651,0,0,0
Q43/C0-P1,2025-09-14,144,9611.79896621898,1360.80099473579,38705.9603895495,0,5414.45046658651,44120.410856136,57876.8818351055,57876.8818351055,13429.6428270579,18303.9088642518,1289.25629295439,3969.75941525375,0,0,0
Q43/C0-P1,2025-09-15,144,1360.80099473579,4794.35635843196,33708.8234257066,0,40788.2198617438,74497.0432874504,54104.1617162848,54104.1617162848,23921.5899632924,16286.2880429403,9360.32148740064,759.210650000001,0,0,0
Q43/C0-P1,2025-09-16,144,4794.35635843196,3858.98609433638,38733.2172307272,0,23642.7140404603,62375.9312711875,61090.5925895982,61090.5925895982,18563.5182658197,15878.283033,5595.99671444429,4562.46242122279,0,0,0
Q43/C0-P1,2025-09-17,144,3858.98609433638,3331.82729102394,38245.1360303628,0,18164.1733766942,56409.309407057,59201.3258248201,59201.3258248201,20040.1503690943,16706.9647219475,4121.9736575468,4.76376855349395,0,0,0
Q43/C0-P1,2025-09-18,144,3331.82729102394,1200,33868.1454182743,0,41547.8122415091,75415.9576597834,51939.3179984253,51939.3179984253,15744.7196119444,14671.8674475965,8291.04861592259,0,0,0,0
Q43/C0-P1,2025-09-19,144,1200,2815.99295780569,12599.4939755815,0,13557.4711756179,26156.9651511995,29466.2172721928,29466.2172721928,19649.928525923,14462.0484439725,4883.71924954752,13066.2691231232,0,0,0
Q43/C0-P1,2025-09-20,144,2815.99295780569,9835.01558131083,14786.3265849766,0,11195.1837804895,25981.510365466,36489.4344420023,36489.4344420023,23477.831498245,12699.9231524238,3417.56198843065,13649.1376846118,0,0,0
Q43/C0-P1,2025-09-21,144,9835.01558131083,5016.83069578058,36408.6820871019,0,11708.3164762536,48116.9985633555,55253.5221403169,55253.5221403169,16310.7272974424,17548.0555079056,2305.40314716434,490.147681277752,0,0,0
Q43/C0-P1,2025-09-22,144,5016.83069578058,3490.93803166919,42127.2161380478,0,11817.2485305304,53944.4646685782,63774.8558472569,63774.8558472569,18887.3207387786,16672.0331961109,2859.48433777755,3796.26942570007,0,0,0
Q43/C0-P1,2025-09-23,144,3490.93803166919,2519.63922055605,42316.3112699417,0,7665.5937306481,49981.9050005898,65024.6927055435,65024.6927055435,22239.8893500386,18888.4793035331,1473.52656025943,983.938635964063,0,0,0
Q43/C0-P1,2025-09-24,144,2519.63922055605,1972.6901512305,37700.7545941252,0,32258.9172719302,69959.6718660554,57944.8629443282,57944.8629443282,17783.6992012417,14897.0505153988,5933.7995797509,11.6020715694783,0,0,0
Q43/C0-P1,2025-09-25,144,1972.6901512305,1283.75547808986,39921.5674616655,0,10868.7023364155,50790.269798081,61295.6889962919,61295.6889962919,20691.7301713378,17380.3426446102,2620.2554200161,119.109656247077,0,0,0
Q43/C0-P1,2025-09-26,144,1283.75547808986,2691.13564962093,13769.0265288038,0,7027.46967545406,20796.4962042579,31843.2868493508,31843.2868493508,17172.8278362938,12643.34839302,2626.18714569498,12211.5743851053,0,0,0
Q43/C0-P1,2025-09-27,144,2691.13564962093,9844.42325646583,16523.1314698856,0,9831.94314355713,26355.0746134427,38794.8611426431,38794.8611426431,24969.1070576618,13787.0178705457,2852.13471232815,12834.1627511884,0,0,0
Q43/C0-P1,2025-09-28,144,9844.42325646583,4185.29994942679,38035.8724679249,0,25483.1192586735,63518.9917265984,56702.4833496808,56702.4833496808,12791.9336912557,15454.6772662523,4802.21500875195,715.496100096005,0,0,0
Q43/C0-P1,2025-09-29,144,4185.29994942679,3504.85166084144,44669.6983558412,0,3063.45909261145,47733.1574484526,67774.6099998512,67774.6099998512,20778.0842079269,17442.6516681476,688.747540571755,2396.57840064365,0,0,0
Q43/C0-P1,2025-09-30,144,3504.85166084144,2768.341139421,43187.1852270639,0,19222.5505709413,62409.7357980052,64884.9727264504,64884.9727264504,19631.8856250496,16564.6868255685,3768.76048473115,73.0863117004645,0,0,0
Q43/C0-P1,2025-10-01,144,2768.341139421,3882.26565101683,38407.5381428267,0,1619.52107934207,40027.0592221688,61121.0593165966,61121.0593165966,21448.3289902677,16370.6144216806,404.01121105344,6806.24442572955,0,0,0
Q43/C0-P1,2025-10-02,144,3882.26565101683,3271.19700630609,42048.2643112634,0,389.731107537771,42437.9954188012,67172.0921895306,67172.0921895306,18895.9156875079,15855.6534871211,107.884872274595,12318.0467447517,0,0,0
Q43/C0-P1,2025-10-03,144,3271.19700630609,5020.17565250151,11835.2122290539,0,2963.10424132237,14798.3164703762,29671.5546576276,29671.5546576276,18506.7859275704,13416.4158197562,1482.00741926961,18256.6699357496,0,0,0
Q43/C0-P1,2025-10-04,144,5020.17565250151,10128.8893564951,14686.7649260547,0,2240.81688117851,16927.5818072332,36006.435536649,36006.435536649,21803.7594359055,13063.2028094892,939.509283227387,15272.6024267934,0,0,0
Q43/C0-P1,2025-10-05,144,10128.8893564951,4869.57955713534,37249.1166604529,0,2676.7346499413,39925.8513103942,59040.439593448,59040.439593448,13438.4329436462,15618.5095037772,839.768180890425,7317.53493446949,0,0,0
Q43/C0-P1,2025-10-06,144,4869.57955713534,3905.49589080104,37540.2859436227,0,15261.3570765554,52801.643020178,57649.2963553451,57649.2963553451,17546.6271158125,15080.443263509,2749.59307978452,186.039666159451,0,0,0
Q43/C0-P1,2025-10-07,144,3905.49589080104,6252.01463914045,39038.8235633244,0,7304.37678562982,46343.2003489542,63213.9277878061,63213.9277878061,25108.1969818103,18225.7726817609,1607.86106363136,195.706551387992,0,0,0
Q43/C0-P1,2025-10-08,144,6252.01463914045,4819.29480409116,33165.9499558773,0,26830.0938873906,59996.0438432679,53761.5221916898,53761.5221916898,19062.4676953753,16730.0466847983,5097.56933314957,43.8015142624834,0,0,0
Q43/C0-P1,2025-10-09,144,4819.29480409116,1226.54888511922,39189.9883200262,0,5568.34132442062,44758.3296444468,62592.9474828882,62592.9474828882,16685.2723439165,16748.5419256471,1146.03407506265,7883.67945634811,0,0,0
Q43/C0-P1,2025-10-10,144,1226.54888511922,4064.08061766343,12588.2493964922,0,6927.83505948356,19516.0844559757,32065.0946272222,32065.0946272222,19969.5399429599,13621.5487945077,2399.99738665221,18807.9016154222,0,0,0
Q43/C0-P1,2025-10-11,144,4064.08061766343,10123.4911881332,14693.2242468964,0,3305.71682991261,17998.941076809,37469.4574148384,37469.4574148384,24583.5558009712,14459.2106853639,827.139845557935,14188.8685614557,0,0,0
Q43/C0-P1,2025-10-12,144,10123.4911881332,5633.70085798881,34377.0718081934,0,13476.7976882514,47853.8694964447,55188.6054675134,55188.6054675134,15461.0839818676,16564.2893224427,2790.37586154363,573.110686298807,0,0,0
Q43/C0-P1,2025-10-13,144,5633.70085798881,5760.66147240375,39597.7347980234,0,7348.48273369266,46946.217531716,63942.8031648349,63942.8031648349,21685.6017055323,17451.0728285077,1506.66016965797,4156.53082413496,0,0,0
Q43/C0-P1,2025-10-14,144,5760.66147240375,6261.52924876736,41588.12480285,0,9468.71146245547,51056.8362653054,66905.4540750428,66905.4540750428,22712.4030300647,17946.2654556251,1985.71071022627,3369.07292749623,0,0,0
Q43/C0-P1,2025-10-15,144,6261.52924876736,7687.14472756772,42119.7811504789,0,10094.3782394598,52214.1593899387,69196.784917208,69196.784917208,23671.1900571549,17890.6100153751,2032.52386306619,3534.12008849444,0,0,0
Q43/C0-P1,2025-10-16,144,7687.14472756772,1200,37897.5959550525,0,14251.7939866453,52149.3899416978,57640.869269743,57640.869269743,16066.5976384989,18852.374341995,2786.06814711332,119.019503685824,0,0,0
Q43/C0-P1,2025-10-17,144,1200,5845.50356844439,13018.6996251187,0,8899.36115865108,21918.0607837698,33717.0445018423,33717.0445018423,21599.6879734469,13314.794046892,2492.26975692114,11872.391015542,0,0,0
Q43/C0-P1,2025-10-18,144,5845.50356844439,9751.46650112927,14067.7091158662,0,3319.41776207525,17387.1268779414,35461.2573047934,35461.2573047934,22635.5019903288,14819.3899727499,989.969527741496,12725.863214956,0,0,0
Q43/C0-P1,2025-10-19,144,9751.46650112927,6433.97860982425,40891.544946735,0,10847.9639454905,51739.5088922255,62976.7320966941,62976.7320966941,18579.0468336984,18034.7670374702,2032.4280717548,602.706172220716,0,0,0
Q43/C0-P1,2025-10-20,144,6433.97860982425,7729.94948536608,46397.027574773,0,4700.6038446025,51097.6314193755,72987.7809760918,72987.7809760918,22431.6799950655,17003.2870080154,960.026150658043,4086.81010636642,0,0,0
Q43/C0-P1,2025-10-21,144,7729.94948536608,7691.22727659199,44692.0982332932,0,10147.2985772428,54839.3968105361,70126.8118126023,70126.8118126023,22600.7005924279,18341.4174677633,2008.17986450432,1387.52720244197,0,0,0
Q43/C0-P1,2025-10-22,144,7691.22727659199,6372.93893971125,42337.9433514289,0,14109.4177757073,56447.3611271362,66259.087565904,66259.087565904,21807.7054532736,18850.7009203443,2571.62070832334,331.078707964726,0,0,0
Q43/C0-P1,2025-10-23,144,6372.93893971125,1334.026337044,47863.9924475694,0,4986.18431208278,52850.1767596522,73442.7006962405,73442.7006962405,14526.9208496424,16301.8272306109,1045.49540135115,12750.9437785601,0,0,0
Q43/C0-P1,2025-10-24,144,1334.026337044,3426.98210298232,13556.7502637767,0,6298.99414471594,19855.7444084926,33607.5793046479,33607.5793046479,20680.7352888792,14867.7353946476,1755.18114675365,11095.25650717,0,0,0
Q43/C0-P1,2025-10-25,144,3426.98210298232,9998.90001254184,14981.8694133958,0,4959.5983272678,19941.4677406636,38731.2091495982,38731.2091495982,26116.2155784887,15239.4084999723,1225.34166383012,9823.0710015786,0,0,0
Q43/C0-P1,2025-10-26,144,9998.90001254184,4389.23158678732,43901.1961087552,0,4075.01860192289,47976.2147106781,66442.2123151209,66442.2123151209,13038.4739642044,15609.8654941846,865.270916208727,5347.45774464323,0,0,0
Q43/C0-P1,2025-10-27,144,4389.23158678732,6356.57900529989,43308.0966768464,0,8869.42405914115,52177.5207359876,68279.4468992882,68279.4468992882,23402.0486222554,17185.0467073655,1896.99111816257,404.874435894231,0,0,0
Q43/C0-P1,2025-10-28,144,6356.57900529989,6489.97756554819,42528.3353054709,0,21485.4867005103,64013.8220059812,65840.3168978043,65840.3168978043,18632.8772379081,14972.5718584821,4062.19986011231,284.439678490601,0,0,0
Q43/C0-P1,2025-10-29,144,6489.97756554819,6392.9523609424,48025.7329936779,0,7170.03762793655,55195.7706216145,74180.8938762071,74180.8938762071,22143.3494142024,18023.4357096492,1345.23958433249,2095.25462265303,0,0,0
Q43/C0-P1,2025-10-30,144,6392.9523609424,1220.21812620707,40321.7459977733,0,20074.8269053447,60396.5729031181,59492.3591941475,59492.3591941475,14307.7786625615,16244.7615279366,3834.35095515471,326.860364677333,0,0,0
Q43/C0-P1,2025-10-31,144,1220.21812620707,7324.31268957116,16257.0661267248,0,2853.45228634915,19110.518413074,39857.2770509212,39857.2770509212,23889.8517178336,13857.0947844176,893.548760466223,6792.31347797133,0,0,0
Q43/C0-P1,2025-11-01,144,7324.31268957116,10186.4569594608,14081.7775638298,0,2835.23045152349,16917.0080153533,35683.8804787984,35683.8804787984,21877.2720887644,15144.6605489984,937.840212651758,7500.89738501753,0,0,0
Q43/C0-P1,2025-11-02,144,10186.4569594608,5666.46764500144,44733.5382020055,0,12355.7370350625,57089.275237068,66707.7378568371,66707.7378568371,17262.2634230579,18050.4237556903,2402.34646784777,1076.90905731734,0,0,0
Q43/C0-P1,2025-11-03,144,5666.46764500144,5029.85612662018,50308.7706109054,0,2438.44950060326,52747.2201115087,76024.94088297,76024.94088297,22560.9708217586,18847.3367321676,654.292573869885,3497.44741724883,0,0,0
Q43/C0-P1,2025-11-04,144,5029.85612662018,4821.9694968377,45474.6067894408,0,7968.10506160677,53442.7118510475,70403.4613514819,70403.4613514819,22821.1876135273,18672.2599337613,1674.5767381832,345.706709899114,0,0,0
Q43/C0-P1,2025-11-05,144,4821.9694968377,6435.79286339518,53896.4830217527,0,3349.43889852878,57245.9219202815,80902.5320480044,80902.5320480044,22614.2632909195,16865.112235743,746.212372677783,6179.26996550578,0,0,0
Q43/C0-P1,2025-11-06,144,6435.79286339518,1256.16861607373,46293.151328233,0,13106.1957245408,59399.3470527738,67894.2004153439,67894.2004153439,17460.7951264228,18804.9058749917,2525.30352744984,255.801808029388,0,0,0
Q43/C0-P1,2025-11-07,144,1256.16861607373,3599.7209250386,14541.4063582275,0,3143.02135620092,17684.4277144284,35761.9193680906,35761.9193680906,20790.3988125705,14731.0259601137,1036.05881402091,7462.81521298803,0,0,0
Q43/C0-P1,2025-11-08,144,3599.7209250386,10246.2715477598,16431.9247273572,0,1871.55760121849,18303.4823285757,40705.5782931659,40705.5782931659,25252.7617200999,14472.8414328318,534.1851355031,6793.78770806766,0,0,0
Q43/C0-P1,2025-11-09,144,10246.2715477598,5047.356374202,48149.4027713781,0,4636.51529613706,52785.9180675152,70214.4730373283,70214.4730373283,16396.0174265859,17959.7977717366,1000.37107026029,1451.89393607258,0,0,0
Q43/C0-P1,2025-11-10,144,5047.356374202,5665.0022712763,52510.1995692619,0,11086.7127766782,63596.9123459401,77394.5125872903,77394.5125872903,22982.5038748637,18059.9468312727,2140.77579084898,720.594901215003,0,0,0
Q43/C0-P1,2025-11-11,144,5665.0022712763,4282.81704019232,52433.1342244508,0,2048.08144119635,54481.2156656471,77096.8846925845,77096.8846925845,19462.5743266284,17008.6519125446,482.336617418649,3613.02756258597,0,0,0
Q43/C0-P1,2025-11-12,144,4282.81704019232,3422.61693282625,50230.6711083771,0,5299.90397241538,55530.5750807925,74843.45300877,74843.45300877,21741.1430834139,18384.5059941948,973.097260275413,1483.6370964929,0,0,0
Q43/C0-P1,2025-11-13,144,3422.61693282625,1408.38924972415,49042.3176375055,0,15441.365653651,64483.6832911565,71544.212238855,71544.212238855,19635.7488016275,17717.7614441101,3138.01016833991,196.577066344206,0,0,0
Q43/C0-P1,2025-11-14,144,1408.38924972415,5109.920938864,15572.9855149619,0,1594.58282251854,17167.5683374804,38052.0262837978,38052.0262837978,22332.9423024595,14758.3047447663,569.438365098661,3466.11845786993,0,0,0
Q43/C0-P1,2025-11-15,144,5109.920938864,9444.78538284219,16813.4342099441,0,2325.18187781453,19138.6160877587,40329.0928854802,40329.0928854802,23225.7641589886,14911.4909692004,669.652945006649,4594.10739069863,0,0,0
Q43/C0-P1,2025-11-16,144,9444.78538284219,6039.75933198751,50234.4439147213,0,12426.9146344824,62661.3585492037,73211.8002470943,73211.8002470943,20524.5797619787,19689.4330529719,2407.05870868057,416.199530101516,0,0,0
Q43/C0-P1,2025-11-17,144,6039.75933198751,5762.20563660527,49564.0026014004,0,17999.9785740162,67563.9811754166,73552.1856717351,73552.1856717351,21585.9676175087,17734.4320960261,3380.0220664909,291.179550076685,0,0,0
Q43/C0-P1,2025-11-18,144,5762.20563660527,5817.07584656301,52100.5129351808,0,15255.1277375326,67355.6406727134,76777.759194824,76777.759194824,21844.4815332453,17644.6468529668,2911.94168312068,628.56269766615,0,0,0
Q43/C0-P1,2025-11-19,144,5817.07584656301,8755.76396586857,53424.1756128989,0,18743.6837195802,72167.8593324791,79224.4108956005,79224.4108956005,24948.8490936229,17563.7484584595,3659.29975296145,179.506746731936,0,0,0
Q43/C0-P1,2025-11-20,144,8755.76396586857,1412.47816556821,47725.4406010046,0,16664.1364116806,64389.5770126853,68046.0435897969,68046.0435897969,14276.9068862507,18173.2517981334,3237.59177762582,187.217579305422,0,0,0
Q43/C0-P1,2025-11-21,144,1412.47816556821,5909.90202541626,16392.7701802897,0,3122.40680610647,19515.1769863961,39189.7298358256,39189.7298358256,22538.5881717116,14208.5749452231,1118.30285691514,3085.67039958558,0,0,0
Q43/C0-P1,2025-11-22,144,5909.90202541626,10199.5453554143,17277.7808310456,0,2782.06125842848,20059.842089474,41910.0594434989,41910.0594434989,23472.1821296268,15151.7885279995,849.713914494735,4403.94693969959,0,0,0
Q43/C0-P1,2025-11-23,144,10199.5453554143,6601.26924421634,50444.0707187827,0,15581.3722349246,66025.4429537073,72827.245356139,72827.245356139,18408.0580892475,18148.9755523687,2994.98100953795,362.222545464797,0,0,0
Q43/C0-P1,2025-11-24,144,6601.26924421634,3529.57311420208,49785.3132188798,0,14466.2303839308,64251.5436028107,72075.2934006767,72075.2934006767,18447.6807852581,17707.1479530719,2939.1901815058,96.6170499963549,0,0,0
Q43/C0-P1,2025-11-25,144,3529.57311420208,4156.60578162523,60579.4057503222,0,1488.13468095287,62067.5404312751,87218.1552888505,87218.1552888505,21269.1874606283,16663.7124424281,377.90572123263,6812.87719188288,0,0,0
Q43/C0-P1,2025-11-26,144,4156.60578162523,5108.49827032465,56667.4386136166,0,9208.77918373928,65876.2177973559,82474.9393335096,82474.9393335096,23128.2642260608,17877.1907832797,1658.51082770173,2151.19483509701,0,0,0
Q43/C0-P1,2025-11-27,144,5108.49827032465,1434.2485086497,53161.1273699852,0,6879.65524572777,60040.782615713,75294.0389128475,75294.0389128475,18248.3343690824,18087.9756244642,1314.47837381374,462.835808709729,0,0,0
Q43/C0-P1,2025-11-28,144,1434.2485086497,5126.14787471139,15855.894229639,0,3653.42954049436,19509.3237701333,39157.5159729341,39157.5159729341,22597.5258935097,14981.2865442873,976.55597128623,1644.62237833131,0,0,0
Q43/C0-P1,2025-11-29,144,5126.14787471139,10058.2986619869,20085.1820930742,0,861.469319526058,20946.6514126003,49594.6998406442,49594.6998406442,24620.2826595035,15503.4932456499,252.773854056423,5947.92084751372,0,0,0
Q43/C0-P1,2025-11-30,144,10058.2986619869,6460.70782723799,55579.3681952022,0,15404.1342974912,70983.5024926934,78835.0623498413,78835.0623498413,20129.0416059388,19542.3554520844,2876.25713862005,894.391884606993,0,0,0
Q43/C0-P1,2025-12-01,144,6460.70782723799,5009.97880893883,62656.730428615,0,26721.5684183793,89378.2988469943,83778.8605241536,83778.8605241536,21449.9090737315,18680.0824661918,5679.61315821127,426.392674825144,0,0,0
Q43/C0-P1,2025-12-02,144,5009.97880893883,5612.69971866023,68059.1777682697,0,27050.9300252604,95110.1077935302,89685.0845198159,89685.0845198159,23191.6785802714,18242.8108312706,5582.39743581069,1615.66758995909,0,0,0
Q43/C0-P1,2025-12-03,144,5612.69971866023,4534.89019104881,63211.496704979,0,35624.7729466614,98836.2696516404,84141.1821147149,84141.1821147149,19113.4860153785,16451.9522473069,5828.25802266592,185.082802642482,0,0,0
Q43/C0-P1,2025-12-04,144,4534.89019104881,1895.38411497855,68648.0446497516,0,18678.1171224406,87326.1617721923,88550.8164208656,88550.8164208656,20010.3178742734,18583.9129466247,3529.1697450684,3688.94248828524,0,0,0
Q43/C0-P1,2025-12-05,144,1895.38411497855,6479.73750672599,22462.3965573643,0,2844.85742732237,25307.2539846867,50542.6537295581,50542.6537295581,25960.739905599,16902.2812709625,832.596132621185,1058.77854420949,0,0,0
Q43/C0-P1,2025-12-06,144,6479.73750672599,10734.5970180288,23204.4123352262,0,3186.8626127862,26391.2749480124,51882.5158764426,51882.5158764426,25827.4487463813,17090.8599243963,1010.13663319445,611.121204318707,0,0,0
Q43/C0-P1,2025-12-07,144,10734.5970180288,9093.01100925656,71953.6812910327,0,4613.92853831626,76567.609829349,93635.0497880324,93635.0497880324,21850.6523579892,19176.4558178662,951.090199412579,4261.30219732201,0,0,0
Q43/C0-P1,2025-12-08,144,9093.01100925656,6875.61292441061,75739.7551422785,0,520.845471536011,76260.6006138145,98320.4599412503,98320.4599412503,19415.6328448899,17722.3208807222,91.1894045769158,8865.69293165948,0,0,0
Q43/C0-P1,2025-12-09,144,6875.61292441061,5480.64025218094,71033.1641163214,0,2867.80810420658,73900.972220528,94731.823154999,94731.823154999,22210.6390675661,19246.0930497352,503.361136108181,4868.77400660969,0,0,0
Q43/C0-P1,2025-12-10,144,5480.64025218094,8259.84444236598,69928.8280218254,0,12753.7548031223,82682.5828249476,94945.9403050537,94945.9403050537,26559.3160708959,19011.7622462591,2137.13588565731,1201.95556607427,0,0,0
Q43/C0-P1,2025-12-11,144,8259.84444236598,1874.54221638817,67270.3458579386,0,700.006041320814,67970.3518992594,88052.1375225823,88052.1375225823,16577.6264830372,19174.6494546402,215.874852587599,4690.37231343955,0,0,0
Q43/C0-P1,2025-12-12,144,1874.54221638817,8133.73580525759,23879.6337223824,0,2961.45431811419,26841.0880404966,54464.9143179087,54464.9143179087,27507.3647680294,16647.6912321213,892.567515082553,825.728147083196,0,0,0
Q43/C0-P1,2025-12-13,144,8133.73580525759,10565.4387291683,23305.876426235,0,2887.69495880837,26193.5713850434,51501.2176716728,51501.2176716728,22521.2507143873,16053.680447134,777.37205056389,2152.94107165004,0,0,0
Q43/C0-P1,2025-12-14,144,10565.4387291683,8384.78700112729,65897.1526920304,0,26056.8982176266,91954.050909657,87908.1605899218,87908.1605899218,20988.671010878,18963.4100740481,4061.55079899098,1186.94031874962,0,0,0
Q43/C0-P1,2025-12-15,144,8384.78700112729,8430.84750009306,71642.2286282092,0,10545.2714092194,82187.5000374286,95428.0256574739,95428.0256574739,23290.9043812184,18824.1780997177,1646.92050995502,3091.6085859282,0,0,0
Q43/C0-P1,2025-12-16,144,8430.84750009306,8190.70323748551,74826.4789838194,0,162.88176171629,74989.3607455357,98705.7619436756,98705.7619436756,22739.6259414913,18635.2268489548,37.1772917970529,5260.48047626945,0,0,0
Q43/C0-P1,2025-12-17,144,8190.70323748551,7463.089627121,74057.7623633785,0,1335.00535905491,75392.7677224334,97642.1666946896,97642.1666946896,20596.2770002625,17337.8366195407,238.948816140353,6392.49473010819,0,0,0
Q43/C0-P1,2025-12-18,144,7463.089627121,1688.93116131788,67452.4040204655,0,3768.77120266608,71221.1752231316,87628.3887545625,87628.3887545625,16641.8249716525,18676.6208462613,661.152538258946,2801.50686743031,0,0,0
Q43/C0-P1,2025-12-19,144,1688.93116131788,8055.86559909506,24342.548145816,0,1222.3828980436,25564.9310438596,55023.1517697438,55023.1517697438,26847.4521927545,16016.1952821317,281.795601334363,1585.365827122,0,0,0
Q43/C0-P1,2025-12-20,144,8055.86559909506,10459.8068079783,23969.6127567071,0,192.511310072651,24162.1240667797,53244.1459375264,53244.1459375264,23326.4096024989,16730.8446900292,51.0777119053813,3977.7398202954,0,0,0
Q43/C0-P1,2025-12-21,144,10459.8068079783,8285.97374663541,70859.8967845594,0,2537.20284315859,73397.099627718,94000.3130114613,94000.3130114613,22409.8577967814,20108.4345706016,466.839188037109,3143.13543998523,0,0,0
Q43/C0-P1,2025-12-22,144,8285.97374663541,6511.88227612596,69702.2120399283,0,6385.2069415682,76087.4189814965,91578.2747660947,91578.2747660947,21309.2504540088,18857.1751912056,1140.1288633533,1342.83628331155,0,0,0
Q43/C0-P1,2025-12-23,144,6511.88227612596,8712.00483515137,72910.8850393188,0,2889.15245068081,75800.0374899997,98138.140630789,98138.140630789,24994.2727672586,18265.2506383566,508.668806728522,4664.93810861548,0,0,0
Q43/C0-P1,2025-12-24,144,8712.00483515137,8019.60444843304,70094.7314430676,0,3127.90737122896,73222.6388142966,93495.7248246987,93495.7248246987,22177.4889009077,18586.9263577817,536.451423556458,2586.01605512917,0,0,0
Q43/C0-P1,2025-12-25,144,8019.60444843304,1422.0928926562,63973.7566336748,0,16270.0529514181,80243.8095850929,83283.7130238669,83283.7130238669,15338.5074612679,18361.9514438261,2787.12264276794,1079.77278252648,0,0,0
Q43/C0-P1,2025-12-26,144,1422.0928926562,8218.78452250428,23749.9631817833,0,2862.49702739072,26612.4602091741,54032.0038312593,54032.0038312593,28576.5535457732,17029.985905213,740.374531982366,246.448289348134,0,0,0
Q43/C0-P1,2025-12-27,144,8218.78452250428,10399.1751728781,21804.2455355722,0,3135.75049984177,24939.9960354139,50502.9515355407,50502.9515355407,23758.931542013,17282.3829636941,729.977791059747,1558.87334828148,0,0,0
Q43/C0-P1,2025-12-28,144,10399.1751728781,6240.93504765316,66799.0985764181,0,3405.4893006189,70204.587877037,88431.2370588642,88431.2370588642,18639.0670672025,18840.0604371365,627.496689365192,2460.59903483002,0,0,0
Q43/C0-P1,2025-12-29,144,6240.93504765316,7315.53181822519,68291.0309128378,0,8049.8806695678,76340.9115824056,93240.7484758076,93240.7484758076,23908.7947039471,18398.9866166823,1341.2967940184,1590.3075825612,0,0,0
Q43/C0-P1,2025-12-30,144,7315.53181822519,7274.74007789744,67097.4349906074,0,7551.67997055444,74649.1149611618,91643.5244465555,91643.5244465555,23322.4013921841,18927.8576939641,1312.68827782254,2289.4880928247,0,0,0
Q43/C0-P1,2025-12-31,144,7274.74007789744,1349.12688822005,66799.8738166775,0,7336.81934786654,74136.693164544,87153.6278375637,87153.6278375637,17092.7566207303,19178.1847335012,1347.22939381395,2032.29741081521,0,0,0
Q43/C1-P1,2025-01-01,144,6000,1200,0,0,423101.477271308,423101.477271308,0,0,0,4320,87687.3416166667,0,0,0,0
Q43/C1-P1,2025-01-02,144,1200,7079.75562194444,78866.4360995375,0,5617.995003106,84484.4311026435,104968.508478704,104968.508478704,29785.6035479081,18834.5588140556,1035.76430446297,2038.39211598079,0,0,0
Q43/C1-P1,2025-01-03,144,7079.75562194444,10800,56883.5520455751,0,0,56883.5520455751,95431.2012342593,95431.2012342593,13151.0345970165,7304.11808333333,0,44053.4133539095,0,0,0
Q43/C1-P1,2025-01-04,144,10800,7887.62256790124,20739.7198855891,0,6333.78321057784,27073.5030961669,44554.8041146091,44554.8041146091,17146.3585748285,16509.6901345,1649.70290994445,940.8962175583,0,0,0
Q43/C1-P1,2025-01-05,144,7887.62256790124,6737.181345,29021.5199768959,0,247522.060023111,276543.580000007,48140.5381863854,48140.5381863854,11851.2833655007,10634.9366266667,44102.5171857819,0,0,0,0
Q43/C1-P1,2025-01-06,144,6737.181345,9419.60236425926,75094.775485382,0,4466.34886679446,79561.1243521764,99074.7569620027,99074.7569620027,27514.1982525377,19872.3216672222,895.854738333336,1655.97068168724,0,0,0
Q43/C1-P1,2025-01-07,144,9419.60236425926,10373.738282963,71282.9750748066,0,26461.7421354233,97744.71721023,94181.9723018176,94181.9723018176,22862.4108533951,17659.8304644167,4511.41156058333,960.969190089161,0,0,0
Q43/C1-P1,2025-01-08,144,10373.738282963,5955.40965611111,75544.019743383,0,5272.95528337083,80816.9750267539,96054.1400420439,96054.1400420439,17835.1272630316,18422.9488472222,1286.93265555555,8408.49796512345,0,0,0
Q43/C1-P1,2025-01-09,144,5955.40965611111,2798.96206259259,70726.5511746301,0,7471.75275987891,78198.303934509,91930.7504121399,91930.7504121399,22818.4416257888,21323.7405510556,1465.37466561111,650.857886351168,0,0,0
Q43/C1-P1,2025-01-10,144,2798.96206259259,7408.70697222222,27222.3116972203,0,4787.60874848489,32009.9204457052,59571.5655838477,59571.5655838477,24325.3796565158,15554.7871031111,1033.70352466667,6319.08483844307,0,0,0
Q43/C1-P1,2025-01-11,144,7408.70697222222,10257.5719712963,23312.0915329887,0,3227.2064949216,26539.2980279103,52100.0766565501,52100.0766565501,25227.0437636488,17869.9269493889,865.170090460211,928.34164941701,0,0,0
Q43/C1-P1,2025-01-12,144,10257.5719712963,7294.96885901235,73586.0878025772,0,10424.7509353014,84010.8387378786,94419.7166758333,94419.7166758333,20254.8440729081,19072.7665001111,1777.76707683333,4108.20111320302,0,0,0
Q43/C1-P1,2025-01-13,144,7294.96885901235,7174.77751685185,73048.220346978,0,3576.61748657443,76624.8378335524,96309.16479976,96309.16479976,24093.1726150206,19623.6420261111,694.021154444442,4281.95839862825,0,0,0
Q43/C1-P1,2025-01-14,144,7174.77751685185,5771.27392333333,70680.4990749876,0,5631.54632466667,76312.0453996543,93220.0337007202,93220.0337007202,23841.0620687929,20574.4135098889,1205.90302622222,1897.37690137174,0,0,0
Q43/C1-P1,2025-01-15,144,5771.27392333333,7003.46351351852,68983.3712252914,0,27307.1473478102,96290.5185731015,92610.9729951989,92610.9729951989,23333.4256034294,17791.1041076111,4646.64496015294,1604.40519286693,0,0,0
Q43/C1-P1,2025-01-16,144,7003.46351351852,1364.73333333334,64850.0733268418,0,19712.6010168127,84562.6743436545,85040.4380802126,85040.4380802126,19414.6251602538,20800.7035419722,3447.47245247222,672.575797736624,0,0,0
Q43/C1-P1,2025-01-17,144,1364.73333333334,6459.52527604938,24063.2575611295,0,1707.18307792366,25770.4406390532,53573.6342796296,53573.6342796296,27518.1843318244,17704.4165603333,546.125289666667,1614.82333113855,0,0,0
Q43/C1-P1,2025-01-18,144,6459.52527604938,9599.58145981482,24404.5811249887,0,2732.25347459167,27136.8345995804,54061.9912996694,54061.9912996694,24318.6322495885,16872.0415567778,718.431725000002,4286.35831519205,0,0,0
Q43/C1-P1,2025-01-19,144,9599.58145981482,6368.3876662963,64830.6659401485,0,26436.2704111707,91266.9363513192,86125.3683133745,86125.3683133745,19015.01314393,18310.23506075,4413.52443647222,1122.77186666666,0,0,0
Q43/C1-P1,2025-01-20,144,6368.3876662963,5239.77219962963,67161.7078568927,0,13524.4737106911,80686.1815675838,89602.6168055556,89602.6168055556,23359.7782125857,19937.1742721945,2356.46584447222,478.538826303151,0,0,0
Q43/C1-P1,2025-01-21,144,5239.77219962963,6289.31312537037,67140.9826224679,0,2722.04361826753,69863.0262407354,92627.3545079904,92627.3545079904,25407.1858751715,19635.2337257222,622.206832508228,3971.25284104939,0,0,0
Q43/C1-P1,2025-01-22,144,6289.31312537037,6268.05790529143,70330.6877286289,0,4451.43703551453,74782.1247641434,94440.9122173423,94440.9122173423,25703.8908317894,20839.2812718205,804.059803992768,1488.6930946995,0,0,0
Q43/C1-P1,2025-01-23,144,6268.05790529143,1490.34973786185,65767.6282560886,0,23011.3564225297,88778.9846786183,85597.670043812,85597.670043812,18662.7425687723,19416.7588313922,3837.80859844733,474.835971545883,0,0,0
Q43/C1-P1,2025-01-24,144,1490.34973786185,7375.94004475767,20964.6578111814,0,9115.84100769153,30080.4988188729,47961.2193910243,47961.2193910243,26441.2429222426,16120.3754908103,2317.45571266756,134.986188926161,0,0,0
Q43/C1-P1,2025-01-25,144,7375.94004475767,10348.2629843677,19280.0442355979,0,11970.6218595182,31250.6660951161,44959.8371859046,44959.8371859046,21857.8455915032,15029.7642834685,2928.06626578934,2740.88667699258,0,0,0
Q43/C1-P1,2025-01-26,144,10348.2629843677,5664.86577036034,70369.9859127519,0,4569.98797081688,74939.9738835688,91768.973681737,91768.973681737,19807.7062542919,20259.2995585831,1004.42357717292,5572.97552986775,0,0,0
Q43/C1-P1,2025-01-27,144,5664.86577036034,6289.78433173046,63294.8251970774,0,11278.0755448333,74572.9007419108,87824.494457329,87824.494457329,23210.3489579645,18237.9559507182,2140.00541076181,753.266744177721,0,0,0
Q43/C1-P1,2025-01-28,144,6289.78433173046,7220.72378198417,67356.2027846287,0,8003.31306079494,75359.5158454236,92964.6805164323,92964.6805164323,25424.1129566155,19755.6859896302,1576.63671343859,1917.17922955225,0,0,0
Q43/C1-P1,2025-01-29,144,7220.72378198417,9076.61181160879,61155.9599315135,0,12947.0894289158,74103.0493604294,87499.4908533436,87499.4908533436,24573.7745875599,18234.4581892613,2499.95903957054,2270.54744461561,0,0,0
Q43/C1-P1,2025-01-30,144,9076.61181160879,1661.99963390803,57863.3976781478,0,19821.0880116216,77684.4856897694,77500.5797296185,77500.5797296185,15241.0605642893,19018.410017005,3518.01325520526,917.421320872855,0,0,0
Q43/C1-P1,2025-01-31,144,1661.99963390803,5302.1006315729,18964.1104017079,0,14902.1901198463,33866.3005215542,43849.6761136664,43849.6761136664,21601.11148608,14220.8094058264,3541.17116157326,1209.37214498603,0,0,0
Q43/C1-P1,2025-02-01,144,5302.1006315729,10381.6053222988,19701.7539576825,0,589.611050850883,20291.3650085334,47595.775131273,47595.775131273,25751.6688886128,16287.297578123,141.169636346307,4051.26085712956,0,0,0
Q43/C1-P1,2025-02-02,144,10381.6053222988,8386.38009580123,59912.6682854827,0,854.720184041552,60767.3884695242,85722.3749257286,85722.3749257286,21442.1613771198,19163.8534193149,177.14076217885,5275.48311343583,0,0,0
Q43/C1-P1,2025-02-03,144,8386.38009580123,8593.08154087579,62736.8672641705,0,4258.02746826608,66994.8947324366,88558.3645801379,88558.3645801379,22577.9031476164,18102.0702490022,852.519393388735,4718.96124157904,0,0,0
Q43/C1-P1,2025-02-04,144,8593.08154087579,5627.18207707196,63844.4118154781,0,727.043538939142,64571.4553544173,87861.5031132331,87861.5031132331,19887.1716211989,18777.9185305945,130.639190848641,5648.82359681073,0,0,0
Q43/C1-P1,2025-02-05,144,5627.18207707196,7221.02387916008,60286.34692703,0,9388.08964427197,69674.436571302,86481.9008542613,86481.9008542613,24466.2583619051,18383.2116512638,1750.09195448117,1402.48244810121,0,0,0
Q43/C1-P1,2025-02-06,144,7221.02387916008,1381.13852623906,62543.4680289708,0,2727.01939060498,65270.4874195758,84837.892848455,84837.892848455,17827.15809161,19695.894871833,552.404196770831,6840.78160878219,0,0,0
Q43/C1-P1,2025-02-07,144,1381.13852623906,7086.10843672402,19141.0725741135,0,2754.71814077086,21895.7907148843,47088.3366145636,47088.3366145636,26296.5737352819,16165.7518061419,604.177750350988,5745.67443577452,0,0,0
Q43/C1-P1,2025-02-08,144,7086.10843672402,9994.21152554657,14704.8390862775,0,9078.32162683706,23783.1607131146,37504.4626942269,37504.4626942269,24415.0137359127,17158.868346149,2409.26568949984,1218.13361062967,0,0,0
Q43/C1-P1,2025-02-09,144,9994.21152554657,4826.20790497835,56263.0959631797,0,5839.53287373726,62102.6288369169,78943.751270866,78943.751270866,18497.7428957957,19634.3750041059,1253.19603732137,1819.00511649756,0,0,0
Q43/C1-P1,2025-02-10,144,4826.20790497835,4790.30213245064,54689.9357907149,0,4065.4807556119,58755.4165463268,81087.4537824952,81087.4537824952,21784.4425533964,17677.7136635261,871.388210126317,3544.43885275116,0,0,0
Q43/C1-P1,2025-02-11,144,4790.30213245064,4945.60602002231,56048.1093135592,0,7614.63492776702,63662.7442413262,81747.4265813535,81747.4265813535,22953.8754252163,18452.8655956107,1493.72709263755,3461.7000443854,0,0,0
Q43/C1-P1,2025-02-12,144,4945.60602002231,7862.796431275,56604.3719977915,0,8558.87452530978,65163.2465231013,84866.3543066755,84866.3543066755,25442.1507860181,17982.6707665473,1674.78069770038,3818.95885157172,0,0,0
Q43/C1-P1,2025-02-13,144,7862.796431275,1252.13859671733,47954.3335175207,0,5840.90225949458,53795.2357770152,69715.4067917874,69715.4067917874,15896.3005943913,18825.5955325589,1389.57284606886,2567.18389269049,0,0,0
Q43/C1-P1,2025-02-14,144,1252.13859671733,3758.73299043955,14997.9657332287,0,6275.76393123972,21273.7296644684,37426.1229885434,37426.1229885434,22546.1435741831,16006.4413407383,1907.67045765703,3007.01772942229,0,0,0
Q43/C1-P1,2025-02-15,144,3758.73299043955,9853.23456153474,16365.4511876208,0,7494.98220240025,23860.4333900211,40225.1766920645,40225.1766920645,25671.0689700752,15308.5144517753,2226.64484621682,2938.55758664797,0,0,0
Q43/C1-P1,2025-02-16,144,9853.23456153474,5660.04397698682,53562.4752658377,0,12196.3057757794,65758.7810416171,76863.4049217916,76863.4049217916,16104.0263344946,16818.1328570337,2417.05293484906,4621.98361251315,0,0,0
Q43/C1-P1,2025-02-17,144,5660.04397698682,7778.52483767698,56642.7884693501,0,6692.48574317829,63335.2742125284,84732.1630007268,84732.1630007268,21565.6029571023,15561.5056206317,1496.74072241545,9055.1565533383,0,0,0
Q43/C1-P1,2025-02-18,144,7778.52483767698,4224.58442126152,45832.0778896841,0,16600.9839807161,62433.0618704002,68397.4867207463,68397.4867207463,15716.5311593042,15928.9366138103,3505.54835341796,1.87941200370642,0,0,0
Q43/C1-P1,2025-02-19,144,4224.58442126152,5527.65875559078,48953.1487654769,0,17739.0197777863,66692.1685432632,74759.0108349344,74759.0108349344,22639.9075520172,17165.5582162376,3687.82921607966,120.841665234427,0,0,0
Q43/C1-P1,2025-02-20,144,5527.65875559078,1329.38549047193,48937.3297195639,0,9213.32041995296,58150.6501395169,72116.4663462997,72116.4663462997,17829.2356769742,18220.1268369561,1913.21717129653,3271.68261091141,0,0,0
Q43/C1-P1,2025-02-21,144,1329.38549047193,6426.75485433683,15560.7043066896,0,5218.95362099129,20779.6579276809,38573.5352606164,38573.5352606164,24996.8853407955,15659.8446985659,1786.77515623526,5482.98774128874,0,0,0
Q43/C1-P1,2025-02-22,144,6426.75485433683,10134.657758273,15427.9430627886,0,3954.75038558421,19382.6934483728,37653.2077588,37653.2077588,23789.0758799234,15932.0388491954,1302.77105295823,3401.42723103025,0,0,0
Q43/C1-P1,2025-02-23,144,10134.657758273,6481.91431579654,48243.5569901897,0,8610.55202515548,56854.1090153452,71998.5615044943,71998.5615044943,17798.9388922196,17704.6096009266,1844.64638335926,2198.37991322727,0,0,0
Q43/C1-P1,2025-02-24,144,6481.91431579654,4132.37949135087,47053.3228076626,0,8802.35182176454,55855.6746294271,69872.2926577055,69872.2926577055,18162.7513388239,16826.4099264485,1820.24603393888,2146.25032926893,0,0,0
Q43/C1-P1,2025-02-25,144,4132.37949135087,4988.54052551658,49571.4653641751,0,4625.87817916649,54197.3435433416,76514.371358073,76514.371358073,19736.1184919514,15215.7110477315,1101.63401235273,7250.27635953911,0,0,0
Q43/C1-P1,2025-02-26,144,4988.54052551658,6500.12047604405,45418.5331679104,0,18146.2435391572,63564.7767070676,71079.3541992416,71079.3541992416,23156.0709640148,17395.9955253773,3672.8753520169,205.769412620966,0,0,0
Q43/C1-P1,2025-02-27,144,6500.12047604405,1341.32565693651,42093.7503917835,0,11196.6544442086,53290.4048359921,64421.7834925384,64421.7834925384,17881.3043266235,19126.7718417618,2169.09618198978,704.539656333168,0,0,0
Q43/C1-P1,2025-02-28,144,1341.32565693651,4344.92275892528,14593.9725885314,0,2748.39668627648,17342.3692748079,35885.0607328562,35885.0607328562,20798.1675222176,14143.2783012064,970.02286527606,6946.67749378765,0,0,0
Q43/C1-P1,2025-03-01,144,4344.92275892528,10382.3811039152,16847.4790807425,0,518.093847021602,17365.5729277641,42731.0612020758,42731.0612020758,24112.2261155967,14097.1906431425,110.662352803162,9279.13881575797,0,0,0
Q43/C1-P1,2025-03-02,144,10382.3811039152,6075.39821501452,51490.3279377527,0,2876.3483255038,54366.6762632565,75665.0271328436,75665.0271328436,16573.8193271407,17301.0782549946,539.68404597212,4603.6263733362,0,0,0
Q43/C1-P1,2025-03-03,144,6075.39821501452,6268.80841237248,53749.8424876251,0,7163.67020636807,60913.5126939931,81223.0767201981,81223.0767201981,21642.1422299035,17356.0660285997,1557.2315097765,6479.5353953374,0,0,0
Q43/C1-P1,2025-03-04,144,6268.80841237248,6369.39562864566,46582.6394817038,0,7926.63803242971,54509.2775141335,72009.6631160117,72009.6631160117,21450.5461108307,17284.413855127,1728.59717420449,369.821767845788,0,0,0
Q43/C1-P1,2025-03-05,144,6369.39562864566,6496.65708670373,47906.9987680617,0,3614.70103744427,51521.699805506,75507.9030134225,75507.9030134225,21036.472466566,16925.0073856662,723.311523252983,6010.34243910899,0,0,0
Q43/C1-P1,2025-03-06,144,6496.65708670373,1263.67903071725,41653.6067628221,0,4932.60433798422,46586.2111008064,63782.6307053234,63782.6307053234,17154.647056038,18604.9443657786,1253.41860612509,391.830821189067,0,0,0
Q43/C1-P1,2025-03-07,144,1263.67903071725,4874.55571662346,14235.2228389761,0,1830.46214860736,16065.6849875835,35493.868969476,35493.868969476,19822.8104196296,12806.6874225844,598.207638488571,8132.67307758599,0,0,0
Q43/C1-P1,2025-03-08,144,4874.55571662346,9812.90188195907,13435.4671131542,0,5362.41337406553,18797.8804872197,34720.279435166,34720.279435166,22922.3108766882,14122.5602613154,1885.15959118237,8866.78389430892,0,0,0
Q43/C1-P1,2025-03-09,144,9812.90188195907,5788.43484416084,43189.2310760175,0,4202.69868363852,47391.929759656,68391.0836842196,68391.0836842196,19130.2321685304,19117.508390528,943.541298944866,6016.79115516207,0,0,0
Q43/C1-P1,2025-03-10,144,5788.43484416084,6503.43483256679,44689.822142177,0,13156.1982593175,57846.0204014946,70122.7126052974,70122.7126052974,22801.8593831424,17826.00611078,2934.99443481742,48.6356510857435,0,0,0
Q43/C1-P1,2025-03-11,144,6503.43483256679,5200.89409123783,37975.7121749066,0,29921.6560248559,67897.3681997626,59565.5832542779,59565.5832542779,15433.190037603,13673.1705976545,6543.48430202249,368.805983018556,0,0,0
Q43/C1-P1,2025-03-12,144,5200.89409123783,6332.72541083225,44374.7011954756,0,4132.61400328035,48507.315198756,71416.8793913245,71416.8793913245,22948.7951441115,17569.8758790953,892.549213832927,4542.45965680796,0,0,0
Q43/C1-P1,2025-03-13,144,6332.72541083225,1258.89705509662,42426.0644504585,0,9109.2457870425,51535.310237501,64654.8027293404,64654.8027293404,16022.7252755079,17544.8529933234,1997.86378453127,454.851215020544,0,0,0
Q43/C1-P1,2025-03-14,144,1258.89705509662,4326.23233402926,12458.0281651307,0,4030.93525693382,16488.9634220645,32177.895869028,32177.895869028,18951.4155289176,12590.0448273839,1296.23912647726,11068.4416439716,0,0,0
Q43/C1-P1,2025-03-15,144,4326.23233402926,10057.7800736109,13601.4503770282,0,6551.99865561699,20153.4490326452,35086.0761752466,35086.0761752466,23634.2064623254,13985.3142688601,2048.52009527262,6746.378927054,0,0,0
Q43/C1-P1,2025-03-16,144,10057.7800736109,5158.67911282946,39691.8619295543,0,11927.8345931372,51619.6965226915,61087.7240255257,61087.7240255257,15734.4389547785,17154.0864180738,2775.34855091393,1949.11977306827,0,0,0
Q43/C1-P1,2025-03-17,144,5158.67911282946,5312.85795087933,37480.6637010078,0,8451.78132710275,45932.4450281106,62203.5482056955,62203.5482056955,20394.102266969,16380.461882,1956.82308587891,2255.37113993877,0,0,0
Q43/C1-P1,2025-03-18,144,5312.85795087933,5116.4945956565,43817.0157614263,0,6387.38398379032,50204.3997452166,70372.47695622,70372.47695622,19222.7554106939,15747.1589023626,1300.88031185105,7079.77405973972,0,0,0
Q43/C1-P1,2025-03-19,144,5116.4945956565,4333.62634852046,35053.0274277792,0,24814.9813239208,59868.0087517,56521.185557767,56521.185557767,16286.0800305751,13896.3062471883,5373.23647722643,38.7844682732237,0,0,0
Q43/C1-P1,2025-03-20,144,4333.62634852046,1485.95771712877,40109.2468176835,0,8332.27217480467,48441.5189924881,62844.2798336007,62844.2798336007,18409.180518484,17474.3379882245,1740.06612642089,1272.2899464288,0,0,0
Q43/C1-P1,2025-03-21,144,1485.95771712877,4432.38073835456,12058.6647608524,0,6031.19049556726,18089.8552564196,31015.9924533123,31015.9924533123,19801.4502354715,13387.3939716287,2077.69356466486,14654.4302374677,0,0,0
Q43/C1-P1,2025-03-22,144,4432.38073835456,10495.4464924167,14206.7813779692,0,1225.28780200347,15432.0691799727,36176.7123970206,36176.7123970206,22759.3847478487,12978.3424671015,418.212367380259,11105.4877503203,0,0,0
Q43/C1-P1,2025-03-23,144,10495.4464924167,4400.47520915709,38796.3421246051,0,5499.43750719188,44295.7796317969,61685.0660864739,61685.0660864739,13957.3200957641,16790.9034325026,1192.97542556635,6926.09306544536,0,0,0
Q43/C1-P1,2025-03-24,144,4400.47520915709,4546.62874943406,39000.5738530345,0,6438.84908881601,45439.4229418505,64202.0784514774,64202.0784514774,20801.9339822494,16718.0283393728,1492.87814897002,3630.64720757078,0,0,0
Q43/C1-P1,2025-03-25,144,4546.62874943406,4890.31831057421,43929.5854430464,0,7404.59133807934,51334.1767811257,70916.6822798661,70916.6822798661,18805.4390702271,14923.0850418578,1723.89049239704,7782.81902722723,0,0,0
Q43/C1-P1,2025-03-26,144,4890.31831057421,6431.94046101793,37774.5813454002,0,7037.72241984984,44812.30376525,62260.9369287026,62260.9369287026,23591.9563427966,17722.0247022659,1677.02838639755,2495.25880790281,0,0,0
Q43/C1-P1,2025-03-27,144,6431.94046101793,1479.46824252861,37516.1258230511,0,5228.66717930009,42744.7930023512,59919.906748112,59919.906748112,15158.6661917338,16735.7446119447,1228.21628750892,3840.76038916523,0,0,0
Q43/C1-P1,2025-03-28,144,1479.46824252861,3729.6680540524,12104.9280076815,0,3310.30760395357,15415.2356116351,30910.133864601,30910.133864601,18356.9580931292,12843.9562250632,1126.64205373211,15728.5132836005,0,0,0
Q43/C1-P1,2025-03-29,144,3729.6680540524,9625.85184711601,12915.0299087364,0,3766.20494277497,16681.2348515113,34744.161067063,34744.161067063,24269.4064493308,14351.6538102007,1169.36496777513,18420.737545708,0,0,0
Q43/C1-P1,2025-03-30,144,9625.85184711601,5298.77647845554,35882.1389646195,0,4909.48015177587,40791.6191163954,59261.6569168101,59261.6569168101,15614.1332927025,16541.8157988834,1162.08648969664,6023.22454602103,0,0,0
Q43/C1-P1,2025-03-31,144,5298.77647845554,4991.60649842409,33540.1283922102,0,21343.6103948704,54883.7387870807,54773.3643146786,54773.3643146786,15624.974132868,12932.6820296514,5197.06484208015,299.139236875411,0,0,0
Q43/C1-P1,2025-04-01,144,4991.60649842409,3694.21998216348,41630.9627913253,0,4785.17121181302,46416.1340031383,66787.333893766,66787.333893766,17275.6905114464,15160.9571789061,1224.88055517781,5700.05626640359,0,0,0
Q43/C1-P1,2025-04-02,144,3694.21998216348,7121.32995945028,40596.6089318571,0,6657.10313308721,47253.7120649443,68161.2408223849,68161.2408223849,23538.2280408608,15981.5657335391,1585.83750553513,1730.98395393169,0,0,0
Q43/C1-P1,2025-04-03,144,7121.32995945028,1503.03229463168,37860.1570036324,0,3383.39825601028,41243.5552596427,59667.6631699572,59667.6631699572,14334.4701886803,16667.3887511678,823.28254585307,6786.18734496436,0,0,0
Q43/C1-P1,2025-04-04,144,1503.03229463168,4792.30697253922,11518.1504107516,0,3102.67572632309,14620.8261370747,30654.7088471546,30654.7088471546,20579.9648754071,13709.424338963,934.982948153477,18330.9023421973,0,0,0
Q43/C1-P1,2025-04-05,144,4792.30697253922,10184.7321765903,12417.4794272693,0,3676.52254125485,16094.0019685241,32963.4488713652,32963.4488713652,22249.04216546,13168.5414703766,1098.44800328493,13073.2245295668,0,0,0
Q43/C1-P1,2025-04-06,144,10184.7321765903,7316.48683927077,36014.2459191866,0,3233.33994869164,39247.5858678783,59705.674569827,59705.674569827,18102.9153729994,17244.7822557171,734.831655877345,5160.98017508877,0,0,0
Q43/C1-P1,2025-04-07,144,7316.48683927077,5907.05418197123,31623.7674186028,0,11743.6750509775,43367.4424695804,52614.2340470534,52614.2340470534,17783.1322769983,15672.8265359382,2898.26083475871,197.568190752064,0,0,0
Q43/C1-P1,2025-04-08,144,5907.05418197123,5056.52511217248,37787.9663157116,0,3899.35908736726,41687.3254030788,62780.3086093406,62780.3086093406,19168.8605216722,16292.2531853734,759.682974490176,6320.63563086522,0,0,0
Q43/C1-P1,2025-04-09,144,5056.52511217248,6308.68249963861,37849.6756326483,0,8433.19780379685,46282.8734364451,63480.7864777935,63480.7864777935,20782.9736496987,15707.2670075365,2082.93570550472,1329.83619113589,0,0,0
Q43/C1-P1,2025-04-10,144,6308.68249963861,1580.37419923888,34708.0740352205,0,8686.54874855775,43394.6227837782,55416.2731729403,55416.2731729403,16350.1249080633,17499.078645891,2063.86945320237,3996.5601306371,0,0,0
Q43/C1-P1,2025-04-11,144,1580.37419923888,5134.21355027614,11033.3730578017,0,5982.3009102275,17015.6739680292,28833.9839466758,28833.9839466758,16958.1677738319,10537.6604808703,1875.1292834567,18999.9574371709,0,0,0
Q43/C1-P1,2025-04-12,144,5134.21355027614,10442.7643924681,12492.3163108624,0,1391.48829095069,13883.8046018131,32971.7407445766,32971.7407445766,20441.1941595527,11779.6715112649,380.296501938159,15816.7573815603,0,0,0
Q43/C1-P1,2025-04-13,144,10442.7643924681,4328.54076576232,31684.6244016114,0,6127.80059317256,37812.424994784,50740.9060390229,50740.9060390229,13756.8711064459,16645.8668602564,1374.91441452469,691.284390691445,0,0,0
Q43/C1-P1,2025-04-14,144,4328.54076576232,5601.20899639805,36648.1536179419,0,4306.85983277787,40955.0134507198,61744.9488584682,61744.9488584682,20590.5918041484,15532.977953788,1027.31953029287,5205.03440506734,0,0,0
Q43/C1-P1,2025-04-15,144,5601.20899639805,6445.937795901,31725.9252247787,0,9468.22718629573,41194.1524110745,53690.6054267067,53690.6054267067,19709.0818867556,15204.1004087194,2362.63845821118,1398.08690688164,0,0,0
Q43/C1-P1,2025-04-16,144,6445.937795901,4479.01235866195,34351.1338467486,0,7920.11666806787,42271.2505148164,56982.94865591,56982.94865591,16551.0831934181,15176.6102801838,1768.71285185739,1628.72164453312,0,0,0
Q43/C1-P1,2025-04-17,144,4479.01235866195,1601.0661968068,31144.5541864453,0,18534.3448166076,49678.8990030528,49988.7562470592,49988.7562470592,12983.4307549862,13106.7304572084,4331.53600630944,1391.44960559091,0,0,0
Q43/C1-P1,2025-04-18,144,1601.0661968068,3841.77854763006,10711.8621065839,0,2733.6703246319,13445.5324312159,28412.1024408955,28412.1024408955,19421.4497639362,13714.7331930474,823.071746445007,17184.9954331184,0,0,0
Q43/C1-P1,2025-04-19,144,3841.77854763006,9660.10071128831,11836.5537720338,0,2782.28599532016,14618.839767354,32296.1537748564,32296.1537748564,22686.8070604456,13139.8237716685,756.419250150654,16892.2388195633,0,0,0
Q43/C1-P1,2025-04-20,144,9660.10071128831,5789.27594232993,30391.3425253775,0,8436.79521450805,38828.1377398856,49641.8505342391,49641.8505342391,16479.3976126655,16832.0543583216,2002.15298618143,60.1253827433306,0,0,0
Q43/C1-P1,2025-04-21,144,5789.27594232993,5097.09525502844,33542.5709297096,0,6146.73714871907,39689.3080784287,57071.7414918025,57071.7414918025,17712.2485054169,14969.883907959,1364.52864001925,7130.10681769717,0,0,0
Q43/C1-P1,2025-04-22,144,5097.09525502844,7899.8691660671,32783.1807299371,0,12739.3261753467,45522.5069052838,55793.2596434472,55793.2596434472,21160.2966774151,14617.3437887714,3273.66307160367,435.778843073854,0,0,0
Q43/C1-P1,2025-04-23,144,7899.8691660671,5313.82052022673,29465.2994611298,0,15805.8023465288,45271.1018076586,48029.731429363,48029.731429363,14649.2856985763,14193.3651971031,3969.66509013815,112.189301361308,0,0,0
Q43/C1-P1,2025-04-24,144,5313.82052022673,1447.31825778198,29371.5729982958,0,4099.85397117811,33471.4269694739,47550.2477114821,47550.2477114821,14634.1552056506,15333.5177527772,887.656187459626,1883.56474606841,0,0,0
Q43/C1-P1,2025-04-25,144,1447.31825778198,4597.54916532553,10455.3943017907,0,2884.08156429887,13339.4758660896,28348.1797571351,28348.1797571351,17519.9015113436,11355.9124073991,757.611219209666,20903.205889067,0,0,0
Q43/C1-P1,2025-04-26,144,4597.54916532553,10241.7394403272,11514.9754024907,0,2851.46692857496,14366.4423310656,31192.9822925304,31192.9822925304,21430.7554153523,12279.1406389339,771.600800033875,22923.2013494793,0,0,0
Q43/C1-P1,2025-04-27,144,10241.7394403272,3560.76854504876,27014.7318678007,0,15407.7744298193,42422.50629762,43412.0359081221,43412.0359081221,12698.7530929314,16298.863811025,3729.51744237611,2216.31121859185,0,0,0
Q43/C1-P1,2025-04-28,144,3560.76854504876,4137.77638019755,37311.2670945984,0,8842.36326944746,46153.6303640458,62344.6867017801,62344.6867017801,17761.2551436838,13867.30961475,2223.01188604039,4020.38740888669,0,0,0
Q43/C1-P1,2025-04-29,144,4137.77638019755,3679.03481489598,29980.308354901,0,7055.10346238735,37035.4118172884,49999.8693492118,49999.8693492118,17276.9986702027,14407.2363316356,1631.46090675333,1296.55920073132,0,0,0
Q43/C1-P1,2025-04-30,144,3679.03481489598,5860.9397128654,30532.0580436448,0,9489.95842999668,40022.0164736415,51998.1913779029,51998.1913779029,19449.8473479415,13790.6619436601,1986.78758833256,158.075795287423,0,0,0
Q43/C1-P1,2025-05-01,144,5860.9397128654,1268.11802914019,29724.0301894563,0,20747.9143494349,50471.9445388911,46553.4467204813,46553.4467204813,14186.5800177411,15624.669329723,4535.28066075631,1313.22122655281,0,0,0
Q43/C1-P1,2025-05-02,144,1268.11802914019,3536.13958299882,11392.0088074113,0,11498.0839037473,22890.0927111585,28711.2210347707,28711.2210347707,17898.970695544,12456.9468649179,3017.33536773513,12012.579155213,0,0,0
Q43/C1-P1,2025-05-03,144,3536.13958299882,8723.90022371712,12462.3040321987,0,9869.49026175359,22331.7942939523,32646.8654420113,32646.8654420113,22483.3401867232,13542.5209745993,2129.57148537205,17118.4593985928,0,0,0
Q43/C1-P1,2025-05-04,144,8723.90022371712,5965.79560577518,33064.5887916289,0,12123.9821566967,45188.5709483256,53281.4974361782,53281.4974361782,14350.3908818142,14106.1107704173,2330.50916161726,3616.78081973184,0,0,0
Q43/C1-P1,2025-05-05,144,5965.79560577518,2883.6284246901,35602.7708653187,0,6118.40039832015,41721.1712636389,56250.7720600839,56250.7720600839,16088.6379668806,15805.7472161499,1251.83001291233,2142.59785559881,0,0,0
Q43/C1-P1,2025-05-06,144,2883.6284246901,4047.09688270147,32789.2043709085,0,26620.0946660034,59409.2990369119,52691.2086591901,52691.2086591901,18225.3377678444,13715.4019797437,6179.65181559442,1520.02398668388,0,0,0
Q43/C1-P1,2025-05-07,144,4047.09688270147,5324.52318687653,35364.8199959949,0,18185.3683974147,53550.1883934096,56372.7082456523,56372.7082456523,18186.3586453883,13581.266829007,4047.51676387768,761.482243148624,0,0,0
Q43/C1-P1,2025-05-08,144,5324.52318687653,1912.36655799176,36719.4460679632,0,5726.58157803346,42446.0276459966,58274.8824124116,58274.8824124116,15599.9443783597,15706.8959124676,1212.37423540556,3596.95411525844,0,0,0
Q43/C1-P1,2025-05-09,144,1912.36655799176,2376.34643886799,11563.9359390929,0,2379.48919165308,13943.425130746,28043.0013500878,28043.0013500878,16846.5216906098,13228.1006766053,781.876099203661,16640.6372519537,0,0,0
Q43/C1-P1,2025-05-10,144,2376.34643886799,10374.4921579393,14593.4950226034,0,3562.65090570093,18156.1459283043,36345.7988714697,36345.7988714697,24381.2356077123,12550.4696950828,1013.74312852082,13607.5774706943,0,0,0
Q43/C1-P1,2025-05-11,144,10374.4921579393,2212.60838576595,31802.3177948962,0,9003.81889365951,40806.1366885558,49492.0492258301,49492.0492258301,11339.2240115448,16530.4668443073,1918.15369328995,1152.36833521588,0,0,0
Q43/C1-P1,2025-05-12,144,2212.60838576595,4695.20227607343,33669.6460473417,0,25116.4292359118,58786.0752832534,53761.2237650797,53761.2237650797,15289.7630608366,10150.3735780009,5761.93500161475,2389.63071719208,0,0,0
Q43/C1-P1,2025-05-13,144,4695.20227607343,5293.58831596594,36672.2847799357,0,7015.56196917404,43687.8467491098,61220.4794220176,61220.4794220176,19257.4107494669,15059.9552711649,1506.37102768763,5396.40387140326,0,0,0
Q43/C1-P1,2025-05-14,144,5293.58831596594,5240.30757523851,35763.9122790309,0,10573.7629792106,46337.6752582415,57717.6098646786,57717.6098646786,15464.4818166758,12574.1829381621,2713.93527186625,4576.72747469779,0,0,0
Q43/C1-P1,2025-05-15,144,5240.30757523851,3072.57296878082,35835.7901435149,0,13405.9861181196,49241.7762616345,53900.8626310098,53900.8626310098,12404.8414893001,11998.882752145,3416.02165025658,3984.71892744464,0,0,0
Q43/C1-P1,2025-05-16,144,3072.57296878082,2122.03458803957,11205.7692632755,0,2014.71342254862,13220.4826858241,25618.0827819674,25618.0827819674,14044.3029639826,12231.369943493,815.294841562807,21895.9580697073,0,0,0
Q43/C1-P1,2025-05-17,144,2122.03458803957,10027.3572906631,14921.526692859,0,1401.7673338726,16323.2940267316,36138.7143115749,36138.7143115749,22635.0917567724,11219.6338906245,453.530167543708,14901.6775296373,0,0,0
Q43/C1-P1,2025-05-18,144,10027.3572906631,4082.75680399608,35334.1889102486,0,1607.91393125418,36942.1028415028,55222.0480658052,55222.0480658052,11574.1664427859,14725.2152566569,361.802227848859,5055.58600752497,0,0,0
Q43/C1-P1,2025-05-19,144,4082.75680399608,3425.48346110255,33582.6282567907,0,2476.45709325554,36059.0853500462,54073.4966568618,54073.4966568618,16380.9225171112,13860.0932474642,541.037941947522,4581.80211249567,0,0,0
Q43/C1-P1,2025-05-20,144,3425.48346110255,4004.20560122971,34270.4925280418,0,13427.7274920447,47698.2200200865,55507.2557873267,55507.2557873267,16550.2965050909,12884.8902430092,3489.63616272695,779.792537971967,0,0,0
Q43/C1-P1,2025-05-21,144,4004.20560122971,3416.9858053114,32628.1109650157,0,20963.4179237237,53591.5288887394,50517.4624809497,50517.4624809497,12453.7949804424,10616.0717504848,5306.74381175231,2649.69111274443,0,0,0
Q43/C1-P1,2025-05-22,144,3416.9858053114,2144.84559686095,33108.4397257355,0,5860.03414697988,38968.4738727153,52160.1496467763,52160.1496467763,17702.8470195428,15484.2322734351,1186.03819847506,128.997282477013,0,0,0
Q43/C1-P1,2025-05-23,144,2144.84559686095,2495.13171478471,10577.5709665842,0,2870.69886374846,13448.2698303326,26093.3448061258,26093.3448061258,14931.9204855243,11779.5980871433,1030.22611274925,17551.7929704941,0,0,0
Q43/C1-P1,2025-05-24,144,2495.13171478471,10281.2181202418,14415.7101835889,0,1489.75291164279,15905.4630952317,35296.3687821652,35296.3687821652,22490.7448470073,11210.0255611646,490.381906898339,20885.4033532208,0,0,0
Q43/C1-P1,2025-05-25,144,10281.2181202418,2679.10369522917,30485.5662276432,0,3787.51398800061,34273.0802156439,46743.8590712694,46743.8590712694,11096.858775958,15830.3585910373,885.765133424608,3801.35050310661,0,0,0
Q43/C1-P1,2025-05-26,144,2679.10369522917,3187.16009421491,32837.8456413265,0,20353.3622336034,53191.2078749299,52545.8106072141,52545.8106072141,13994.9096667982,10878.6260710194,5156.11231609338,38.7113775286173,0,0,0
Q43/C1-P1,2025-05-27,144,3187.16009421491,2275.95503460536,31567.4793415847,0,20555.5511069391,52123.0304485238,49545.6394199809,49545.6394199809,13400.0027497718,11674.0867809638,4925.8449203421,3361.99440484824,0,0,0
Q43/C1-P1,2025-05-28,144,2275.95503460536,3438.174614358,35175.7842177618,0,3173.61635927605,38349.4005770378,57489.7696938882,57489.7696938882,19039.2420986628,14375.7884781395,787.407147150059,1366.93578718161,0,0,0
Q43/C1-P1,2025-05-29,144,3438.174614358,1569.87117855852,33122.5737731946,0,21886.3652433925,55008.9390165872,53065.2535551816,53065.2535551816,12047.7290091546,11440.1335896347,5361.05019715284,3506.65983281462,0,0,0
Q43/C1-P1,2025-05-30,144,1569.87117855852,3412.68279480852,11771.7023126113,0,1945.57061610277,13717.272928714,28056.2444488334,28056.2444488334,16014.2539489737,11313.0152440437,710.435131454684,17472.6192753581,0,0,0
Q43/C1-P1,2025-05-31,144,3412.68279480852,10800,14142.1292104508,0,2386.92549376404,16529.0547042148,36392.1092421048,36392.1092421048,21903.1292647513,11092.9492197762,639.332195948093,18117.8615097444,0,0,0
Q43/C1-P1,2025-06-01,144,10800,3604.12756328829,45251.7744923172,0,24254.7920480181,69506.5665403353,64395.5022828476,64395.5022828476,12884.8921753978,16913.0478551128,5253.67223892179,2433.10056815098,0,0,0
Q43/C1-P1,2025-06-02,144,3604.12756328829,3158.33107875638,48429.6693486538,0,27361.2332807172,75790.902629371,72377.1062350199,72377.1062350199,18181.3615221353,15128.1196690083,6039.5873127174,6710.46424461035,0,0,0
Q43/C1-P1,2025-06-03,144,3158.33107875638,1367.85691527949,48032.771485919,0,13695.2732170714,61728.0447029903,71804.0155499406,71804.0155499406,17475.9701276061,15766.9625504902,2918.21354432773,4854.02301715236,0,0,0
Q43/C1-P1,2025-06-04,144,1367.85691527949,2002.93309747332,57165.9966754728,0,8554.20640965209,65720.2030851249,84647.9216033811,84647.9216033811,17464.6570284684,13574.803629085,1966.10902504382,13080.6280790415,0,0,0
Q43/C1-P1,2025-06-05,144,2002.93309747332,1200.9051263176,49383.5688769134,0,18201.8319638402,67585.4008407535,73167.00332228,73167.00332228,19328.0596544632,16377.5534941554,3875.08857633393,2792.1243883061,0,0,0
Q43/C1-P1,2025-06-06,144,1200.9051263176,1412.78329065078,17593.8666641731,0,8049.80683169443,25643.6734958676,34648.0787860583,34648.0787860583,13993.9964152835,11144.4467484798,2288.32819847589,3164.15691773046,0,0,0
Q43/C1-P1,2025-06-07,144,1412.78329065078,10110.4372503257,22366.224179004,0,6361.17106058398,28727.395239588,48475.8139283735,48475.8139283735,23778.5722360065,11432.7549474578,1392.83494471849,6608.23341787671,0,0,0
Q43/C1-P1,2025-06-08,144,10110.4372503257,2924.76168134936,47904.9051809244,0,2333.26285990857,50238.168040833,68871.2160745367,68871.2160745367,10257.6039195316,14775.7671868993,535.555849009129,8732.05025758023,0,0,0
Q43/C1-P1,2025-06-09,144,2924.76168134936,2541.1340555383,56234.6205922339,0,2689.71753537081,58924.3381276048,80546.9872416622,80546.9872416622,17658.0232138587,14648.2636664555,652.120255746196,7271.3752166719,0,0,0
Q43/C1-P1,2025-06-10,144,2541.1340555383,2488.75606037997,51462.9288591964,0,4140.67880032554,55603.6076595219,75776.6907683519,75776.6907683519,20909.2209722693,16983.6091831806,852.072556554047,1085.71896915059,0,0,0
Q43/C1-P1,2025-06-11,144,2488.75606037997,2381.05605699993,55633.1535486515,0,6550.50790661276,62183.6614552642,80642.6836201885,80642.6836201885,23135.7222837004,18836.8650528394,1456.29127015431,1697.34967614844,0,0,0
Q43/C1-P1,2025-06-12,144,2381.05605699993,1908.03825358906,54564.1694775453,0,1429.05875516158,55993.2282327069,79030.538759724,79030.538759724,21016.4235471754,17449.0190962819,277.392858029399,3090.58240019317,0,0,0
Q43/C1-P1,2025-06-13,144,1908.03825358906,1339.30145158844,16882.386712555,0,1976.438458911,18858.825171466,34029.3341596987,34029.3341596987,14189.7761962136,12005.5818407336,500.07586266751,4035.57363355288,0,0,0
Q43/C1-P1,2025-06-14,144,1339.30145158844,8731.44582378444,21247.075434634,0,1204.1829838616,22451.2584184956,42755.293168442,42755.293168442,22184.3130165757,11316.3636084499,351.041182862594,6176.47052651219,0,0,0
Q43/C1-P1,2025-06-15,144,8731.44582378444,3770.904403134,50084.0554639545,0,15461.2546371566,65545.3101011111,70350.848806932,70350.848806932,12860.9640951853,14881.8681956855,3879.57372746867,5638.78563490087,0,0,0
Q43/C1-P1,2025-06-16,144,3770.904403134,2958.00289298093,53553.2217967525,0,10771.1292498971,64324.3510466496,76525.7888357592,76525.7888357592,18187.4761039878,15463.4670033679,2589.80672007476,3678.19197188067,0,0,0
Q43/C1-P1,2025-06-17,144,2958.00289298093,2906.2389272709,55416.0179321414,0,11966.6704803593,67382.6884125007,79722.3462726427,79722.3462726427,20378.5794512121,16553.2369246208,2886.09696517472,4163.20949455948,0,0,0
Q43/C1-P1,2025-06-18,144,2906.2389272709,3577.31208611843,55790.3320138798,0,10651.4799168623,66441.8119307421,80534.6045680965,80534.6045680965,18098.4209525063,14055.7551285674,2550.73662223255,8133.9444663901,0,0,0
Q43/C1-P1,2025-06-19,144,3577.31208611843,2600.02435344448,49715.3294038964,0,10641.5464411938,60356.8758450902,73689.0461486969,73689.0461486969,17530.7276500245,15079.4483559264,2122.26382990761,4991.98815117305,0,0,0
Q43/C1-P1,2025-06-20,144,2600.02435344448,2271.76903683454,17909.3305161659,0,341.33581068159,18250.6663268475,34066.3542125622,34066.3542125622,13172.6764541044,10965.2977127735,152.574635230525,9571.23092312851,0,0,0
Q43/C1-P1,2025-06-21,144,2271.76903683454,7949.75469440942,19873.1773775253,0,236.875496420368,20110.0528739457,40737.2823828866,40737.2823828866,20377.712438062,11395.7599830129,76.8298264922346,12564.9510209963,0,0,0
Q43/C1-P1,2025-06-22,144,7949.75469440942,3052.10938847792,44852.4302479565,0,14872.6837885553,59725.1140365119,65137.088805973,65137.088805973,12498.6431598919,14531.7817348508,2891.09182849438,2653.03644275963,0,0,0
Q43/C1-P1,2025-06-23,144,3052.10938847792,2705.67980199595,48679.965602044,0,5698.6722406468,54378.6378426908,72060.5452145085,72060.5452145085,20009.4721355119,16519.4590575984,1378.56990090138,2893.40103749639,0,0,0
Q43/C1-P1,2025-06-24,144,2705.67980199595,3065.71693881711,58677.6068054276,0,2736.56319433872,61414.1699997663,83142.7363872716,83142.7363872716,22088.2687868023,17567.4642941708,573.3423479612,2968.31532593467,0,0,0
Q43/C1-P1,2025-06-25,144,3065.71693881711,1959.47064166902,49038.6756364791,0,12001.5555206277,61040.2311571068,72883.536951259,72883.536951259,17356.2545077764,15054.1878187321,2391.81314655294,2499.03537543438,0,0,0
Q43/C1-P1,2025-06-26,144,1959.47064166902,1811.15691949612,47539.5064668847,0,13243.3958436865,60782.9023105712,71130.5736240393,71130.5736240393,17249.1023947171,14105.2552896765,3123.10623349644,3424.02058582839,0,0,0
Q43/C1-P1,2025-06-27,144,1811.15691949612,1758.78716386629,16768.5590544457,0,1218.46151506031,17987.020569506,34164.9098693694,34164.9098693694,14889.6350164244,12107.7371433706,530.450028818355,12108.5011584672,0,0,0
Q43/C1-P1,2025-06-28,144,1758.78716386629,9519.19299272907,19713.5814114136,0,1222.71965082579,20936.3010622394,41622.457872703,41622.457872703,22149.5238366038,10956.7490616726,289.202179173851,9140.0124936123,0,0,0
Q43/C1-P1,2025-06-29,144,9519.19299272907,2155.53309561525,41770.3880670932,0,26047.0461438069,67817.4342109001,60567.6974690355,60567.6974690355,13043.1102001595,17192.2131695316,5267.19013508119,684.392040155527,0,0,0
Q43/C1-P1,2025-06-30,144,2155.53309561525,1542.80357662679,49057.9097695375,0,5250.56993723309,54308.4797067706,73425.5195177395,73425.5195177395,19866.9652816288,16643.6984452089,1144.0193205464,1617.55968519939,0,0,0
Q43/C1-P1,2025-07-01,144,1542.80357662679,1200,46125.7590597475,0,92086.0908125143,138211.849872262,63540.5628226326,63540.5628226326,12977.6023327041,10820.3811084544,17478.1624349504,0,0,0,0
Q43/C1-P1,2025-07-02,144,1200,3159.15005327225,51723.3614320715,0,45143.1952903182,96866.5567223898,69518.4570348347,69518.4570348347,16942.1779457116,11959.9290880814,8402.74485612889,0,0,0,0
Q43/C1-P1,2025-07-03,144,3159.15005327225,1527.02374074819,62408.5718009231,0,13473.632757386,75882.204558309,82248.1428160492,82248.1428160492,17273.1467875713,15460.1625792044,2823.24659596068,3334.64627030968,0,0,0
Q43/C1-P1,2025-07-04,144,1527.02374074819,1351.40858101852,22384.4549986672,0,9060.07596070767,31444.5309593749,38962.4521052948,38962.4521052948,13402.3823258256,11013.9833276754,2411.19467891321,10116.1886527245,0,0,0
Q43/C1-P1,2025-07-05,144,1351.40858101852,6570.87954977848,26070.1285827306,0,4041.85415725496,30111.9827399856,47421.0218034507,47421.0218034507,18912.8979055562,10621.9234316166,943.145808705597,11428.4798382167,0,0,0
Q43/C1-P1,2025-07-06,144,6570.87954977848,2057.30756625394,55970.2203801219,0,36047.00421396,92017.2245940819,72430.6907861532,72430.6907861532,12903.4001638615,14513.9689178999,7704.68211171402,1976.85176857229,0,0,0
Q43/C1-P1,2025-07-07,144,2057.30756625394,5709.04616936355,59952.6576780997,0,6521.88619156091,66474.5438696606,82018.1055033175,82018.1055033175,22718.4270261675,15115.361148397,1376.367913636,2372.06643918306,0,0,0
Q43/C1-P1,2025-07-08,144,5709.04616936355,6882.31991288801,72011.8541321573,0,0,72011.8541321573,95363.0768383003,95363.0768383003,18104.0564886746,13608.3393866544,0,15288.0877196134,0,0,0
Q43/C1-P1,2025-07-09,144,6882.31991288801,2135.23277062779,59746.7855606825,0,3329.34368117855,63076.129241861,79339.6125588407,79339.6125588407,13847.4875169767,15488.8433167854,568.720593087736,7458.55226840376,0,0,0
Q43/C1-P1,2025-07-10,144,2135.23277062779,1886.965321314,57825.2569472292,0,5295.65383575248,63120.9107829816,76969.3978753036,76969.3978753036,19947.8567074881,16381.2046374478,1222.1716164159,1597.66237167915,0,0,0
Q43/C1-P1,2025-07-11,144,1886.965321314,2933.26071226472,25188.3145146862,0,2400.8122597443,27589.1267744305,43584.4381920707,43584.4381920707,15931.8286636967,11963.1153657387,834.237414039195,8020.6918248185,0,0,0
Q43/C1-P1,2025-07-12,144,2933.26071226472,8001.44784197788,26548.2172390262,0,2868.4250694058,29416.642308432,47937.3213695677,47937.3213695677,22010.390252792,13267.0476880197,793.433582251889,9000.55572038057,0,0,0
Q43/C1-P1,2025-07-13,144,8001.44784197788,2156.862154723,56446.8167147913,0,2340.57101429068,58787.387729082,75092.2076339663,75092.2076339663,13274.086135161,16012.1368880098,353.452454337421,8920.4221078192,0,0,0
Q43/C1-P1,2025-07-14,144,2156.862154723,5077.97554591203,57071.8341571912,0,11342.197322689,68414.0314798802,79610.7011943137,79610.7011943137,21764.3387258519,15000.1123158699,2192.16896148175,3249.6145291468,0,0,0
Q43/C1-P1,2025-07-15,144,5077.97554591203,4782.8741409192,67819.1422604355,0,0,67819.1422604355,90487.3415154263,90487.3415154263,15674.4382960239,12961.8862842729,0,15002.2455870087,0,0,0
Q43/C1-P1,2025-07-16,144,4782.8741409192,2968.73786879261,61041.6470607712,0,391.005025653245,61432.6520864245,80119.1222744914,80119.1222744914,17161.6448622442,15533.6549833317,83.3535746159128,6428.15092019487,0,0,0
Q43/C1-P1,2025-07-17,144,2968.73786879261,2875.85750046073,60212.4477396186,0,7360.90178255397,67573.3495221726,80462.2698852642,80462.2698852642,18854.1992619794,15355.493733702,1351.14815208972,5417.12477574316,0,0,0
Q43/C1-P1,2025-07-18,144,2875.85750046073,2378.0307064711,26003.1151453559,0,22.7770246320081,26025.8921699879,44527.1392417372,44527.1392417372,12571.8869725225,10631.2725623339,10.5570941838496,11327.0321590658,0,0,0
Q43/C1-P1,2025-07-19,144,2378.0307064711,7185.73367871903,29064.1262775023,0,4.52926091945614,29068.6555384218,51294.5996104246,51294.5996104246,18455.6816314948,10622.1694464877,2.03242581083964,16514.9891345616,0,0,0
Q43/C1-P1,2025-07-20,144,7185.73367871903,4518.57136693065,59483.8326686445,0,4021.43051949061,63505.2631881351,80377.4524118781,80377.4524118781,14095.5276244587,13817.8234564211,778.462435930405,8736.45912977088,0,0,0
Q43/C1-P1,2025-07-21,144,4518.57136693065,2728.81567033035,62512.5267790659,0,597.969596892033,63110.4963759579,83514.8432437235,83514.8432437235,19880.5435588061,17714.0204095732,107.335423667934,7491.45450149183,0,0,0
Q43/C1-P1,2025-07-22,144,2728.81567033035,2004.34610887029,57801.7397434065,0,20033.1631759535,77834.9029193599,77874.2140333448,77874.2140333448,13949.6895054703,11951.271104745,4422.06890600738,6477.99325529355,0,0,0
Q43/C1-P1,2025-07-23,144,2004.34610887029,2054.78069149093,65510.771697786,0,5495.47001353306,71006.241711319,88687.3286532998,88687.3286532998,17663.5712905477,14262.101620985,941.494510376305,12034.1230441135,0,0,0
Q43/C1-P1,2025-07-24,144,2054.78069149093,2301.82390269485,65461.7900254573,0,941.683738227743,66403.4737636851,87022.1562777497,87022.1562777497,17284.801864643,13778.3506202773,177.278011394978,9883.95937811235,0,0,0
Q43/C1-P1,2025-07-25,144,2301.82390269485,1519.8084570198,22588.4170315073,0,2912.70801377226,25501.1250452796,39174.7848707634,39174.7848707634,13445.7210221198,11594.8479290246,1006.37260767844,11854.9714853466,0,0,0
Q43/C1-P1,2025-07-26,144,1519.8084570198,9107.42479728816,27280.7833302267,0,874.937942712335,28155.7212729391,49882.9589401246,49882.9589401246,23057.8279405497,11847.9859256037,299.04108277049,10657.1564412825,0,0,0
Q43/C1-P1,2025-07-27,144,9107.42479728816,2559.10183167581,53241.5326154769,0,17274.369166486,70515.9017819629,71408.2816974781,71408.2816974781,14361.4256207591,17526.245421866,3379.59534918782,4277.25204777279,0,0,0
Q43/C1-P1,2025-07-28,144,2559.10183167581,1999.41000603149,60010.5132147758,0,8014.11398577373,68024.6272005495,81482.4838649142,81482.4838649142,20536.9681412307,17138.6668374768,1513.33947518842,1614.16980301534,0,0,0
Q43/C1-P1,2025-07-29,144,1999.41000603149,1937.47202663492,57900.2286449273,0,18533.2275482683,76433.4561931957,78681.390231751,78681.390231751,17422.6168369405,14168.0638193787,4208.49692725781,3577.58319144702,0,0,0
Q43/C1-P1,2025-07-30,144,1937.47202663492,2300.36988698967,51720.9274230579,0,38834.9816455506,90555.9090686084,68651.362371509,68651.362371509,15207.7406590692,11991.6618595268,8825.96811571397,138.000971013909,0,0,0
Q43/C1-P1,2025-07-31,144,2300.36988698967,1395.46832574295,52338.3749659039,0,29137.7069722272,81476.0819381311,71680.2246088032,71680.2246088032,17548.8128596765,15028.94982146,5990.12721325541,306.602517175456,0,0,0
Q43/C1-P1,2025-08-01,144,1395.46832574295,1316.92005823249,20945.9811207274,0,9692.09316808387,30638.0742888113,37006.5500189646,37006.5500189646,14065.2664203576,11463.5592412491,3046.07280273028,16174.2159759197,0,0,0
Q43/C1-P1,2025-08-02,144,1316.92005823249,9116.24247176105,26580.7612822206,0,1325.80256366474,27906.5638458854,49602.0736068265,49602.0736068265,24057.2490059342,12466.981522631,252.531923085037,17579.758113275,0,0,0
Q43/C1-P1,2025-08-03,144,9116.24247176105,1286.43611672422,42741.4160907186,0,15774.0351166978,58515.4512074164,55397.575912707,55397.575912707,12404.52007265,17094.4869783797,2813.46761673053,2.58545183384558,0,0,0
Q43/C1-P1,2025-08-04,144,1286.43611672422,1823.16289082812,52550.8600750889,0,9866.36777124426,62417.2278463332,70607.1992603784,70607.1992603784,16728.3085588051,13066.8758359386,2484.61983272386,4061.84962023579,0,0,0
Q43/C1-P1,2025-08-05,144,1823.16289082812,1552.19988307259,49760.6141534473,0,15944.4835290873,65705.0976825346,66986.3340142918,66986.3340142918,16410.9350511814,13536.7240984369,3750.20117454738,2650.64616942805,0,0,0
Q43/C1-P1,2025-08-06,144,1552.19988307259,1499.46490456595,55621.1961232717,0,4746.20032696568,60367.3964502374,73343.3495754569,73343.3495754569,18403.0143962435,14953.9031416132,985.772884262999,2844.3369384229,0,0,0
Q43/C1-P1,2025-08-07,144,1499.46490456595,1425.81087028559,52926.0433185011,0,7951.89720662289,60877.940525124,74600.7483806391,74600.7483806391,18018.5902847105,14661.3467614678,1752.09210616831,9376.70838023143,0,0,0
Q43/C1-P1,2025-08-08,144,1425.81087028559,1380.89421709908,21134.0837115813,0,2293.50517689622,23427.5888884775,38584.3282755702,38584.3282755702,15122.220489034,12289.4235839854,682.794462801235,20632.3945833228,0,0,0
Q43/C1-P1,2025-08-09,144,1380.89421709908,8057.41899856319,24370.2029178154,0,3435.87702350493,27806.0799413203,45279.5570994162,45279.5570994162,20403.0406841094,10517.5906508109,1004.24417697281,17674.9789097571,0,0,0
Q43/C1-P1,2025-08-10,144,8057.41899856319,2776.31554915018,49411.2285904621,0,2871.09253758797,52282.3211280501,64105.3979405604,64105.3979405604,14057.101012658,16139.2449247247,526.704145233578,1411.80694786068,0,0,0
Q43/C1-P1,2025-08-11,144,2776.31554915018,2268.11236829901,49259.1017591874,0,9467.39706332378,58726.4988225112,68353.9896415955,68353.9896415955,18127.8316926656,15140.9265338252,2040.61905808387,2847.33520750562,0,0,0
Q43/C1-P1,2025-08-12,144,2268.11236829901,2076.32682346634,52871.180314943,0,9069.87875678171,61941.0590717247,72925.3872254556,72925.3872254556,17842.758238514,14625.2411635457,1742.2034305359,3644.28159768989,0,0,0
Q43/C1-P1,2025-08-13,144,2076.32682346634,2307.33810715952,48220.4376634004,0,17613.6173761534,65834.0550395539,65883.6669314258,65883.6669314258,16654.7712375354,13282.4545470798,3802.718108453,227.740566089944,0,0,0
Q43/C1-P1,2025-08-14,144,2307.33810715952,1457.99516707977,49861.5193136246,0,20138.6426967672,70000.1620103919,66406.2487233134,66406.2487233134,14756.4734878408,12717.1521712228,4630.65933271256,2916.12242274137,0,0,0
Q43/C1-P1,2025-08-15,144,1457.99516707977,2201.5129101066,22055.5214749133,0,4597.14730412981,26652.6687790431,39539.3244181637,39539.3244181637,14875.3918164914,11379.9014026339,1467.6826977869,20372.1948187598,0,0,0
Q43/C1-P1,2025-08-16,144,2201.5129101066,7894.48670738449,25206.94088037,0,5852.74948969111,31059.6903700611,46029.5471195202,46029.5471195202,19940.4751673659,11028.1084680163,1729.982708019,22025.2144281896,0,0,0
Q43/C1-P1,2025-08-17,144,7894.48670738449,1802.55835272454,47927.5707093909,0,7085.68690280383,55013.2576121947,64640.6193878363,64640.6193878363,11822.0196456166,15058.5714321434,1350.92822716893,6127.54411819874,0,0,0
Q43/C1-P1,2025-08-18,144,1802.55835272454,1662.07052726409,50878.6448302513,0,8683.71619899809,59562.3610292494,68667.221436921,68667.221436921,19622.4794651916,16020.6474097196,1899.95764875606,2532.98974687171,0,0,0
Q43/C1-P1,2025-08-19,144,1662.07052726409,2139.17755334792,50015.9632330762,0,6348.22888770302,56364.1921207792,67571.1220620208,67571.1220620208,18598.2135379332,14635.1566422504,1207.16927447204,466.892724143366,0,0,0
Q43/C1-P1,2025-08-20,144,2139.17755334792,1474.49713143933,54165.0055579935,0,12055.9431186017,66220.9486765952,75073.5665162543,75073.5665162543,20302.7602441985,17043.4481775185,2354.02596229675,3568.24934520435,0,0,0
Q43/C1-P1,2025-08-21,144,1474.49713143933,1412.49365128786,52050.0050741038,0,4060.78687989704,56110.7919540008,72285.4524955726,72285.4524955726,18238.2142095262,14828.7566418525,780.991723532947,3648.25316809858,0,0,0
Q43/C1-P1,2025-08-22,144,1412.49365128786,1301.12659625079,21385.8901729201,0,7750.33464766448,29136.2248205846,38038.7277449432,38038.7277449432,13640.0195947693,11148.6462212965,2187.76248276984,16448.5774542403,0,0,0
Q43/C1-P1,2025-08-23,144,1301.12659625079,7827.78429933368,23506.0540056601,0,5343.41329295242,28849.4672986125,45312.763856932,45312.763856932,21788.3005714583,11774.5315301066,1500.77512055837,14450.062119472,0,0,0
Q43/C1-P1,2025-08-24,144,7827.78429933368,1631.77791963825,47269.0312682235,0,5609.90582819022,52878.9370964137,60548.6472546841,60548.6472546841,14097.7861000552,16995.6124827706,1236.67386238116,958.894683114035,0,0,0
Q43/C1-P1,2025-08-25,144,1631.77791963825,2912.48200530484,65726.0925066717,0,1966.39199229124,67692.4844989629,90616.0043718377,90616.0043718377,17258.2729418967,12826.5674058364,406.682100650703,15815.1155864281,0,0,0
Q43/C1-P1,2025-08-26,144,2912.48200530484,1709.79475032775,50638.4561729289,0,8550.82691531664,59189.2830882455,67352.3219527549,67352.3219527549,16794.3388287048,14685.8329807303,2120.56950558353,1807.82389369722,0,0,0
Q43/C1-P1,2025-08-27,144,1709.79475032775,1326.1603823305,50771.5868517548,0,23534.6515143274,74306.2383660822,69229.5322118168,69229.5322118168,15521.9682122413,12918.065183113,5294.78377438793,4039.59075707638,0,0,0
Q43/C1-P1,2025-08-28,144,1326.1603823305,1526.06024352698,49729.3784936239,0,28639.7776410987,78369.1561347226,68615.8157749456,68615.8157749456,16707.9661788126,13353.5427297614,6147.23762997711,422.563305871498,0,0,0
Q43/C1-P1,2025-08-29,144,1526.06024352698,2140.83395950849,23023.0828724024,0,2555.38957689251,25578.4724492949,41502.3058388333,41502.3058388333,15363.1731342646,11890.8738943709,659.67724900708,16157.3468312801,0,0,0
Q43/C1-P1,2025-08-30,144,2140.83395950849,9905.07979531901,26078.1289125427,0,2965.5635019106,29043.6924144533,48613.3925381363,48613.3925381363,22773.8206045978,11458.9734374948,807.821179909511,19779.2533842761,0,0,0
Q43/C1-P1,2025-08-31,144,9905.07979531901,2453.24699734508,45821.6905228427,0,12609.4943904304,58431.1849132731,59480.388996357,59480.388996357,11494.1934342043,16016.946199882,2835.35449911123,70.548177812621,0,0,0
Q43/C1-P1,2025-09-01,144,2453.24699734508,4866.21964118791,48903.0290716192,0,0,48903.0290716192,76108.0057743726,76108.0057743726,17409.6972470524,11930.1793906539,0,17025.2900513074,0,0,0
Q43/C1-P1,2025-09-02,144,4866.21964118791,3488.65753429156,36360.6890540846,0,17266.5835952317,53627.2726493163,55110.3726830422,55110.3726830422,14396.7197038092,12901.1488562921,4140.70688915417,3672.13787467935,0,0,0
Q43/C1-P1,2025-09-03,144,3488.65753429156,2960.07988320556,39779.0162760013,0,6547.93123596349,46326.9475119648,59187.308529013,59187.308529013,18784.3446990669,15691.0390922216,1646.54778272248,2185.28178822351,0,0,0
Q43/C1-P1,2025-09-04,144,2960.07988320556,2467.15684662002,39154.1214814945,0,4833.20738154906,43987.3288630436,58027.4405836466,58027.4405836466,18383.0702712517,15333.9176526409,1012.7697918418,2011.61554021089,0,0,0
Q43/C1-P1,2025-09-05,144,2467.15684662002,1868.08661419991,13847.6214101483,0,3638.97891157189,17486.6003217202,29598.6625909106,29598.6625909106,14900.5272732744,12608.5903005304,1250.35657357159,21699.6871917382,0,0,0
Q43/C1-P1,2025-09-06,144,1868.08661419991,8872.76996228911,16567.9197874845,0,2990.7759516538,19558.6957391383,37950.1969484043,37950.1969484043,21903.7679973303,11437.8370645573,900.042728137532,20801.8300437688,0,0,0
Q43/C1-P1,2025-09-07,144,8872.76996228911,2082.13142612152,33176.1882542664,0,22174.3608706456,55350.549124912,47848.2884789135,47848.2884789135,9424.59650417816,13745.4978509351,5192.8102298127,2411.62143881655,0,0,0
Q43/C1-P1,2025-09-08,144,2082.13142612152,1848.76662280574,33095.8248621056,0,43453.1826629403,76549.0075250459,52020.4978723818,52020.4978723818,16543.2456345682,13610.0572869844,10280.0456601945,23.4739849925552,0,0,0
Q43/C1-P1,2025-09-09,144,1848.76662280574,4273.09751177243,36206.2252530712,0,19880.2340063967,56086.4592594679,55873.5433982811,55873.5433982811,21151.4212905757,14950.7534452963,4812.52599820647,1337.55395120814,0,0,0
Q43/C1-P1,2025-09-10,144,4273.09751177243,1404.84328586438,38188.4647602405,0,19480.3518532281,57668.8166134686,58926.6693476958,58926.6693476958,17538.6362016742,16787.7241266734,4474.03346461392,1319.68708730884,0,0,0
Q43/C1-P1,2025-09-11,144,1404.84328586438,1473.17196105707,40138.3700691671,0,9244.32647636724,49382.6965455344,62509.8044563213,62509.8044563213,20106.2859865913,16224.5958414655,2160.60232184331,7141.06584970553,0,0,0
Q43/C1-P1,2025-09-12,144,1473.17196105707,2297.44164696215,13185.378458588,0,8687.52974969402,21872.908208282,29597.5007631768,29597.5007631768,16884.0355882709,12934.2261091849,3289.24622623407,17338.4263103248,0,0,0
Q43/C1-P1,2025-09-13,144,2297.44164696215,9715.35450349473,16300.5962952215,0,4116.67784981284,20417.2741450344,38562.9297481381,38562.9297481381,23526.8625108311,12380.6370628939,1197.35479945836,20770.7892829926,0,0,0
Q43/C1-P1,2025-09-14,144,9715.35450349473,1433.63733663396,38661.9979573098,0,7390.39371064347,46052.3916679533,57783.6818515573,57783.6818515573,13095.8569411056,18061.1895724702,1625.17556828413,4303.54530120608,0,0,0
Q43/C1-P1,2025-09-15,144,1433.63733663396,4842.51498606618,33670.592439137,0,40678.9600820384,74349.5525211754,54023.2324475091,54023.2324475091,23840.6606945167,16242.9452780695,9403.66425227144,759.210650000003,0,0,0
Q43/C1-P1,2025-09-16,144,4842.51498606618,3949.41626398533,38709.3468508032,0,22940.013225327,61649.3600761303,61037.083003338,61037.083003338,18922.8545382794,16131.301025879,5349.24943441862,4155.88727535628,0,0,0
Q43/C1-P1,2025-09-17,144,3949.41626398533,3331.82729102394,38195.8716834974,0,17121.7397766807,55317.6114601781,59100.8478585435,59100.8478585435,19939.6724028176,16706.9647219475,4121.9736575468,4.76376855349395,0,0,0
Q43/C1-P1,2025-09-18,144,3331.82729102394,1204.85978403965,33868.1454182743,0,42404.2477701036,76272.3931883779,51939.3179984253,51939.3179984253,13727.7461347807,13033.7451254582,9929.17093806083,2016.97347716365,0,0,0
Q43/C1-P1,2025-09-19,144,1204.85978403965,2891.78051750289,12597.9412745809,0,13932.3846629041,26530.3259374849,29461.8434665572,29461.8434665572,19649.928525923,14398.2134458807,4951.928053275,13066.2691231232,0,0,0
Q43/C1-P1,2025-09-20,144,2891.78051750289,9910.30574743826,14767.7737903627,0,11519.432707081,26287.2064974437,36421.2256382748,36421.2256382748,23490.9997898782,12711.0371228596,3474.65682172242,13635.9693929785,0,0,0
Q43/C1-P1,2025-09-21,144,9910.30574743826,5098.72474204175,36372.6348286749,0,15682.5818019038,52055.2166305787,55169.8664001753,55169.8664001753,15180.3474763664,16626.5043607136,3226.95429435631,1536.8717622122,0,0,0
Q43/C1-P1,2025-09-22,144,5098.72474204175,3554.03494380971,42082.1835119426,0,11146.3536835279,53228.5371954705,63683.8624625222,63683.8624625222,19130.0941900271,16885.5971123308,2645.92042155769,3462.50258971696,0,0,0
Q43/C1-P1,2025-09-23,144,3554.03494380971,2583.39802190315,42283.5359294687,0,8945.35452472837,51228.8904541971,64954.5850253874,64954.5850253874,21965.3952266309,18665.5433632869,1696.46250050566,1188.32507921573,0,0,0
Q43/C1-P1,2025-09-24,144,2583.39802190315,1972.6901512305,37667.0049352788,0,30197.7852969943,67864.7902322732,57874.0198317203,57874.0198317203,17712.8560886339,14897.0505153988,5933.7995797509,11.6020715694783,0,0,0
Q43/C1-P1,2025-09-25,144,1972.6901512305,1303.16513416104,39921.5674616655,0,20996.3673626682,60917.9348243337,61295.6889962919,61295.6889962919,17773.3956556088,14999.0229964056,5001.57506822062,3037.44417197604,0,0,0
Q43/C1-P1,2025-09-26,144,1303.16513416104,2691.13564962093,13764.2558294381,0,7029.55847584712,20793.8143052852,31825.8181588867,31825.8181588867,17175.1096161292,12662.6653251508,2624.33890402831,12209.2926052699,0,0,0
Q43/C1-P1,2025-09-27,144,2691.13564962093,9897.15393239176,16523.1314698856,0,10011.3598118678,26534.4912817534,38794.8611426431,38794.8611426431,24986.3614670988,13753.5363338563,2885.61624901752,12816.9083417514,0,0,0
Q43/C1-P1,2025-09-28,144,9897.15393239176,4612.01253536416,38010.895704428,0,34024.362760395,72035.2584648229,56643.8937097631,56643.8937097631,9902.48461361871,12777.639794356,7479.25248064821,3546.3555378153,0,0,0
Q43/C1-P1,2025-09-29,144,4612.01253536416,3542.5662900081,44468.1951902596,0,6722.89549143245,51191.0906816921,67300.4849043652,67300.4849043652,19512.9636159787,16768.0021497632,1363.39705895618,3187.57389710591,0,0,0
Q43/C1-P1,2025-09-30,144,3542.5662900081,2813.21046773863,43168.9648706621,0,17821.8453940036,60990.8102646657,64843.0675829318,64843.0675829318,19589.980481531,16524.3044300827,3809.14288021701,73.0863117004645,0,0,0
Q43/C1-P1,2025-10-01,144,2813.21046773863,3882.26565101683,38387.6560449011,0,1327.88192537141,39715.5379702725,61071.2045073548,61071.2045073548,21464.1581409892,16423.8184292509,350.807203483199,6740.56046576629,0,0,0
Q43/C1-P1,2025-10-02,144,3882.26565101683,3271.19700630609,42048.2643112634,0,503.534396954279,42551.7987082177,67172.0921895306,67172.0921895306,18870.3891276767,15834.9769736578,128.561385737886,12343.573304583,0,0,0
Q43/C1-P1,2025-10-03,144,3271.19700630609,5020.60811546448,11835.2122290539,0,2936.32536519014,14771.537594244,29671.5546576276,29671.5546576276,18512.2939372963,13420.4880909675,1477.93514805834,18251.1619260237,0,0,0
Q43/C1-P1,2025-10-04,144,5020.60811546448,10128.8893564951,14686.6168315156,0,2912.50996100043,17599.126792516,36005.9550222457,36005.9550222457,21561.2671878246,12867.1733052103,1135.53878750622,15514.614160471,0,0,0
Q43/C1-P1,2025-10-05,144,10128.8893564951,4869.57955713534,37249.1166604529,0,4207.88300040505,41456.9996608579,59040.439593448,59040.439593448,13126.0038855678,15365.4419667337,1092.83571793394,7629.9639925479,0,0,0
Q43/C1-P1,2025-10-06,144,4869.57955713534,4176.84509730212,37540.2859436227,0,13357.5028407888,50897.7887844114,57649.2963553451,57649.2963553451,17546.6271158125,14836.228977658,2993.8073656355,186.039666159451,0,0,0
Q43/C1-P1,2025-10-07,144,4176.84509730212,6361.22214468618,38906.6658929273,0,7130.22673027496,46036.8926232023,62912.4286694715,62912.4286694715,24806.6978634758,18127.4859267697,1711.25679733476,200.815530100231,0,0,0
Q43/C1-P1,2025-10-08,144,6361.22214468618,4819.29480409116,33112.2667315323,0,26339.2241226735,59451.4908542058,53640.1805188613,53640.1805188613,18944.4342711643,16732.7263661786,5094.88965176929,40.4932656448402,0,0,0
Q43/C1-P1,2025-10-09,144,4819.29480409116,1226.54888511922,39189.9883200262,0,8491.28197811087,47681.2702981371,62592.9474828882,62592.9474828882,16023.2205173546,16212.279946132,1682.29605457778,8545.73128291,0,0,0
Q43/C1-P1,2025-10-10,144,1226.54888511922,4067.44123608054,12588.2493964922,0,7445.01200136204,20033.2613978542,32065.0946272222,32065.0946272222,19793.21593603,13475.7017923191,2545.84438884081,18984.2256223521,0,0,0
Q43/C1-P1,2025-10-11,144,4067.44123608054,10123.9477352968,14692.1436213743,0,3348.10914344493,18040.2527648192,37465.7233943749,37465.7233943749,24566.0331968315,14447.6310401388,838.71949078296,14202.6571451319,0,0,0
Q43/C1-P1,2025-10-12,144,10123.9477352968,5633.70085798881,34376.8634705044,0,16033.1199657871,50409.9834362915,55188.0981928872,55188.0981928872,14660.8495887498,15916.5103564646,3438.15482752183,1372.83780479041,0,0,0
Q43/C1-P1,2025-10-13,144,5633.70085798881,5760.66147240375,39597.7347980234,0,6957.237676852,46554.9724748754,63942.8031648349,63942.8031648349,21506.2098947696,17305.7654617899,1651.96753637573,4335.92263489762,0,0,0
Q43/C1-P1,2025-10-14,144,5760.66147240375,6261.52924876736,41588.12480285,0,8737.02663784008,50325.15144069,66905.4540750428,66905.4540750428,22708.5434198174,17943.1391713249,1988.83699452656,3372.93253774349,0,0,0
Q43/C1-P1,2025-10-15,144,6261.52924876736,7687.14472756772,42119.7811504789,0,10662.0455122306,52781.8266627095,69196.784917208,69196.784917208,23510.0964684437,17760.1242085191,2163.00966992221,3695.21367720557,0,0,0
Q43/C1-P1,2025-10-16,144,7687.14472756772,1200,37897.5959550525,0,13264.5398612806,51162.1358163331,57640.869269743,57640.869269743,16171.2100072718,18937.1103607011,2701.33212840721,14.4071349128526,0,0,0
Q43/C1-P1,2025-10-17,144,1200,5845.50356844439,13018.6996251187,0,8863.45704338982,21882.1566685085,33717.0445018423,33717.0445018423,21599.6879734469,13314.794046892,2492.26975692114,11872.391015542,0,0,0
Q43/C1-P1,2025-10-18,144,5845.50356844439,9751.58826038854,14067.7091158662,0,3199.91318723303,17267.6223030992,35461.2573047934,35461.2573047934,22678.9994303924,14854.5133158681,954.846184623319,12682.3657748924,0,0,0
Q43/C1-P1,2025-10-19,144,9751.58826038854,6433.97860982425,40891.4820242556,0,9383.28541717793,50274.7674414335,62976.5968086282,62976.5968086282,18929.8331083941,18319.013503307,1748.18160591797,251.7846094592,0,0,0
Q43/C1-P1,2025-10-20,144,6433.97860982425,7730.852411292,46397.027574773,0,5573.05433846588,51970.0819132389,72987.7809760918,72987.7809760918,22248.3920130492,16854.0111092489,1109.30204942458,4270.09808838272,0,0,0
Q43/C1-P1,2025-10-21,144,7730.852411292,7694.66456714755,44691.654294713,0,9927.33660294291,54618.9908976559,70125.8085615735,70125.8085615735,22530.6570750811,18282.4012905457,2068.19929275067,1457.57071978873,0,0,0
Q43/C1-P1,2025-10-22,144,7694.66456714755,6372.93893971125,42336.3694542756,0,14033.217025365,56369.5864796406,66255.2683541756,66255.2683541756,21803.8862415452,18850.7009203443,2571.62070832334,331.078707964726,0,0,0
Q43/C1-P1,2025-10-23,144,6372.93893971125,1335.3150407477,47863.9924475694,0,6337.89053168735,54201.8829792568,73442.7006962405,73442.7006962405,14224.3848746961,16055.6132575711,1291.70937439099,13053.4797535064,0,0,0
Q43/C1-P1,2025-10-24,144,1335.3150407477,3430.44678150332,13556.2400802993,0,6490.18025628145,20046.4203365808,33606.1474116437,33606.1474116437,20627.0300659426,14822.2757867334,1800.64075466787,11147.5298371025,0,0,0
Q43/C1-P1,2025-10-25,144,3430.44678150332,10002.6837718011,14980.7322019648,0,4991.97331793578,19972.7055199006,38728.0909389293,38728.0909389293,26111.7990742208,15235.5439588509,1232.32441562045,9827.4875058465,0,0,0
Q43/C1-P1,2025-10-26,144,10002.6837718011,4389.23158678732,43899.3845289054,0,5841.67992360006,49741.0644525055,66438.0081381662,66438.0081381662,12639.2449749015,15289.8953961826,1185.24101421075,5742.48255699141,0,0,0
Q43/C1-P1,2025-10-27,144,4389.23158678732,6356.57900529989,43308.0966768464,0,19362.4460891689,62670.5427660154,68279.4468992882,68279.4468992882,20683.378418257,14982.9238421269,4099.11398340124,3123.54463989259,0,0,0
Q43/C1-P1,2025-10-28,144,6356.57900529989,6489.97756554819,42528.3353054709,0,19753.3366604935,62281.6719659644,65840.3168978043,65840.3168978043,18632.8772379081,14972.5718584821,4062.19986011231,284.439678490601,0,0,0
Q43/C1-P1,2025-10-29,144,6489.97756554819,6395.48820316462,48025.7329936779,0,6416.14637977661,54441.8793734545,74180.8938762071,74180.8938762071,22253.3246004796,18110.2333525337,1258.44194144794,1985.27943637581,0,0,0
Q43/C1-P1,2025-10-30,144,6395.48820316462,1220.21812620707,40320.4916011541,0,20038.1130999564,60358.6047011105,59489.5415916784,59489.5415916784,14304.9610600923,16244.7615279366,3834.35095515471,326.860364677333,0,0,0
Q43/C1-P1,2025-10-31,144,1220.21812620707,7325.53062475634,16257.0661267248,0,2946.56864398943,19203.6347707143,39857.2770509212,39857.2770509212,23861.9152123467,13833.3700733064,917.273471577334,6820.2499834583,0,0,0
Q43/C1-P1,2025-11-01,144,7325.53062475634,10187.4276909423,14081.3713147825,0,2827.36730777108,16908.7386225536,35682.5272174815,35682.5272174815,21880.4839805526,15147.4846646802,935.016096969943,7496.33223191241,0,0,0
Q43/C1-P1,2025-11-02,144,10187.4276909423,5667.07015981626,44733.1102172812,0,20244.653678888,64977.7638961692,66706.6592663021,66706.6592663021,15088.6414810651,16290.1213776762,4162.6488458619,3249.45240877512,0,0,0
Q43/C1-P1,2025-11-03,144,5667.07015981626,5029.94072538561,50308.4764497836,0,5117.31135795348,55425.7878077371,76024.2714220646,76024.2714220646,21973.9021938141,18372.277267977,1129.35203806054,4083.84658428805,0,0,0
Q43/C1-P1,2025-11-04,144,5029.94072538561,4821.9694968377,45474.5680902055,0,12276.0535013868,57750.6215915923,70403.3673528536,70403.3673528536,21699.6106801785,17763.8587566377,2582.97791530684,1467.18964461965,0,0,0
Q43/C1-P1,2025-11-05,144,4821.9694968377,6435.79286339518,53896.4830217527,0,4668.01696239189,58564.4999841446,80902.5320480044,80902.5320480044,22301.4926015284,16611.7679773363,999.556631084549,6492.04065489685,0,0,0
Q43/C1-P1,2025-11-06,144,6435.79286339518,1298.33076592977,46293.151328233,0,14877.6467166186,61170.7980448515,67894.2004153439,67894.2004153439,16854.4818075791,18275.8461518579,3054.36325058364,862.115126873045,0,0,0
Q43/C1-P1,2025-11-07,144,1298.33076592977,3599.7209250386,14525.0427594,0,3124.16957095519,17649.2123303552,35715.0725349172,35715.0725349172,20747.9096258947,14734.5556537767,1032.52912035792,7458.45756649051,0,0,0
Q43/C1-P1,2025-11-08,144,3599.7209250386,10246.2715477598,16431.9247273572,0,2246.0248000826,18677.9495274398,40705.5782931659,40705.5782931659,25143.2186391568,14384.1115372679,622.915031066977,6903.33078901072,0,0,0
Q43/C1-P1,2025-11-09,144,10246.2715477598,5047.356374202,48149.4027713781,0,5284.79083433265,53434.1936057108,70214.4730373283,70214.4730373283,16222.473749448,17819.2273932549,1140.94144874197,1625.43761321046,0,0,0
Q43/C1-P1,2025-11-10,144,5047.356374202,5665.0022712763,52510.1995692619,0,14650.5785795836,67160.7781488455,77394.5125872903,77394.5125872903,21954.2686556788,17227.0763037329,2973.64631838878,1748.83012039995,0,0,0
Q43/C1-P1,2025-11-11,144,5665.0022712763,4282.81704019232,52433.1342244508,0,3690.25271834222,56123.386942793,77096.8846925845,77096.8846925845,19110.6483833834,16723.5918985161,767.396631447092,3964.95350583095,0,0,0
Q43/C1-P1,2025-11-12,144,4282.81704019232,3417.82332680685,50230.6711083771,0,11668.0145991616,61898.6857075386,74843.45300877,74843.45300877,20005.5415114056,16982.9829662854,2374.62028818472,3219.23866850124,0,0,0
Q43/C1-P1,2025-11-13,144,3417.82332680685,1495.68915251718,49044.6633087176,0,15794.5398226038,64839.2031313214,71549.5384677654,71549.5384677654,19641.0750305379,17639.1915315964,3216.58008085363,196.577066344206,0,0,0
Q43/C1-P1,2025-11-14,144,1495.68915251718,5109.920938864,15543.6160816643,0,1635.81447157173,17179.430553236,37973.456371284,37973.456371284,22318.1170701384,14824.8662190999,581.446803278761,3480.94369019104,0,0,0
Q43/C1-P1,2025-11-15,144,5109.920938864,9444.78538284219,16813.4342099441,0,2732.08194371611,19545.5161536602,40329.0928854802,40329.0928854802,23116.8951247259,14823.3070514476,757.836862759451,4702.97642496135,0,0,0
Q43/C1-P1,2025-11-16,144,9444.78538284219,6141.50507039743,50234.4439147213,0,13067.5938433557,63302.037758077,73211.8002470943,73211.8002470943,20301.5052894165,19417.1715656276,2679.32019602485,639.274002663677,0,0,0
Q43/C1-P1,2025-11-17,144,6141.50507039743,5974.7334272921,49512.4624729901,0,23871.1810321574,73383.6435051476,73446.5183449897,73446.5183449897,19839.4948809202,16220.0853323402,4925.8458296777,1963.4619594207,0,0,0
Q43/C1-P1,2025-11-18,144,5974.7334272921,5805.10011860888,52007.8980468393,0,13552.0462708722,65559.9443177115,76541.617205172,76541.617205172,21894.0800266437,17886.8747993963,2669.71373669112,342.822214615717,0,0,0
Q43/C1-P1,2025-11-19,144,5805.10011860888,8759.01357314993,53430.4588781655,0,21362.8002381145,74793.25911628,79237.717259994,79237.717259994,24007.6269119284,16787.655689575,4435.39252184595,1134.03529281993,0,0,0
Q43/C1-P1,2025-11-20,144,8759.01357314993,1412.47816556821,47723.9667235688,0,16546.1413046508,64270.1080282195,68042.4329150398,68042.4329150398,14181.7490108368,18099.0985656014,3311.74501015787,278.764779962288,0,0,0
Q43/C1-P1,2025-11-21,144,1412.47816556821,5909.90202541626,16392.7701802897,0,3240.55739523267,19633.3275755223,39189.7298358256,39189.7298358256,22491.3468101282,14170.3094423406,1156.56835979768,3132.91176116896,0,0,0
Q43/C1-P1,2025-11-22,144,5909.90202541626,10199.5453554143,17277.7808310456,0,2817.65268362607,20095.4335146716,41910.0594434989,41910.0594434989,23461.0538879134,15142.7746522116,858.727790282582,4415.07518141299,0,0,0
Q43/C1-P1,2025-11-23,144,10199.5453554143,6636.47164844018,50444.0707187827,0,15876.4565645654,66320.5272833481,72827.245356139,72827.245356139,18050.770665016,17827.8905749397,3316.06598696698,719.509969696363,0,0,0
Q43/C1-P1,2025-11-24,144,6636.47164844018,3597.1050378988,49768.6898613297,0,15423.2845667941,65191.9744281238,72036.1796182058,72036.1796182058,18180.2635820604,17461.4434509561,3184.89468362155,324.920470723144,0,0,0
Q43/C1-P1,2025-11-25,144,3597.1050378988,4156.60578162523,60543.4787669156,0,1654.96818554113,62198.4469524567,87143.1198180763,87143.1198180763,21155.7386323646,16632.5976228615,409.020540799238,6851.29054937251,0,0,0
Q43/C1-P1,2025-11-26,144,4156.60578162523,5108.49827032465,56667.4386136166,0,9439.51072758553,66106.9493412021,82474.9393335096,82474.9393335096,22933.7194638976,17719.6095259276,1816.09208505387,2345.73959726015,0,0,0
Q43/C1-P1,2025-11-27,144,5108.49827032465,1445.67817965766,53161.1273699852,0,12317.1127067764,65478.2400767617,75294.0389128475,75294.0389128475,16790.5649836048,16896.8957183202,2505.5582799578,1920.60519418738,0,0,0
Q43/C1-P1,2025-11-28,144,1445.67817965766,5126.14787471139,15851.6868407446,0,4094.63154305915,19946.3183838037,39144.8163384808,39144.8163384808,22443.7651094898,14867.0270131384,1090.81550243517,1785.68352789791,0,0,0
Q43/C1-P1,2025-11-29,144,5126.14787471139,10058.2986619869,20085.1820930742,0,866.616465272327,20951.7985583465,49594.6998406442,49594.6998406442,24631.6744561492,15512.7206009329,243.546498773413,5936.52905086803,0,0,0
Q43/C1-P1,2025-11-30,144,10058.2986619869,6607.70558530499,55579.3681952022,0,16310.2407681464,71889.6089633486,78835.0623498413,78835.0623498413,19866.5242964166,19197.4184491111,3221.19414159336,1156.90919412923,0,0,0
Q43/C1-P1,2025-12-01,144,6607.70558530499,4993.38746504995,62584.195201551,0,31527.3160001018,94111.5112016528,83615.529681857,83615.529681857,20430.4832985961,18001.5777800924,6358.11784431068,1282.48760766392,0,0,0
Q43/C1-P1,2025-12-02,144,4993.38746504995,5612.87186680838,68067.053126169,0,28097.3635446384,96164.4166708074,89703.5193463591,89703.5193463591,23051.8539701256,18114.4657542191,5710.74251286213,1773.92702664811,0,0,0
Q43/C1-P1,2025-12-03,144,5612.87186680838,5272.95707777174,63211.404414444,0,38400.9682372213,101612.372651665,84140.9908389947,84140.9908389947,19113.2947396584,15787.6920492563,6492.51822071655,185.082802642482,0,0,0
Q43/C1-P1,2025-12-04,144,5272.95707777174,1895.44030016373,68264.6724066949,0,14778.4028235922,83043.0752302871,87730.7421022845,87730.7421022845,19905.020145773,19162.8314179233,2998.36119718372,3022.27582161857,0,0,0
Q43/C1-P1,2025-12-05,144,1895.44030016373,6479.73750672599,22462.379708551,0,6478.03799126098,28940.4176998119,50542.6031628915,50542.6031628915,24881.6974833021,16028.3074755687,1706.62049468168,2137.82096650639,0,0,0
Q43/C1-P1,2025-12-06,144,6479.73750672599,10734.6631106214,23204.4123352262,0,3917.86106518178,27122.273400408,51882.5158764426,51882.5158764426,25630.699281354,16931.4333743909,1169.5631831999,807.870669346011,0,0,0
Q43/C1-P1,2025-12-07,144,10734.6631106214,9093.18558907138,71953.6510206253,0,6480.61489055877,78434.2659111841,93634.9763518184,93634.9763518184,21494.5346286239,18887.9028185804,1239.64319869842,4617.34649047325,0,0,0
Q43/C1-P1,2025-12-08,144,9093.18558907138,6875.61292441061,75739.6670764608,0,245.574529681473,75985.2416061423,98320.2659636783,98320.2659636783,19471.2013334253,17767.4884782692,46.0218070298876,8809.93046555204,0,0,0
Q43/C1-P1,2025-12-09,144,6875.61292441061,5480.64025218094,71033.1641163214,0,2957.34683798072,73990.5109543021,94731.823154999,94731.823154999,22201.3786586022,19238.5921184745,510.862067368918,4878.03441557357,0,0,0
Q43/C1-P1,2025-12-10,144,5480.64025218094,8259.84444236598,69928.8280218254,0,15538.8154279985,85467.6434498239,94945.9403050537,94945.9403050537,25872.4026528024,18455.3623776034,2693.53575431303,1888.86898416775,0,0,0
Q43/C1-P1,2025-12-11,144,8259.84444236598,1874.54221638817,67270.3458579386,0,844.440044611109,68114.7859025497,88052.1375225823,88052.1375225823,16551.2057415483,19153.2486540341,237.275653193659,4716.79305492851,0,0,0
Q43/C1-P1,2025-12-12,144,1874.54221638817,8133.95728673907,23879.6337223824,0,10322.2706106566,34201.904333039,54464.9143179087,54464.9143179087,25281.2749681619,14844.3591608953,2695.89958630858,3051.81794695072,0,0,0
Q43/C1-P1,2025-12-13,144,8133.95728673907,10565.6641921313,23305.7874891157,0,3731.24851127778,27037.0360003935,51500.9715811378,51500.9715811378,22292.5359229671,15868.4178827504,962.63461494753,2381.4097725352,0,0,0
Q43/C1-P1,2025-12-14,144,10565.6641921313,8384.78700112729,65897.0537638925,0,27883.1223036256,93780.1760675182,87907.9100755186,87907.9100755186,20460.8132384322,18536.0481950337,4488.91267800545,1714.54757679217,0,0,0
Q43/C1-P1,2025-12-15,144,8384.78700112729,8430.84750009306,71642.2286282092,0,16400.7584549014,88042.9870831106,95428.0256574739,95428.0256574739,22137.0360400567,17889.5447433767,2581.55386629599,4245.47692708989,0,0,0
Q43/C1-P1,2025-12-16,144,8430.84750009306,8190.70323748551,74826.4789838194,0,238.776083417343,75065.2550672368,98705.7619436756,98705.7619436756,22725.9425981605,18624.1433408568,48.2607998950526,5274.16381960031,0,0,0
Q43/C1-P1,2025-12-17,144,8190.70323748551,7463.089627121,74057.7623633785,0,1630.2210735952,75687.9834369737,97642.1666946896,97642.1666946896,20542.4408171349,17294.2293112073,282.556124473687,6446.33091323576,0,0,0
Q43/C1-P1,2025-12-18,144,7463.089627121,1688.93116131788,67452.4040204655,0,4785.81889144549,72238.222911911,87628.3887545625,87628.3887545625,16449.612618476,18520.9288401883,816.844544331927,2993.71922060683,0,0,0
Q43/C1-P1,2025-12-19,144,1688.93116131788,8055.86559909506,24342.548145816,0,10942.1531023273,35284.7012481432,55023.1517697438,55023.1517697438,24066.4963573645,13763.6210554658,2534.36982800027,4366.32166251201,0,0,0
Q43/C1-P1,2025-12-20,144,8055.86559909506,10459.8068079783,23969.6127567071,0,271.270914716676,24240.8836714238,53244.1459375264,53244.1459375264,23309.8507027089,16717.4319811993,64.4904207353463,3994.29872008548,0,0,0
Q43/C1-P1,2025-12-21,144,10459.8068079783,8285.98748737615,70859.8967845594,0,2935.17214905074,73795.0689336102,94000.3130114613,94000.3130114613,22333.5900544498,20046.6453326462,528.628425992439,3219.40318231692,0,0,0
Q43/C1-P1,2025-12-22,144,8285.98748737615,6511.88227612596,69702.2058840765,0,6620.54451139582,76322.7503954723,91578.259498605,91578.259498605,21254.3566947005,18812.7236128325,1184.58044172638,1397.71477513017,0,0,0
Q43/C1-P1,2025-12-23,144,6511.88227612596,8712.00483515137,72910.8850393188,0,1933.257707269,74844.1427465878,98138.140630789,98138.140630789,25186.8285147055,18421.2207937886,352.698651296581,4472.38236116864,0,0,0
Q43/C1-P1,2025-12-24,144,8712.00483515137,8019.61833732193,70094.7314430676,0,2760.01063790495,72854.7420809725,93495.7248246987,93495.7248246987,22261.4625212156,18654.9324902311,468.445291107064,2502.04243482127,0,0,0
Q43/C1-P1,2025-12-25,144,8019.61833732193,1422.0928926562,63973.7501166995,0,16348.7510116703,80322.5011283697,83283.6975917682,83283.6975917682,15338.4920291691,18361.9514438261,2787.12264276794,1079.77278252648,0,0,0
Q43/C1-P1,2025-12-26,144,1422.0928926562,8232.79569662117,23749.9631817833,0,4461.88127137235,28211.8444531557,54032.0038312593,54032.0038312593,28081.290971275,16616.2131631642,1154.14727403116,741.710863846395,0,0,0
Q43/C1-P1,2025-12-27,144,8232.79569662117,10399.2578951003,21799.2435464124,0,1885.3630436845,23684.6065900969,50487.3835642997,50487.3835642997,24074.4809462374,17550.513587821,461.847166932835,1227.75597281615,0,0,0
Q43/C1-P1,2025-12-28,144,10399.2578951003,6240.93504765316,66799.0586399675,0,3350.90259702565,70149.9612369931,88431.1451452839,88431.1451452839,18653.227052978,18851.6044756146,615.952650887085,2446.34713547433,0,0,0
Q43/C1-P1,2025-12-29,144,6240.93504765316,7315.53181822519,68291.0309128378,0,14694.0215231918,82985.0524360296,93240.7484758076,93240.7484758076,22535.9923244458,17287.0166892863,2453.26672141448,2963.10996206254,0,0,0
Q43/C1-P1,2025-12-30,144,7315.53181822519,7274.75461802089,67097.4349906074,0,9505.6080996341,76603.0430902415,91643.5244465555,91643.5244465555,22908.9774209156,18592.9711911255,1647.57478066117,2702.91206409323,0,0,0
Q43/C1-P1,2025-12-31,144,7274.75461802089,1349.12688822005,66799.8673172423,0,6198.40679658948,72998.2741138318,87153.611681871,87153.611681871,17296.7047107374,19343.395772518,1182.01835479707,1828.33316511535,0,0,0
Q43/C2-P1,2025-01-01,144,6000,9411.4279475,60118.5359284507,30059.2679642253,163420.812806311,253598.616698987,0,57158.1166932153,9123.80883055556,4320,39653.0337540069,0,57158.1166932153,0,57158.1166932153
Q43/C2-P1,2025-01-02,144,9411.4279475,7104.83580222223,73127.6775250311,1325.19168663177,6420.46341138033,80873.3326230432,95844.6996481481,94436.0754433957,21407.4177439986,19415.9413033889,1261.69984711112,691.462916563784,569.285783580935,1977.90998833333,2547.19577191427
Q43/C2-P1,2025-01-03,144,7104.83580222223,10800,54049.6123417944,1412.2837799192,0,55461.8961217136,95403.334367284,89702.2975604252,13165.463491358,7338.37765,0,38344.3403524005,0.406116666667003,5701.44292352538,5701.84904019204
Q43/C2-P1,2025-01-04,144,10800,7860.66835493827,20841.9668846189,533.949931392358,5855.45592505434,27231.3727410656,44554.8041146091,44572.4981850237,16746.0741229424,16209.7185201389,1457.39799072222,866.598206275728,797.25215097017,779.558080555551,1576.81023152572
Q43/C2-P1,2025-01-05,144,7860.66835493827,6737.181345,39028.6636723144,5015.79564422439,195687.361127908,239731.820444447,48170.4873118999,57273.4728823134,13932.8209167353,12296.7232515,35389.3334162551,0,9135.85653430247,32.8709638888889,9168.72749819136
Q43/C2-P1,2025-01-06,144,6737.181345,9419.60236425926,75343.8869806684,539.006407143717,3230.55868714861,79113.4520749608,99074.7569620027,99162.1840590192,27323.066602332,19717.5050305556,716.523744444444,1600.38179835391,514.165883333334,426.738786316867,940.904669650201
Q43/C2-P1,2025-01-07,144,9419.60236425926,10387.924337963,75218.0377323751,1967.53132878423,5480.33078481163,82665.899845971,94181.9723018176,98280.1203064753,25408.6829757545,19709.5434340278,1039.29593202777,1090.44241344307,4098.14800465776,0,4098.14800465776
Q43/C2-P1,2025-01-08,144,10387.924337963,5955.40965611111,68869.2783306547,3334.03383098249,6973.28656369313,79176.5987253303,96038.3777587106,88978.7007403635,18939.3722709191,19330.1547531111,1587.49464966667,1436.58155555555,0,7059.67701834705,7059.67701834705
Q43/C2-P1,2025-01-09,144,5955.40965611111,2798.96206259259,72215.2907086047,1013.63400344012,3815.15287565939,77044.0775877043,91930.7504121399,93306.4181601166,23109.1555462277,21559.2188266111,857.843570611112,1363.75889444444,1728.09897297668,352.431225000001,2080.53019797668
Q43/C2-P1,2025-01-10,144,2798.96206259259,7393.8705462963,23849.8590370435,1689.25890109013,6924.46457653593,32463.5825146696,59571.5655838477,53894.9239899002,25769.5515604938,16737.9191286667,1541.83584830555,889.535689711932,2.69753691666961,5679.3391308642,5682.03666778087
Q43/C2-P1,2025-01-11,144,7393.8705462963,10257.5719712963,23280.2768346006,247.917385972006,2639.99158443809,26168.1858050107,52116.5615742455,51961.4535525309,25319.0846290809,17931.1272670556,684.857431999993,578.565339172145,380.755158719476,535.863180434163,916.618339153639
Q43/C2-P1,2025-01-12,144,10257.5719712963,7294.96719851852,73561.4703461034,2505.56408499718,2856.61290935266,78923.6473404532,94419.7166758333,93908.3659834808,20623.9851946502,19371.7723031667,610.624959888887,2359.57298521948,2283.50730833333,2794.85800068587,5078.36530901921
Q43/C2-P1,2025-01-13,144,7294.96719851852,7174.77751685185,70022.9027226765,1512.65923151769,4360.88000327913,75896.4419574733,96309.1666447531,93147.2380210905,24373.36150607,19850.5935334167,842.159727694444,1214.93280946502,0,3161.92862366255,3161.92862366255
Q43/C2-P1,2025-01-14,144,7174.77751685185,5771.27392333333,70218.6051815111,294.871003308087,5738.92620670001,76252.4023915192,93220.0337007202,92683.5409098484,23868.8391126886,20596.9129154445,1222.77660955555,1372.48005549314,60.9286688333337,597.421459705075,658.350128538409
Q43/C2-P1,2025-01-15,144,5771.27392333333,7049.05805351852,72123.2701347746,1604.04230880053,8279.51567995081,82006.828123526,92610.9729951989,95954.6885451279,25749.7052824417,19707.2555616111,1394.77100636111,1196.11856399177,3377.88554159568,34.1699916666666,3412.05553326235
Q43/C2-P1,2025-01-16,144,7049.05805351852,1382.02053537037,67199.442647136,1231.24058814295,7354.46464017606,75785.147875455,84989.7774802126,87440.5688480072,20687.017058642,21856.8175838333,1400.24132813889,809.197584670787,2511.52142335014,60.7300555555556,2572.25147890569
Q43/C2-P1,2025-01-17,144,1382.02053537037,6459.27935320987,23496.4582213426,279.781842667141,1902.55931979033,25678.7993838001,53554.4262773663,52635.5287621132,27689.5287794239,17858.9853752778,604.756531333333,718.573422633743,0,918.897515253092,918.897515253092
Q43/C2-P1,2025-01-18,144,6459.27935320987,9588.21955240741,22522.6486284434,1043.89384375746,3839.81720199654,27406.3596741974,54062.212630225,50229.7188229465,24139.0164329218,16736.5571313889,1003.96374494445,783.749249691359,94.2536359999938,3926.74744327846,4021.00107927845
Q43/C2-P1,2025-01-19,144,9588.21955240741,6368.3876662963,68743.9985058276,1954.28017196731,6669.38587991644,77367.6645577114,86137.9926549383,90246.5325664952,21399.3544859396,20231.3258311111,1249.04908555555,1616.21019722222,4108.82234489026,0.282433333333529,4109.10477822359
Q43/C2-P1,2025-01-20,144,6368.3876662963,5239.77219962963,68660.1981431091,868.377049497083,5362.42250204417,74890.9976946503,89602.6168055556,91291.6023805556,24505.1733106996,20864.9443016667,1028.69965666667,622.133144855962,1818.66175833333,129.676183333333,1948.33794166666
Q43/C2-P1,2025-01-21,144,5239.77219962963,6289.31312537037,65621.1591377057,904.692238726627,3026.18873679303,69552.0401132254,92627.3545079904,90846.7988841907,25750.7235875172,19913.4992727222,685.861485508228,2189.07970490398,139.946280555559,1920.50190435528,2060.44818491084
Q43/C2-P1,2025-01-22,144,6289.31312537037,6268.05790529144,70046.753024181,350.579883448097,4157.42622999958,74554.7591376287,94440.9122173423,94142.4328874848,25709.0174881986,20843.4338635119,762.748962655353,1147.92885878683,225.775463472223,524.254793329735,750.030256801958
Q43/C2-P1,2025-01-23,144,6268.05790529144,1491.92073298412,68970.0604970961,1642.05607510155,5343.93858060129,75956.0551527989,85597.670043812,88775.5138295269,20442.2087378431,20856.7125327295,1080.28407870918,555.642769789148,3224.23683571491,46.3930500000009,3270.62988571491
Q43/C2-P1,2025-01-24,144,1491.92073298412,7525.03779975491,21879.4889979386,457.75536471253,2837.68654869383,25174.9309113449,47959.4738408884,49953.6967677151,27888.9617185603,17160.2536319402,925.862561867276,328.029759628838,1994.22292682666,0,1994.22292682666
Q43/C2-P1,2025-01-25,144,7525.03779975491,10348.5771232566,20169.0369055691,472.501863299253,2144.42520597871,22785.9639748471,44794.1730136854,46891.2906142794,24462.1367886594,17273.1454076626,517.771602769217,1901.13536938508,2097.11760059393,0,2097.11760059393
Q43/C2-P1,2025-01-26,144,10348.5771232566,5664.86577036034,66346.5456503869,2096.41410769276,4197.62509309604,72640.5848511757,91768.6246385271,87316.5282117928,20272.0194549703,20635.6759761326,937.884177172918,966.0538767947,76.2445333333332,4528.34096006761,4604.58549340094
Q43/C2-P1,2025-01-27,144,5664.86577036034,6289.78433173046,65076.223644954,951.428497923224,3310.40525327537,69338.0573961526,87824.494457329,89663.3968506666,24028.3695353875,18900.5526184308,685.798080911654,982.537897954879,1918.96878353909,80.0663902014099,1999.0351737405
Q43/C2-P1,2025-01-28,144,6289.78433173046,7240.99022633358,66331.4893741651,919.641702724039,8628.30114581531,75879.4322227045,92964.6805164323,91436.029790699,25120.7396287762,19491.7137941659,1723.31764349247,574.610566247885,345.747924060863,1874.3986497941,2220.14657385496
Q43/C2-P1,2025-01-29,144,7240.99022633358,9076.61181160879,62003.7670194797,896.643126640689,4858.63447922827,67759.0446253486,87476.9725818443,88221.9310759426,25206.0686448907,18764.8561756138,969.378875800214,1360.51143246588,1365.71504171146,620.756547613135,1986.4715893246
Q43/C2-P1,2025-01-30,144,9076.61181160879,1661.99963390803,60900.8228707606,1518.76685708141,4544.11172437132,66963.7014522133,77500.5797296185,81046.7457044851,17212.5956131035,20615.3534065445,775.450821332336,1346.43320259175,3546.21832486651,0.0523500000000467,3546.27067486651
Q43/C2-P1,2025-01-31,144,1661.99963390803,5301.37388066087,20074.0638554207,554.976726856437,3836.63044640874,24465.6710286859,43849.6761136664,46231.1864993171,24455.5873288366,16533.5889142801,906.583621601427,414.59865636197,2381.51038565069,0,2381.51038565069
Q43/C2-P1,2025-02-01,144,5301.37388066087,10381.6053222988,18812.4276370357,444.814405263218,705.002481208259,19962.2445235072,47596.5826322864,45962.5089160319,25752.4763896261,16287.297578123,174.713656799032,2450.73116132785,0,1634.07371625443,1634.07371625443
Q43/C2-P1,2025-02-02,144,10381.6053222988,8386.38009580123,58454.8561897375,905.143198300121,801.992301410529,60161.9916894481,85722.3749257286,83716.2500056669,21427.2695458441,19151.7910359816,167.286574076612,3262.3334532143,174.417880555559,2180.54280061724,2354.96068117279
Q43/C2-P1,2025-02-03,144,8386.38009580123,8593.08154087579,59299.7819458666,1718.54265915193,5897.12930805639,66915.453913075,88558.3645801379,84508.832374021,23270.6808267211,18663.220169077,1178.51388329399,863.795766337533,0,4049.53220611687,4049.53220611687
Q43/C2-P1,2025-02-04,144,8593.08154087579,5627.18207707196,60245.5692286198,1799.42129342919,2675.72735984968,64720.7178818986,87861.5031132331,83688.8680974527,20238.9366375515,19062.8481938401,515.868372991426,1794.58241006612,0,4172.63501578039,4172.63501578039
Q43/C2-P1,2025-02-05,144,5627.18207707196,7221.02387916008,60987.5766742327,511.993731567406,4381.4526775721,65881.0230833722,86481.9008542613,87352.5946316393,25282.067622412,19044.0171522744,903.327954494725,1271.40846599639,1041.37926803342,170.685490655494,1212.06475868892
Q43/C2-P1,2025-02-06,144,7221.02387916008,1381.13852623906,56933.4322966873,2805.01786614175,5726.94664657193,65465.396809401,84837.892848455,78374.2600815015,18151.2049615995,19958.3728365246,1141.68915032031,904.864890080174,0,6463.63276695348,6463.63276695348
Q43/C2-P1,2025-02-07,144,1381.13852623906,7072.08276374372,18225.2033279332,457.93462309015,3008.06947006843,21691.2074210917,47088.3366145636,45240.1965762892,26286.2378990441,16170.0028844715,671.072411667869,3979.01597338451,0,1848.14003827434,1848.14003827434
Q43/C2-P1,2025-02-08,144,7072.08276374372,9995.61618912682,15015.2580897243,152.696872537361,7591.59859934937,22759.553561611,37517.0857999091,37960.8137909299,24415.0137359127,17144.9810432445,1978.17906834172,1229.51078327011,443.727991020793,0,443.727991020793
Q43/C2-P1,2025-02-09,144,9995.61618912682,4825.91679386724,55645.3119300314,655.970486291688,5203.53792669362,61504.8203430167,78942.1905335546,78156.0680423578,18540.1738694411,19670.2702899809,1118.66994376691,890.260106664483,393.793739518241,1179.91623071507,1573.70997023331
Q43/C2-P1,2025-02-10,144,4825.91679386724,4789.9058917099,52281.4213500943,1281.57487629956,4438.47928951299,58001.4755159068,81087.7772392854,77945.5507074193,22500.7892624942,18258.0491145619,951.624284682343,346.760594169364,80.6780944444445,3222.90462631048,3303.58272075492
Q43/C2-P1,2025-02-11,144,4789.9058917099,4945.60602002231,52835.4350629724,1606.52206871862,9769.1256989283,64211.0828306194,81747.8668488432,78060.0495441088,23191.0015081191,18644.5811060953,1913.00132590658,148.186667991619,0.0737638888888341,3687.89106862322,3687.96483251211
Q43/C2-P1,2025-02-12,144,4945.60602002231,7862.69328922349,53259.4742071228,1751.94020567159,11881.3788527411,66892.7932655355,84866.3543066755,81093.8708612231,27209.4397308592,19414.2676397149,2320.93553507695,356.938171822434,61.9284125406805,3834.4118579931,3896.34027053378
Q43/C2-P1,2025-02-13,144,7862.69328922349,1251.07845670404,46786.3441331027,1345.19689417023,4965.48209368308,53097.023120956,69715.5213940669,68059.5032624097,16866.7410225727,19612.5135775514,1180.51103124917,518.696165304236,939.900534067481,2595.91866572464,3535.81919979212
Q43/C2-P1,2025-02-14,144,1251.07845670404,3756.44724134628,15406.1450591611,203.838115299754,5064.47544205439,20674.4586165153,37427.3009218915,38037.8945507404,22547.3215075312,16008.4985149222,1555.94475137482,3267.94282617292,610.593628848895,0,610.593628848895
Q43/C2-P1,2025-02-15,144,3756.44724134628,9853.23456153474,16201.6667946694,157.536188415736,7745.38784771325,24104.5908307984,40227.7164132792,39984.6660370493,25673.60869129,15308.5144517753,2294.31892677515,2763.18129097638,117.283898621484,360.334274851404,477.618173472888
Q43/C2-P1,2025-02-16,144,9853.23456153474,5694.6573068436,49045.7690637258,2444.96912250316,17807.2125724457,69297.9507586747,76863.4049217916,71714.0987458021,17647.2295073698,18036.9754301916,3581.91897700312,313.182878960342,141.164086039687,5290.47026202916,5431.63434806885
Q43/C2-P1,2025-02-17,144,5694.6573068436,7778.52483767698,49529.0550505027,3657.23901844866,9620.21857339064,62806.512642342,84693.7037453303,75597.6521684237,23780.072168747,17386.377678935,2119.53356577506,153.841411053463,84.6502541203099,9180.70183102694,9265.35208514725
Q43/C2-P1,2025-02-18,144,7778.52483767698,4236.61767489828,47130.3308285217,649.126469418815,9246.97012100085,57026.4274189414,68397.4867207463,70045.0309120952,16770.8365998334,16772.0940923659,2136.63933872458,69.3666266855436,1647.54419134886,0,1647.54419134886
Q43/C2-P1,2025-02-19,144,4236.61767489828,5527.65875559078,50137.6242367718,889.517851423382,10897.7863687141,61924.9284569092,74748.1809066613,76356.9761624377,23892.6618278493,18191.1191079347,2359.13601093108,162.920403454132,1998.45536937382,389.660113597436,2388.11548297126
Q43/C2-P1,2025-02-20,144,5527.65875559078,1328.64209040896,46761.9505899249,1303.98334431565,9616.56450713969,57682.4984413803,72116.4663462997,68987.4038242112,17866.0933104695,18250.650580144,2018.49541958066,241.564446799586,215.344791108728,3344.40731319725,3559.75210430598
Q43/C2-P1,2025-02-21,144,1328.64209040896,6427.76580463645,15678.656911903,58.8437295954555,4744.13502967479,20481.6356711732,38574.3612606863,38748.6601627633,24997.7113408654,15658.9348432962,1646.62860400669,5516.23023586753,174.298902077025,0,174.298902077025
Q43/C2-P1,2025-02-22,144,6427.76580463645,10134.657758273,15434.3379641789,55.5208745941103,3830.56934167588,19320.4281804489,37652.2979035303,37642.3393456295,23727.2554711108,15882.8741733269,1266.41703629156,3366.8605341372,88.0111183607113,97.9696762614982,185.980794622209
Q43/C2-P1,2025-02-23,144,10134.657758273,6481.91431579654,46373.9986876634,1351.78506886189,11507.607474336,59233.3912308613,71998.5615044943,69385.4041025385,17095.009067798,17134.4264431452,2491.45031785786,365.773112410162,421.205186341118,3034.36258829692,3455.56777463804
Q43/C2-P1,2025-02-24,144,6481.91431579654,4132.37949135087,46013.1758428216,637.565881635481,6336.98369522135,52987.7254196784,69872.2926577055,68816.1163966696,19213.150299883,17677.2330849063,1328.17237445772,398.424606150663,198.83635,1255.0126110359,1453.8489610359
Q43/C2-P1,2025-02-25,144,4132.37949135087,4986.87526668358,44679.8601884129,2549.72634041141,7270.42186212527,54500.0083909496,76514.371358073,69999.5882527402,22294.8336857936,17289.7690876934,1681.58139068066,830.783478653937,80.4159432756293,6595.19904860842,6675.61499188405
Q43/C2-P1,2025-02-26,144,4986.87526668358,6629.39838421332,47740.328997582,1160.49630991394,5273.01210910371,54173.8374165997,71081.2044868338,74497.0542301112,25772.1698156097,19397.1867448671,1090.93214359465,426.61860296321,3415.84974327733,0,3415.84974327733
Q43/C2-P1,2025-02-27,144,6629.39838421332,1341.32565693651,42361.700206536,528.469442134726,8323.98125701302,51214.1509056838,64278.1413723503,64594.6893389222,18151.5182084736,19461.9952034127,1625.31801192054,398.67681244854,933.218409873386,616.670443301529,1549.88885317492
Q43/C2-P1,2025-02-28,144,1341.32565693651,4344.92275892528,14597.0398114464,129.183142854099,2427.69687865006,17153.9198329506,35885.0607328562,35901.1471350708,20725.8630583754,14084.7116854942,873.033809747608,6879.51268860391,194.172243481298,178.085841266618,372.258084747916
Q43/C2-P1,2025-03-01,144,4344.92275892528,10382.3811039152,16413.1633543753,217.157863183596,888.385188111106,17518.70640567,42731.0612020758,41826.098573221,24112.2261155967,14097.1906431425,220.358344947393,8483.87217904739,0,904.962628854817,904.962628854817
Q43/C2-P1,2025-03-02,144,10382.3811039152,6075.39821501452,50008.9120646711,1203.7376521674,2746.60095063306,53959.2506674715,75665.0271328436,74038.7077698828,17094.4581188101,17722.7956762468,496.789684018581,2835.49127800475,653.47754758734,2279.79691054807,2933.27445813541
Q43/C2-P1,2025-03-03,144,6075.39821501452,6268.80841237248,50280.0003096583,2469.67047185041,4148.30556177765,56897.9763432863,81223.0767201981,76575.7302875022,23475.7580852709,18841.2948714472,936.060526540272,862.630966885528,762.085858226409,5409.43229092226,6171.51814914867
Q43/C2-P1,2025-03-04,144,6268.80841237248,6401.72228837904,47462.0003125601,439.680415428159,3490.33562010542,51392.0163480937,72009.6631160117,73099.0091970618,21887.0836337018,17608.9152548925,820.260730217903,438.795281803821,1089.34608105015,0,1089.34608105015
Q43/C2-P1,2025-03-05,144,6401.72228837904,6496.65708670373,43775.6753191773,2110.37281509282,6543.82018545732,52429.8683197275,75471.9845026076,69591.9717434473,21606.5635027437,17415.8751187301,1370.02252862522,661.89887139235,41.220280482977,5921.23303964327,5962.45332012624
Q43/C2-P1,2025-03-06,144,6496.65708670373,1265.98029321725,41519.9896002645,433.859503585748,4989.90567649463,46943.7547803449,63782.6307053234,63583.2309654565,16936.1896398879,18425.922722447,1245.16644472054,223.614692736164,414.930830054086,614.330569920953,1029.26139997504
Q43/C2-P1,2025-03-07,144,1265.98029321725,4866.84748435767,13593.8997598354,320.187607343296,2371.60340839497,16285.6907755737,35491.3120111426,34461.4184556454,19820.2534612963,12813.6248316236,767.531426282184,7279.04071892154,0,1029.89355549727,1029.89355549727
Q43/C2-P1,2025-03-08,144,4866.84748435767,9814.88446097142,13472.0187336933,18.8866946499531,5191.99897790749,18682.9044062508,34728.8441376836,34787.3343727814,22930.8755792057,14120.7759402042,1825.65565943154,8863.98587654486,61.2882528619365,2.79801776406293,64.0862706259994
Q43/C2-P1,2025-03-09,144,9814.88446097142,5788.43484416084,39826.6285860909,1687.13407804844,5365.06055625088,46878.8232203902,68388.8808186503,62676.4846838255,19441.5987650927,19371.4996548546,1190.03166508785,491.30718867524,6.11310000000117,5718.50923482481,5724.62233482481
Q43/C2-P1,2025-03-10,144,5788.43484416084,6503.43483256679,45648.4424390363,565.330050636317,8359.6759979262,54573.4484875988,70122.7126052974,71272.9868434024,23599.1072456753,18471.7768794316,1936.19729059365,48.6356510857435,1295.02255477169,144.748316666667,1439.77087143836
Q43/C2-P1,2025-03-11,144,6503.43483256679,5200.89409123783,41861.1711391779,1942.72948213563,5642.37355030699,49446.2741716205,59565.5832542779,66115.1003850299,20691.6950178587,17932.5596316616,1277.5374799275,653.260345426972,6549.517130752,0,6549.517130752
Q43/C2-P1,2025-03-12,144,5200.89409123783,6317.0463187675,41344.7801565806,1680.56847875967,6233.94754744606,49259.2961827863,71416.8793913245,66365.0698653386,22444.0944804156,17175.1795243599,1326.52961148796,34.6348374376214,128.623594040716,5180.43312002659,5309.05671406731
Q43/C2-P1,2025-03-13,144,6317.0463187675,1241.10464037202,42480.2501298863,530.627315812174,8169.33522752023,51180.2126732187,64672.2239427457,64783.0990032643,16610.627405587,18022.9557090814,1792.39724772518,267.881537817241,774.839402407452,663.964341888785,1438.80374429624
Q43/C2-P1,2025-03-14,144,1241.10464037202,4292.46333838332,12657.6571791034,121.103397392384,3351.0805932063,16129.8411697021,32197.665218722,32488.817555974,18971.1848786116,12620.4369234652,1098.32797850151,11192.0749293291,321.544433333333,30.3920960813393,351.936529414673
Q43/C2-P1,2025-03-15,144,4292.46333838332,10065.1015427467,13891.0260030388,138.109056088632,5855.04370969718,19884.1787688246,35123.5972815199,35543.3746620964,23671.7275685986,13978.7249466379,1830.36381680798,6941.41070694368,419.777380576538,0,419.777380576538
Q43/C2-P1,2025-03-16,144,10065.1015427467,5108.10615958887,39348.1642644682,769.477298140986,6562.88129973123,46680.5228623404,61079.5890598192,61185.9037502939,17308.1188583141,18480.8721200764,1547.52283389193,572.57957928155,1209.45743039924,1103.14273992451,2312.60017032375
Q43/C2-P1,2025-03-17,144,5108.10615958887,5293.88398604246,37213.0466111555,1404.64257812,7062.32001592893,45680.0092052044,62259.7403759629,60526.2008783347,20393.6981922927,16351.6954919489,1603.97808775037,196.816499074598,1591.89293892247,3325.43243655058,4917.32537547305
Q43/C2-P1,2025-03-18,144,5293.88398604246,5052.82239800213,39052.2214048258,2386.66842860686,8331.04553446796,49769.9353679006,70393.5591393721,63544.9532630292,21828.1892054172,17897.7886856243,1710.22482409315,206.790867329384,0,6848.60587634283,6848.60587634283
Q43/C2-P1,2025-03-19,144,5052.82239800213,4485.31990276248,38559.8191507063,1849.95477915995,4450.52377898914,44860.2977088554,56591.9324440496,62704.8786170096,20945.4861351842,17476.5960152149,998.701658302684,768.826372009679,6204.19484093765,91.2486679776014,6295.44350891525
Q43/C2-P1,2025-03-20,144,4485.31990276248,1421.88730725516,39478.3563588759,1036.87107907457,9476.01663587167,49991.2440738221,62675.7314399984,61094.4334665907,17385.5220195629,16839.3621718026,1978.41669071197,149.476826208975,840.817629463458,2422.11560287118,3262.93323233464
Q43/C2-P1,2025-03-21,144,1421.88730725516,4305.24919113379,11959.2755937712,160.921963071653,5703.91834007438,17824.1158969173,31087.1817976163,30906.1465255749,19872.6395797755,13501.8123641274,1971.71643754784,14481.836230808,153.124361111111,334.159633152553,487.283994263664
Q43/C2-P1,2025-03-22,144,4305.24919113379,10495.4464924167,14041.7091715001,103.060785247014,1327.69856818561,15472.4685249327,36317.9696717103,35999.6431868798,22900.6420225384,12978.3424671015,448.839477899931,10817.7883760095,0,318.326484830493,318.326484830493
Q43/C2-P1,2025-03-23,144,10495.4464924167,4304.5916736747,34855.8796408242,1970.23124189045,6266.85514252173,43092.9660252363,61685.0660864739,55970.2167565218,14907.9305477635,17647.1930805562,1337.25490809783,1261.20241407897,0,5714.84932995213,5714.84932995213
Q43/C2-P1,2025-03-24,144,4304.5916736747,4425.68544047189,37678.886460252,1254.45030982174,5338.98587594705,44272.3226460207,64308.6157131245,61748.5757925715,21703.4753903198,17470.8306760415,1228.94813988595,764.475468179202,683.053736935207,3243.09365748825,3926.14739442345
Q43/C2-P1,2025-03-25,144,4425.68544047189,4766.16108335199,39111.1918457809,2664.86876268905,8552.40548921004,50328.46609768,71051.0637342686,63521.2547994408,21420.9493216283,17044.5408719268,1989.30369602386,158.75032909648,186.27007623496,7716.07901106275,7902.34908729771
Q43/C2-P1,2025-03-26,144,4766.16108335199,6296.85806842534,36940.7249167947,1509.48401333825,3893.40894111291,42343.6178712459,62398.889403394,60610.1495585245,23251.7898016727,17456.3224527889,877.292569234971,119.199912208947,1171.32194116646,2960.06178603598,4131.38372720244
Q43/C2-P1,2025-03-27,144,6296.85806842534,1384.02165314576,35190.0330148029,1194.33733947722,6365.03013261699,42749.4004868971,60069.9982954371,56497.2838723995,16541.5296574492,17820.1917962855,1501.79981171517,393.304756284294,0,3572.71442303759,3572.71442303759
Q43/C2-P1,2025-03-28,144,1384.02165314576,3564.57052832947,11970.1536835027,83.6435814713016,3295.24154138941,15349.0388063634,30996.0357950456,30783.7822456261,18356.9580931292,12906.6420677693,1126.64205373211,15664.8475073316,0,212.253549419503,212.253549419503
Q43/C2-P1,2025-03-29,144,3564.57052832947,9625.85184711601,13243.1431738643,138.01708392358,2440.46018543685,15821.6204432248,34927.6027623107,35356.098910953,24452.8481445785,14351.6538102007,757.479696122883,18437.3484226981,428.496148642385,0,428.496148642385
Q43/C2-P1,2025-03-30,144,9625.85184711601,5155.07853796171,32802.5178500635,2195.44317385635,7030.98618187929,42028.9472057992,59261.6569168101,53089.8198871893,15843.3967943556,16856.8473816669,1684.56396476453,459.633072598484,518.778775580288,6690.61580520107,7209.39458078136
Q43/C2-P1,2025-03-31,144,5155.07853796171,4977.0999061493,35798.1597677289,1113.08485841241,5677.6925369197,42588.937163061,54933.028693005,59263.0531688394,19577.3475206187,16017.8322603323,1368.98237065512,93.5224625415096,4346.14291169528,16.1184358608771,4362.26134755616
Q43/C2-P1,2025-04-01,144,4977.0999061493,3622.27516734866,38460.0478941848,1727.90767180874,4715.60358479815,44903.5591507917,66803.4523296269,61611.4793640714,17883.604464428,15705.0618811073,1166.32973775105,401.841668501668,174.23305269444,5366.20601824998,5540.43907094442
Q43/C2-P1,2025-04-02,144,3622.27516734866,7014.56365395343,40030.134166311,525.911552491453,5533.70927476214,46089.7549935646,68241.1795055125,67310.53685925,23883.8801698633,16292.883299645,1291.24146513973,551.34938750476,362.238115151302,1292.88076141376,1655.11887656506
Q43/C2-P1,2025-04-03,144,7014.56365395343,1306.0435585823,33862.4482580981,2020.45104554467,4195.3037415293,40078.2030451721,59771.2338512919,53350.7772556159,15570.2121452925,17749.5399235209,998.454924321112,490.883024832079,0,6420.45659567606,6420.45659567606
Q43/C2-P1,2025-04-04,144,1306.0435585823,4600.82598363666,11491.3818529462,85.7597022783623,3088.80984483727,14665.9514000619,30873.5852205428,30754.3707988456,20742.8464946288,13836.4014781004,938.570866703869,18398.2477323545,55.5798917406173,174.794313437819,230.374205178436
Q43/C2-P1,2025-04-05,144,4600.82598363666,10192.5609878369,12698.3356979534,103.709437472338,3086.04723050147,15888.0923659272,33173.1006858984,33532.4848945095,22440.1711120884,13143.9770970114,876.756636623541,13204.875866056,359.384208611116,0,359.384208611116
Q43/C2-P1,2025-04-06,144,10192.5609878369,7280.08658494978,34267.8316879056,1504.94827195775,2413.45718032661,38186.23714019,59696.9758906642,55917.0300498491,18401.6517461583,17526.5648769866,521.597093473116,1142.14734081721,710.163558333334,4490.10939914843,5200.27295748176
Q43/C2-P1,2025-04-07,144,7280.08658494978,5778.18662160086,32700.892025468,941.049820568517,5481.52184270812,39123.4636887446,52654.6787740768,54318.886531974,18548.4709270318,16375.9714179098,1263.53519864134,205.30127149332,2268.46406799033,604.256310093097,2872.72037808343
Q43/C2-P1,2025-04-08,144,5778.18662160086,4921.12601333356,34615.8927184113,1681.03833321024,4269.31204475358,40566.2430963751,62923.4947875298,56910.2406274211,19975.7428716189,16951.7062734519,880.740158375793,424.195570963225,61.7743916666669,6075.0285517754,6136.80294344207
Q43/C2-P1,2025-04-09,144,4921.12601333356,6257.24468676824,38435.1579208936,544.102477744369,3933.9049507932,42913.1653494312,63631.2299209478,64709.9588204965,22209.9550396126,16787.556775995,832.142073432793,961.523280311715,1326.64238903869,247.913489489961,1574.55587852865
Q43/C2-P1,2025-04-10,144,6257.24468676824,1442.60094561725,32812.2436093558,1350.05769048386,6303.96552357526,40466.266823415,55473.4262983518,53216.8758776474,17821.5064410182,18768.5995842607,1323.76497126257,855.197758819094,992.073079924335,3248.62350062875,4240.69658055309
Q43/C2-P1,2025-04-11,144,1442.60094561725,5016.12288521804,11250.6713003144,166.195782130678,4955.10930833316,16371.9763907782,28987.0653395887,29281.034094647,17068.5759140528,10609.376744742,1546.31788281512,19079.5043081513,400.534830058227,106.566074999998,507.100905058225
Q43/C2-P1,2025-04-12,144,5016.12288521804,10442.7643924681,12206.1213124024,166.538395176836,1835.93652132258,14208.5962289018,33101.8648143405,32535.4363727292,20565.7563440866,11774.2852821851,525.368512260087,15395.5766064211,0,566.428441611242,566.428441611242
Q43/C2-P1,2025-04-13,144,10442.7643924681,4328.54076576232,31841.4352818249,102.772171630732,5116.14302296417,37060.3504764198,50740.9060390229,51022.9649199409,13856.117692956,16726.2565953295,1147.03467679952,726.606682447303,301.666055197188,19.6071742792545,321.273229476443
Q43/C2-P1,2025-04-14,144,4328.54076576232,5528.69708899064,33410.3452767579,2582.04838069826,7378.70282223474,43371.0964796909,61744.9488584682,55717.0434071863,19842.7260726387,14992.4674279318,1743.47407576563,100.638704911754,748.688797609864,6776.59424889173,7525.28304650159
Q43/C2-P1,2025-04-15,144,5528.69708899064,6430.97751812322,32504.9235766257,509.613448275719,3928.78318343373,36943.3202083351,53771.1742127149,54914.9454817111,20619.622371579,15889.8417347596,840.430027051613,875.419371943398,1389.89163962842,246.120370632225,1636.01201026065
Q43/C2-P1,2025-04-16,144,6430.97751812322,4372.4541374228,34314.067020475,847.472080670608,4903.93794150552,40065.4770426511,56999.5711867742,56270.8815748714,16486.3632466434,15206.6252724115,1063.88866283677,306.565313476253,960.950037676096,1689.63964957898,2650.58968725508
Q43/C2-P1,2025-04-17,144,4372.4541374228,1478.6404806031,32766.0512358657,783.831800119709,3640.45311198254,37190.336147968,50107.1542706583,53025.9061690174,16464.6465368696,15940.7959860021,743.826996590454,193.740264740397,2918.75189835917,0,2918.75189835917
Q43/C2-P1,2025-04-18,144,1478.6404806031,3532.35605397953,10681.644895772,189.113196262347,2720.67850275406,13591.4365947884,28548.1310144552,28503.3427690212,19311.8834927643,13794.2816131003,818.117367464234,17460.3960734881,248.113633333337,292.90187876728,541.015512100617
Q43/C2-P1,2025-04-19,144,3532.35605397953,9660.10071128831,12217.5670154924,146.792927854508,2137.53922959441,14501.8991729413,32574.6340191419,33072.4081151249,22701.4474720193,12873.2022607577,545.774768354659,17176.5867555514,497.774095983067,0,497.774095983067
Q43/C2-P1,2025-04-20,144,9660.10071128831,5799.31726391379,31236.917632742,483.49709959326,3605.74015112365,35326.1548834589,49641.8505342391,51119.4585235825,17713.4104818704,17822.5675929521,768.044631412509,60.1253827433306,1525.85384468401,48.2458553406916,1574.09970002471
Q43/C2-P1,2025-04-21,144,5799.31726391379,4903.63175512103,31113.1159869166,1212.47096329612,7946.92385864836,40272.5108088611,57060.5844678204,52736.4243415824,17674.4257530481,15122.4018178825,1770.39600726627,3390.99769701634,0,4324.16012623798,4324.16012623798
Q43/C2-P1,2025-04-22,144,4903.63175512103,7818.65629569673,34300.8229771587,840.854511003438,4742.74904449651,39884.4265326586,56008.2190877887,58552.0660712728,23218.4435079661,16183.4171549344,1138.07894502296,566.9276799307,2646.17520015068,102.328216666665,2748.50341681735
Q43/C2-P1,2025-04-23,144,7818.65629569673,5279.26982003922,31439.7913741383,1211.63234401677,3775.31563345226,36426.7393516074,48102.8230126963,51909.5115298416,17257.687277993,16264.174523266,908.643987992346,393.356046440396,4000.44320881197,193.754691666666,4194.19790047863
Q43/C2-P1,2025-04-24,144,5279.26982003922,1380.12685003869,29998.0253204291,499.550765176134,3493.58384095317,33991.1599265584,47588.6373783571,48402.5417688887,14672.5448725256,15393.9900197462,722.698146072544,2592.98336218191,969.83399886495,155.929608333333,1125.76360719828
Q43/C2-P1,2025-04-25,144,1380.12685003869,4288.89651100455,10086.6610656099,276.540091105432,2922.73541475917,13285.9365714745,28422.8368768499,27834.5729400009,17423.4319789538,11495.0872080833,768.519787592876,20636.15197339,133.619594385533,721.883531234473,855.503125620006
Q43/C2-P1,2025-04-26,144,4288.89651100455,10241.9497251627,11768.323536846,83.8889489501715,2710.3360661481,14562.5485519443,31470.7696814193,31751.7952095244,21322.6333181541,11913.5850949625,726.972567891297,23179.9525875574,281.025528105084,0,281.025528105084
Q43/C2-P1,2025-04-27,144,10241.9497251627,3560.76854504876,28239.3262099714,612.338722317448,6033.47177512769,34885.1367074166,43411.8466517701,45041.713263106,13892.9478361584,17266.3508093909,1405.35733252641,1295.12071886493,1629.86661133593,0,1629.86661133593
Q43/C2-P1,2025-04-28,144,3560.76854504876,4096.00428535605,37010.722922395,1122.16021244793,2204.06819328564,40336.9513281285,62344.6867017801,61457.9685233836,18706.3207658117,14670.4076540309,499.810854899119,1268.50061650191,1273.15726323785,2159.87544163442,3433.03270487227
Q43/C2-P1,2025-04-29,144,4096.00428535605,3661.20848156264,30744.5869866509,660.197504253842,3611.98665660491,35016.7711475097,50046.2827879245,50717.3025793686,17246.2182235685,14360.7529845045,768.621213590073,1135.44983722808,1268.60595178993,597.586160345848,1866.19211213578
Q43/C2-P1,2025-04-30,144,3661.20848156264,5860.9397128654,31395.9521188065,497.349481453453,2836.23495480164,34729.5365550615,52017.9984149399,53708.2612504956,20882.5415269426,14935.100528651,564.973309750085,158.075795287423,1746.39096000786,56.1281244522123,1802.51908446007
Q43/C2-P1,2025-05-01,144,5860.9397128654,1200,30843.3719055617,755.716908832724,16829.7627123845,48428.851526779,46553.4467204813,48142.7516394968,14113.4662512044,15626.7534050545,3546.94448510145,1989.38781178163,1738.25420293221,148.949283916668,1887.20348684887
Q43/C2-P1,2025-05-02,144,1200,3275.87025553547,11139.6518651123,138.871890750448,11769.1950154528,23047.7187713156,28779.348084773,28437.6610733893,17934.8697680501,12658.9612821386,3100.25035106847,11988.0495218797,0,341.687011383683,341.687011383683
Q43/C2-P1,2025-05-03,144,3275.87025553547,8723.90022371712,12564.3733634477,10.8620949305557,9795.98153255685,22371.2169909351,32881.1078367283,32915.122228395,22483.3401867232,13308.2785798823,2106.79578393206,17129.6980888195,34.0143916666671,0,34.0143916666671
Q43/C2-P1,2025-05-04,144,8723.90022371712,5905.08766133074,31607.3056141964,728.641588716219,16544.8661882691,48880.8133911818,53281.4974361782,51196.5793500269,14350.3908818142,14160.7479204173,3336.34277158655,2592.33349354981,0,2084.91808615132,2084.91808615132
Q43/C2-P1,2025-05-05,144,5905.08766133074,2711.2103805543,33816.9629473181,907.878585296639,8822.90848840281,43547.7500210175,56318.2253316888,54385.2919579891,16156.0912384856,15960.9234558721,1806.65358819844,919.664296907423,0,1932.93337369972,1932.93337369972
Q43/C2-P1,2025-05-06,144,2711.2103805543,4025.44116973851,34759.4022514242,1114.5052470907,12355.7130957829,48229.6205942978,52846.3848989124,55865.4311572513,20292.6216367519,15254.2158155032,2569.2324476052,555.35708360788,3144.5718876723,125.525629333334,3270.09751700564
Q43/C2-P1,2025-05-07,144,4025.44116973851,5301.52686280246,36822.984502205,836.129095139274,7591.44498301319,45250.5585803574,56396.7701489445,59612.8912787048,20725.041858714,15638.8067818008,1376.30113967141,849.306391463041,3305.81749890781,89.6963691474341,3395.51386805525
Q43/C2-P1,2025-05-08,144,5301.52686280246,1880.39200147466,35867.439116764,860.999073417282,4683.90071839069,41412.338908572,58295.5791040783,56143.6393402291,15604.9521465134,15719.0326138709,941.005709171106,1201.47145009096,544.400511940764,2696.34027578997,3240.74078773074
Q43/C2-P1,2025-05-09,144,1880.39200147466,2370.61149442355,11869.2236372243,177.875463593107,1921.42286590257,13968.52196672,28071.7784509532,28540.9111836932,16556.6449334523,12969.6848524423,639.993943114358,17028.1258624643,519.434333621044,50.3016008810654,569.735934502109
Q43/C2-P1,2025-05-10,144,2370.61149442355,10163.4323060875,14680.6964149305,249.95047660106,2657.85771728989,17588.5046088215,36350.9603214697,36665.5606590369,24387.6077682061,12740.4235617494,700.463852578759,13797.6416884923,504.554204233878,189.953866666666,694.508070900544
Q43/C2-P1,2025-05-11,144,10163.4323060875,2210.82179317335,32108.3663934163,658.243392625785,6913.00286688066,39679.6126529228,49682.0030924968,49409.4810769269,11179.1910925251,16212.494246568,1379.35902056402,373.065834867126,893.694435048804,1166.21645061871,2059.91088566751
Q43/C2-P1,2025-05-12,144,2210.82179317335,4687.80484397467,36469.6205566087,1591.99582502278,2686.50612988825,40748.1225115197,53763.2088679604,58268.1429317685,19940.2220459556,13922.2951115029,508.696564857565,764.773995506656,4815.15649894704,310.222435138891,5125.37893408593
Q43/C2-P1,2025-05-13,144,4687.80484397467,5282.6568252252,35399.6419091194,1545.01660139405,4118.05566689762,41062.7141774111,61228.6987910162,58074.4314271325,19306.7078024706,15103.0665368757,778.187491154515,1515.98655269217,1139.12185748748,4293.38922137116,5432.51107885864
Q43/C2-P1,2025-05-14,144,5282.6568252252,5240.30757523851,34782.7774001152,1463.23845093412,3164.65083371119,39410.6666847605,57729.7559655016,56576.7878240228,18433.3136606569,14969.0983901201,639.736703223018,787.790473375721,1936.16426436685,3089.13240584565,5025.2966702125
Q43/C2-P1,2025-05-15,144,5240.30757523851,2906.06336696378,35194.1684351497,1206.52872174524,1829.92881407533,38230.6259709702,53900.8626310098,54139.6952545818,16276.6424585534,15284.9001788755,464.526576849063,686.272935086295,1961.31776596546,1722.4851423935,3683.80290835896
Q43/C2-P1,2025-05-16,144,2906.06336696378,1778.67484753358,10817.2917992647,385.453750484984,1917.49412212481,13120.2396718745,25767.9414236027,25304.1621558559,13840.1670482368,12225.184976559,778.715927372186,21743.4094782169,282.041449699568,745.820717446438,1027.86216714601
Q43/C2-P1,2025-05-17,144,1778.67484753358,9974.07969807046,14997.6710675401,127.634225303677,1542.94205401959,16668.2473468633,36520.2251343593,36489.2575167433,22880.6298002674,11157.4457727334,497.581738537618,14988.5461444136,173.819556130079,204.787173746035,378.606729876114
Q43/C2-P1,2025-05-18,144,9974.07969807046,4055.67419288497,33079.5082732779,1159.44171796394,1696.38558907467,35935.3355803165,55271.2569789645,51410.2838003415,11809.8539252863,14892.5466341488,394.808206187533,1208.47161539162,19.5778333333332,3880.5510119563,3900.12884528964
Q43/C2-P1,2025-05-19,144,4055.67419288497,3390.93832715193,33457.4500243954,661.995943539559,1601.67343447126,35721.1194024063,54103.5884469852,52878.1648747017,16399.9500294569,13882.2218030198,287.708202876869,3136.2416344748,764.209336121962,1989.63290840552,2753.84224452748
Q43/C2-P1,2025-05-20,144,3390.93832715193,3940.35519236173,35814.422252052,1029.14266852557,2371.13571956144,39214.700640139,55538.3464078823,58496.7919662324,19525.8517083225,15321.4647050524,509.346482877591,250.05829583989,3164.00382501677,205.558266666669,3369.56209168344
Q43/C2-P1,2025-05-21,144,3940.35519236173,3389.64158308918,35135.0213455678,1347.37925696935,1597.208252641,38079.6088551782,50588.4073796919,54747.1537792,16048.9829572473,13495.3184437156,404.276128181274,1260.97344384964,4244.88069950816,86.1342999999997,4331.01499950816
Q43/C2-P1,2025-05-22,144,3389.64158308918,2144.84559686095,33292.8305331756,149.159824414458,3521.42997959914,36963.4203371892,52190.5321159122,52728.9846389782,18320.3170717406,15959.7732157153,759.132316190816,128.997282477013,587.087583061949,48.6350599959361,635.722643057885
Q43/C2-P1,2025-05-23,144,2144.84559686095,2349.32242774768,10950.1154812039,320.715710422374,2425.40741076015,13696.2386023864,26093.3448061258,26816.5842272525,14835.800115555,11832.9689458015,884.810610272776,18279.1081177718,854.467779460012,131.228358333331,985.696137793343
Q43/C2-P1,2025-05-24,144,2349.32242774768,9903.3098869523,13986.2186813251,284.305310114597,1536.21693115895,15806.7409225987,35427.5971404985,34896.7282102434,22381.4717950097,11330.4034406737,503.722541557093,20728.7543474645,75.4853280782213,606.354258333335,681.839586411557
Q43/C2-P1,2025-05-25,144,9903.3098869523,2679.10369522917,30936.9444366113,311.355587415139,2147.183335669,33395.4833596955,47083.9764812299,47543.6749312299,11113.9942124712,15504.1208846525,456.008085789324,3828.03617253383,585.460041666667,125.761591666666,711.221633333334
Q43/C2-P1,2025-05-26,144,2679.10369522917,3176.15171458528,36306.3963763891,1985.80407234797,2021.80997926367,40314.0104280007,52545.8106072141,59076.0776060783,18763.9590034302,14751.4635753579,424.213225450617,940.867453456681,6738.32537386424,208.058375,6946.38374886424
Q43/C2-P1,2025-05-27,144,3176.15171458528,2268.41544201277,33105.4779557214,946.072677502679,3716.13727324586,37767.68790647,49555.5469616475,52919.6735000161,17539.6949258214,15024.1155352306,905.781182047243,1926.30132480591,3506.62483836862,142.4983,3649.12313836862
Q43/C2-P1,2025-05-28,144,2268.41544201277,3328.31058658022,35229.6817630754,620.316336008281,1335.66195711051,37185.6600561942,57498.1470189911,57231.8233136055,19058.3149032895,14483.3294415538,350.735157417969,760.785575954479,744.548433000001,1010.87213838553,1755.42057138553
Q43/C2-P1,2025-05-29,144,3328.31058658022,1528.36907772519,34196.8632290823,918.06034555986,5708.21137853213,40823.1349531743,53187.3246971569,54854.8700115767,16705.425949327,15151.3423769244,1317.07610505362,305.814044227723,2465.98763010066,798.442315680887,3264.42994578155
Q43/C2-P1,2025-05-30,144,1528.36907772519,3315.92270221593,11978.7634486255,191.618531513865,1199.49535439097,13369.8773345303,28102.3578942038,28470.6000224877,15946.8853474075,11308.1788693584,470.064568180285,17709.1365126189,455.326211617326,87.0840833333318,542.410294950658
Q43/C2-P1,2025-05-31,144,3315.92270221593,10613.3843521267,13302.5763151188,436.283235661806,2386.92549376404,16125.7850445447,36479.1933254381,35156.0719098914,22016.0612403653,11265.2941197762,639.332195948093,16941.2371019171,0,1323.12141554665,1323.12141554665
Q43/C2-P1,2025-06-01,144,10613.3843521267,3538.54610032533,41871.2395536641,1734.28794151876,33486.027636998,77091.5551321808,64595.1944298132,60154.623493845,12972.4676197884,16875.0531986499,7274.08707462558,87.0665139986987,0,4440.57093596817,4440.57093596817
Q43/C2-P1,2025-06-02,144,3538.54610032533,3151.28270838601,43172.2798270105,2739.49774127496,33721.6344394038,79633.4120076893,72449.974527201,64785.1190691208,19738.7925269243,16336.9589995541,7312.32173183161,42.6198235821826,66.9518495126684,7731.80730759287,7798.75915710554
Q43/C2-P1,2025-06-03,144,3151.28270838601,1357.21736898319,46509.2171889755,1526.29532097873,10865.3474382343,58900.8599481885,71811.8470725743,68797.2342824048,17780.2210403648,16016.637848158,2221.52319649839,1095.97578669642,1082.60664220442,4097.21943237394,5179.82607457836
Q43/C2-P1,2025-06-04,144,1357.21736898319,1996.55985364616,48484.1239464752,4344.52182335216,9427.96996830753,62256.6157381349,84659.7433214881,72947.6161610157,21668.1341289132,16975.780408223,2122.71062677482,734.423917100368,0.711633333333339,11712.8387938057,11713.5504271391
Q43/C2-P1,2025-06-05,144,1996.55985364616,1200.9051263176,49798.7500616212,1885.04837328133,9667.4153639557,61351.2137988582,73174.0847043102,72602.7771314079,19335.9256616759,16378.1890405532,2119.12899064154,464.708150926781,2281.80263390805,2853.11020681031,5134.91284071836
Q43/C2-P1,2025-06-06,144,1200.9051263176,1271.68906534804,16788.4603612258,402.703151473645,10450.9737648718,27642.1372775713,34648.0787860583,33656.3185773279,13993.9964152835,11271.4315512522,2909.36915628914,2920.42246958577,0,991.7602087304,991.7602087304
Q43/C2-P1,2025-06-07,144,1271.68906534804,9957.09513723928,22433.4221059629,304.801110370214,5262.23179620328,28000.4550125364,48632.585289821,48712.8483341271,23935.343597454,11570.7628492356,1086.28921454963,6519.95863379165,438.472175,358.20913069397,796.68130569397
Q43/C2-P1,2025-06-08,144,9957.09513723928,2903.92616369504,45870.5791021175,2251.26993815763,778.983907210669,48900.8329474858,69009.2239763145,64922.9929450337,10696.6282506783,15012.1209592392,149.380401366565,4194.98112162791,1482.49448778206,5568.72551906284,7051.2200068449
Q43/C2-P1,2025-06-09,144,2903.92616369504,2462.29563023361,52323.4588173752,1960.6994795998,3669.17205188557,57953.3303488605,80570.1378168337,75786.9980326979,19769.1272477377,16410.4605507828,834.140340968705,2344.49894337844,0,4783.13978413577,4783.13978413577
Q43/C2-P1,2025-06-10,144,2462.29563023361,2487.21513136762,52983.3613823291,931.53392809276,2142.78452646944,56057.6798368913,75864.2890186904,77740.3168202839,21248.1810063629,17188.5990641333,440.050221379893,2503.35253276758,2171.0169988157,294.989197222221,2466.00619603792
Q43/C2-P1,2025-06-11,144,2487.21513136762,2371.0013656419,56315.8193368742,746.273302682743,2431.72306711598,59493.8157066729,80644.0704562996,81722.7410659688,23542.4058830514,19173.9411544248,441.133824474492,1692.64217848334,1454.39929855808,375.728688888889,1830.12798744697
Q43/C2-P1,2025-06-12,144,2371.0013656419,1848.34742720017,53740.8187714595,470.55479896882,1363.19785101657,55574.5714214448,79041.7106390107,77644.212274164,21010.4673075886,17488.8670637443,247.407799791834,1720.07506344489,68.9822820500367,1466.48064689673,1535.46292894676
Q43/C2-P1,2025-06-13,144,1848.34742720017,1338.94128152671,16937.1301267245,138.282706140728,1997.88878988154,19073.3016227468,34083.0559034487,34150.3324596462,13991.3973617581,11791.4973941302,511.448055789594,4152.23851447456,254.151957519409,186.875401321917,441.027358841327
Q43/C2-P1,2025-06-14,144,1338.94128152671,8604.11418122692,20547.0772860859,350.065639104037,2745.78397619117,23642.9269013811,42755.6173214976,41870.5973357567,22156.9526935694,11408.476072061,788.555923511415,5848.76222109305,0,885.019985740926,885.019985740926
Q43/C2-P1,2025-06-15,144,8604.11418122692,3770.77338461549,52440.5584206908,1472.4628294773,941.176981680463,54854.1982318485,70488.4122105987,73816.3238023683,14328.9926514321,15956.4907646103,201.378536559563,5032.65945210605,3601.6695084363,273.757916666666,3875.42742510296
Q43/C2-P1,2025-06-16,144,3770.77338461549,2956.8630133513,54830.1385457222,721.321138767626,588.032568232952,56139.4922527228,76525.9344118908,78454.5226615558,20726.5956936131,17521.0618459644,137.471882664636,2673.06621323836,2014.96727744272,86.3790277777772,2101.3463052205
Q43/C2-P1,2025-06-17,144,2956.8630133513,2877.2581309746,56769.950728649,1098.57106391787,2320.23285154527,60188.7546441122,79723.6128055645,81790.1531747594,22102.0845072253,17974.3328449915,429.430728328602,3471.94102418751,2451.94127782679,385.400908631945,2837.34218645873
Q43/C2-P1,2025-06-18,144,2877.2581309746,3552.48388037769,54940.7976019724,2355.48431135305,251.75531952904,57548.0372328545,80566.8054528702,79384.5540145096,19893.0050783961,15505.6309390381,59.173750128871,4147.62272528041,2628.02133844847,3810.27277680908,6438.29411525755
Q43/C2-P1,2025-06-19,144,3552.48388037769,2607.18839048152,50954.1647559606,2900.38505685062,3962.01030224657,57816.5601150578,73716.6330439644,74745.8544011065,20076.4527546204,17112.6926721491,697.594022797553,4111.6458080994,4414.29988947457,3385.07853233244,7799.37842180701
Q43/C2-P1,2025-06-20,144,2607.18839048152,2153.98300387158,17298.0457699371,304.143497365418,426.654434339327,18028.8437016419,34058.3941714099,33351.0552464099,13142.6774462854,11053.4535794401,166.853902788306,8988.36609901962,0,707.338925000002,707.338925000002
Q43/C2-P1,2025-06-21,144,2153.98300387158,7822.2180036692,19598.4606615341,160.393292270834,236.875496420368,19995.7294502253,40843.2898125533,40479.1803014421,20315.8538651208,11354.43013093,76.8298264922346,12327.3776604102,3.06031666666655,367.16982777778,370.230144444446
Q43/C2-P1,2025-06-22,144,7822.2180036692,3053.4406662557,46366.0164585179,1405.57317003238,6643.89308897676,54415.482717527,65278.7962401288,66709.442858088,14468.0809922725,16011.0452074129,1291.12889971947,2135.25320628121,2481.82699421801,1051.18037625881,3533.00737047682
Q43/C2-P1,2025-06-23,144,3053.4406662557,2652.7916539404,48405.7671517521,749.671367463852,2597.29488025152,51752.7333994675,72059.0660169776,71712.0201171979,20654.0327085488,17090.3506050083,525.990797275291,1618.62781093266,968.86669296099,1315.91259274076,2284.77928570175
Q43/C2-P1,2025-06-24,144,2652.7916539404,2988.3524505932,56702.3531080965,1003.42277555147,6277.95735919143,63983.7332428394,83201.5009962222,80987.0087727162,21629.4882489689,17217.8807646773,1212.66435550622,1561.10672726413,0,2214.49222350605,2214.49222350605
Q43/C2-P1,2025-06-25,144,2988.3524505932,1948.93575497412,50671.0294940359,1638.24371356761,3940.61908871022,56249.8922963137,72969.49749373,74738.9911031285,18426.5570243445,15860.9862157762,721.432491691296,2420.60475291823,2977.18575345596,1207.69214405744,4184.87789751341
Q43/C2-P1,2025-06-26,144,1948.93575497412,1731.58990585339,48764.1655153367,1136.28645119506,1122.56870979495,51023.0206763267,71142.2790537003,73213.3589148065,20195.0281083126,16553.5840319418,197.288886490196,2083.39155825932,2696.92503148986,625.845170383591,3322.77020187345
Q43/C2-P1,2025-06-27,144,1731.58990585339,1663.41539201444,15736.5314284895,531.107759718939,1341.30113228888,17608.9403204974,34239.7917604868,32562.7252511184,14889.8792190856,12122.1592299144,569.054078469628,10559.0984737502,0,1677.06650936836,1677.06650936836
Q43/C2-P1,2025-06-28,144,1663.41539201444,9310.14509785252,19417.7682729666,256.822203768215,1276.48481507521,20951.0752918101,41708.2924673697,41423.6329186145,21959.5204528985,10905.1548315935,304.65324520296,9095.0477591791,153.661483240693,438.321031995882,591.982515236575
Q43/C2-P1,2025-06-29,144,9310.14509785252,2182.42195381141,45886.2832732963,2070.5249228173,6663.96122114593,54620.7694172596,60770.2784416483,65867.0896189118,15493.8204694148,18964.945409863,1321.85751259056,1360.47353861724,5198.13006059686,101.318883333333,5299.4489439302
Q43/C2-P1,2025-06-30,144,2182.42195381141,1539.17188218235,48684.6353321376,352.038542184709,5151.78196570678,54188.455840029,73395.6430086327,72877.7169054333,19837.0887725219,16646.9669702089,1115.73751794071,1074.62030439429,173.209422222222,691.135525421641,864.344947643864
Q43/C2-P1,2025-07-01,144,1539.17188218235,1200,53156.4383338071,3514.42323946501,49706.7732026716,106377.634775944,63544.598038682,71644.4005196784,17363.0112550199,14369.2938105302,10210.8209581445,0,8099.80248099647,0,8099.80248099647
Q43/C2-P1,2025-07-02,144,1200,3159.15005327225,54734.8477141092,1505.74314101885,25664.0136079077,81904.6044630358,69518.4570348347,72933.5289036763,19071.9750353531,13685.0647306909,5392.33443431916,0,3415.0718688416,0,3415.0718688416
Q43/C2-P1,2025-07-03,144,3159.15005327225,1488.05487963708,61514.0773306746,1757.26952012037,9747.98511235462,73019.3319631496,82248.1428160492,80787.6794915155,17760.3875507964,15889.8995724167,1780.88650730128,774.31908710375,1752.24286968806,3212.70619422181,4964.94906390987
Q43/C2-P1,2025-07-04,144,1488.05487963708,1200,22302.1704153303,165.715694714381,8840.80444185631,31308.690551901,38997.5240802948,38999.9369694643,13381.8025780961,11098.5094799312,2321.77563346983,10169.3603714359,179.288331585731,176.875442416197,356.163774001928
Q43/C2-P1,2025-07-05,144,1200,6539.63646644515,26117.4037483129,88.0001069366564,4117.92862843379,30323.3324836833,47557.2895263674,47598.5599698514,18920.4909664674,10519.924863038,920.561148835216,11473.8417152572,123.640300975517,82.3698574914869,206.010158467004
Q43/C2-P1,2025-07-06,144,6539.63646644515,2057.05470514283,60594.9732510974,2305.22715121009,8242.48537344534,71142.6857757528,72465.4053231902,78540.5159686154,16769.4797692999,17617.602198305,1399.29289664942,1018.84141093655,6076.70367042511,1.59302500000001,6078.29669542511
Q43/C2-P1,2025-07-07,144,2057.05470514283,5694.31794714132,59197.5383816497,655.846001708287,7047.34584674888,66900.7302301069,82018.3864601076,81060.4208122479,22989.4279769684,15347.8997435457,1440.85451327102,1440.40599209631,300.130608805558,1258.09625666527,1558.22686547083
Q43/C2-P1,2025-07-08,144,5694.31794714132,6882.31991288801,68895.3964829281,2260.1427480473,0,71155.5392309754,95379.4415296583,89659.8777585379,19553.0976010081,14768.8072876446,0,9296.31542850764,721.140027844222,6440.70379896463,7161.84382680886
Q43/C2-P1,2025-07-09,144,6882.31991288801,2135.23277062779,56643.3396200974,1853.16422000696,2871.07281443887,61367.5766545433,79339.6125588407,74322.1898239756,14084.9706214628,15681.2046314191,499.875840448345,2327.16299104684,277.448641666667,5294.87137653186,5572.32001819853
Q43/C2-P1,2025-07-10,144,2135.23277062779,1886.965321314,57726.7148202419,891.543100452585,3191.21690226042,61809.4748229549,76969.3978753036,76499.4646580475,19475.8790462963,15998.9027318824,626.42264467014,621.655938303732,1090.35316824199,1560.2863854981,2650.63955374009
Q43/C2-P1,2025-07-11,144,1886.965321314,2933.26071226472,24149.82143556,519.246539563139,3742.83422944365,28411.9022045667,43584.4381920707,42199.202372446,15931.8286636967,11963.1153657387,1114.01684234585,6915.23543350047,0,1385.23581962468,1385.23581962468
Q43/C2-P1,2025-07-12,144,2933.26071226472,7995.00764444702,27087.1952383485,413.616176665607,1676.0535692148,29176.8649842289,47937.3213695677,48801.6428267568,22010.390252792,13272.8438657975,402.505998481637,9479.74577157723,986.041190522468,121.719733333333,1107.7609238558
Q43/C2-P1,2025-07-13,144,7995.00764444702,2156.862154723,50495.5948328923,2977.14460958952,6390.57482152052,59863.3142640023,75098.0038117441,67358.087121094,13812.763743869,16442.6695732855,1156.32110280425,1881.02531998144,0,7739.9166906501,7739.9166906501
Q43/C2-P1,2025-07-14,144,2156.862154723,5087.58969003838,56644.7860139942,1292.31044730995,8010.86007773761,65947.9565390418,79610.7011943137,77990.2576123573,22080.1066119354,15247.2315738838,1449.69442240642,818.047780045501,1247.74767215888,2868.19125411526,4115.93892627414
Q43/C2-P1,2025-07-15,144,5087.58969003838,4782.8741409192,63102.4062681132,2363.27250920413,0,65465.6787773173,90476.6591330637,83582.6761938561,16444.5752140728,13594.3499176062,0,7959.90698072289,6.46175555555556,6900.44469476313,6906.90645031868
Q43/C2-P1,2025-07-16,144,4782.8741409192,2968.73786879261,59319.2650334239,861.191013673656,607.875959738064,60788.3320068356,80119.1222744914,78027.2897733746,17612.2051703889,15898.6088329289,117.29179488585,4284.65018080052,0,2091.83250111679,2091.83250111679
Q43/C2-P1,2025-07-17,144,2968.73786879261,2875.85750046073,61588.7324517422,1601.66746613205,725.728258832513,63916.1281767068,80462.2698852642,81422.0936105622,19663.0952725087,16010.6995022308,143.803064031807,5015.91317098271,2798.63096036796,1838.80723506994,4637.4381954379
Q43/C2-P1,2025-07-18,144,2875.85750046073,2374.62885770567,24365.1605649441,818.977290205898,392.691383189795,25576.8292383398,44527.1392417372,41885.1244101902,12571.8869725225,10634.3342262228,118.413760165632,8795.9356573894,0,2642.01483154707,2642.01483154707
Q43/C2-P1,2025-07-19,144,2374.62885770567,7185.73367871903,27704.5476911078,685.496687879334,4.52926091945614,28394.5736399066,51297.6612743135,49185.2624151077,18455.6816314948,10619.1077825988,2.03242581083964,14402.5902753558,5.4167083333333,2117.81556753919,2123.23227587252
Q43/C2-P1,2025-07-20,144,7185.73367871903,4518.57136693065,58091.3385618547,1337.82536261741,2008.41492600379,61437.5788504759,80377.4524118781,77309.9529830521,14320.6241680554,14000.1516567344,368.131191787106,5215.86011351828,666.129613888889,3733.62904271482,4399.75865660371
Q43/C2-P1,2025-07-21,144,4518.57136693065,2728.81567033035,61075.9966398323,863.023102242715,329.347864884321,62268.3676069593,83514.8432437235,81082.273398567,20297.8270125289,18052.0200070887,61.4711746949669,4933.73655115506,131.592595713111,2564.16244086958,2695.7550365827
Q43/C2-P1,2025-07-22,144,2728.81567033035,2004.34610887029,58791.840651567,1846.71903562899,3031.92842226422,63670.4881094603,77874.2140333448,79006.0800389084,17315.4710198757,14677.5541314134,597.298854741466,3145.59072185417,3484.69634454558,2352.83033898202,5837.52668352761
Q43/C2-P1,2025-07-23,144,2004.34610887029,2054.78069149093,58862.1647797945,3333.7697190813,6021.33179374666,68217.2662926225,88687.3286532998,79857.9701127199,20169.9749920916,16292.2886192356,1047.24482318872,2834.29811305261,8.06462777777779,8837.42316835771,8845.48779613549
Q43/C2-P1,2025-07-24,144,2054.78069149093,2301.82390269485,59537.3415479086,2962.22423877435,2053.54874478528,64553.1145314683,87022.1562777497,79530.4614762573,19437.949718546,15522.4003819387,366.072649869384,2171.9611228528,0,7491.69480149238,7491.69480149238
Q43/C2-P1,2025-07-25,144,2301.82390269485,1511.92487368646,22350.7572503037,307.956705801854,3340.56079995967,25999.2747560652,39174.7848707634,38943.2230144783,13217.096989198,11416.7576873579,1077.19678766701,11744.7676003052,314.936726102533,546.498582387672,861.435308490206
Q43/C2-P1,2025-07-26,144,1511.92487368646,9105.72219543631,27413.3420946086,117.400101824224,661.091882568569,28191.8340790013,49890.0541651246,50081.4350043948,23057.8279405497,11842.4230422704,234.216203728535,10785.2447431774,246.93825,55.5574107297574,302.495660729757
Q43/C2-P1,2025-07-27,144,9105.72219543631,2559.10183167581,53686.5406021427,1608.58369228754,7236.68032054034,62531.8046149706,71409.8140391448,71367.4696996839,15863.0007723641,18740.9889529993,1334.73581225307,1904.74889257229,2117.34794908912,2159.69228854993,4277.04023763905
Q43/C2-P1,2025-07-28,144,2559.10183167581,1999.41000603149,60774.0132594265,678.529889850217,4594.84726222991,66047.3904115066,81482.4838649142,82264.6676675067,20493.1377593114,17103.1642281221,823.743449379799,1715.08535236387,1158.67646547499,376.492662882511,1535.1691283575
Q43/C2-P1,2025-07-29,144,1999.41000603149,1937.47202663492,60673.4872942826,2128.13515149424,1778.58582677085,64580.2082725477,78681.390231751,82348.2054649581,19741.1243764199,16046.054926357,274.141012082177,2869.52607697743,4825.41136292254,1158.59612971542,5984.00749263795
Q43/C2-P1,2025-07-30,144,1937.47202663492,2371.75700337466,58429.3049388793,3369.88200936351,7356.97633661757,69156.1632848604,68651.362371509,78552.4452955019,21307.5582707342,16868.2657202289,1474.28374245497,1464.18577078492,9912.0443406595,10.9614166666669,9923.00575732617
Q43/C2-P1,2025-07-31,144,2371.75700337466,1398.80520012288,55621.1824463694,1712.1605902937,11238.1040436024,68571.4470802655,71600.9055905977,76385.0646882652,20339.9923703531,17351.0504429126,2015.02991506007,567.266409218114,4820.29049228596,36.131394618424,4856.42188690438
Q43/C2-P1,2025-08-01,144,1398.80520012288,1257.42798712138,20128.4701451743,527.831183546385,10643.9556540854,31300.2569828062,37003.5468320227,35964.2933168222,13928.8130311941,11409.5780469686,3215.01677506854,15383.3754409985,200.226998899012,1239.4805140995,1439.70751299852
Q43/C2-P1,2025-08-02,144,1257.42798712138,9108.44728040303,25916.8491994184,343.980716862898,2058.82758453163,28319.657500813,49655.6164708265,48672.6442702759,24057.2490059342,12420.4543308532,389.474280757441,16740.743942619,0.924116666666691,983.896317217278,984.820433883944
Q43/C2-P1,2025-08-03,144,9108.44728040303,1286.43611672422,43207.5514448547,231.188529263339,13413.6149414521,56852.3549155701,55404.5915849292,55755.3289425312,12728.0034294319,17349.4928251507,2524.19209691711,2.58545183384558,350.73735760197,0,350.73735760197
Q43/C2-P1,2025-08-04,144,1286.43611672422,1823.16289082812,50461.1478696053,1913.09175057343,6503.93688762127,58878.1765078,70607.1992603784,68621.5189305488,19468.8273073785,15286.696022283,1305.16862966775,376.019525121144,1809.44472174141,3795.125051571,5604.56977331241
Q43/C2-P1,2025-08-05,144,1823.16289082812,1552.19988307259,50228.8915030329,673.456913225475,5928.49922679179,56830.8476430502,66986.3340142918,68520.9162350441,19757.4222740456,16247.3787489569,1204.37670493885,1003.57134822754,1919.4507897798,384.868569027576,2304.31935880738
Q43/C2-P1,2025-08-06,144,1552.19988307259,1499.46490456595,53024.5410163614,1693.72436601199,6529.67617402261,61247.941556396,73343.3495754569,70759.612081691,17900.8985674192,14547.1893202655,1212.03929410578,582.267861976455,576.794002196666,3160.53149596252,3737.32549815918
Q43/C2-P1,2025-08-07,144,1499.46490456595,1425.81087028559,50465.4116991099,2060.02938199755,6682.0526499549,59207.4937310623,74600.7483806391,68574.0355399002,18423.195405203,14989.0769090667,1456.74957646843,2977.77803689911,859.708866666667,6886.42170740554,7746.13057407221
Q43/C2-P1,2025-08-08,144,1425.81087028559,1369.61985907439,20829.2110806176,179.017497526828,3345.85804382557,24354.08662197,38584.3282755702,38297.7771808356,15122.220489034,12299.5705062076,868.346022326233,20541.5419703355,37.32115,323.8722447346,361.1933947346
Q43/C2-P1,2025-08-09,144,1369.61985907439,8049.02244650025,24150.1804246258,121.165727349647,4201.52325893153,28472.869410907,45289.7040216384,45112.1090273928,20403.0406841094,10515.0006254453,1130.4697761163,17631.1664115117,14.5581248333346,192.153119078872,206.711243912207
Q43/C2-P1,2025-08-10,144,8049.02244650025,2711.42275405122,48650.4207290961,1076.95348439285,3948.04402749429,53675.4182409832,64114.7274428526,62468.0956952085,14269.8340103863,16362.405271617,758.936569390287,17.1644758295633,532.888267605966,2179.52001525,2712.40828285596
Q43/C2-P1,2025-08-11,144,2711.42275405122,2268.11236829901,50213.869925987,1073.89732782819,5143.14046284547,56430.9077166606,68426.092747261,69040.4863175119,18452.3123391539,15345.3523418916,917.41220688485,2290.57019380113,2035.3247473619,1420.93117711104,3456.25592447294
Q43/C2-P1,2025-08-12,144,2268.11236829901,2076.32682346634,51928.121565252,1223.96765509908,6887.04363000977,60039.1328503609,72925.3872254556,70441.124054087,17938.4718296966,14702.7691724037,1234.8530989219,634.48251238259,797.593033333333,3281.85620470192,4079.44923803525
Q43/C2-P1,2025-08-13,144,2076.32682346634,2307.33810715952,50203.5557866767,1056.71806221145,6414.38789785432,57674.6617467424,65883.6669314258,69537.0680554769,19211.8080508504,15353.654365865,1184.18566842587,776.772255584023,3701.04872405108,47.6476,3748.69632405108
Q43/C2-P1,2025-08-14,144,2307.33810715952,1457.99516707977,50660.0811510439,994.914389911173,5618.17336013743,57273.1689010925,66406.2487233134,68465.7926829092,18603.894091867,15833.562860484,1031.28902037722,645.286155236798,2554.50445846373,494.960498867983,3049.46495733171
Q43/C2-P1,2025-08-15,144,1457.99516707977,1985.67952794088,21162.7341510373,623.343623533457,4979.78002610005,26765.8578006708,39539.3244181637,38482.8519896262,14583.7349642692,11337.909396283,1540.0814751378,19637.7860134446,267.998696780301,1324.4711253178,1592.4698220981
Q43/C2-P1,2025-08-16,144,1985.67952794088,7885.35830341003,23582.9454018955,1088.38501205747,6502.4958052567,31173.8262192096,46223.7971634693,43829.7252049307,19763.9950646323,10699.1251044299,1744.40285518732,19687.3093999156,370.892575000001,2764.96453353867,3135.85710853867
Q43/C2-P1,2025-08-17,144,7885.35830341003,1802.55835272454,47397.9964550711,883.986216799102,5103.7233217942,53385.7059936644,64648.8349514134,62759.3723086271,11992.0546483687,15188.0842207956,994.596085561971,3849.44268328262,594.386291666667,2483.84893445293,3078.23522611959
Q43/C2-P1,2025-08-18,144,1802.55835272454,1662.07052726409,49765.8196045099,748.38872181308,7230.94954202804,57745.157868351,68667.221436921,67305.717865285,20488.7999894915,16722.3670344026,1405.47030215548,512.397929018168,495.693839381347,1857.19741101732,2352.89125039867
Q43/C2-P1,2025-08-19,144,1662.07052726409,2139.17755334792,49923.0029025557,189.56628662975,7041.19557033522,57153.7647595207,67571.1220620208,67710.3418283341,18598.1092059241,14635.0721333231,1310.49133238785,709.45437145425,314.87321631334,175.65345,490.52666631334
Q43/C2-P1,2025-08-20,144,2139.17755334792,1473.49406141096,53180.3533101827,1963.28892308297,9802.37851626665,64946.0207495323,75073.5665162543,72293.3214558105,19671.9458876025,16533.3913117013,1777.89252571405,332.628338956682,1371.56992521625,4151.81498565999,5523.38491087624
Q43/C2-P1,2025-08-21,144,1473.49406141096,1412.49365128786,50125.6076012609,1151.19622230516,5555.14123476862,56831.9450583346,72286.5670178264,68563.0144189673,18119.6355187359,14731.8051392869,991.673295272525,158.123851457479,194.300695666667,3917.8532945257,4112.15399019237
Q43/C2-P1,2025-08-22,144,1412.49365128786,1215.98110464003,20760.1373994847,463.283897730452,8587.94195184699,29811.3632490622,38038.7277449432,37280.2229661446,13539.7150836848,11144.0305097678,2344.20232810842,15942.2013203359,249.672736111112,1008.17751490976,1257.85025102088
Q43/C2-P1,2025-08-23,144,1215.98110464003,7824.29999686454,23997.080422297,309.19931516562,3431.09456612211,27737.3743035847,45389.3947993817,46074.8576284117,21788.3005714583,11701.0364598791,926.2347190816,14564.1204192475,751.316145696689,65.8533166666672,817.169462363356
Q43/C2-P1,2025-08-24,144,7824.29999686454,1631.77791963825,47254.2121506194,450.467597261874,5400.3843315481,53105.0640794294,60552.5187018721,60658.6056581556,14101.6575472431,16995.6124827706,1014.55191434738,842.859691363808,569.042190033199,462.955233749644,1031.99742378284
Q43/C2-P1,2025-08-25,144,1631.77791963825,2912.48200530484,54671.7793890619,5527.1565588049,4535.05186420513,64733.9878120719,90616.0043718377,75799.0694859405,21628.1385325477,16366.1585342637,888.101812217486,649.325949874035,6.82121026329696e-13,14816.9348858972,14816.9348858972
Q43/C2-P1,2025-08-26,144,2912.48200530484,1709.79475032775,50097.1896960057,850.677370513026,3819.65197793054,54767.5190444493,67352.3219527549,67631.9684902256,18896.6261944289,16388.6857469668,683.863485497044,251.329811593907,1412.25784974614,1132.61131227539,2544.86916202153
Q43/C2-P1,2025-08-27,144,1709.79475032775,1326.1603823305,53038.7280923793,1628.57262940867,3265.66288774905,57932.9636095371,69229.5322118168,72675.4513136331,20241.0297518982,16740.5050302351,551.711390223028,1845.81578219301,4438.41021581943,992.491114003088,5430.90132982252
Q43/C2-P1,2025-08-28,144,1326.1603823305,1660.05487811353,53589.7543995434,1992.34444702225,9081.82856817962,64663.9274147453,68615.8157749456,74196.14504558,20160.2773903111,16029.3196399473,1727.0521870041,806.172832220255,5625.47536230104,45.1460916666668,5670.62145396771
Q43/C2-P1,2025-08-29,144,1660.05487811353,2131.16499006801,22249.9514238102,362.573315000172,3218.47309359054,25830.997832401,41381.7106677054,40475.5888998506,15363.1731342646,12020.1711379953,772.000813931612,15372.2507008462,0,906.121767854807,906.121767854807
Q43/C2-P1,2025-08-30,144,2131.16499006801,9898.19318019746,25516.1196108195,282.647602148932,4059.88989209203,29858.6571050605,48622.0946106327,47874.7922767563,22773.5486831322,11456.2490622206,1015.54481244871,19245.9243016267,0,747.302333876396,747.302333876396
Q43/C2-P1,2025-08-31,144,9898.19318019746,2453.24699734508,47554.394540471,864.735892410506,5408.02190015336,53827.1523330349,59486.5869499664,61741.40652421,13460.9214633125,17603.7979498503,1070.94612014838,187.28104756276,2254.81957424355,0,2254.81957424355
Q43/C2-P1,2025-09-01,144,2453.24699734508,4866.21964118791,44409.8204741554,2548.77274230819,0,46958.5932164636,76108.0057743726,67490.6760277954,18935.5379877932,13166.1103906539,0,8118.05056398948,346.480581666667,8963.81032824387,9310.29090991054
Q43/C2-P1,2025-09-02,144,4866.21964118791,3488.65753429156,37312.4034644371,644.447291147941,5124.85636656786,43081.7071221529,55110.3726830422,56957.6178215462,17694.9297812106,15572.6990189873,1104.66727055722,1856.68347988011,1976.35191350399,129.106775,2105.45868850399
Q43/C2-P1,2025-09-03,144,3488.65753429156,2960.07988320556,39694.1849871863,540.345884058625,5468.66459190003,45703.195463145,59187.308529013,58674.7763696666,18784.3446990669,15691.0390922216,1376.93514430868,1403.13699046331,550.587327777778,1063.11948712418,1613.70681490195
Q43/C2-P1,2025-09-04,144,2960.07988320556,2467.15684662002,38437.5968872677,454.744747156953,5123.69158269747,44016.0332171222,58027.4405836466,56959.1044652934,18409.8499831859,15355.6092193076,1083.08513092122,1008.50661566958,120.117978156703,1188.45409650993,1308.57207466664
Q43/C2-P1,2025-09-05,144,2467.15684662002,1639.98350888759,13217.0010899863,476.515965194262,2976.84999434374,16670.3670495243,29598.6625909106,28785.4058166149,14824.8083925206,12752.5508019009,1026.93466828723,20882.6878942824,268.916369668977,1082.17314396467,1351.08951363365
Q43/C2-P1,2025-09-06,144,1639.98350888759,8699.94896642038,16202.5494720839,229.317632514268,3166.75268708718,19598.6197916853,38155.4897431854,37606.3272487315,21876.8545846294,11366.2833017703,951.95555847001,20465.2328243424,19.3524729016398,568.514967355566,587.867440257206
Q43/C2-P1,2025-09-07,144,8699.94896642038,2082.13142612152,34890.0024344442,992.883812403791,6021.41970150813,41904.3059483561,48003.8273751954,51328.0358620098,13388.4095058605,16800.647486016,1305.59191358895,1095.4871390876,3451.10054193317,126.892055118713,3577.99259705188
Q43/C2-P1,2025-09-08,144,2082.13142612152,1848.76662280574,34618.6578509363,886.806235525915,36217.9065540468,71723.370640509,52020.4978723818,53458.0340907974,16518.233188809,13589.7972059195,8814.28309209215,0,1716.16814906759,278.631930652063,1994.80007971965
Q43/C2-P1,2025-09-09,144,1848.76662280574,4220.02374352127,37195.1875276738,673.666745497803,14842.3228455476,52711.1771187192,55873.5433982811,57185.529704115,21176.9535034221,15019.2009291279,3515.58744713936,1395.5169769602,1445.32741744346,133.341111609533,1578.66852905299
Q43/C2-P1,2025-09-10,144,4220.02374352127,1314.21841885029,38626.1291635861,1931.91027406218,16085.4039424855,56643.4433801338,58985.6402013082,58561.9231843775,17821.6041145748,17050.7241250094,3625.64617009089,86.5857149030334,2982.54616129418,3406.2631782249,6388.80933951908
Q43/C2-P1,2025-09-11,144,1314.21841885029,1453.57321560867,37533.223910046,1320.15385063696,11537.6360248543,50391.0137855372,62591.366836634,57886.2905103636,20224.6974535548,16256.5856202968,2668.57878480891,2939.1066785812,0,4705.07632627044,4705.07632627044
Q43/C2-P1,2025-09-12,144,1453.57321560867,2181.54442905073,13121.6788328034,88.5632855397068,8646.69541978113,21856.9375381243,29615.1396340804,29595.6895765227,16884.0355882709,13020.8947344016,3275.66413449198,17409.7016571454,86.6939051538868,106.143962711524,192.837867865411
Q43/C2-P1,2025-09-13,144,2181.54442905073,9595.24187374279,16338.8387480656,129.392611897027,3638.11123431788,20106.3425942805,38691.7044347064,38765.3812103549,23603.6879951172,12446.659575822,1047.53826687503,20812.6212412681,195.581036431937,121.904260783435,317.485297215372
Q43/C2-P1,2025-09-14,144,9595.24187374279,1338.17916322869,36672.9943326959,1917.96409517158,8269.96770848841,46860.9261363559,57891.7832183341,53573.0579794765,14209.7846171987,18941.2819793937,1795.48566015472,29.3962518261473,669.47481958572,4988.20005844329,5657.67487802901
Q43/C2-P1,2025-09-15,144,1338.17916322869,4794.35635843196,34320.8350698496,407.668719525034,37382.1104889836,72110.6142783581,54129.297084626,54968.8610850173,23946.7253316337,16286.2880429403,8520.75748700932,759.210650000003,918.445081928779,78.881081537465,997.326163466244
Q43/C2-P1,2025-09-16,144,4794.35635843196,3858.98609433638,36177.8127161595,1893.2460991795,25471.5219371786,63542.5807525176,61090.5925895982,56138.8201323913,18647.7596925068,15946.5185886165,6001.31262149901,0,485.518268721099,5437.29072592807,5922.80899464917
Q43/C2-P1,2025-09-17,144,3858.98609433638,3331.82729102394,38806.1165755367,1312.50876757051,16578.8057748027,56697.4311179099,59201.3258248201,59237.0588824257,19029.2786741863,15888.1586490721,3894.17497790862,4.76376855349395,1475.61811496981,1439.88505736414,2915.50317233395
Q43/C2-P1,2025-09-18,144,3331.82729102394,1200,36140.5101264246,1136.18235407516,21579.924459064,58856.6169395638,51939.3179984253,56005.1434731423,18216.1942043763,16673.7618674663,5066.9297099868,372.126396219173,4065.82547471703,0,4065.82547471703
Q43/C2-P1,2025-09-19,144,1200,2815.99295780569,12417.1178292509,218.021480012696,14052.4813742775,26687.6206835411,29466.2172721928,29255.0646814457,19649.928525923,14462.0484439725,4969.07713085188,12940.4744136804,206.410854280986,417.563445028122,623.974299309108
Q43/C2-P1,2025-09-20,144,2815.99295780569,9855.31550678278,14433.1495130172,279.070910784247,12814.9810670556,27527.2014908571,36489.4344420023,36026.9348523209,23490.9997898782,12692.319535722,3824.09835897284,13572.4025571375,169.845789822656,632.345379504047,802.191169326703
Q43/C2-P1,2025-09-21,144,9855.31550678278,5016.83069578058,36689.7390504551,1213.10401036941,13894.9636286444,51797.8066894689,55230.9666675703,54179.2762581358,14504.9844360636,16103.6737231135,2721.72952815799,193.589256676994,1181.45939369963,2233.14980313416,3414.60919683379
Q43/C2-P1,2025-09-22,144,5016.83069578058,3475.98387441834,39163.2808130508,1773.93057565178,15635.8401833582,56573.0515720608,63774.8558472569,59293.7824289675,18817.5396047815,16628.9692190991,3564.15221525999,46.5810418783532,212.249114829468,4693.32253311885,4905.57164794832
Q43/C2-P1,2025-09-23,144,3475.98387441834,2519.63922055605,41042.9611545121,640.558984667467,12279.5063630399,53963.0265022194,65041.3084358222,63204.4416646879,21712.2810058931,18447.6578032495,2363.5497026163,140.497581327236,0,1836.86677113432,1836.86677113432
Q43/C2-P1,2025-09-24,144,2519.63922055605,2013.69456000179,40525.9419411583,1412.59367351654,9427.63862176,51366.1742364348,57944.8629443282,62366.1731485531,20695.5724250075,17218.7638587549,2130.08659033555,39.0394059693881,4421.31020422492,0,4421.31020422492
Q43/C2-P1,2025-09-25,144,2013.69456000179,1283.75547808986,40700.4690707407,1048.17933992784,7941.02713345704,49689.6755441255,61250.1285421016,62413.3223455059,20529.0404344708,17285.4679256421,1949.59181162992,633.894414973791,2584.60756028335,1421.41375687901,4006.02131716236
Q43/C2-P1,2025-09-26,144,1283.75547808986,2627.03003850982,13005.6630805775,393.23343638314,7621.90609497176,21020.8026119324,31843.2868493508,30685.5183095006,17148.4378877341,12681.2875846867,2797.9976376173,11287.9454774038,21.6041000000002,1179.37263985022,1200.97673985022
Q43/C2-P1,2025-09-27,144,2627.03003850982,9844.42325646583,16773.999268924,173.197615974178,8901.43635913879,25848.6332440369,38852.5561926431,39262.6948249599,24955.4777666894,13718.283094858,2545.56842270132,12940.3246591631,457.596240650089,47.4576083333346,505.053848983423
Q43/C2-P1,2025-09-28,144,9844.42325646583,4591.73841675304,40923.2478350004,1708.95097556564,10457.5136633674,53089.7124739334,56702.4833496808,60823.3910371714,14674.2136598438,16613.529420215,2169.62155203223,1480.38251624153,4675.5774109935,554.669723502899,5230.2471344964
Q43/C2-P1,2025-09-29,144,4591.73841675304,3504.85166084144,43160.1777333113,1105.80674240259,7168.83213916888,51434.8166148828,67323.011702822,64602.703478377,19988.6449747635,17169.0005098789,1459.56865724012,511.281070732542,469.508405047054,3189.81662949205,3659.3250345391
Q43/C2-P1,2025-09-30,144,3504.85166084144,2919.04064677084,45166.4804910126,1025.78988271602,6818.29676558774,53010.5671393164,64884.9727264504,68181.7218591273,21163.2056826568,17669.4265156156,1557.60589589083,732.100487976898,3327.15312434366,30.403991666668,3357.55711601032
Q43/C2-P1,2025-10-01,144,2919.04064677084,3866.23129333165,37465.3024254778,552.690515494139,1424.74535512697,39442.7382960989,60953.6154195412,58913.3400463189,21235.9304396065,16348.6320741765,373.397520149865,4758.32766770543,141.367405074341,2181.64277829667,2323.01018337101
Q43/C2-P1,2025-10-02,144,3866.23129333165,3268.20519149128,36802.848007853,2626.23392880063,1339.98870492719,40769.0706415808,67189.9081425142,57946.2060794682,19424.2114316418,16271.8347512862,300.416805222435,3172.57808766841,0,9243.70206304592,9243.70206304592
Q43/C2-P1,2025-10-03,144,3268.20519149128,5010.50118496556,12042.6177352577,116.840986320979,2815.42647504392,14974.8851966226,29674.8788963107,30012.6900873042,18419.8894341145,13352.0440475059,1437.44116915873,18575.763836521,354.900568502566,17.0893775090778,371.989946011644
Q43/C2-P1,2025-10-04,144,5010.50118496556,10128.8893564951,14407.7656974865,141.156098114444,3020.23884919836,17569.1606447993,36017.1849450223,35579.9414366889,21572.4971106012,12867.1733052103,1164.74281022775,15106.5746748592,0,437.243508333333,437.243508333333
Q43/C2-P1,2025-10-05,144,10128.8893564951,4878.66834472047,34137.5935509937,2083.96797701566,3918.03806332122,40139.5995913306,59040.439593448,52077.7788274809,14623.9781958932,16570.6212492707,1033.50246877168,315.174949630097,479.531308694203,7442.1920746613,7921.7233833555
Q43/C2-P1,2025-10-06,144,4878.66834472047,4205.57291224505,39343.9479236796,904.218311567479,1918.90523310532,42167.0714683524,57639.1977024727,60508.1432634777,19436.5281325494,16349.3736765929,511.716775304913,186.039666159447,2868.94556100499,0,2868.94556100499
Q43/C2-P1,2025-10-07,144,4205.57291224505,6407.17151979592,40647.6268165329,877.92415785242,1307.56331812975,42833.114292515,62880.5088750905,65363.718494335,25406.4770789055,18597.8076871176,289.139580847529,1100.53068339475,2483.20961924455,0,2483.20961924455
Q43/C2-P1,2025-10-08,144,6407.17151979592,4819.29480409116,34776.2895223695,842.743127249809,13975.4774944938,49594.5101441131,53589.1256576282,55920.7399705503,20202.0587346154,17792.7566191727,3011.92441053716,40.4932656448402,2331.6143129221,0,2331.6143129221
Q43/C2-P1,2025-10-09,144,4819.29480409116,1226.54888511922,34258.0328080157,2650.95838731572,11113.5987337698,48022.5899291013,62592.9474828882,53750.804442152,17245.1910984433,17202.0761168138,2280.96086406046,70.0786412496015,143.041007818194,8985.18404855442,9128.22505637261
Q43/C2-P1,2025-10-10,144,1226.54888511922,4064.08061766343,12201.1960345951,193.526680948545,8166.54373099202,20561.2664465357,32065.0946272222,31460.3898461786,19793.21593603,13478.7263488945,2763.96583100702,18600.6668400501,0,604.704781043598,604.704781043598
Q43/C2-P1,2025-10-11,144,4064.08061766343,10123.9477352968,14591.4635388642,50.8803540161089,3514.45651509117,18156.8004079715,37469.4574148384,37304.4541477332,24569.7672172949,14447.6310401388,893.176484900421,14092.1108721442,0,165.00326710515,165.00326710515
Q43/C2-P1,2025-10-12,144,10123.9477352968,5633.70085798881,34796.9374984431,719.208847974232,13246.1481217493,48762.2944681667,55188.0981928872,54945.7947492361,14567.8093153114,15841.1477349794,2788.80618985858,498.863375429421,868.573852849698,1110.87729650076,1979.45114935045
Q43/C2-P1,2025-10-13,144,5633.70085798881,5761.49905392371,38392.323235501,2412.84528555316,5311.35453681352,46116.5230578676,63942.8031648349,60136.2982550273,20424.0011750643,16428.4225754607,1167.35853678984,249.674558880156,1768.84152677694,5575.34643658454,7344.18796336148
Q43/C2-P1,2025-10-14,144,5761.49905392371,6261.52924876736,40615.9760606829,1541.82153389733,6198.46229518234,48356.2598897625,66904.5234289095,64404.0522260117,22406.4666901055,17699.2108436261,1389.75264172369,330.594737922724,1088.05528780534,3588.52649070319,4676.58177850853
Q43/C2-P1,2025-10-15,144,6261.52924876736,7687.14472756772,39930.2463971996,1345.08670552002,12440.8826084018,53716.2157111215,69196.784917208,65294.5443950654,23272.1524103475,17567.3895214612,2516.86391066454,192.036766843591,236.210633995441,4138.45115613804,4374.66179013348
Q43/C2-P1,2025-10-16,144,7687.14472756772,1200,38182.8667285229,718.440056100555,11920.7103548299,50822.0171394533,57640.869269743,57895.4251859954,15984.2535765938,18785.6756518519,2410.3583752063,13.5110197931167,910.79192306497,656.23600681262,1567.02792987759
Q43/C2-P1,2025-10-17,144,1200,5845.50356844439,13681.5771073026,331.438741091939,6445.89225414325,20458.9081025378,33717.0445018423,34732.5639424142,21460.5827711493,13202.118833031,1760.74257073384,12182.8132583631,1015.51944057185,0,1015.51944057185
Q43/C2-P1,2025-10-18,144,5845.50356844439,9751.58826038854,13574.5984076106,339.099866921464,4337.40149126005,18251.0997657921,35461.2573047934,34713.4063602818,22509.2049112526,14716.9797553649,1281.62549796862,12293.5551023627,166.35979109597,914.21073560759,1080.57052670356
Q43/C2-P1,2025-10-19,144,9751.58826038854,6433.97860982426,40137.7364576633,795.406475293256,13583.2110751916,54516.3540081482,62976.5968086282,61919.0553121386,18010.8250496261,17574.616975705,2584.3807236935,205.053761910967,322.450773825292,1379.99227031497,1702.44304414026
Q43/C2-P1,2025-10-20,144,6433.97860982426,7729.94948536608,43291.1945825779,1552.91649609752,6849.13201671391,51693.2430953894,72987.7809760918,69221.5474778212,23178.061937249,17607.856381184,1384.99490029382,603.732788716723,0,3766.2334982706,3766.2334982706
Q43/C2-P1,2025-10-21,144,7729.94948536608,7690.59425807347,44133.6932169235,879.54040692348,7655.62597801349,52668.8596018604,70126.8118126023,69446.1574016588,22530.7689049686,18285.3425175879,1573.60090602621,286.15057030433,647.343650122918,1327.99806106639,1975.34171118931
Q43/C2-P1,2025-10-22,144,7690.59425807347,6372.93893971125,43121.3825999221,397.983483620246,8035.12165047071,51554.4877340131,66259.7909198135,67474.3979051963,22716.6008173891,19586.3364486111,1584.97687031429,386.485373399284,1222.60596871609,7.99898333333363,1230.60495204942
Q43/C2-P1,2025-10-23,144,6372.93893971125,1331.00862253782,40019.8083897075,4208.12439556534,6520.81669804812,50748.7494833209,73442.7006962405,61174.0228888718,17165.1714937404,18441.5261953858,1328.04172563723,266.260616154461,303.752145625088,12572.4299529937,12876.1820986188
Q43/C2-P1,2025-10-24,144,1331.00862253782,3413.36329085676,13625.6176243863,46.2929182710801,6176.76288788257,19848.6734305399,33610.9323207658,33719.3456569617,20631.8149750646,14837.6509283153,1705.0770947883,11175.7546550007,123.788477777778,15.3751415819011,139.163619359679
Q43/C2-P1,2025-10-25,144,3413.36329085676,10002.6837718011,15016.0652575381,45.2367004027856,4892.61111544965,19953.9130733905,38743.4660805112,38774.0936387846,26116.610294924,15224.0659060385,1211.77680529889,9836.65332186465,79.9630860510916,49.3355277777779,129.298613828869
Q43/C2-P1,2025-10-26,144,10002.6837718011,4385.76190993547,40882.0607281332,2825.29688410425,4996.94166078303,48704.2992730204,66438.0081381662,61817.3622471498,15562.1357904608,17660.5596659523,1009.49267962534,393.861785599981,1696.82698733989,6317.47287835628,8014.29986569616
Q43/C2-P1,2025-10-27,144,4385.76190993547,6356.57900529989,44754.9750551867,989.813336457789,4395.9252722691,50140.7136639136,68283.3020957902,70208.5674723706,23832.8600627856,17530.8812650284,961.463483092036,1313.49049103871,2606.06682357158,680.801446991197,3286.86827056277
Q43/C2-P1,2025-10-28,144,6356.57900529989,6489.97756554819,44950.4623919489,1214.01874785398,5308.86067452847,51473.3418143313,65840.3168978043,69684.9425038607,21065.7271233372,16943.1802656796,1127.9303888108,732.55433501393,3846.94645605637,2.32085000000012,3849.26730605637
Q43/C2-P1,2025-10-29,144,6489.97756554819,6392.9523609424,47612.5252968554,783.277429830656,4145.01957057088,52540.822297257,74180.8938762071,73449.3000715554,22187.1440998,18058.9094049832,795.773550792937,805.873794198198,589.201870252247,1320.79567490398,1909.99754515623
Q43/C2-P1,2025-10-30,144,6392.9523609424,1222.60722990699,42310.9776065048,1238.89480910593,5833.09906644225,49382.9714820529,59492.3591941475,62556.7812705343,16446.3795363011,17974.8780423358,1263.37862489183,411.82575146079,3321.57855118071,257.156474793927,3578.73502597464
Q43/C2-P1,2025-10-31,144,1222.60722990699,7133.50318558437,15697.9167179291,279.19078737879,3209.03538363349,19186.1428889414,39855.1268575912,39016.026145995,23818.0759623467,13972.8351693911,990.854240753932,6235.88419379345,0,839.100711596218,839.100711596218
Q43/C2-P1,2025-11-01,144,7133.50318558437,10187.4276909423,14137.3283966066,27.2769469068577,2825.58616505608,16990.1915085695,35895.8910387837,35873.8452843019,22093.8478018548,15147.4846646802,941.726364703077,7480.99674516374,31.5481391021141,53.5938935839117,85.1420326860258
Q43/C2-P1,2025-11-02,144,10187.4276909423,5666.46764500144,45728.9669626584,1116.83220280218,5201.49662694346,52047.295792404,66706.6592663021,68359.4814977667,18917.2287705995,19391.8193455324,1088.68732634539,1101.42379904502,2348.79146137221,695.969229907599,3044.76069127981
Q43/C2-P1,2025-11-03,144,5666.46764500144,5029.81179686709,47650.7385677982,1338.87713330474,5379.60058523476,54369.2162863377,76024.94088297,72525.8146069297,22924.6637095798,19141.9678680806,1188.39393837811,463.360753808577,9.08266666666646,3508.2089427069,3517.29160937356
Q43/C2-P1,2025-11-04,144,5029.81179686709,4821.9694968377,46207.1605036175,385.007751123102,6473.2597319305,53065.4279866711,70403.5106067631,71281.1369862815,22627.8070046133,18515.5817437632,1362.36742757086,947.875453002235,910.321587402017,32.6952078836328,943.01679528565
Q43/C2-P1,2025-11-05,144,4821.9694968377,6435.79286339518,49499.2083943831,2198.63731368482,5295.71886088221,56993.5645689501,80902.5320480044,75198.3199345644,23795.0350617498,17821.5373701156,1124.76675218901,629.265595119177,1.02318153949454e-12,5704.21211344007,5704.21211344008
Q43/C2-P1,2025-11-06,144,6435.79286339518,1298.33076592977,47593.685647321,692.064922708473,7625.07770675683,55910.8282767863,67894.2004153439,69386.5587498041,17621.652652664,18897.2545363767,1519.02114804784,673.368898231341,1564.26344557133,71.905111111113,1636.16855668244
Q43/C2-P1,2025-11-07,144,1298.33076592977,3599.7209250386,14709.3488962721,92.1530684360472,2660.56952323185,17462.07148794,35715.0725349172,35990.5774209195,20747.9096258947,14734.5556537767,887.088570495182,7588.52190263008,275.504886002315,2.8421709430404e-13,275.504886002316
Q43/C2-P1,2025-11-08,144,3599.7209250386,10246.2715477598,16499.5700361338,33.8226543883335,2111.44259065105,18644.8352811732,40705.5782931659,40808.1083931659,25143.2186391568,14384.1115372679,581.926398001886,6964.87225594563,102.530100000001,0,102.530100000001
Q43/C2-P1,2025-11-09,144,10246.2715477598,5047.356374202,47808.3767116349,485.898693095894,3795.70060041217,52089.9760051429,70214.4730373283,69769.8750551694,16717.4713035896,18220.1754121096,832.933838580966,778.782485603654,326.799334831504,771.397316990402,1098.19665182191
Q43/C2-P1,2025-11-10,144,5047.356374202,5665.0022712763,53218.1653114404,1440.13160913759,5606.82637254392,60265.1232931219,77394.5125872903,78437.8670496221,23409.9745509421,18406.1980788963,1145.18897011988,687.143114362731,2255.11568336977,1211.76122103805,3466.87690440782
Q43/C2-P1,2025-11-11,144,5665.0022712763,4282.81704019232,49357.0369510559,1538.04863669744,5106.50564564929,56001.5912334026,77096.8846925845,73571.1947515572,20977.084557217,18235.4051993213,1059.79819099569,377.042251323958,0,3525.68994102722,3525.68994102722
Q43/C2-P1,2025-11-12,144,4282.81704019232,3422.61693282625,50618.7937414228,1435.95937974711,2798.70643989134,54853.4595610612,74843.45300877,74950.4171511102,21542.6993353566,18223.7665582683,553.991949447717,1209.20024013626,2050.97517434464,1944.01103200447,3994.98620634911
Q43/C2-P1,2025-11-13,144,3422.61693282625,1534.11643354751,50711.11903648,886.841545105027,7526.87382295158,59124.8344045366,71544.212238855,73479.3528814812,20821.2847426211,18564.8910908739,1511.02667490381,166.327921304577,2017.56425373738,82.4236111111113,2099.98786484849
Q43/C2-P1,2025-11-14,144,1534.11643354751,5095.73822975271,15548.834111516,19.5052432089693,1507.79871237868,17076.1380671036,37938.8718183567,37967.8388829344,22318.1170701384,14872.2152102274,544.008617167651,3485.23700685771,41.731502777778,12.7644382001639,54.495940977942
Q43/C2-P1,2025-11-15,144,5095.73822975271,9444.78538284219,16558.1714622108,130.402517641355,3028.34415825494,19716.9181381071,40344.8514511594,39943.1860718371,23132.6536904051,14823.3070514476,841.346383897225,4384.82056677686,0,401.665379322263,401.665379322263
Q43/C2-P1,2025-11-16,144,9444.78538284219,6182.90491287791,52390.6228625653,1083.86761040479,3576.52777629307,57051.0182492632,73211.8002470943,75536.4681341326,20390.2262135135,19451.7756559138,716.294020494913,946.798880361135,2334.55948703825,9.89160000000015,2344.45108703825
Q43/C2-P1,2025-11-17,144,6182.90491287791,5974.7334272921,53352.3641133079,1931.68307551962,1611.04113554741,56895.088324375,73400.5185200114,78433.4026174481,23324.4907614873,19080.1918538319,419.538894621181,1819.1499377472,5032.88409743664,0,5032.88409743664
Q43/C2-P1,2025-11-18,144,5974.7334272921,5817.075846563,53267.3780771595,729.699068143202,6370.87236106599,60367.9495063687,76541.617205172,77994.3542519767,22512.9436450429,18377.3761751409,1302.9814570769,300.46473915166,1571.01720122911,118.280154424391,1689.2973556535
Q43/C2-P1,2025-11-19,144,5817.075846563,8759.01357314993,56912.5042963101,2127.88730316248,3481.25927307668,62521.6508725492,79224.4108956005,82934.9018666533,24757.608813059,17405.9191846496,790.339477980153,1054.44844955729,4316.92952193268,606.438550879931,4923.36807281261
Q43/C2-P1,2025-11-20,144,8759.01357314993,1412.47816556821,50017.4991868941,1146.78945651099,5043.19884096314,56207.4874843682,68042.4329150399,70700.1825702003,15066.5584034676,18815.7941736323,969.369503201486,426.025143566479,2657.77397182711,0.0243166666666639,2657.79828849378
Q43/C2-P1,2025-11-21,144,1412.47816556821,5909.90202541626,16664.7337151143,135.981767412293,2550.45929963228,19351.1747821588,39189.7298358256,39598.4640720713,22442.0386628919,14130.3698430792,953.414090617048,3347.86027620898,408.73423624577,0,408.73423624577
Q43/C2-P1,2025-11-22,144,5909.90202541626,10199.5453554143,17253.7237768422,13.6080123538881,2902.02922886778,20169.3610180639,41910.0594434989,41872.8005268322,23461.0538879134,15142.7746522116,884.363931949259,4403.452406413,1.97793888888725,39.2368555555554,41.2147944444426
Q43/C2-P1,2025-11-23,144,10199.5453554143,6636.47164844018,53030.1154352624,1362.91136937439,3066.91826666679,57459.9450713035,72827.245356139,75595.0704336442,18622.3087573724,18290.8364297483,719.737604705196,782.41442739209,2885.84096932317,118.015891817944,3003.85686114111
Q43/C2-P1,2025-11-24,144,6636.47164844018,3597.1050378988,51476.0338135618,853.680739042711,6494.54501129465,58824.2595638991,72036.1796182058,74214.1110960171,19492.6822423828,18524.5025658173,1444.22381537349,512.821534825156,2177.940344478,0.00886666666667679,2177.94921114466
Q43/C2-P1,2025-11-25,144,3597.1050378988,4156.60578162523,55581.7645560544,2480.85710543058,2380.43336804011,60443.0550295251,87143.1198180763,81049.6664357897,22161.3534573182,17447.1456310739,554.965628066172,712.715437611609,3.18323145620525e-12,6093.45338228665,6093.45338228666
Q43/C2-P1,2025-11-26,144,4156.60578162523,5108.49827032465,56689.1528661864,1370.12421423913,3446.52161420951,61505.798694635,82474.9393335096,82251.6726596988,23091.7965263478,17847.6519465122,651.447529317986,927.793725847906,1457.69117966261,1680.95785347344,3138.64903313605
Q43/C2-P1,2025-11-27,144,5108.49827032465,1457.64948732183,54550.9342376605,1120.49774872142,2428.02137396671,58099.4533603486,75294.0389128475,76691.3779795628,18295.9398524005,18105.475185147,486.090003706248,1001.68058268217,2033.31350696305,635.97444024777,2669.28794721082
Q43/C2-P1,2025-11-28,144,1457.64948732183,5114.32609895764,15946.3157251302,58.0390820567051,3518.12477655852,19522.4795837454,39131.5148855206,39379.3015132645,22555.8809309248,14979.2546035768,932.189771352475,1861.65474060238,258.426225922237,10.6395981783762,269.065824100613
Q43/C2-P1,2025-11-29,144,5114.32609895764,10056.9154594869,18220.6258313581,934.465159372511,866.616465272327,20021.7074560029,49607.8351470373,44951.7544986589,24643.2728708756,15512.7206009329,243.546498773413,1281.98529415627,0,4656.08064837843,4656.08064837843
Q43/C2-P1,2025-11-30,144,10056.9154594869,6608.87651995006,57488.0249602601,1466.98453047317,5268.51325523528,64223.5227459685,78836.599241508,80551.4130229341,20257.3519977949,19511.690163797,1029.45077947682,604.960518413062,2458.59304822922,743.779266803069,3202.37231503229
Q43/C2-P1,2025-12-01,144,6608.87651995006,5007.28109902099,60631.4245199344,1204.80277458684,36967.8902778484,98804.1175723696,83614.2286433624,81478.2327502161,20811.385855977,18298.6584221775,7322.17069230477,25.4216087213683,168.652425691959,2304.64831883834,2473.3007445303
Q43/C2-P1,2025-12-02,144,5007.28109902099,5612.69971866023,66125.082572357,1075.69832266623,31102.3250667637,98303.1059617869,89688.0819752802,87329.1743413311,22612.241924893,17771.039201488,6218.59222510775,3.6172263671624,79.1136982556735,2438.02133220476,2517.13503046044
Q43/C2-P1,2025-12-03,144,5612.69971866023,5304.06954288048,69333.4730372721,3061.18858554322,6238.53250283171,78633.194125647,84141.1821147149,90611.9354926747,21877.5855646517,17998.6114655696,1252.06783974744,862.205666673462,6470.88836129319,0.13498333333041,6471.02334462652
Q43/C2-P1,2025-12-04,144,5304.06954288048,1895.24898960818,65501.3178816156,1655.56920477302,14686.4325473037,81843.3196336923,87696.1726966081,85107.471879406,19758.1777372744,19072.0624651373,2948.44340191899,405.161259187886,269.169028596669,2857.86984579885,3127.03887439552
Q43/C2-P1,2025-12-05,144,1895.24898960818,6479.48252524451,22649.3690161719,554.888937222205,2607.07829713163,25811.3362505258,50542.7753423915,50722.6923902329,25915.1850985068,16865.4897477178,760.866867763001,1175.85122387354,1270.76638594834,1090.84933810694,2361.61572405529
Q43/C2-P1,2025-12-06,144,6479.48252524451,10682.444245625,22899.3915502557,256.854894415562,4061.01815426938,27217.2645989406,51882.7991891998,51284.800328255,25483.7460899343,16859.1687845043,1200.1859570346,315.466496526266,156.773000070464,754.771861015256,911.54486108572
Q43/C2-P1,2025-12-07,144,10682.444245625,9093.01100925656,68409.6316177249,1824.73605718486,8774.62879348332,79008.9964683931,93692.9973129255,89739.9989159406,22152.2216909694,19373.7894824168,1592.05989809106,902.985355479053,29.560528108463,3982.55892509335,4012.11945320181
Q43/C2-P1,2025-12-08,144,9093.01100925656,6875.61292441061,73107.4139968323,1479.31963378344,63.5184673856143,74650.2520980013,98320.4599412503,94696.0829684372,19470.6470188163,17766.8823616025,10.4307566013862,5150.10461782486,163.352646555555,3787.72961936864,3951.0822659242
Q43/C2-P1,2025-12-09,144,6875.61292441061,5480.62570279822,68213.6966607955,1600.69900278602,3216.44814523323,73030.8438088147,94731.823154999,91537.4267443164,22882.8727882724,19790.6154579518,557.89203918421,1601.19718651332,190.79168611111,3385.18809679375,3575.97978290486
Q43/C2-P1,2025-12-10,144,5480.62570279822,8259.84444236598,71818.7650713123,1039.31972466544,2658.81452503742,75516.8993210152,94945.9564710345,96943.7005783277,27164.8022871195,19502.1929869558,573.980016155114,1521.50449431912,2099.5342406265,101.790133333333,2201.32437395984
Q43/C2-P1,2025-12-11,144,8259.84444236598,1874.45542018447,64455.7346126626,1409.30320612801,2084.60776561594,67949.6455844065,88052.1375225823,84890.037413016,16687.0918426825,19263.3945125362,475.220589229857,1766.89763876626,1.43494722222239,3163.5350567885,3164.97000401072
Q43/C2-P1,2025-12-12,144,1874.45542018447,8087.0406849031,24786.8985557024,619.154462557,1117.79342907761,26523.846447337,54465.010758135,55804.7212205152,27066.4121640753,16332.4671146542,405.514161459719,1804.21018255389,1612.79759783756,273.087135457352,1885.88473329491
Q43/C2-P1,2025-12-13,144,8087.0406849031,10565.6641921313,23232.6718672202,490.784891188201,1926.51397744946,25649.9707358578,51553.1011387333,51285.4016817668,22645.2679881653,16111.9059139085,508.435717383757,1602.39694156045,718.302393713713,986.001850680191,1704.3042443939
Q43/C2-P1,2025-12-14,144,10565.6641921313,8384.77377890507,69960.9318154249,2032.26385411617,5830.28157595369,77823.4772454947,87907.9100755186,92290.3028462029,23510.4406548208,21006.2583023084,956.521353249064,1985.13171360635,4382.6426706844,0.249900000000025,4382.8925706844
Q43/C2-P1,2025-12-15,144,8384.77377890507,8430.84750009306,75148.9135416868,1936.69431879016,371.22636302019,77456.8342234971,95428.0403488319,98725.0663260103,23235.9392780671,18779.6444661652,66.8494508786443,4819.00966498704,3534.80083182442,237.774854645953,3772.57568647037
Q43/C2-P1,2025-12-16,144,8430.84750009306,8190.68950909045,73038.2087496272,963.738624958377,239.095252128454,74241.042626714,98705.7619436756,96842.3165942624,22898.4578329341,18763.893036579,48.3102221172749,3378.00235335791,56.8538653888892,1920.29921480207,1977.15308019096
Q43/C2-P1,2025-12-17,144,8190.68950909045,7463.089627121,70332.9749353559,1908.98050115566,1619.12065093771,73861.0760874493,97642.1819484619,93903.2469471951,21731.3333887963,18257.2199386975,279.559801672138,2478.51289876848,44.4431750000007,3783.3781762668,3827.8213512668
Q43/C2-P1,2025-12-18,144,7463.089627121,1688.93116131788,68184.386337123,443.133694739556,789.256890940237,69416.7769228028,87628.3887545625,88346.8299755003,16928.9232909669,18909.170484906,183.327860239995,2987.57472967933,835.041825499999,116.600604562286,951.642430062285
Q43/C2-P1,2025-12-19,144,1688.93116131788,8055.86559909506,24450.4384469185,845.969492487577,1364.17375721029,26660.5816966164,55023.1517697438,55214.8027723947,26836.624418203,16007.424784745,320.019699608805,1817.29820521214,1896.15842059487,1704.50741794396,3600.66583853883
Q43/C2-P1,2025-12-20,144,8055.86559909506,10459.8068079783,22815.0603349796,577.276210863739,441.864432857374,23834.2009787007,53244.1459375264,51043.3912992292,23545.9137506401,16908.6430500236,112.545803272589,1796.74748521865,0,2200.75463829714,2200.75463829714
Q43/C2-P1,2025-12-21,144,10459.8068079783,8285.97374663541,71486.4257224486,1080.33731549952,2146.0893612424,74712.8523991905,94000.3130114613,94715.6908189749,22619.7728878216,20278.4657943441,382.243096947344,3734.03328911143,1484.07737406915,768.699566555553,2252.7769406247
Q43/C2-P1,2025-12-22,144,8285.97374663541,6511.86909711361,70586.8095626451,453.704110490071,3328.84911632906,74369.3627894643,91578.2747660947,92529.9074842524,21555.5622168692,19056.6995802337,643.839401858025,1751.39216614156,962.709801490982,11.0770833333333,973.786884824315
Q43/C2-P1,2025-12-23,144,6511.86909711361,8711.99168083038,70456.1001322302,1248.98177066931,2596.1667143616,74301.2486172611,98138.155274136,95682.2659364272,26180.0151806312,19225.7019709662,468.565683250447,1943.66921001266,20.6395833333332,2476.52892104211,2497.16850437544
Q43/C2-P1,2025-12-24,144,8711.99168083038,8026.07580994848,69162.8029173911,701.982220342253,3275.9233756214,73140.7085133548,93495.7394406109,92720.0719628418,22972.1614181401,19224.7750324872,571.064977795917,1688.15290498481,252.27308530465,1027.94056307375,1280.2136483784
Q43/C2-P1,2025-12-25,144,8026.07580994848,1430.09723784756,66675.5176688571,1352.77018412335,4631.9338925607,72660.2217455411,83276.5226221831,86279.0007539896,17026.862805876,19728.1395876504,883.320457645101,1849.09112674242,3002.7653651398,0.287233333333347,3003.05259847314
Q43/C2-P1,2025-12-26,144,1430.09723784756,8232.79569662117,24323.6261386422,385.155796077619,1486.41396709528,26195.1959018151,54023.11011438,54712.2462322366,28145.1511246284,16675.1437980528,447.515527666626,710.391999994204,899.575249759823,210.439131903257,1110.01438166308
Q43/C2-P1,2025-12-27,144,8232.79569662117,10399.2578951003,22147.2055778272,194.521619756035,1566.08690557601,23907.8141031592,50487.3835642997,51007.2498570396,23739.5813609992,17279.2449237781,367.048370468144,1716.45439028663,564.220868530623,44.3545757907036,608.575444321326
Q43/C2-P1,2025-12-28,144,10399.2578951003,6240.93504765316,66407.7248357681,486.057135650277,3406.11728748279,70299.8992589011,88431.1451452839,87978.7408696247,18503.7713034461,18730.5453184939,625.644493864809,2032.03129520385,243.090325000004,695.494600659251,938.584925659254
Q43/C2-P1,2025-12-29,144,6240.93504765316,7315.51888921284,70714.8258888935,1346.95602828909,1559.87523842599,73621.6571556085,93240.7484758076,95741.8631928306,24189.5387251511,18626.4009099687,319.197833741865,3015.99361139002,2673.60519876543,172.490481742428,2846.09568050786
Q43/C2-P1,2025-12-30,144,7315.51888921284,7274.74007789744,66477.3869237567,711.154067282391,6176.17579986921,73364.7167909082,91643.5388121248,90833.7643404248,23314.2608928838,18921.2522534198,1128.08472475718,1296.65949238454,327.945107210992,1137.71957891101,1465.664686122
Q43/C2-P1,2025-12-31,144,7274.74007789744,1349.1108326645,66790.415701668,517.141711357726,4931.93464061049,72239.4920536362,87153.6278375637,86945.6366596239,17360.5924592483,19395.1462127008,955.518329992021,1381.72080973506,516.77732761578,724.768505555555,1241.54583317134
Q43/C2-P7,2025-01-01,144,6000,9411.4279475,60118.5359284507,30059.2679642253,163420.812806311,253598.616698987,0,57158.1166932153,9123.80883055556,4320,39653.0337540069,0,57158.1166932153,0,57158.1166932153
Q43/C2-P7,2025-01-02,144,9411.4279475,7104.83580222223,73127.6775250311,1325.19168663177,6420.46341138033,80873.3326230432,95844.6996481481,94436.0754433957,21407.4177439986,19415.9413033889,1261.69984711112,691.462916563784,569.285783580935,1977.90998833333,2547.19577191427
Q43/C2-P7,2025-01-03,144,7104.83580222223,10800,54049.6123417944,1412.2837799192,0,55461.8961217136,95403.334367284,89702.2975604252,13165.463491358,7338.37765,0,38344.3403524005,0.406116666667003,5701.44292352538,5701.84904019204
Q43/C2-P7,2025-01-04,144,10800,7860.66835493827,20841.9668846189,533.949931392358,5855.45592505434,27231.3727410656,44554.8041146091,44572.4981850237,16746.0741229424,16209.7185201389,1457.39799072222,866.598206275728,797.25215097017,779.558080555551,1576.81023152572
Q43/C2-P7,2025-01-05,144,7860.66835493827,6737.181345,39028.6636723144,5015.79564422439,195687.361127908,239731.820444447,48170.4873118999,57273.4728823134,13932.8209167353,12296.7232515,35389.3334162551,0,9135.85653430247,32.8709638888889,9168.72749819136
Q43/C2-P7,2025-01-06,144,6737.181345,9419.60236425926,75343.8869806684,539.006407143717,3230.55868714861,79113.4520749608,99074.7569620027,99162.1840590192,27323.066602332,19717.5050305556,716.523744444444,1600.38179835391,514.165883333334,426.738786316867,940.904669650201
Q43/C2-P7,2025-01-07,144,9419.60236425926,10387.924337963,75218.0377323751,1967.53132878423,5480.33078481163,82665.899845971,94181.9723018176,98280.1203064753,25408.6829757545,19709.5434340278,1039.29593202777,1090.44241344307,4098.14800465776,0,4098.14800465776
Q43/C2-P7,2025-01-08,144,10387.924337963,5955.40965611111,68869.2783306547,3334.03383098249,6973.28656369313,79176.5987253303,96038.3777587106,88978.7007403635,18939.3722709191,19330.1547531111,1587.49464966667,1436.58155555555,0,7059.67701834705,7059.67701834705
Q43/C2-P7,2025-01-09,144,5955.40965611111,2798.96206259259,72215.2907086047,1013.63400344012,3815.15287565939,77044.0775877043,91930.7504121399,93306.4181601166,23109.1555462277,21559.2188266111,857.843570611112,1363.75889444444,1728.09897297668,352.431225000001,2080.53019797668
Q43/C2-P7,2025-01-10,144,2798.96206259259,7393.8705462963,23849.8590370435,1689.25890109013,6924.46457653593,32463.5825146696,59571.5655838477,53894.9239899002,25769.5515604938,16737.9191286667,1541.83584830555,889.535689711932,2.69753691666961,5679.3391308642,5682.03666778087
Q43/C2-P7,2025-01-11,144,7393.8705462963,10257.5719712963,23280.2768346006,247.917385972006,2639.99158443809,26168.1858050107,52116.5615742455,51961.4535525309,25319.0846290809,17931.1272670556,684.857431999993,578.565339172145,380.755158719476,535.863180434163,916.618339153639
Q43/C2-P7,2025-01-12,144,10257.5719712963,7294.96719851852,73561.4703461034,2505.56408499718,2856.61290935266,78923.6473404532,94419.7166758333,93908.3659834808,20623.9851946502,19371.7723031667,610.624959888887,2359.57298521948,2283.50730833333,2794.85800068587,5078.36530901921
Q43/C2-P7,2025-01-13,144,7294.96719851852,7174.77751685185,70022.9027226765,1512.65923151769,4360.88000327913,75896.4419574733,96309.1666447531,93147.2380210905,24373.36150607,19850.5935334167,842.159727694444,1214.93280946502,0,3161.92862366255,3161.92862366255
Q43/C2-P7,2025-01-14,144,7174.77751685185,5771.27392333333,70218.6051815111,294.871003308087,5738.92620670001,76252.4023915192,93220.0337007202,92683.5409098484,23868.8391126886,20596.9129154445,1222.77660955555,1372.48005549314,60.9286688333337,597.421459705075,658.350128538409
Q43/C2-P7,2025-01-15,144,5771.27392333333,7041.76618601852,72117.7176851352,1590.37401106436,8602.22833584081,82310.3200320404,92583.1150205761,95862.059947774,25431.29683131,19455.9073969444,1460.09593391666,1235.87518065843,3313.11491886454,34.1699916666666,3347.28491053121
Q43/C2-P7,2025-01-16,144,7041.76618601852,1382.02053537037,67219.1668139547,1233.63998622726,7354.46464017607,75807.271440358,84997.8795552126,87458.3551018138,20746.0884957819,21898.1027671667,1400.24132813889,809.197584670789,2521.20560215672,60.7300555555556,2581.93565771228
Q43/C2-P7,2025-01-17,144,1382.02053537037,6459.27935320987,23503.6965947122,270.863169062357,1902.55931979033,25677.1190835649,53554.4262773663,52635.5287621132,27689.5287794239,17858.9853752778,604.756531333333,718.573422633743,0,918.897515253092,918.897515253092
Q43/C2-P7,2025-01-18,144,6459.27935320987,9588.21955240741,22543.8986054093,1028.8664640044,3839.81720199654,27412.5822714102,54062.212630225,50257.2681479465,24139.0164329218,16736.5571313889,1003.96374494445,811.298574691359,94.2536359999938,3899.19811827846,3993.45175427846
Q43/C2-P7,2025-01-19,144,9588.21955240741,6378.30047925926,68770.5279183657,1920.29473332782,6407.91189284813,77098.7345445416,86264.6593216049,90379.851386845,22103.6464777092,20792.8808127778,1193.28937222222,1551.0322941358,4115.47449857339,0.282433333333529,4115.75693190672
Q43/C2-P7,2025-01-20,144,6378.30047925926,5239.77219962963,68709.2657664111,873.994720373194,5389.9893038653,74973.2497906496,89591.60256893,91264.7496188272,24447.8361680041,20827.42274775,1033.26331891667,619.659634156377,1802.82323323045,129.676183333333,1932.49941656378
Q43/C2-P7,2025-01-21,144,5239.77219962963,6289.31312537037,65600.1475032839,904.692238726627,3103.06287132852,69607.9026133391,92469.0211746571,90688.4655508573,24936.0704839506,19253.6302588333,702.394902277775,2202.06387801784,139.946280555559,1920.50190435528,2060.44818491084
Q43/C2-P7,2025-01-22,144,6289.31312537037,6403.25496596136,70007.6046653208,446.904586739191,4424.71134697349,74879.2205990335,94761.1505154569,94380.6824873828,26531.5955795489,21388.0447629027,851.253664870647,1196.71596894064,256.661013635403,637.129041709506,893.790055344909
Q43/C2-P7,2025-01-23,144,6403.25496596136,1527.65025142929,68989.8996119261,1675.22871754137,4979.51036316723,75644.6386926347,85449.9746142755,88612.1835124073,20143.549375799,20704.319237476,1017.36710024468,475.661540995735,3214.41177035403,52.2028722222229,3266.61464257625
Q43/C2-P7,2025-01-24,144,1527.65025142929,6815.07511357521,21491.9295684321,453.13812667133,2950.30299259033,24895.3706876938,47125.7999286795,49120.0228555062,27252.0596522658,17315.4859424039,962.576898320878,323.204560631909,1994.22292682666,0,1994.22292682666
Q43/C2-P7,2025-01-25,144,6815.07511357521,10348.5771232566,20472.1328279516,472.501863299253,2133.44238351484,23078.0770747657,45613.2429926614,47710.3605932553,25345.2173704423,17349.474261345,502.762992277007,1898.44500976832,2097.11760059393,0,2097.11760059393
Q43/C2-P7,2025-01-26,144,10348.5771232566,5813.35298933836,66484.8569879975,2101.22381602124,4197.62509309604,72783.7058971148,91867.0812758171,87483.9848634291,20441.1630694642,20639.0438067924,937.884177172918,967.734744596894,78.8664083333332,4461.9628207214,4540.82922905473
Q43/C2-P7,2025-01-27,144,5813.35298933836,6450.68610680655,65109.6287224427,951.214025492298,3419.16446945233,69480.0072173873,87667.8419917978,89609.9371975214,23208.8617993648,18225.5782517641,720.237484873868,1108.05101812793,1975.86981127915,33.7746055555557,2009.64441683471
Q43/C2-P7,2025-01-28,144,6450.68610680655,7237.41696077731,66242.6826037793,804.442683901041,9012.73082895058,76059.8561166309,92597.5249307225,91092.7129346242,24083.9444883648,18799.9372670018,1721.61588632004,574.610566247885,251.041708112587,1755.85370421091,2006.8954123235
Q43/C2-P7,2025-01-29,144,7237.41696077731,9226.61181160879,62032.2158037311,912.537856675909,5141.66861455385,68086.4222749609,87474.3229117341,88372.7617766271,25072.1210650204,18518.1426969182,984.345111741738,1413.54247026665,1535.42691797642,636.988053083401,2172.41497105982
Q43/C2-P7,2025-01-30,144,9226.61181160879,1576.8900492816,60780.8107643539,1510.15961441358,4944.50665591313,67235.4770346806,76906.0826845212,80470.0990982201,15443.6653819673,19394.118545488,898.389735189365,1440.42088026347,3566.14009703218,2.12368333333137,3568.26378036551
Q43/C2-P7,2025-01-31,144,1576.8900492816,5881.31803223032,20393.7936099531,582.342335098694,3828.83187671771,24804.9678217695,44709.2336921531,47136.8482347336,25663.5008132366,16913.4504740678,893.839100066432,479.463945631165,2427.61454258042,0,2427.61454258042
Q43/C2-P7,2025-02-01,144,5881.31803223032,9781.60532229882,18357.6058563829,448.722303270579,705.002481208259,19511.3306408618,46294.2636643982,44614.2421091374,24488.0862087942,16325.0912680617,174.713656799032,2404.64822520388,0,1680.0215552608,1680.0215552608
Q43/C2-P7,2025-02-02,144,9781.60532229882,8270.25144189314,58793.8266285388,848.156132075584,801.992301410539,60443.9750620249,86073.0396826509,84197.2313871313,21406.6622664478,18699.6149281878,167.286574076613,3311.74600628122,177.586937259017,2053.39523277865,2230.98217003767
Q43/C2-P7,2025-02-03,144,8270.25144189314,7122.67316329205,58666.7456360312,1686.48730735027,5616.36308579768,65969.5960291792,86918.8185348718,82971.19754503,21858.0380984393,18737.8313104768,1123.20683665581,758.107760389956,0,3947.62098984187,3947.62098984187
Q43/C2-P7,2025-02-04,144,7122.67316329205,6357.86908631952,61283.7695141172,1798.26739671107,2616.71800262083,65698.7549134491,90374.7385172744,86244.6676047755,23093.5263594179,19394.0800204038,501.34917191796,1812.5048210127,0,4130.07091249882,4130.07091249882
Q43/C2-P7,2025-02-05,144,6357.86908631952,6506.23510854353,60342.1213889284,771.293795529026,4735.72324049523,65849.1384249527,84769.0353235709,85584.0267341749,23051.5669441252,18538.2398047398,1006.40327794434,1330.63922273387,1307.24803333334,492.256622729305,1799.50465606264
Q43/C2-P7,2025-02-06,144,6506.23510854353,2131.13852623906,57599.2448443449,2829.00134687596,5795.31244785003,66223.5586390708,86558.1810693695,79905.1107217143,19681.8706556453,19879.9021551467,1156.70637182396,841.596376373016,0,6653.0703476552,6653.0703476552
Q43/C2-P7,2025-02-07,144,2131.13852623906,6044.43672795241,17534.3999127063,440.291183879494,3040.37644424924,21015.0675408351,45098.4491245266,43366.1307422081,24307.1624820286,16166.8332289012,688.390329457774,4098.17381853843,0,1732.31838231847,1732.31838231847
Q43/C2-P7,2025-02-08,144,6044.43672795241,9995.61618912682,15403.1428953569,152.696872537361,7554.3921690335,23110.2319369277,38690.0466321809,39133.7746232017,25707.821568318,17267.2739552806,1956.49907697749,1210.27670380844,443.727991020793,0,443.727991020793
Q43/C2-P7,2025-02-09,144,9995.61618912682,5561.31418419864,56094.2209285096,817.611230530672,5152.58720592446,62064.4193649648,79744.3409355765,79049.9705976024,19424.7393661842,19724.9106910446,1096.23112859044,931.798751053205,594.115467626887,1288.48580560094,1882.60127322783
Q43/C2-P7,2025-02-10,144,5561.31418419864,5673.886342548,52430.5021242048,1318.01843051742,4248.94935752806,57997.4699122502,81281.3702293598,78133.5383142348,22776.9626642108,18348.0248154963,905.751072069978,302.67728759026,82.0811027777778,3229.91301790284,3311.99412068062
Q43/C2-P7,2025-02-11,144,5673.886342548,4038.62580292264,51770.8174200017,1629.38840690626,9879.56319932154,63279.7690262295,79783.0051207664,76095.1878160321,21319.3957649365,18740.4450552614,1945.14155852322,182.934864880197,0.0737638888888341,3687.89106862322,3687.96483251211
Q43/C2-P7,2025-02-12,144,4038.62580292264,6973.0156884077,53444.5279274192,1707.04111709475,12051.7888999911,67203.3579445051,84949.5843810013,81056.417847876,27113.1727457239,19320.7190270998,2332.66786917201,333.935865090605,73.8940898479241,3967.06062297317,4040.95471282109
Q43/C2-P7,2025-02-13,144,6973.0156884077,1251.07845670404,47343.5586268004,1371.88760651307,4964.75451706014,53680.2007503737,70754.8438318358,69099.1274331715,18052.2428372553,19772.0602067101,1191.18297664266,543.037095935617,942.742889566838,2598.4592882311,3541.20217779794
Q43/C2-P7,2025-02-14,144,1251.07845670404,3435.45318816708,15206.8513126165,205.575922733082,5086.9494713973,20499.3767067469,37070.6408628035,37681.2344916524,22205.8909631689,16020.8344218501,1565.01780736671,3274.12227436692,612.650803032833,2.0571741839384,614.707977216771
Q43/C2-P7,2025-02-15,144,3435.45318816708,9853.23456153474,16413.7826615136,157.536188415736,7735.20811250614,24306.5269624355,40702.459046242,40459.4086700121,26666.3556314326,15823.7448254295,2297.09286030071,2763.18129097638,117.283898621484,360.334274851404,477.618173472888
Q43/C2-P7,2025-02-16,144,9853.23456153474,6432.93478124779,49365.5073689784,2431.69854843581,17644.7562207538,69441.962138168,77703.3598198944,72516.8107228861,18360.6878325651,17950.426946636,3510.25214428681,244.221214577096,141.06452708314,5327.61362409147,5468.67815117461
Q43/C2-P7,2025-02-17,144,6432.93478124779,7778.52483767698,49174.9245819565,3547.41448656109,9602.37061656417,62324.7096850817,83884.1883391761,74914.0710710322,23674.2354940208,17965.0996993706,2118.55596800485,153.841411053463,84.6502541203115,9054.76752226428,9139.41777638459
Q43/C2-P7,2025-02-18,144,7778.52483767698,4236.61767489828,47231.9702838199,661.308858566995,9196.20016168518,57089.4793040721,68397.4867207463,70081.732267054,16747.0661510346,16752.8400288388,2112.86888992573,86.8139181172878,1684.24554630767,0,1684.24554630767
Q43/C2-P7,2025-02-19,144,4236.61767489828,6264.66092349258,50457.0649584365,864.74998601763,10563.6036421534,61885.4185866075,75452.4900652173,77159.3773536565,24458.6644073675,17986.2792462328,2202.41395924242,37.7571017642256,1984.79359207877,277.906303639545,2262.69989571831
Q43/C2-P7,2025-02-20,144,6264.66092349258,1325.49571867606,46538.7390812549,1327.6330501554,9753.26271954896,57619.6348509592,71148.8808584365,68168.8707778986,17093.8387921662,18291.2581059895,2072.96663155008,290.364656605304,215.344791108726,3195.35487164665,3410.69966275537
Q43/C2-P7,2025-02-21,144,1325.49571867606,6050.83707429214,15508.8337210067,58.8437295954555,4689.00782411183,20256.685274714,37969.0411498389,38143.3400519159,23654.7822041801,14907.5663653314,1660.38805613362,5516.23023586753,174.298902077025,0,174.298902077025
Q43/C2-P7,2025-02-22,144,6050.83707429214,10134.657758273,15570.4373356989,55.5208745941103,3832.91198989021,19458.8702001833,38149.8670941735,38139.9085362727,24520.5717371963,16186.2244915463,1258.81379351449,3366.8605341372,88.0111183607113,97.9696762614982,185.980794622209
Q43/C2-P7,2025-02-23,144,10134.657758273,6481.91431579654,46363.3420308772,1449.4159431253,11393.9871826892,59206.7451566916,72052.5487922142,69493.4874395208,17582.4225536458,17529.2313666819,2461.07737725719,350.874946480744,567.991660126682,3127.05301282002,3695.04467294671
Q43/C2-P7,2025-02-24,144,6481.91431579654,4838.21693758648,46260.9616195627,824.362839403889,6373.15155453168,53458.4760134983,70620.6434264356,69601.1545391228,19740.2212461569,17468.9068497761,1328.2468887529,448.140081494967,514.773689147728,1534.26257646056,2049.03626560829
Q43/C2-P7,2025-02-25,144,4838.21693758648,5571.08715411812,44689.2886202591,2531.5180085139,7161.88321451419,54382.6898432872,76632.8682878556,70015.4767059849,22804.4689736884,17812.0366738091,1653.06063921497,830.783478653939,94.8043226393966,6712.19590451011,6807.00022714951
Q43/C2-P7,2025-02-26,144,5571.08715411812,6483.49945434514,47320.7124208525,1182.21570712594,5258.64543827289,53761.5735662514,70265.4135007954,73665.2707477168,24918.7057771858,19362.9806093162,1089.51228915926,412.673169006474,3399.85724692139,0,3399.85724692139
Q43/C2-P7,2025-02-27,144,6483.49945434514,2082.81200051155,42809.5720812795,555.702826355068,8339.88594659668,51705.1608542312,65273.5846277594,65584.0144086317,19115.0088333972,19443.775863502,1632.76751523842,413.741420641526,933.218409873386,622.788629001118,1556.0070388745
Q43/C2-P7,2025-02-28,144,2082.81200051155,4344.92275892528,14267.1595631749,128.542932559646,2440.97758478348,16836.680080518,35179.5082131731,35194.7642637802,20563.248044571,14620.3312335301,895.39445285559,6893.72502226162,193.341891873695,178.085841266617,371.427733140312
Q43/C2-P7,2025-03-01,144,4344.92275892528,10379.9052928451,16171.6123350546,411.34321474219,842.812214631545,17425.7677644284,42882.2045606656,40741.0101862928,24892.3874293419,14731.3495372391,212.872703481721,7245.29573100505,0,2141.19437437281,2141.19437437281
Q43/C2-P7,2025-03-02,144,10379.9052928451,6075.39821501452,49895.1460647474,1645.27435192424,2812.71285725467,54353.1332739263,75783.6207335513,73728.9140307991,17274.1055732843,17866.0818844078,509.699870678746,2502.24647926807,934.180216663519,2988.8869194157,3923.06713607922
Q43/C2-P7,2025-03-03,144,6075.39821501452,6456.24045557992,50471.462754647,2477.82464710798,4014.92911828833,56964.2165200433,81347.1059284517,76796.0695798428,23758.5220681554,18901.644858697,880.793798090571,805.289535141684,793.763838781963,5344.80018739086,6138.56402617283
Q43/C2-P7,2025-03-04,144,6456.24045557992,5650.28943064926,47161.6396337678,463.530857883717,3544.84538911906,51170.0158807706,70978.2134124094,72132.2162678333,21171.1146104975,17873.9587569406,845.86685580483,478.621003414516,1154.00285542386,0,1154.00285542386
Q43/C2-P7,2025-03-05,144,5650.28943064926,7094.0739407759,44453.476452636,2144.45150150849,6380.80986832931,52978.7378224738,76831.666997321,71093.5638075915,23134.7184949052,17439.7159217592,1334.3522020211,623.506419799988,41.220280482977,5779.3234702125,5820.54375069547
Q43/C2-P7,2025-03-06,144,7094.0739407759,1265.98029321725,41161.0808538033,416.337424213923,4951.22304106992,46528.6413190872,63213.2480460509,63042.7766830166,16857.8396338242,18900.1343862004,1234.59645393454,225.152089327355,448.710868170689,619.182231204975,1067.89309937566
Q43/C2-P7,2025-03-07,144,1265.98029321725,4866.84748435767,13609.2581754716,320.187607343296,2558.7316221935,16488.1774050084,35533.4810468247,34503.5874913275,19946.4323070578,12915.8296966905,873.225089430697,7402.92943705748,0,1029.89355549727,1029.89355549727
Q43/C2-P7,2025-03-08,144,4866.84748435767,9962.78799493225,13616.1012220595,18.628056465278,5190.92881729361,18825.6580958183,35090.6042518787,35149.0944869766,24119.0995065508,14950.124140789,1825.10067870689,8866.31528325505,61.2882528619365,2.79801776406293,64.0862706259994
Q43/C2-P7,2025-03-09,144,9962.78799493225,5788.43484416084,39715.9025244723,1782.27190861278,5185.37426455948,46683.5486976445,68139.6347521723,62550.5438260549,19471.9809607017,19529.2224138626,1153.80698789611,456.482217111943,6.11310000000117,5595.20402611738,5601.31712611738
Q43/C2-P7,2025-03-10,144,5788.43484416084,6353.43483256679,45585.0298906327,580.245278541589,8367.54877196769,54532.8239411419,69913.1914474761,70945.8931926813,22597.9891365106,17795.8712110082,1938.07850057346,48.6356510857435,1177.45006187184,144.748316666667,1322.19837853851
Q43/C2-P7,2025-03-11,144,6353.43483256679,5899.01391572588,42299.3871753332,1957.21568992516,5533.88279623039,49790.4856614888,60576.679372124,67126.6343713934,21628.1522974375,17927.7821860812,1223.89431226558,669.916438969391,6549.95499926944,0,6549.95499926944
Q43/C2-P7,2025-03-12,144,5899.01391572588,6317.0463187675,40829.5189040637,1724.07497177989,6400.42650597691,48954.0203818205,70641.1906974489,65546.0191559965,21728.8737379067,17224.158564967,1381.38053771418,34.6348374376214,109.278586984272,5204.45012843669,5313.72871542097
Q43/C2-P7,2025-03-13,144,6317.0463187675,1241.10464037202,42491.4872942258,560.231610236764,8427.91158971847,51479.630494181,64683.5684684668,64746.1324607784,16586.7274689662,18003.5967604186,1889.83516115821,332.893896722254,775.187851673237,712.623859361704,1487.81171103494
Q43/C2-P7,2025-03-14,144,1241.10464037202,5022.67658093635,12937.3775688967,121.103397392384,3388.19980926798,16446.6807755571,33121.901208006,33413.053545258,20279.2612203972,13022.7868420138,1079.81841245453,11192.0749293291,321.544433333333,30.3920960813393,351.936529414673
Q43/C2-P7,2025-03-15,144,5022.67658093635,10065.1015427467,13699.6567992899,138.109056088632,5869.11162037862,19706.8774757571,34585.5493464681,35005.3267270446,24335.6594619538,15173.7016985533,1837.36689329954,6941.41070694368,419.777380576538,0,419.777380576538
Q43/C2-P7,2025-03-16,144,10065.1015427467,6746.72741100105,40114.2475287306,729.997369087023,6560.17286759513,47404.4177654127,62971.2166337639,62924.8289878394,19279.8973452296,18603.2535682071,1544.73976906053,459.324713210718,1071.11219706591,1117.49984299038,2188.61204005629
Q43/C2-P7,2025-03-17,144,6746.72741100105,4544.58076831272,36069.2879351964,1226.61233767321,7111.5574650005,44407.4577378701,59605.7167632826,57797.1571669415,17498.5299707369,16155.7412547164,1625.49528228891,188.503966543203,1312.53829780455,3121.09789414573,4433.63619195029
Q43/C2-P7,2025-03-18,144,4544.58076831272,5558.80457575889,39671.4631666144,2416.13473206117,8296.96446694242,50384.562365618,71720.4787513668,64928.5948337862,23200.6067808337,17879.6900657737,1697.49277408981,187.184192816081,0,6791.88391758057,6791.88391758057
Q43/C2-P7,2025-03-19,144,5558.80457575889,4483.98568828595,38370.2874767306,1861.83242894831,4295.09347616672,44527.2133818456,56166.1738650389,62258.4676747206,21040.6776555584,18010.285899728,966.114188326916,728.326323883711,6183.54247765934,91.2486679776013,6274.79114563694
Q43/C2-P7,2025-03-20,144,4483.98568828595,1421.88730725516,39673.7453748309,982.895840072016,9302.83377960245,49959.4749945053,62664.0668142112,61171.6330326388,17299.3686097969,16768.3771168632,1904.78651742334,168.214573795132,708.75009092961,2201.18387250196,2909.93396343157
Q43/C2-P7,2025-03-21,144,1421.88730725516,4814.05288638462,12152.412686169,160.921963071653,5607.71387165311,17921.0485208938,31794.3664103439,31613.3311383024,20971.1049867239,13933.6460180299,1931.16357786625,14481.836230808,153.124361111111,334.159633152553,487.283994263664
Q43/C2-P7,2025-03-22,144,4814.05288638462,10495.4464924167,13859.1206540446,103.060785247014,1327.69856818561,15289.8800074772,35727.6716540445,35409.345169214,22248.1214258936,12907.724109545,448.83947789993,10809.392597432,0,318.326484830493,318.326484830493
Q43/C2-P7,2025-03-23,144,10495.4464924167,4304.5916736747,34907.3055269063,1937.81903306982,6264.702567402,43109.8271273781,61725.2370726096,55926.1188841792,14712.211709278,17488.660821383,1329.79307799065,1246.82929094148,0,5799.11818843039,5799.11818843039
Q43/C2-P7,2025-03-24,144,4304.5916736747,4471.69276256128,37621.1406837228,1246.5653881303,5531.34519165264,44399.0512635058,64308.6157131245,61748.5757925715,21754.5946370857,17470.8306760415,1306.1233919243,790.531473451568,683.053736935207,3243.09365748825,3926.14739442345
Q43/C2-P7,2025-03-25,144,4471.69276256128,4654.44602169965,38897.4839064882,2545.80790374902,8968.94101800834,50412.2328282456,71258.1991286558,63419.7993859795,22015.7385360231,17668.2702809542,2088.26618223532,185.197596479259,113.755091476689,7952.15483415296,8065.90992562965
Q43/C2-P7,2025-03-26,144,4654.44602169965,7020.66540812456,37397.2732221278,1153.51390757101,3768.99296752395,42319.7800972228,63226.84030326,61623.2696182681,24128.7867723477,17414.7198378192,838.959459369808,175.387276442776,674.858049740423,2278.42873473231,2953.28678447273
Q43/C2-P7,2025-03-27,144,7020.66540812456,1384.02165314575,34975.6717647873,1175.19215518185,6365.03013261698,42515.8940525861,59202.2365084744,55685.2705387978,15696.3363528575,17787.0118252955,1501.79981171517,393.304756284294,0,3516.96596967664,3516.96596967664
Q43/C2-P7,2025-03-28,144,1384.02165314575,3564.57052832947,12020.2258556353,83.6435814713016,3305.91218110145,15409.781618208,31101.1327801559,30888.8792307364,18905.2224420681,13350.7361904098,1125.71529492022,15664.8475073316,0,212.253549419503,212.253549419503
Q43/C2-P7,2025-03-29,144,3564.57052832947,9496.80126716995,13265.6085543687,138.01708392358,2446.97833027311,15850.6039685654,34776.9792765289,35205.4754251713,24397.981351289,14423.3572295877,762.329677526421,18418.1451309964,428.496148642385,0,428.496148642385
Q43/C2-P7,2025-03-30,144,9496.80126716995,5155.07853796171,32799.3351034093,2117.66032703364,6999.41422045966,41916.4096509026,59515.9004501723,53202.3086785924,16124.2535780544,16968.1958545115,1679.57001967454,397.619608057347,473.541814391952,6787.13358597182,7260.67540036377
Q43/C2-P7,2025-03-31,144,5155.07853796171,5739.36679620537,36069.1569151856,1073.64119256376,5701.15431052222,42843.9524182715,55798.028693005,60228.3687717498,21050.6253224312,16525.14707875,1368.05016619788,91.9428775998283,4451.01268165324,20.6726029084224,4471.68528456166
Q43/C2-P7,2025-04-01,144,5739.36679620537,3476.67224264773,37796.5588865528,1788.78968041356,4919.82193335444,44505.1705003208,65927.0105285079,60670.6832637913,17879.0039307858,16518.4182821384,1257.34272965198,370.01549479588,221.960724916662,5478.28798963321,5700.24871454987
Q43/C2-P7,2025-04-02,144,3476.67224264773,6428.58063723869,39926.6957061529,358.147296188135,5582.15384706473,45866.9968494057,67736.2938662913,66923.5612881683,23707.4522630194,16546.3187779139,1311.52670645931,614.522442855393,171.296375481653,984.028953604638,1155.32532908629
Q43/C2-P7,2025-04-03,144,6428.58063723869,1306.0435585823,34138.8751323038,2024.96185401307,4219.38338883307,40383.2203751499,60422.3260920861,54001.86949641,16212.8595397635,17742.6995979991,1002.97548928374,497.008110596121,0,6420.45659567606,6420.45659567606
Q43/C2-P7,2025-04-04,144,1306.0435585823,4600.82598363666,11477.4680854381,85.7597022783623,3088.80984483727,14652.0376325538,30873.5852205428,30754.3707988456,20742.8464946288,13836.4014781004,938.570866703869,18398.2477323545,55.5798917406173,174.794313437819,230.374205178436
Q43/C2-P7,2025-04-05,144,4600.82598363666,10192.5609878369,12783.277724096,103.709437472338,3069.95513977484,15956.9423013432,33283.4275504253,33642.8117590364,22996.1844851058,13594.3479291555,868.079789248945,13200.883342335,359.384208611116,5.6843418860808e-14,359.384208611116
Q43/C2-P7,2025-04-06,144,10192.5609878369,7286.25340199405,34297.7952282749,1493.63630128096,2415.9465753244,38207.3781048802,59757.9100066456,55917.0300498491,18375.7437419429,17500.0292582323,522.581238560205,1142.50387136537,710.163558333334,4551.04351512978,5261.20707346312
Q43/C2-P7,2025-04-07,144,7286.25340199405,5036.96728736808,32386.0184422167,771.682469577914,5509.26580703049,38666.9667188251,51814.4934218053,53478.7011797026,17746.1168608793,16398.7121604756,1278.62574219444,205.30127149332,1877.8584495639,213.650691666667,2091.50914123057
Q43/C2-P7,2025-04-08,144,5036.96728736808,7304.06939236718,36028.3390451125,1736.12433906896,4247.36348762525,42011.8268718067,66274.7912104522,60497.7099823669,23428.9558259975,16937.0623245588,869.789957853223,532.857822114742,61.7743916666669,5838.855619752,5900.63001141866
Q43/C2-P7,2025-04-09,144,7304.06939236718,6488.81834116576,37462.9508769762,544.832456001084,3944.84628924637,41952.6296222236,61225.0497129616,62311.6977133943,19798.9596693856,16770.8832782836,837.272840531923,962.714812824276,1334.56148992272,247.913489489961,1582.47497941268
Q43/C2-P7,2025-04-10,144,6488.81834116576,1449.21157142945,32724.397853977,1420.96145560081,6282.75627718213,40428.11558676,55374.4555712435,52895.6690643608,18302.2114170047,19360.4373405364,1313.39877067942,634.757525238632,992.073079924336,3470.85958680707,4462.9326667314
Q43/C2-P7,2025-04-11,144,1449.21157142945,5016.12288521804,11274.6105384849,165.588344241962,4955.10930833316,16395.30819106,29031.985412774,29325.9541678322,17338.3820694049,10833.8692938082,1546.31788281512,19079.1107750507,400.534830058227,106.566074999998,507.100905058225
Q43/C2-P7,2025-04-12,144,5016.12288521804,10442.7643924681,12243.6045966987,166.538395176836,1835.93652132258,14246.0795131981,33303.3895609654,32736.9611193541,21620.5919683706,12628.7021378552,525.368512260087,15396.6825844321,0,566.428441611242,566.428441611242
Q43/C2-P7,2025-04-13,144,10442.7643924681,4321.03184314904,31810.8395378957,407.478932077394,5002.87552769391,37221.193997667,50821.7903313295,51204.079238595,14185.3016650148,16999.6536430492,1128.1114132463,833.010813208933,942.143238072942,559.854330807485,1501.99756888043
Q43/C2-P7,2025-04-14,144,4321.03184314904,4936.36267806625,33047.6176395879,2628.64266575913,7449.97355582907,43126.2338611761,61086.6254391496,55073.1135835315,19187.0460034983,14987.7095114082,1761.34360041732,125.500558525334,763.082393273671,6776.59424889173,7539.6766421654
Q43/C2-P7,2025-04-15,144,4936.36267806625,5688.72585413896,32467.5049189342,499.895847094449,3948.35764865249,36915.7584146811,53595.9902248531,54731.3457440924,20468.8064989055,15902.606405648,843.424209111843,858.394359946743,1381.47588987148,246.120370632224,1627.59626050371
Q43/C2-P7,2025-04-16,144,5688.72585413896,3653.2725189659,34310.8114267053,827.909785250861,5138.19325614666,40276.9144681028,56990.9619245345,56277.8848088105,16490.9337073461,15189.5643046061,1100.25237656133,328.300832631792,957.092231231653,1670.16934695569,2627.26157818735
Q43/C2-P7,2025-04-17,144,3653.2725189659,1477.15861398333,33242.6662603944,817.698388640888,3610.35261695261,37670.7172659879,50906.2449578326,53964.5673442227,17483.906389033,16120.4666896011,716.832038242934,265.817333033698,3072.66942527901,14.347038888889,3087.0164641679
Q43/C2-P7,2025-04-18,144,1477.15861398333,2930.83860652657,10500.8068905127,189.113196262347,2714.87624437224,13404.7963311473,27785.1479348454,27740.3596894115,18148.1859370362,13391.7186157104,819.964194247764,17460.3943790001,248.113633333337,292.90187876728,541.015512100617
Q43/C2-P7,2025-04-19,144,2930.83860652657,9660.10071128831,12485.795878851,146.792927854508,2118.53639073532,14751.1251974408,33274.3330551829,33772.1071511659,23473.6445630829,12957.3162018116,535.812474048486,17178.2403472764,497.774095983067,0,497.774095983067
Q43/C2-P7,2025-04-20,144,9660.10071128831,5983.4594295651,31364.8050188511,485.47569506483,3525.56851239531,35375.8492263112,49822.638205581,51276.2474585016,17702.0991969906,17647.6775031133,733.826361140911,19.1172424318955,1501.94612463545,48.3368717148493,1550.2829963503
Q43/C2-P7,2025-04-21,144,5983.4594295651,4209.54921923574,30359.7004578312,1379.80566622735,8015.62759043574,39755.1337144943,56225.7321600114,51173.0886766932,17397.4567998742,15688.4591971946,1792.98322447696,2693.27558182381,0,5052.64348331819,5052.64348331819
Q43/C2-P7,2025-04-22,144,4209.54921923574,8027.90676495049,34823.6613822987,728.604608216181,4728.82640080879,40281.0923913236,57051.66846923,58989.2619117317,24007.2733727963,16009.3696408218,1127.62109838104,30.7882948048491,1937.59344250176,0,1937.59344250176
Q43/C2-P7,2025-04-23,144,8027.90676495049,4958.38829978492,31131.9224050695,1191.56224005139,3686.23051510722,36009.7151602281,47534.631045473,51307.6670893116,16911.32502827,16460.7398915477,866.898384269267,292.69362019191,3966.79073550528,193.754691666665,4160.54542717195
Q43/C2-P7,2025-04-24,144,4958.38829978492,1380.12685003869,30137.1352519229,500.415803241412,3417.34726980045,34054.8983249647,47945.1724008619,48759.0767913935,15069.0158610357,15426.3381522105,690.350013608232,2553.04739617659,969.83399886495,155.929608333333,1125.76360719828
Q43/C2-P7,2025-04-25,144,1380.12685003869,6376.67427030379,10898.5849066696,300.872283698472,2941.51374788964,14140.9709382577,30917.5644212659,30363.9055704214,20510.5180034996,12116.6269045961,768.0472027621,20699.4656909467,168.224680390001,721.883531234472,890.108211624473
Q43/C2-P7,2025-04-26,144,6376.67427030379,9509.19908674953,10870.4646520487,80.289100406204,2692.6251157235,13643.3788681784,28600.1030313833,28874.2083710935,19647.7389482443,13095.3962132767,716.982205788584,23149.0808752479,274.105339710182,0,274.105339710182
Q43/C2-P7,2025-04-27,144,9509.19908674953,2832.40335770462,28115.7517720811,612.727786538479,6108.8871987062,34837.3667573258,43237.9888930087,44868.6395255198,13139.9810932252,16652.5008416528,1439.31429491748,1295.12071886493,1630.65063251116,0,1630.65063251116
Q43/C2-P7,2025-04-28,144,2832.40335770462,4520.83386525803,37680.1189158305,1294.82856640353,2221.76883518226,41196.7163174163,63858.0518498481,63405.5965345158,22242.4650353586,16496.8092218424,506.33397529626,1512.90904629586,1914.64674268426,2367.10205801655,4281.7488007008
Q43/C2-P7,2025-04-29,144,4520.83386525803,3661.14189106954,30563.5330320428,583.676908277925,3628.46969087716,34775.6796311978,49574.2499213668,50270.5278801983,16861.0882368553,14431.2042486224,776.242921149742,1151.87809644847,1136.04264166667,439.764682835189,1575.80732450185
Q43/C2-P7,2025-04-30,144,3661.14189106954,5860.93971286541,31538.4650954218,470.857612574821,2810.05018691262,34819.3728949092,51954.1579614741,53647.9580511533,20687.9912552864,14777.4548771657,560.956900626842,130.66080699281,1724.76049190918,30.9604022299889,1755.72089413917
Q43/C2-P7,2025-05-01,144,5860.93971286541,1200,30862.7345223345,771.154421857247,16831.3291908773,48465.218135069,46591.6925152036,48295.0507594923,14815.5967415702,16195.4791022507,3546.94448510145,2008.28213860766,1852.30752820542,148.949283916669,2001.25681212209
Q43/C2-P7,2025-05-02,144,1200,3683.60378856955,11516.038791093,126.946698004625,11456.5095874709,23099.4950765685,29609.1889133066,29267.5019019229,19467.103359781,13533.11031171,2950.24718742003,12009.8026246053,0,341.687011383684,341.687011383684
Q43/C2-P7,2025-05-03,144,3683.60378856955,9449.25398254113,12697.3794177546,10.8620949305557,9754.02815313283,22462.269665818,33347.480990331,33381.4953819977,23277.2018089648,13665.448290687,2079.41107151429,17131.9946185676,34.0143916666671,0,34.0143916666671
Q43/C2-P7,2025-05-04,144,9449.25398254113,6928.7996418719,30906.7058317075,1340.8773348613,16318.4343268208,48566.0174933896,54284.9548268397,49593.3492840404,17709.9476699859,16613.4665192909,3254.07753332132,0,0,4691.60554279929,4691.60554279929
Q43/C2-P7,2025-05-05,144,6928.7996418719,3461.2103805543,33722.9215329726,908.589704967211,8914.70389515139,43546.2151330912,56014.1009088653,54081.1675351656,15839.8698452508,15951.124909839,1835.33588651815,950.645019605257,0,1932.93337369972,1932.93337369972
Q43/C2-P7,2025-05-06,144,3461.2103805543,5515.71224144799,35306.0709728383,1159.02898716608,12345.818494683,48810.9184546873,53809.7322613903,56963.7152401768,22509.6226791948,16383.7426953434,2562.31845506018,559.253011385657,3279.50860811983,125.525629333333,3405.03423745316
Q43/C2-P7,2025-05-07,144,5515.71224144799,7028.34227446876,36861.771790758,859.870705376608,7866.25780665848,45587.9003027931,56743.7733577594,59829.0854432264,20923.0128686511,15586.2733938887,1393.94457219682,832.639590660822,3230.18892713362,144.876841666665,3375.06576880028
Q43/C2-P7,2025-05-08,144,7028.34227446876,1876.01790322417,35056.0712329967,854.281872124124,4168.70065461974,40079.0537597406,56573.3546711642,54411.5787749262,14783.314465773,16611.5766513963,835.037222372293,1077.62411625504,535.829653641726,2697.60554987979,3233.43520352151
Q43/C2-P7,2025-05-09,144,1876.01790322417,3105.5381803568,12211.0972900697,175.605287312001,1928.22774160003,14314.9303189817,29067.3818060453,29526.8493559072,18185.0381029327,13623.3126139561,645.569305607895,17044.8739892051,509.769150742889,50.3016008810651,560.070751623954
Q43/C2-P7,2025-05-10,144,3105.5381803568,9940.42653719826,14397.4882134236,249.95047660106,2596.38588130319,17243.8245713278,35283.4087831417,35598.0091207089,23375.65347216,12782.8797912923,671.398963678095,13755.4357868527,504.554204233878,189.953866666666,694.508070900544
Q43/C2-P7,2025-05-11,144,9940.42653719826,3102.11191378023,32763.4679455108,647.919836638179,6973.6572343612,40385.0450165102,50707.3765117137,50461.730934773,11468.179685616,15443.7087064252,1402.61168976554,390.794228681032,920.57087367801,1166.21645061871,2086.78732429672
Q43/C2-P7,2025-05-12,144,3102.11191378023,4687.80484397467,36065.4227748542,1445.38812969943,2621.63137971281,40132.4422842664,52916.9304206804,57397.397784869,19875.36297141,14671.9203696671,480.224419929571,680.041036388975,4515.42023085519,34.9528666666668,4550.37309752186
Q43/C2-P7,2025-05-13,144,4687.80484397467,4435.55784303475,34951.1908228707,1528.49819728537,4118.05566689762,40597.7446870537,60219.7820392225,57065.5146753388,18369.1166412097,15106.0067802258,778.187491154515,1447.60120550939,1139.12185748748,4293.38922137116,5432.51107885864
Q43/C2-P7,2025-05-14,144,4435.55784303475,5224.00332730012,35280.2363883293,1929.67782820681,3260.0729653464,40469.9871818825,58670.9770568244,57517.8185584207,19537.5586075134,15115.821536247,683.033749427525,814.596453248514,2864.23159355009,4017.39009195376,6881.62168550385
Q43/C2-P7,2025-05-15,144,5224.00332730012,2898.42052196378,35315.7900364551,1071.69925143088,1823.28012890404,38210.76941679,53937.8216104067,54201.5013985135,16169.6109247768,15190.4093738719,462.422562554352,758.515793496277,1717.41240644745,1453.73261834062,3171.14502478807
Q43/C2-P7,2025-05-16,144,2898.42052196378,2629.79663534187,11149.9059874287,385.521884433532,1811.80040701049,13347.2282788727,26681.5513535252,26217.7720857783,14248.4011334559,11782.966416059,715.558643168825,21743.4094782169,282.041449699569,745.820717446438,1027.86216714601
Q43/C2-P7,2025-05-17,144,2629.79663534187,9968.94366603883,14797.6614235281,127.397353127009,1449.78651155483,16374.8452882099,35846.0828266855,35815.1152090695,23388.4704854364,12339.4287655762,481.175337962633,14972.1397438386,173.819556130079,204.787173746033,378.606729876112
Q43/C2-P7,2025-05-18,144,9968.94366603883,4791.28014754132,33255.5244258077,1251.79400870924,1684.89229072833,36192.2107252453,56157.5647894562,52003.5755510769,12683.4503808238,14933.491975115,389.101503930166,963.405549298267,19.5778333333332,4173.56707171264,4193.14490504598
Q43/C2-P7,2025-05-19,144,4791.28014754132,2742.00681598494,33710.8572985137,369.523246152049,1601.67343447126,35682.053979137,52682.0866468554,53330.0172893662,15476.696972147,14380.4705458398,287.708202876869,5009.5958492692,764.105559177516,116.174916666666,880.280475844183
Q43/C2-P7,2025-05-20,144,2742.00681598494,3940.35519236173,36278.4467284683,1051.56394565699,2319.29574235815,39649.3064164834,56434.7416853876,59477.1070794557,21286.8162739169,16163.8076431336,488.643903976037,291.049202648421,3247.92366073478,205.558266666669,3453.48192740145
Q43/C2-P7,2025-05-21,144,3940.35519236173,3474.8104772789,35186.0289550761,1322.57588807699,1549.38340637256,38057.9882495257,50678.4028951462,54745.5343645842,16173.260175201,13519.3309854874,396.916194929745,1151.72941980026,4153.26576943794,86.1342999999998,4239.40006943794
Q43/C2-P7,2025-05-22,144,3474.8104772789,2144.84559686095,33218.557466549,207.532538841159,3562.34775356644,36988.4377589566,52095.9000112569,52634.3525343229,18257.0405123464,15985.1712073767,765.089869790416,128.997282477013,646.674615391166,108.222092325154,754.89670771632
Q43/C2-P7,2025-05-23,144,2144.84559686095,2349.32242774768,11034.0298865944,325.302347787915,2360.37062399544,13719.7028583777,26098.3051168636,26836.4725684721,14768.5658565671,11778.5091960213,838.847408641229,18265.8077665675,869.395809941837,131.228358333331,1000.62416827517
Q43/C2-P7,2025-05-24,144,2349.32242774768,9918.99220348903,14046.0579720975,284.783179848511,1519.53135393581,15850.3725058818,35603.3552699838,35074.0520990141,23190.9363482654,11971.9556439278,494.31100278805,20728.7543474645,77.0510873636517,606.354258333335,683.405345696987
Q43/C2-P7,2025-05-25,144,9918.99220348903,2704.58940969863,30864.3806841633,311.355587415139,2147.183335669,33322.9196072475,46965.3519649451,47425.0504149451,10714.4632114432,15171.6777156803,456.008085789324,3776.49948830489,585.460041666667,125.761591666666,711.221633333334
Q43/C2-P7,2025-05-26,144,2704.58940969863,3286.58118748031,36330.1192743462,1994.06779090292,2021.80997926367,40345.9970445127,52607.0483538247,59031.1304436263,18688.4850426441,14613.8802845382,424.213225450617,833.810960970994,6632.14046480154,208.058375,6840.19883980154
Q43/C2-P7,2025-05-27,144,3286.58118748031,2268.41544201277,33128.0622131528,978.834287139892,3708.25156693558,37815.1480672283,49456.160436042,52971.3537937572,17523.3496995867,15110.262427586,902.67558906264,2077.36814415248,3657.69165771519,142.498300000001,3800.18995771519
Q43/C2-P7,2025-05-28,144,2268.41544201277,3421.07530694534,35304.1208289171,860.512266121305,1229.98060400545,37394.6136990439,57746.2603479513,57332.6098170652,19824.8237792269,15020.7133827345,325.302242683747,607.014229923171,1100.29255464165,1513.94308552773,2614.23564016938
Q43/C2-P7,2025-05-29,144,3421.07530694534,1528.36907772519,34696.0704296924,1339.61750050301,5654.95307944435,41690.6410096398,53084.2527856401,55557.1896713316,16607.7409247815,15155.7057553711,1280.25726723552,1073.36326915681,3697.47051613936,1224.53363044786,4922.00414658722
Q43/C2-P7,2025-05-30,144,1528.36907772519,3761.41928619398,12061.2415484902,168.077785105054,1403.03506635349,13632.3543999488,28630.5329913541,28921.3620310241,16754.0194762525,11561.0105881426,567.240211492925,17702.7717544071,377.913123003317,87.0840833333318,464.997206336648
Q43/C2-P7,2025-05-31,144,3761.41928619398,10613.3843521267,13157.4999718105,436.283235661806,2386.92549376404,15980.7087012364,36078.2463998578,34755.1249843112,22049.1239153276,11693.0218120759,639.332195948093,16934.9551936743,0,1323.12141554665,1323.12141554665
Q43/C2-P7,2025-06-01,144,10613.3843521267,4436.37325669401,42496.0848301045,2181.35040461603,33416.6624580485,78094.097692769,66177.8694956687,61911.6787931702,15265.4921146785,17924.358598779,7208.47983792177,534.795481859144,692.091454321057,4958.28215681954,5650.3736111406
Q43/C2-P7,2025-06-02,144,4436.37325669401,3151.28270838601,43006.1337214587,2507.43943730841,33495.7660194986,79009.3391782657,71598.4124042155,63852.8583689204,18393.5248151082,16055.3365937148,7180.93712605513,42.6198235821826,64.5413068460015,7810.09534214112,7874.63664898712
Q43/C2-P7,2025-06-03,144,3151.28270838601,2794.78691011305,47572.8770132891,1479.51499875146,10689.3445438395,59741.7365558801,73840.7690557008,70883.7644786081,21419.0048833313,17670.240173944,2148.92115701593,1124.72242623673,1098.23636073388,4055.24093782662,5153.4772985605
Q43/C2-P7,2025-06-04,144,2794.78691011305,3251.71647044386,48569.0717785224,4352.23500936052,9464.510790399,62385.8175782819,84670.2809328439,72815.0297192477,21588.4018008622,17075.3688544007,2139.83810284836,798.28572563449,0.711633333333339,11855.9628469295,11856.6744802628
Q43/C2-P7,2025-06-05,144,3251.71647044386,1200,48970.8146845411,1850.52368922919,9894.47988732303,60715.8182610933,71779.4662412016,71154.9948700182,18071.042649866,16484.089369791,2156.16092474703,424.741164690123,2228.63883562682,2853.11020681031,5081.74904243713
Q43/C2-P7,2025-06-06,144,1200,1271.68906534804,17005.634729807,401.900390266888,10272.6960160742,27680.231136148,35114.4560578089,34122.6958490785,16213.876633875,13068.7199146255,2826.70713120775,2881.54586103677,0,991.7602087304,991.7602087304
Q43/C2-P7,2025-06-07,144,1271.68906534804,9957.09513723928,21058.9254792889,1152.74418745198,5444.46460273255,27656.1342694734,49232.2435333012,44927.8976721015,26822.4710178929,13909.3360597912,1177.3554825291,2277.5200298622,438.472175,4742.81803619962,5181.29021119962
Q43/C2-P7,2025-06-08,144,9957.09513723928,2835.70846746037,46190.7986636509,2730.37444992387,591.135969363808,49512.3090829386,68419.3773009905,64304.2547600594,8418.67032611638,13228.3709669553,112.680599110657,4033.75106667564,2291.56491439304,6406.68745532415,8698.25236971719
Q43/C2-P7,2025-06-09,144,2835.70846746037,2462.29563023361,52426.3797077132,1915.34081842588,3664.37609447718,58006.0966206162,80665.5259557734,75921.6427685683,20183.4231013933,16684.6442656326,833.538016946429,2338.42921642078,0,4743.88318720507,4743.88318720507
Q43/C2-P7,2025-06-10,144,2462.29563023361,3237.21513136762,53332.4786301796,935.281323428511,2218.28069045049,56486.0406440586,76783.5836163642,78656.5635334901,22428.9075022402,17469.9875257939,467.40807638596,2547.61906676314,2179.08968101479,306.109763888888,2485.19944490367
Q43/C2-P7,2025-06-11,144,3237.21513136762,1632.27208496496,55809.5191837318,682.203904041904,2455.52483528819,58947.2479230619,79197.9739689196,80314.2604186909,23164.4550359935,20207.6573209171,451.063787651228,1705.75850793241,1392.89309977124,276.60665,1669.49974977124
Q43/C2-P7,2025-06-12,144,1632.27208496496,1848.34742720017,54138.7112269641,473.678926438065,1568.32184579696,56180.7119991991,79655.1342251406,78269.2052748495,20845.3564372595,16690.2709061685,291.342466543213,1755.51744363505,80.5516966055923,1466.48064689673,1547.03234350232
Q43/C2-P7,2025-06-13,144,1848.34742720017,1338.94128152671,16940.7611162232,133.02987504511,2012.64956683972,19086.440558108,34024.517017076,34081.2675098053,13740.5547949805,11588.3149150403,519.659892762158,4139.04548929398,243.625894051284,186.875401321916,430.5012953732
Q43/C2-P7,2025-06-14,144,1338.94128152671,7775.88143470357,20018.6747576558,351.438322861537,2824.12124343913,23194.2343239564,41798.8718641107,40913.8518783697,21243.6662355896,11414.1235129684,825.042773650195,5847.43751273206,0,885.019985740926,885.019985740926
Q43/C2-P7,2025-06-15,144,7775.88143470357,4441.80164979479,53234.6141136644,1537.0846892557,882.859229519992,55654.5580324401,72129.0178159381,75766.2818107291,16635.7713150891,16475.64657164,184.053001158354,5177.66906843839,3969.42652812433,332.162533333332,4301.58906145766
Q43/C2-P7,2025-06-16,144,4441.80164979479,4984.825577596,55604.7616735976,1296.09665063806,1636.72203477289,58537.5803590086,78333.6048675685,80163.4077149647,21765.819312338,17141.5921079727,345.73230131603,3171.5183285821,2630.16401338144,800.361165985227,3430.52517936667
Q43/C2-P7,2025-06-17,144,4984.825577596,2877.2581309746,55895.1262834871,1605.50087054952,2563.65688168102,60064.2840357176,77117.2275521555,79335.8003599931,18857.0645456042,17171.0329838987,465.856403369553,3495.7339849904,3271.27953499865,1052.70672716105,4323.9862621597
Q43/C2-P7,2025-06-18,144,2877.2581309746,4275.69515031912,55344.8680315418,2159.5301308121,433.245359076526,57937.6435214304,81298.2375270279,80397.666270696,20839.1265328505,15621.0991741989,112.010283021291,4382.91829506559,2542.62453037949,3443.19578671143,5985.82031709092
Q43/C2-P7,2025-06-19,144,4275.69515031912,2607.18839048152,50683.3848364632,2754.62884374362,3962.01030224657,57400.0239824534,72975.8312871786,73848.2357816041,18761.7163894525,16698.6463593104,697.594022797553,4114.71724092616,4261.2455587551,3388.84106432963,7650.08662308474
Q43/C2-P7,2025-06-20,144,2607.18839048152,2149.83486592739,17332.5972997467,303.291174940417,426.654434339328,18062.5429090264,34162.6585044158,33455.3195794158,13605.7827020207,11432.3021607355,166.853902788306,9008.37375758559,0,707.338925000001,707.338925000001
Q43/C2-P7,2025-06-21,144,2149.83486592739,8520.41289740576,19921.0811890546,161.589367226667,236.157979498177,20318.8285357794,41777.356090891,41413.2465797799,21656.2728072513,11808.060745543,76.3801135983511,12374.2058983366,3.06031666666655,367.169827777779,370.230144444445
Q43/C2-P7,2025-06-22,144,8520.41289740576,3118.97134804679,46093.8267846313,1415.33737909393,6615.13620531002,54124.3003690352,64870.9783300908,66325.8775903314,14851.3318606855,16890.8762015783,1289.83953463587,2246.97869919343,2502.92718087185,1048.02792063121,3550.95510150306
Q43/C2-P7,2025-06-23,144,3118.97134804679,2661.729316336,48536.188582826,485.559581352539,2850.70836743635,51872.4565316149,71750.3055166119,71518.814952701,19890.8011023986,16523.0667214826,589.052508656361,1684.4320804413,600.083453875155,831.574017786119,1431.65747166127
Q43/C2-P7,2025-06-24,144,2661.729316336,3479.88893921405,56938.564534685,1001.57171355965,5986.81810274548,63926.9543509902,84324.2140310416,82001.4224181211,24232.2067005886,18891.7437668865,1174.03289781172,1608.03346556412,0,2322.79161292044,2322.79161292044
Q43/C2-P7,2025-06-25,144,3479.88893921405,2653.36791433119,51123.3144752298,1592.70760748253,4080.89554929886,56796.9176320112,73230.6400357597,75051.2002791184,18416.264383567,15661.0430730838,785.700722768309,2607.43165807023,3079.91666501336,1259.35642165471,4339.27308666808
Q43/C2-P7,2025-06-26,144,2653.36791433119,1729.31132708871,48461.7576451482,1065.60603103041,1322.5184080545,50849.8820842332,70440.8227227103,72627.3473309801,19616.8586479593,16721.3064333653,242.950628909778,2288.93357862912,2623.8270019843,437.302393714588,3061.12939569889
Q43/C2-P7,2025-06-27,144,1729.31132708871,1663.41539201444,15829.7300620512,530.543817710605,1306.68143773098,17666.9553174928,34385.7845304371,32708.7180210687,15585.1567109668,12683.2832774499,547.702936413425,10549.5866572986,0,1677.06650936836,1677.06650936836
Q43/C2-P7,2025-06-28,144,1663.41539201444,9310.14509785252,19435.0964169007,255.554481527982,1276.48481507521,20967.1357135039,41854.4666901046,41573.7094578373,22776.0245754251,11566.52317084,304.65324520296,9089.98851512191,157.563799728592,438.321031995881,595.884831724474
Q43/C2-P7,2025-06-29,144,9310.14509785252,2144.07669358432,46164.2179089371,2105.40729778264,6532.68769254952,54802.3128992693,60921.3179736581,66044.6839393532,16342.6525640085,19687.0101406882,1297.76857714746,1387.21155984714,5201.17364625071,77.8076805555554,5278.98132680626
Q43/C2-P7,2025-06-30,144,2144.07669358432,2252.90589400321,48987.9052185151,378.438692645994,5009.98717545088,54376.331086612,74271.5821866628,73753.6560834634,20656.5358234091,16633.8477365843,1044.60800868841,1046.86368866037,173.209422222222,691.135525421641,864.344947643864
Q43/C2-P7,2025-07-01,144,2252.90589400321,1200,52521.4572186224,3357.11303912118,50726.4881258531,106605.058383597,62647.9053252293,70539.4463804643,16512.4267107735,14322.6809403294,10511.8034233131,0,7891.541055235,0,7891.541055235
Q43/C2-P7,2025-07-02,144,1200,2492.98075871962,54510.426425626,1623.51170392333,25282.8218389407,81416.7599684901,68685.1237015013,72289.4917713948,18153.0151153783,13540.2595606087,5262.21681670802,0,3604.36806989349,0,3604.36806989349
Q43/C2-P7,2025-07-03,144,2492.98075871962,1453.26775411274,62033.8492878052,1707.33993279016,9703.37884330354,73444.5680638989,83202.5577582557,81842.0685914315,19689.1074674999,16883.9187528211,1744.27088066,857.391824079353,1746.9861067052,3107.47527352941,4854.46138023461
Q43/C2-P7,2025-07-04,144,1453.26775411274,1947.79295037068,22683.5676748646,165.715694714381,8843.96327047273,31693.2466400517,40090.4626031082,40092.8754922777,15401.575707852,12030.203646728,2322.21485809246,10174.6591559128,179.288331585731,176.875442416197,356.163774001928
Q43/C2-P7,2025-07-05,144,1947.79295037068,8023.39012574516,26742.5522932101,89.5194925666383,4151.45417031183,30983.5259560886,48961.7541327624,48993.1018578154,22645.8558358267,12875.1057691826,923.323239690729,11500.961730862,119.077791392182,87.7300663392218,206.807857731403
Q43/C2-P7,2025-07-06,144,8023.39012574516,2882.87322409506,60721.262851589,2364.99918198199,7852.19920269649,70938.4612362675,71916.4192200886,78025.2274834381,16503.6138369188,17994.3924193893,1279.83922227334,1026.75540484863,6110.40128834949,1.59302499999967,6111.99431334949
Q43/C2-P7,2025-07-07,144,2882.87322409506,6464.60221064213,59372.1262017434,643.852087718396,7106.44874593079,67122.4270353926,82019.0821423309,81029.6257410791,22920.377806504,15341.9499353759,1463.81177410223,1495.66854405324,300.130608805558,1289.58701005736,1589.71761886292
Q43/C2-P7,2025-07-08,144,6464.60221064213,6882.31991288801,68534.4480363673,2252.16982702579,0,70786.6178633931,94716.6528146818,89001.5548689358,19562.2880156411,15469.507360648,0,9329.502197276,706.554353587451,6421.65229933351,7128.20665292096
Q43/C2-P7,2025-07-09,144,6882.31991288801,2735.23277062779,57005.6325129302,1790.14723626415,2871.07281443887,61666.8525636332,80148.0572804414,75136.9359247678,15143.6829259895,15998.7615980857,499.875840448345,2400.75375397896,277.448641666667,5288.56999734029,5566.01863900696
Q43/C2-P7,2025-07-10,144,2735.23277062779,1905.84099621307,58039.4338923521,831.805568903108,3119.82724310385,61991.0667043591,76130.975443496,76395.4356325502,18418.7751133813,15665.6604388121,615.679733629138,1230.74564161016,1416.67894957175,1152.2187605175,2568.89771008925
Q43/C2-P7,2025-07-11,144,1905.84099621307,2933.26071226472,24169.2823983949,519.246539563139,3598.67000142635,28287.1989393844,43567.4500846615,42182.2142650368,15931.8286636967,11980.1034731479,1047.93193378876,6849.15052494338,0,1385.23581962468,1385.23581962468
Q43/C2-P7,2025-07-12,144,2933.26071226472,8570.81030586129,27424.5861874264,413.616176665607,1704.30756838479,29542.5099324768,48598.4351906094,49462.7566477985,22605.159159302,13236.3842847977,416.373059748841,9523.49816637643,986.041190522468,121.719733333333,1107.7609238558
Q43/C2-P7,2025-07-13,144,8570.81030586129,2156.862154723,50391.0104071346,2890.98947432159,6390.57482152052,59672.5747029767,74417.054796345,66700.3891741138,12696.7296832537,16056.9043794599,1156.32110280425,1953.59623979098,0,7716.66562223119,7716.66562223119
Q43/C2-P7,2025-07-14,144,2156.862154723,1443.87165187026,54301.7773545542,1293.5247759857,7843.33556787839,63438.6376984183,75444.034527647,73823.5909456907,18060.3171554519,15270.5483484835,1409.16704643538,653.959968490968,1247.74767215888,2868.19125411526,4115.93892627414
Q43/C2-P7,2025-07-15,144,1443.87165187026,4782.8741409192,65214.4582317427,2442.43505101878,0,67656.8932827615,94767.2656297301,87665.2645947943,21387.5051799283,14318.7769555979,0,7823.99245379724,6.46175555555556,7108.46279049136,7114.92454604692
Q43/C2-P7,2025-07-16,144,4782.8741409192,2968.73786879261,59382.3614041612,892.884668556071,607.875959738064,60883.1220324554,80096.990457935,77972.9676294555,17540.977885846,15840.9147324492,117.29179488585,4243.86122094449,0,2124.02282847955,2124.02282847955
Q43/C2-P7,2025-07-17,144,2968.73786879261,2875.85750046073,61615.6228172918,1524.63599852858,725.728258832513,63865.9870746529,80462.2698852642,81504.9681369133,19663.0952725087,16010.6995022308,143.803064031807,5098.78769733387,2641.67122643047,1598.97297478128,4240.64420121175
Q43/C2-P7,2025-07-18,144,2875.85750046073,2374.62885770567,24352.6509897931,847.812300661505,371.669969770827,25572.1332602254,44589.5151140625,41886.3907603961,12571.8869725225,10634.3342262228,111.748759081622,8790.53700651136,0,2703.12435366641,2703.12435366641
Q43/C2-P7,2025-07-19,144,2374.62885770567,7185.73367871903,27650.0810244412,685.496687879334,4.52926091945614,28340.10697324,51297.6612743135,49185.2624151077,18455.6816314948,10619.1077825988,2.03242581083964,14402.5902753558,5.4167083333333,2117.81556753919,2123.23227587252
Q43/C2-P7,2025-07-20,144,7185.73367871903,4518.57136693065,57576.0769887417,1471.3094472138,2008.25492052199,61055.6413564775,80698.7614814661,77289.4695519605,15863.0443739103,15249.5120234769,368.089062908275,4902.27471443538,666.129613888889,4075.42154339447,4741.55115728335
Q43/C2-P7,2025-07-21,144,4518.57136693065,2728.81567033035,61257.2036368403,843.056239529481,329.347864884321,62429.6077412541,83700.058047954,81230.3514969136,20898.9595715969,18538.9373799338,61.4711746949669,4967.59946327876,138.974794501784,2608.68134554216,2747.65614004394
Q43/C2-P7,2025-07-22,144,2728.81567033035,2705.26093067716,60032.7768483594,1182.64051422026,2954.54782442339,64169.9651870031,79155.2180263493,81066.7732799213,21148.3954585395,17151.3995871049,580.022106611167,3829.92823176448,2947.09682688434,1035.5415733124,3982.63840019674
Q43/C2-P7,2025-07-23,144,2705.26093067716,2054.78069149093,58620.7851489673,3186.22514742364,5690.242211477,67497.2525078679,88017.2868234284,78980.3183347431,18949.7291923073,15934.7128610365,983.375315414163,2755.44686888648,8.06462777777779,9045.03311646308,9053.09774424086
Q43/C2-P7,2025-07-24,144,2054.78069149093,2286.91589039877,59600.7343308877,2878.11632374769,2162.08229622374,64640.9329508591,87465.0150818253,79723.2743193807,20374.0430837703,16294.0532188369,385.804229078266,2220.06501685883,0,7741.74076244466,7741.74076244466
Q43/C2-P7,2025-07-25,144,2286.91589039877,1511.92487368646,22382.5628322961,309.093142978851,3297.15717227765,25988.8131475526,39260.5330084876,39039.968772163,13503.3150897309,11635.1771377231,1053.54492001707,11750.0628401722,325.934346063008,546.498582387672,872.43292845068
Q43/C2-P7,2025-07-26,144,1511.92487368646,9765.49692192699,27784.4470438602,117.400101824224,474.42275358567,28376.2698992701,50763.635351444,50955.0161907143,23985.985028006,12000.4330292684,153.770572535258,10808.2331978453,246.93825,55.5574107297574,302.495660729757
Q43/C2-P7,2025-07-27,144,9765.49692192699,3229.03569857387,53916.6177347262,1570.07118970028,7236.68032054034,62723.3692449669,71644.5060317498,71640.6299097159,16308.4992613371,19092.6995027008,1334.73581225307,2084.12116333273,2117.34794908912,2121.22407112298,4238.57202021209
Q43/C2-P7,2025-07-28,144,3229.03569857387,1999.41000603149,60466.8747200922,480.750966149336,4631.27081631089,65578.8965025524,80656.699580729,81512.6751194193,19741.145211224,17096.9907443796,829.916933122339,1715.08535236386,949.587533134719,93.6119944444442,1043.19952757916
Q43/C2-P7,2025-07-29,144,1999.41000603149,1868.39413405576,60878.057585605,2271.05877550569,1778.58582677084,64927.7021878816,78877.3632739658,82811.8341046663,21302.1252678176,17372.6357517104,274.141012082177,3098.73465064125,5287.51927186422,1353.04844116381,6640.56771302803
Q43/C2-P7,2025-07-30,144,1868.39413405576,3100.06942169967,58762.2782954373,3397.4521874828,7051.40852684429,69211.1390097644,69423.6158188918,79463.4471450849,21626.1496797582,16408.6734817246,1352.94873442095,1475.66896480561,10050.7927428597,10.9614166666669,10061.7541595264
Q43/C2-P7,2025-07-31,144,3100.06942169967,1398.80520012288,55188.9022275248,1693.97129113205,11209.7123508071,68092.5858694639,70688.3225289117,75526.970059816,19374.9995120236,17224.8874041582,2003.52831781669,536.500003100649,4872.87092552275,34.2233946184239,4907.09432014117
Q43/C2-P7,2025-08-01,144,1398.80520012288,1257.42798712138,20089.4978665372,527.565354995011,10661.747079076,31278.8103006082,37003.5468320227,35964.2933168222,13918.1579736855,11400.9474503866,3212.99231414191,15383.3754409985,200.226998899012,1239.4805140995,1439.70751299852
Q43/C2-P7,2025-08-02,144,1257.42798712138,8385.97017290628,25667.9626515295,343.980716862898,2094.95831985183,28106.9016882442,49036.5556251838,48053.5834246332,24226.1116923594,13207.4625036047,407.314166118046,16757.6684686632,0.924116666666691,983.896317217278,984.820433883944
Q43/C2-P7,2025-08-03,144,8385.97017290628,1281.68768730506,43614.0148406977,245.604817704587,13333.4263451312,57193.0460035335,56034.7063638357,56328.826258099,12315.3097451007,16369.2551305727,2515.65333976234,0,294.119894263322,0,294.119894263322
Q43/C2-P7,2025-08-04,144,1281.68768730506,1823.16289082811,51014.8654164716,1628.26966391994,6503.93688762128,59147.0719680128,70629.7204714974,69727.8343646817,19409.5587880116,15234.4149351187,1305.16862966775,1489.32239145649,1686.05218733059,2587.93829414632,4273.99048147691
Q43/C2-P7,2025-08-05,144,1823.16289082811,2302.19988307259,50949.2859502935,558.012437127561,5330.73605479849,56838.0344422196,67819.6673476252,69152.7733360793,19595.782338149,15441.4504008807,1063.27146867366,850.034800818003,1477.37540512085,144.269416666667,1621.64482178752
Q43/C2-P7,2025-08-06,144,2302.19988307259,1499.46490456595,53040.3528370804,1185.63597420032,6509.83546979585,60735.8242810765,72510.0162421235,70057.4787741797,17721.9710496379,15077.2580308627,1205.17637323869,582.267861976454,0,2452.53746794386,2452.53746794386
Q43/C2-P7,2025-08-07,144,1499.46490456595,1425.81087028559,50477.5023646673,2043.08852724003,6682.0526499549,59202.6435418622,74651.1725586715,68574.0355399002,18383.6058411252,14957.0093621638,1456.74957646843,2985.30005407387,859.708866666666,6936.84588543793,7796.5547521046
Q43/C2-P7,2025-08-08,144,1425.81087028559,1380.12088711244,20883.4555953195,179.017497526828,3300.68953877792,24363.1626316242,38742.6616089035,38456.1105141689,15826.4001029732,12860.5050682642,852.603327527036,20540.8875569869,37.32115,323.8722447346,361.1933947346
Q43/C2-P7,2025-08-09,144,1380.12088711244,7330.07361563623,23790.241595763,121.074729098072,4244.51494111012,28155.8312659712,44587.8976135164,44410.3026192709,20307.4102959065,11094.0448840129,1141.88360076488,17615.4484748088,14.5581248333346,192.153119078872,206.711243912207
Q43/C2-P7,2025-08-10,144,7330.07361563623,3117.8662819415,49350.6961902632,1085.8903448845,3948.04402749429,54384.630562642,65559.8152213358,63938.6379145894,16351.7304369135,17035.8882542252,758.936569390287,79.2932512913369,532.888267605966,2154.06557435243,2686.9538419584
Q43/C2-P7,2025-08-11,144,3117.8662819415,2268.11236829901,49651.7304640323,1121.84029827129,5275.62824168605,56049.1990039897,67974.4888273829,67908.8836207039,18131.7651563448,15451.5082989175,955.603437011988,1623.86186695528,1822.10163359948,1887.7068402785,3709.80847387798
Q43/C2-P7,2025-08-12,144,2268.11236829901,2076.32682346634,51835.3900974157,1252.86060363649,7265.53258865138,60353.7832897036,73061.5256719743,70452.3363245338,18502.146510099,15159.3456635296,1372.69052573229,676.434020363317,797.593033333333,3406.78238077386,4204.37541410719
Q43/C2-P7,2025-08-13,144,2076.32682346634,1605.90203380036,49807.870068702,1131.06976350991,6384.45190689667,57323.3917391086,65050.3335980925,68703.7347221436,18432.4346360069,15353.654365865,1175.51359688541,714.14026555375,3798.37529349552,144.974169444445,3943.34946293997
Q43/C2-P7,2025-08-14,144,1605.90203380036,1457.99516707977,50971.5935610932,983.783967440743,5503.91325797948,57459.2907865135,67271.3125675148,69404.8459621741,19748.7252966062,16129.5836702996,988.554452964747,692.794472165501,2606.37094618035,472.83755152109,3079.20849770144
Q43/C2-P7,2025-08-15,144,1457.99516707977,2110.32436602534,21231.6067931458,621.0147008282,4902.52497571426,26755.1464696883,39806.7358830713,38750.2634545338,15432.5179197898,11913.2432359787,1498.75179027352,19590.4186776629,267.998696780301,1324.4711253178,1592.4698220981
Q43/C2-P7,2025-08-16,144,2110.32436602534,7171.62130894284,23282.54561252,1089.62092696782,6569.60369998098,30941.7702394688,45561.5473602666,43167.4754017279,20412.7086040213,11979.1267206315,1775.36458157749,19687.3093999156,370.892575,2764.96453353867,3135.85710853867
Q43/C2-P7,2025-08-17,144,7171.62130894284,1802.55835272454,47758.8622492423,870.522942145411,5103.7233217942,53733.1085131819,65583.9997511024,63732.7463762328,13511.5511787415,15776.5131153771,994.596085561969,3891.74911509703,594.386291666667,2445.63966653622,3040.02595820289
Q43/C2-P7,2025-08-18,144,1802.55835272454,1662.07052726409,49826.4013419658,750.845975659763,7191.64365877216,57768.8909763977,68716.484171255,67354.980599619,20734.8770901332,16921.6894859223,1402.9622169434,512.397929018168,495.693839381347,1857.19741101732,2352.89125039867
Q43/C2-P7,2025-08-19,144,1662.07052726409,2145.94799981855,49946.4049804376,186.978071575158,7142.7791415509,57276.1621935637,67571.1220620208,67700.1468101319,18635.9878717676,14659.6604508328,1333.97669892393,709.45437145425,304.678198111101,175.65345,480.331648111101
Q43/C2-P7,2025-08-20,144,2145.94799981855,2209.10305993959,53683.2993253938,1978.51050057947,9734.36156915963,65396.1713951329,75899.3771312869,73141.2844314168,20462.7638245552,16517.9991437808,1753.13853100819,349.627214983918,1393.72228578992,4151.81498565999,5545.53727144991
Q43/C2-P7,2025-08-21,144,2209.10305993959,1412.49365128786,49700.9526144209,1174.13551241778,5588.11019183844,56463.1983186771,71621.7585485096,67874.9848552537,18026.8326436592,15318.6829091505,1000.02221404579,158.123851457479,194.300695666666,3941.07438892254,4135.3750845892
Q43/C2-P7,2025-08-22,144,1412.49365128786,1215.98110464003,20741.6425611033,463.021816248785,8548.42962069549,29753.0939980476,37918.4170697533,37159.9122909546,12853.1883191356,10587.9438304829,2334.07291803401,15942.2013203359,249.672736111112,1008.17751490976,1257.85025102088
Q43/C2-P7,2025-08-23,144,1215.98110464003,7584.53702746088,23835.5364873394,309.19931516562,3438.27434929587,27583.0101518009,45022.7712794835,45708.2341085135,21020.4721960455,11294.8821482581,931.184175188048,14564.1204192475,751.316145696689,65.8533166666672,817.169462363356
Q43/C2-P7,2025-08-24,144,7584.53702746088,3066.1019124545,48252.4926480782,454.211609865754,5276.22343680496,53982.9276947489,62434.5222043193,62551.0863191418,15884.7819309137,16933.2649675458,967.543152256536,842.859691363808,579.51934857211,462.955233749644,1042.47458232175
Q43/C2-P7,2025-08-25,144,3066.1019124545,2917.6374713002,53868.1361523105,5208.61439139752,4582.21477602761,63658.9653197356,89668.550808256,74276.0792785761,20029.8655945287,16357.8091286071,896.451217874072,724.608680528585,0,15392.4715296799,15392.4715296799
Q43/C2-P7,2025-08-26,144,2917.6374713002,1709.79475032774,50314.4617136936,503.866880943587,3561.19762003401,54379.5262146712,67346.5936572045,67569.9894954882,18870.479028111,16372.1464616452,647.515217738584,162.610430094189,808.085280910838,584.689442627167,1392.774723538
Q43/C2-P7,2025-08-27,144,1709.79475032774,1326.1603823305,53062.9717935455,1536.9153642526,3265.66288774905,57865.5500455472,69229.5322118168,72592.2019185116,20228.3936057572,16730.2697518609,551.711390223028,1764.96725483824,4175.70140620563,813.031699510839,4988.73310571647
Q43/C2-P7,2025-08-28,144,1326.1603823305,1660.05487811353,53737.6549386766,1958.57691507569,8859.22518165394,64555.4570354062,68573.5434030638,74023.0850440985,20160.2773903111,16029.3196399473,1663.23533082306,569.295974557741,5539.84554381247,90.3039027777783,5630.14944659025
Q43/C2-P7,2025-08-29,144,1660.05487811353,1506.199643966,22005.2653831073,362.573315000172,3112.2307089015,25480.0694070089,40739.2326675976,39833.1108997428,14971.913586667,12265.7197159331,720.669046075921,15315.2490584181,0,906.121767854807,906.121767854807
Q43/C2-P7,2025-08-30,144,1506.199643966,10030.6163853178,25829.3828498885,282.647602148932,4068.02476845443,30180.0552204919,49407.0917495153,48659.7894156389,23171.3555953373,11096.8229650066,1019.42318020194,19277.5667988435,0,747.302333876396,747.302333876396
Q43/C2-P7,2025-08-31,144,10030.6163853178,3642.81544570124,48344.3255370445,908.418842261632,5321.73886448051,54574.4832437866,60830.0493237453,62849.9437965473,14045.4735949196,17125.8544575397,1060.79475490318,223.171330737341,2039.11826169096,19.223788888889,2058.34205057985
Q43/C2-P7,2025-09-01,144,3642.81544570124,4866.21964118791,44206.9510651384,2272.45266508548,0,46479.4037302239,75063.4762326118,66792.1256884189,17613.7952673975,13166.1103906539,0,8741.24294500874,346.480581666667,8617.8311258596,8964.31170752626
Q43/C2-P7,2025-09-02,144,4866.21964118791,2772.53758384432,37354.8530797259,827.713805592433,5124.85636656786,43307.4232518862,54277.0393497089,57037.5743866832,16875.6187771204,15553.5650610768,1104.66727055722,2736.81709119675,2889.64181197431,129.106775,3018.74858697431
Q43/C2-P7,2025-09-03,144,2772.53758384432,2960.07988320556,39375.7967466155,735.015684346622,5359.27027268317,45470.0827036453,59682.4067391145,58201.6371534836,18120.040964907,14508.4451121495,1352.10325771404,386.875641773541,550.587327777778,2031.35691340867,2581.94424118645
Q43/C2-P7,2025-09-04,144,2960.07988320556,2467.15684662002,38443.5007763531,454.476601764312,5123.69158269747,44021.6689608149,58134.0735204789,57055.5169476931,18965.8996399839,15806.0094413139,1083.08513092122,999.269663277728,109.897523724189,1188.45409650993,1298.35162023412
Q43/C2-P7,2025-09-05,144,2467.15684662002,1649.36024022504,13154.6643910191,478.866707883243,2986.50683180353,16620.0379307059,29328.6792070692,28515.4224327735,13436.7696005367,11619.8003221902,1041.45296870429,20882.5111231313,268.916369668977,1082.17314396467,1351.08951363365
Q43/C2-P7,2025-09-06,144,1649.36024022504,8699.94896642038,16173.898406908,230.1135592846,3097.93032841917,19501.9422946117,38022.0025307074,37479.7246374267,21210.2068966169,10834.7377326838,917.130450705291,20438.907224199,26.2370740749288,568.514967355567,594.752041430496
Q43/C2-P7,2025-09-07,144,8699.94896642038,2265.70184259976,34954.4328137582,841.11885288456,5176.12703139651,40971.6786980393,48126.5658803248,50847.7228452175,14010.3642776792,17139.2174763587,1110.60651348726,136.803940717654,2721.15696489273,0,2721.15696489273
Q43/C2-P7,2025-09-08,144,2265.70184259976,2523.12644362955,34795.6612780845,874.058340077273,36397.0359847287,72066.7556028905,52649.8640762949,53959.0501226995,17103.3125158596,13622.0009969195,8866.14259624068,0,1691.51833373426,382.3322873297,2073.85062106396
Q43/C2-P7,2025-09-09,144,2523.12644362955,3511.73098436972,36527.0227583166,670.420916256767,14755.5206655616,51952.964340135,54299.1550208852,55618.3010935603,19774.2583912857,15127.4052102753,3545.29072352646,1368.89103607629,1445.32741744346,126.181344768357,1571.50876221182
Q43/C2-P7,2025-09-10,144,3511.73098436972,1314.21841885029,39103.8591642789,1734.72016333712,15843.7694641557,56682.3487917717,59833.5753673072,59421.8610816133,18566.1357058718,17016.3312307237,3544.63275843787,86.5857149030334,2651.75746167882,3063.47174737271,5715.22920905153
Q43/C2-P7,2025-09-11,144,1314.21841885029,1433.25464372105,37161.4443939991,1385.29681672827,11572.8818767806,50119.623087508,62632.1196915646,57405.7155789277,20425.9342702356,16437.8741565071,2705.91519893037,2475.91988079633,0,5226.4041126369,5226.4041126369
Q43/C2-P7,2025-09-12,144,1433.25464372105,1731.17138351604,12875.8815440658,89.8248749001152,8797.31143077722,21763.0178497431,28963.5601675163,28944.1101099587,15630.6963809566,12392.7390027593,3302.06012538396,17409.7016571454,86.6939051538867,106.143962711524,192.837867865411
Q43/C2-P7,2025-09-13,144,1731.17138351604,9575.42880223842,16455.5336129139,129.392611897027,3634.10467222026,20219.0308970312,39077.9951228741,39151.6718985226,23516.3684714385,11988.4267850151,1042.46684389068,20822.9272393232,195.581036431937,121.904260783435,317.485297215372
Q43/C2-P7,2025-09-14,144,9575.42880223842,3199.19950640633,37403.9927126899,1913.59121931432,8750.13757206177,48067.721504066,59991.3351005798,55462.5299858283,15099.5206622103,17969.2181026393,1951.77910263282,213.361778890072,617.728277025125,5146.53339177662,5764.26166880174
Q43/C2-P7,2025-09-15,144,3199.19950640633,3274.02565396463,32503.8484260274,387.202178398146,37929.7847356416,70820.8353400671,50083.8151751709,50869.4775160437,19926.4108868331,16073.0492855323,8813.06536859039,759.210650000003,864.543422410298,78.8810815374667,943.424503947764
Q43/C2-P7,2025-09-16,144,3274.02565396463,3221.449271061,36311.1149943306,2073.34233063274,27216.1746116258,65600.6319365891,62173.1950407749,56572.1476504382,19742.3737402978,16038.6414742545,6570.47626560512,0,485.835079602541,6086.88246993925,6572.71754954179
Q43/C2-P7,2025-09-17,144,3221.449271061,3991.84582368561,39678.0339766293,1349.47251353158,15908.3567901234,56935.8632802843,60743.0334062372,60856.4443544495,20387.3090565657,15820.3634384561,3700.61509888033,4.76376855349395,1553.29600557644,1439.88505736414,2993.18106294058
Q43/C2-P7,2025-09-18,144,3991.84582368561,1200,35793.6072157754,1114.91615665243,21574.0166057171,58482.539978145,51205.9640732457,55175.2212544115,17536.6474113582,16717.3456445172,5074.00633359114,272.411371161584,3969.2571811658,0,3969.2571811658
Q43/C2-P7,2025-09-19,144,1200,2611.44456256985,12195.1028709779,221.085029223413,14073.1673991294,26489.3552993307,28790.9631458938,28579.8105551467,17181.3252944347,12646.5733821792,4991.20308745588,12940.4744136804,206.410854280986,417.563445028122,623.974299309108
Q43/C2-P7,2025-09-20,144,2611.44456256985,9477.64948552157,14411.7567791086,279.070910784247,12811.3528689263,27502.1805588192,36378.5388849353,35916.0392952539,23705.138761386,13021.5779660661,3819.87445720347,13572.4025571375,169.845789822656,632.345379504047,802.191169326703
Q43/C2-P7,2025-09-21,144,9477.64948552157,4321.02784338671,36461.3490904824,1069.77014912079,13972.0022681451,51503.1215077483,54955.7528971415,54038.9646369351,15242.786826034,16987.6168070089,2756.5361302823,234.224931525617,1100.94921256514,2017.73747277158,3118.68668533672
Q43/C2-P7,2025-09-22,144,4321.02784338671,2755.52505832059,39082.1812256585,1905.22121114354,16072.9885924691,57060.3910292711,63838.5883367148,59089.783136276,18908.5885264312,16724.9092129687,3763.26043573146,46.5810418783532,368.586218753692,5117.39141919253,5485.97763794622
Q43/C2-P7,2025-09-23,144,2755.52505832059,1303.5292889046,40748.9237588963,644.30932381034,12371.4854885435,53764.7185712501,64325.5436096966,62464.1918330827,20499.8270394973,17911.6560944672,2402.8622711284,116.012575847696,0,1861.35177661386,1861.35177661386
Q43/C2-P7,2025-09-24,144,1303.5292889046,2013.69456000179,41189.6768798306,1491.51850556176,9205.96025600416,51887.1556413965,59163.3299772367,63661.5964412731,21312.1375182722,16623.682645813,2046.3096038221,39.0394059693881,4498.2664640364,0,4498.2664640364
Q43/C2-P7,2025-09-25,144,2013.69456000179,1291.80658484663,40780.1190770857,1006.23107124105,7797.63290546132,49583.983053788,61250.1285421016,62439.5912309281,20428.2844466053,17196.6095793899,1894.10118075173,616.570311131123,2522.61422779908,1333.15153897257,3855.76576677165
Q43/C2-P7,2025-09-26,144,1291.80658484663,2627.03003850982,13041.8042471916,393.23343638314,7613.05510079938,21048.0927843741,31910.8742503115,30753.1057104613,17509.7470121338,12981.1939715315,2791.81297421141,11287.9454774038,21.6041000000002,1179.37263985022,1200.97673985022
Q43/C2-P7,2025-09-27,144,2627.03003850982,9694.42325646583,16701.7873652535,173.197615974178,8973.64111620935,25848.626097437,38685.8895259764,39096.0281582932,24810.4093847265,13735.777705468,2549.67209679504,12940.3246591631,457.596240650089,47.4576083333346,505.053848983423
Q43/C2-P7,2025-09-28,144,9694.42325646583,6824.76932779623,41814.9805014503,1385.58189589823,10512.7619102304,53713.3243075788,59369.1500163475,63597.2678696471,17872.6937541477,17059.5704766623,2194.54482154917,1526.7435803775,4357.00639172942,128.888538429823,4485.89493015924
Q43/C2-P7,2025-09-29,144,6824.76932779623,3504.85166084144,42058.1413142457,1105.51881778674,7056.42354144802,50220.0836734805,64841.8662461074,62121.8923504124,17527.5434965651,17185.2361324771,1427.90927993372,476.147666258045,469.842733797055,3189.81662949205,3659.6593632891
Q43/C2-P7,2025-09-30,144,3504.85166084144,3475.43272104405,45982.6980404785,1251.58457041358,6377.23496908417,53611.5175799762,65508.6735167658,68949.802063987,21742.0095047542,17637.5047446685,1375.47954104735,707.328744948677,3523.73467222122,82.6061250000008,3606.34079722122
Q43/C2-P7,2025-10-01,144,3475.43272104405,4610.88296936835,37569.3629496885,455.434964783622,1358.1936433217,39382.9915577938,61029.0564664641,58965.5047354705,20765.6524485633,15798.2732598444,341.262458920861,4698.27647233909,54.1802833333334,2117.73201432697,2171.9122976603
Q43/C2-P7,2025-10-02,144,4610.88296936835,3284.43939310668,36597.0287279648,2624.84941932692,1339.98870492719,40561.8668522189,66556.9896772425,57363.2112798277,19329.8382510656,16850.9682019986,300.416805222435,3263.08991931647,4.54747350886464e-13,9193.77839741485,9193.77839741485
Q43/C2-P7,2025-10-03,144,3284.43939310668,3334.93571769048,11475.050738579,110.694424029274,2934.47531187014,14520.2204744784,27732.7651029146,28089.0453092951,16505.5546270895,13324.0525558171,1475.52182768921,18576.5430323785,356.669423047179,0.389216666666471,357.058639713846
Q43/C2-P7,2025-10-04,144,3334.93571769048,10128.8893564951,14983.2333429806,141.156098114444,3050.59356948575,18174.9830105808,37758.8256167942,37321.5821084609,22782.2482973975,12339.0628459678,1160.96378449468,15106.5746748592,0,437.243508333333,437.243508333333
Q43/C2-P7,2025-10-05,144,10128.8893564951,2853.33362981973,33230.6915507605,2077.14935009735,3731.43371725986,39039.2746181177,56882.0940131525,49919.4332471854,13343.6021231572,17356.3178737652,952.806932627093,142.206530420543,479.531308694202,7442.1920746613,7921.7233833555
Q43/C2-P7,2025-10-06,144,2853.33362981973,3605.57291224505,40155.1700826914,933.497491109435,1918.90523310532,43007.5728069061,59222.9029412513,62091.8485022563,20987.4741570566,16322.838713033,511.716775304913,192.263916871028,2868.94556100499,0,2868.94556100499
Q43/C2-P7,2025-10-07,144,3605.57291224505,5110.76775517309,40230.1109836843,870.017281252954,1333.84179341198,42433.9700583492,62006.7780771581,64432.7624208063,24165.8704089501,18219.6796726144,302.398696725764,1045.31238119632,2425.98434364823,0,2425.98434364823
Q43/C2-P7,2025-10-08,144,5110.76775517309,4819.29480409116,35351.5046543046,843.557283325667,13955.274404962,50150.3363425922,54816.3550954234,57147.9694083455,20464.5671701624,16838.6250638053,3004.64321227412,43.8015142624834,2331.6143129221,0,2331.6143129221
Q43/C2-P7,2025-10-09,144,4819.29480409116,1226.54888511922,34301.5043377049,2645.0411670689,11118.1244154169,48064.6699201907,62604.3086288537,53749.8942085142,17244.0673532115,17201.165883176,2282.78133133604,71.2023864814445,143.041007818195,8997.45542815769,9140.49643597588
Q43/C2-P7,2025-10-10,144,1226.54888511922,3556.54162016014,12152.8355300979,193.531671466894,8029.73777830461,20376.1049798694,31696.60982619,31091.9050451464,19890.2830051552,14014.1357726389,2694.10827742002,18600.6668400501,0,604.704781043598,604.704781043598
Q43/C2-P7,2025-10-11,144,3556.54162016014,10123.9477352968,14781.261527329,50.8803540161089,3514.45651509117,18346.5983964362,38033.3896342865,37868.3863671813,25133.699436743,14447.6310401388,893.176484900422,14092.1108721442,0,165.00326710515,165.00326710515
Q43/C2-P7,2025-10-12,144,10123.9477352968,5633.70085798881,34908.4768440845,724.899819177945,13157.4955178897,48790.8721811521,55327.336134977,55085.0326913259,15248.0644593443,16392.1544016461,2749.61405729465,469.66070758901,868.573852849698,1110.87729650076,1979.45114935045
Q43/C2-P7,2025-10-13,144,5633.70085798881,5761.49905392371,38374.5798653809,2406.51370426232,5377.7197603974,46158.8133300406,63925.1329837039,60118.6280738963,20365.5249051456,16381.0567968265,1199.16312685789,274.919459101777,1768.84152677694,5575.34643658454,7344.18796336148
Q43/C2-P7,2025-10-14,144,5761.49905392371,5661.52924876736,40481.1797225686,1570.21970193847,5785.89662342148,47837.2960479285,66199.4178571626,63805.3402072019,21653.2104526768,17629.0732913089,1291.50469594527,316.753458445981,1156.00993566224,3550.08758562292,4706.09752128516
Q43/C2-P7,2025-10-15,144,5661.52924876736,7094.42548205612,39933.7577747761,1358.65140371422,12434.8760799853,53727.2852584756,69240.7302173957,65302.181921348,23280.2421375568,17567.3895214612,2517.3161115913,192.036766843591,243.848160278015,4182.39645632573,4426.24461660375
Q43/C2-P7,2025-10-16,144,7094.42548205612,1200,38367.6396851915,702.148110804479,11997.4797977188,51067.2675937148,58186.084309231,58437.8901693128,16068.8613714676,18320.7606447392,2437.56711546295,33.6619413807568,908.041866894393,656.236006812623,1564.27787370702
Q43/C2-P7,2025-10-17,144,1200,4390.0408694041,13040.2321595359,331.512723044855,6713.08145969362,20084.8263422744,31933.9901855094,32949.5096260812,19795.2162821549,13163.0884060817,1917.46082502162,12182.8132583631,1015.51944057185,0,1015.51944057185
Q43/C2-P7,2025-10-18,144,4390.0408694041,9044.37214664864,13854.2755262558,344.837564194857,4372.44400250112,18571.5570929518,36096.1737339297,35366.9456302924,22518.6502027336,14051.2085146941,1301.45827912623,12291.7106213792,184.982631970337,914.21073560759,1099.19336757793
Q43/C2-P7,2025-10-19,144,9044.37214664864,5706.00295484545,39910.0659946641,657.352934698596,14605.1090288626,55172.5279582253,62930.3729009101,61693.9847665615,18172.9069482992,17724.5869007453,2763.10079656104,146.591315568508,110.64481545167,1347.03294980031,1457.67776525198
Q43/C2-P7,2025-10-20,144,5706.00295484545,7729.94948536608,43609.6919791415,1564.05528310912,6753.15554696913,51926.9028092198,73954.9761482905,70186.6978305375,24717.9021496465,18199.9488637451,1342.94385311901,579.084364421759,0,3768.27831775299,3768.27831775299
Q43/C2-P7,2025-10-21,144,7729.94948536608,6367.47192543864,43519.4881085965,881.754452569374,7683.78319484323,52085.0257560091,68688.3165228815,67991.1047243614,21254.7108145269,18442.5455637015,1586.85758956284,277.615713098832,652.62406588968,1349.83586440977,2002.45993029945
Q43/C2-P7,2025-10-22,144,6367.47192543864,5662.6982960241,43558.2257577028,412.291018116805,7772.17691913106,51742.6936949506,66791.7823316878,68029.1060108057,22905.1341833463,19187.4549549836,1504.13642748778,272.938176597445,1245.32266245127,7.99898333333363,1253.32164578461
Q43/C2-P7,2025-10-23,144,5662.6982960241,1334.21294746391,40397.0504353191,4196.84903293625,6803.40267245919,51397.3021407146,74141.8237869742,61991.4808575635,18098.1341494149,18555.1254747302,1372.81489613379,309.128379012612,355.668343898136,12506.0112733088,12861.679617207
Q43/C2-P7,2025-10-24,144,1334.21294746391,2663.36329085676,13344.8561161873,46.3399934138753,6181.12681135345,19572.3229209547,32774.0386264035,32882.4519625994,19805.3846173758,14846.1262310208,1707.06512875626,11175.7546550007,123.788477777778,15.3751415819013,139.163619359679
Q43/C2-P7,2025-10-25,144,2663.36329085676,9253.7642493073,15033.8470130927,44.6443117805632,4904.32465916754,19982.8159840408,38658.4742859459,38689.1018442192,25639.2928785472,14836.4663690178,1210.66141064898,9840.26401200541,79.9630860510913,49.3355277777779,129.298613828869
Q43/C2-P7,2025-10-26,144,9253.7642493073,4385.76190993547,41103.6798336384,2475.50077347213,5164.26806162498,48743.4486687355,67428.4742742704,62622.6704665874,16388.7788734529,17656.1129929315,1040.76393597949,399.351505378767,1173.12751268741,5978.93132037047,7152.05883305787
Q43/C2-P7,2025-10-27,144,4385.76190993547,6220.05016741349,44496.9120619428,1107.65002248325,4386.33471541477,49990.8967998408,68116.6354291235,69912.1578372154,23682.5159976334,17531.9785263528,956.090704359083,1163.14940362722,2814.0096973654,1018.48728927357,3832.49698663897
Q43/C2-P7,2025-10-28,144,6220.05016741349,6352.38687879886,44925.0671035851,1260.02406293186,5304.80965164775,51489.9008181647,65825.3489399003,69674.9275835152,21092.7061891756,16965.9889729854,1121.07400400825,711.512671333212,3851.89949361485,2.32084999999933,3854.22034361485
Q43/C2-P7,2025-10-29,144,6352.38687879886,6392.9523609424,47698.9853925629,825.004156919277,4122.99386092769,52646.9834104099,74333.7724170397,73601.2316653969,22355.3522375356,18071.3263784747,788.184817086595,794.425490089191,655.119779511509,1387.66053115434,2042.78031066585
Q43/C2-P7,2025-10-30,144,6392.9523609424,1222.56981303964,42360.4300951701,1221.61846744617,5816.17883345871,49398.227396075,59564.3119362985,62581.7077981753,16542.9282209063,18053.1161520465,1256.76267214518,411.82575146079,3318.95411295989,301.558251083035,3620.51236404293
Q43/C2-P7,2025-10-31,144,1222.56981303964,7081.77616102466,15707.7559334489,242.440384864409,3278.75708314671,19228.95340146,39670.480537506,38913.9840244898,23192.8265421569,13512.9037859606,978.913380999708,6287.21924929317,0,756.496513016189,756.496513016189
Q43/C2-P7,2025-11-01,144,7081.77616102466,10187.4276909423,14154.7220564683,27.2769469068577,2825.58616505608,17007.5851684313,35954.0096550993,35931.9639006175,22151.3222735878,15147.4846646802,941.726364703077,7481.64088974635,31.5481391021141,53.5938935839117,85.1420326860258
Q43/C2-P7,2025-11-02,144,10187.4276909423,5761.20219287775,45897.3213410751,1006.38257262557,4891.07731633144,51794.7812300321,67251.4846866471,68750.1692195077,20339.4349725509,20458.5452760243,982.301425759684,1030.24534874088,2072.5074982326,573.822965371962,2646.33046360456
Q43/C2-P7,2025-11-03,144,5761.20219287775,5017.07159098952,47646.5520913296,1391.0073829286,5197.33325300879,54234.892727267,75837.5079856737,72409.2195515957,22755.9000659221,19101.9965950963,1123.12204355121,410.286174321078,9.08266666666646,3437.37110074473,3446.45376741139
Q43/C2-P7,2025-11-04,144,5017.07159098952,4221.9694968377,46029.8807789432,385.011531589255,6350.3057240043,52765.1980345368,69738.2117396748,70653.2310411167,22140.8521321299,18649.6821117618,1306.03222624704,884.689546995717,919.739151441919,4.7198499999995,924.459001441918
Q43/C2-P7,2025-11-05,144,4221.9694968377,7383.87733710404,50148.8691830421,2198.28816866087,5399.53939602421,57746.6967477272,82645.0548319692,76940.8427185291,25503.6784185005,17812.2624627457,1150.70665500616,679.810017780477,1.02318153949454e-12,5704.21211344007,5704.21211344008
Q43/C2-P7,2025-11-06,144,7383.87733710404,1296.88659187244,47279.9295263013,705.749575690168,7599.65216528455,55585.331267276,66943.1996002539,68439.9404547292,17110.2240557974,19337.5731559043,1511.05395723453,670.53062873736,1568.6459655864,71.905111111113,1640.55107669751
Q43/C2-P7,2025-11-07,144,1296.88659187244,3607.45797234278,14696.6163754607,92.1530684360472,2663.93471561031,17452.7041595071,35687.1004030268,35962.6052890292,20608.3978653811,14613.2880285354,888.436868445416,7580.14220396218,275.504886002316,5.6843418860808e-14,275.504886002316
Q43/C2-P7,2025-11-08,144,3607.45797234278,10246.2715477598,16492.6092376899,33.8226543883335,2111.44259065105,18637.8744827293,40739.89739101,40842.42749101,25360.494641356,14567.068441623,581.926398001886,6964.87225594563,102.530100000001,0,102.530100000001
Q43/C2-P7,2025-11-09,144,10246.2715477598,6500.73421940791,48444.415337755,481.229627673215,3769.32266071376,52694.967626142,71881.1397039949,71441.6730430138,18357.1899398309,18240.3074467798,820.324880790142,818.384914086128,326.799334831504,766.265995812592,1093.0653306441
Q43/C2-P7,2025-11-10,144,6500.73421940791,6537.03469553787,52823.5795553502,1477.80448176922,5776.91705715591,60078.3010942753,76842.9508360583,77826.1612288993,22819.7457329339,18451.3236151595,1214.93680547921,780.539483270763,2262.38494818207,1279.17455534113,3541.5595035232
Q43/C2-P7,2025-11-11,144,6537.03469553787,4284.55549778048,48870.4062664535,1549.94081509758,5220.82226829934,55641.1693498505,76309.9979070527,72662.9413566662,20288.7660872843,18461.131808682,1084.61531535796,407.651060088419,1.02318153949454e-12,3647.05655038657,3647.05655038657
Q43/C2-P7,2025-11-12,144,4284.55549778048,2974.0483343749,50383.892582182,1662.12166218737,2800.30773344971,54846.3219778191,74443.3431180746,74514.5570182439,21400.1521929598,18513.5797233624,553.624184457789,1205.33264977105,2253.32474806458,2182.11084789527,4435.43559595985
Q43/C2-P7,2025-11-13,144,2974.0483343749,1534.1164335475,50936.893752739,889.531658535766,7519.20616163365,59345.6315729084,72008.276502597,73943.4171452233,21138.929611757,18418.4716962679,1507.67249235004,162.973738750797,2017.56425373738,82.4236111111113,2099.98786484849
Q43/C2-P7,2025-11-14,144,1534.1164335475,5095.73822975271,15493.7780676269,19.5052432089693,1496.72302277127,17010.0063336071,37769.1026687863,37798.0697333639,21462.1071023427,14178.8471363129,537.834534787567,3471.93566878835,41.731502777778,12.7644382001639,54.495940977942
Q43/C2-P7,2025-11-15,144,5095.73822975271,9444.78538284219,16491.1590342118,183.288034308668,3028.34415825494,19702.7912267754,40442.6192965824,39711.0380303773,23631.0208920512,15226.9844847809,841.346383897225,4057.98275700426,0,731.581266205062,731.581266205062
Q43/C2-P7,2025-11-16,144,9444.78538284219,6182.90491287791,52512.1905580053,1102.8317133578,3577.02396555869,57192.0462369218,73252.084582768,75611.6432572906,20781.2210075147,19768.4814390548,716.545128422856,947.936100586798,2369.45027452255,9.89160000000015,2379.34187452255
Q43/C2-P7,2025-11-17,144,6182.90491287791,5981.85279730083,53263.0707527938,1887.7030619292,1634.88104698339,56785.6548617064,73400.5185200114,78394.4206614137,23197.1234016435,18970.6168593506,430.813385723562,1809.23483817766,4993.90214140225,0,4993.90214140225
Q43/C2-P7,2025-11-18,144,5981.85279730083,5237.11034992875,52906.3881447418,769.813437246702,6424.92745244706,60101.1290344356,75876.2670200161,77319.7771741893,21866.7601043855,18382.3438871871,1326.40728216078,300.46473915166,1610.35290139535,166.842747222222,1777.19564861757
Q43/C2-P7,2025-11-19,144,5237.11034992875,8755.22026146256,57167.8315299179,1713.98734951567,3487.15511480315,62368.9739942367,80035.9794182771,83863.7604554949,26945.9183191423,18659.8949181248,791.458233525971,1050.09202133671,3843.67598721775,15.8949500000008,3859.57093721775
Q43/C2-P7,2025-11-20,144,8755.22026146256,1414.3709592409,50111.3518781259,1158.93419952219,5071.46840443862,56341.7544820868,68022.2917149862,70704.8011532407,15088.0841164808,18828.1125063489,973.95830045766,426.025143566479,2682.53375492114,0.0243166666666639,2682.5580715878
Q43/C2-P7,2025-11-21,144,1414.3709592409,6639.09912582671,16977.4503985288,135.981767412293,2518.71138067214,19632.1435466132,40020.9600650781,40429.6943013239,23185.0526140449,14077.6372674492,917.930388147537,3347.86027620898,408.73423624577,2.27373675443232e-13,408.734236245771
Q43/C2-P7,2025-11-22,144,6639.09912582671,10049.5453554143,16521.3172107096,243.462645553411,2905.59568397853,19670.3755402415,41201.4528861448,39729.0843220292,23896.1635353623,16286.4908570146,891.259827343123,2975.23865435795,1.9779388888889,1474.34650300448,1476.32444189336
Q43/C2-P7,2025-11-23,144,10049.5453554143,6636.47164844018,53113.9948787475,1372.57000410267,3034.25075243282,57520.815635283,72993.9120228057,75922.902105758,19595.1128125793,18943.807714466,711.738703080816,782.41442739209,3044.1743026565,115.18421970424,3159.35852236074
Q43/C2-P7,2025-11-24,144,6636.47164844018,3593.18014193964,51576.8056451262,854.017097328569,6428.25230452664,58859.0750469815,72123.1438000309,74312.6544462723,20022.390751431,18957.0988645096,1413.42491501528,483.453774366194,2189.51951290812,0.00886666666667679,2189.52837957479
Q43/C2-P7,2025-11-25,144,3593.18014193964,4908.07027428862,55841.5477362346,2509.67550225627,2529.61659346011,60880.839831951,88139.1474802532,82021.4957226971,23802.8972578222,18096.9456597219,598.019311633477,735.854636230219,1.02318153949454e-12,6117.65175755612,6117.65175755612
Q43/C2-P7,2025-11-26,144,4908.07027428862,4366.17117417824,56075.921572282,1367.98144651348,3446.5216142095,60890.424633005,80744.2350790644,80695.3924854462,21828.7731384455,18169.0154322402,651.447529317985,955.900425225516,1546.39192857503,1595.23452219327,3141.6264507683
Q43/C2-P7,2025-11-27,144,4366.17117417824,1456.49305693247,55082.0230601048,1111.88466760789,2428.02137396671,58621.9291016794,76277.180130788,77542.2715845702,19263.7887645313,18222.3792047915,486.090003706248,1001.62929520339,1874.98017362972,609.888719847485,2484.86889347721
Q43/C2-P7,2025-11-28,144,1456.49305693247,3615.99531222429,15491.6600787338,57.9791209900921,3526.97715828763,19076.6163580115,37466.1331415088,37715.2645280037,20928.8781410063,15008.8392644525,939.639305819144,1861.65474060238,259.770984673303,10.6395981783762,270.410582851679
Q43/C2-P7,2025-11-29,144,3615.99531222429,9516.15465037126,18444.8681705711,1023.01661214475,1041.0670805787,20508.9518632946,50783.612681829,45779.2428935853,26027.7179763294,15772.3081564946,328.007425267933,1069.07706568509,0,5004.36978824367,5004.36978824367
Q43/C2-P7,2025-11-30,144,9516.15465037126,7362.8415755317,58075.0568493116,1482.17498003052,5565.65151879724,65122.8833481394,80071.9586531852,81871.3804899259,21060.169824149,18996.7193249163,1097.19448801464,674.883028707873,2543.20110354381,743.77926680307,3286.98037034688
Q43/C2-P7,2025-12-01,144,7362.8415755317,4309.78493246366,60383.1207447565,1223.38503710145,36138.4568933812,97744.9626752392,81956.6756401533,80038.5567008008,19202.7633531213,18301.9892947895,7149.89336625233,25.4216087213683,223.758363615668,2141.87730296811,2365.63566658377
Q43/C2-P7,2025-12-02,144,4309.78493246366,5612.69971866023,66454.4921603571,1298.10246954299,31300.915230505,99053.5098604051,90443.5452526316,88113.9378827144,23585.1714080316,17931.3655329287,6246.43183542234,3.6172263671624,257.260139211204,2586.86750912842,2844.12764833962
Q43/C2-P7,2025-12-03,144,5612.69971866023,6755.96262973007,70070.9627289694,3076.46996563606,6410.7452976847,79558.1779922902,85799.1029996037,92450.7499593414,24388.47913285,18725.7314776457,1261.34819219542,926.526929665786,6662.9006152933,11.253655555554,6674.15427084885
Q43/C2-P7,2025-12-04,144,6755.96262973007,1896.88841448228,65113.1936845489,1675.93894726015,14568.9373088399,81358.0699406489,86098.3317096417,83484.145627282,18189.6592919054,19106.7908201664,2883.29526169423,319.933667237172,259.057317416666,2873.24339977641,3132.30071719308
Q43/C2-P7,2025-12-05,144,1896.88841448228,6017.88534089355,22540.4552413235,579.403634613581,2582.52711970614,25702.3859956433,50105.4081732538,50358.808536267,25861.7302192206,17239.1042437986,748.416980630406,1226.58685814199,1341.14099705945,1087.74063404624,2428.88163110569
Q43/C2-P7,2025-12-06,144,6017.88534089355,9966.00327446427,23052.8201909673,139.297223681721,4881.94799158902,28074.065406238,51898.3174771934,51350.4484139741,26751.2107460199,18115.1745640625,1360.0880541019,529.557802785236,0,547.869063219261,547.869063219261
Q43/C2-P7,2025-12-07,144,9966.00327446427,9241.22713833409,68782.1455452258,1820.59827579863,8783.03570324428,79385.7795242687,94538.2049892448,90641.3347098753,22798.7787062145,19119.3092745509,1583.36899175806,894.593019969825,24.2558367054797,3921.12611607489,3945.38195278037
Q43/C2-P7,2025-12-08,144,9241.22713833409,6913.31586876448,73090.1410761872,1483.31593417334,63.5184673856143,74636.9754777461,98314.1086867197,94689.7317139066,20094.6923360747,18371.8209348331,10.4307566013862,5124.64661926648,163.352646555557,3787.72961936864,3951.08226592419
Q43/C2-P7,2025-12-09,144,6913.31586876448,5349.24862546441,68163.80456416,1616.78156159417,3006.47457680642,72787.0607025605,94681.5976612725,91490.042984298,23584.1098806125,20510.7895222662,516.771221123243,1531.62958040827,190.791686111112,3382.34636308561,3573.13804919672
Q43/C2-P7,2025-12-10,144,5349.24862546441,8259.84444236598,71984.7361542186,1042.25025551396,2664.73945977932,75691.7258695119,95321.9803375272,97318.093485081,28530.2411484012,20489.9590949936,566.950551583894,1511.19518325725,2095.15450588713,99.0413583333332,2194.19586422047
Q43/C2-P7,2025-12-11,144,8259.84444236598,1837.33984714149,64477.5872724087,1425.8694692086,2084.60776561595,67988.0645072333,88071.7597263339,84890.037413016,16679.7223302123,19290.829223174,475.220589229862,1801.70186187428,1.43494722222239,3183.15726054004,3184.59220776226
Q43/C2-P7,2025-12-12,144,1837.33984714149,8690.10277391423,24988.6069576153,764.105728339855,1331.00936649438,27083.7220524496,55295.6008705318,56510.8977251789,28431.6350732069,16862.1377752021,505.686578532343,1775.00685570643,1881.43419312979,666.137338482683,2547.57153161248
Q43/C2-P7,2025-12-13,144,8690.10277391423,10565.6641921313,23012.3068784637,542.691474157121,1974.18542153892,25529.1837741598,51132.1358041051,50896.0430296248,23573.3218338489,17406.3854090222,533.989896629217,1605.01811809399,717.675491362481,953.768265842783,1671.44375720526
Q43/C2-P7,2025-12-14,144,10565.6641921313,6949.84861901182,69270.1538545685,2044.64971144542,5922.29072548747,77237.0942915014,86234.8854131725,90472.2654123506,21087.1848924999,20334.8537787325,976.812253686278,1939.2364189361,4237.62989917808,0.249900000000025,4237.87979917808
Q43/C2-P7,2025-12-15,144,6949.84861901182,6815.04442049925,75047.4909972353,1925.93965552715,371.22636302019,77344.6570157826,95092.7036309924,98422.5193667924,22798.4238858259,18588.0471261803,66.8494508786443,4762.38075802541,3549.9209627572,220.105226957203,3770.02618971441
Q43/C2-P7,2025-12-16,144,6815.04442049925,8190.68950909045,73847.8957827095,977.541374095151,205.564214642915,75031.0013714476,100501.09869878,98590.0485763697,24502.8751591446,18609.2482991751,34.9379240173589,3353.29997375084,56.8538653888893,1967.90398779904,2024.75785318793
Q43/C2-P7,2025-12-17,144,8190.68950909045,6010.96752439334,69749.4684632185,1916.99034539381,1610.13244731737,73276.5912559296,96216.3275114921,92572.0101585711,21833.8337218703,19647.1551009424,275.724425687354,2430.87556333047,51.1055249999997,3695.42287792106,3746.52840292106
Q43/C2-P7,2025-12-18,144,6010.96752439334,1717.24551346615,68951.7780050688,437.505598395579,789.256890940236,70178.5404944046,89383.095814297,90101.5370352347,19268.5689662358,19471.8906724855,183.327860239995,2965.35630172436,835.041825499999,116.600604562286,951.642430062285
Q43/C2-P7,2025-12-19,144,1717.24551346615,7320.73060255804,24343.2132910675,532.450162920076,1274.40135282592,26150.0648068135,54158.3580451346,54355.8312272921,26023.1368492019,16035.6042676708,289.668401871665,1769.64241429938,1156.92057939762,959.447397240123,2116.36797663774
Q43/C2-P7,2025-12-20,144,7320.73060255804,10459.8068079783,23153.0571038497,571.034860146512,441.864432857374,24165.9563968536,54060.9626003453,51860.2079620481,24362.730413459,16908.6430500236,112.545803272589,1796.74748521864,0,2200.75463829714,2200.75463829714
Q43/C2-P7,2025-12-21,144,10459.8068079783,8422.72301888024,71554.5358102545,1071.50853551893,2146.0893612424,74772.1337070158,94166.979678128,94882.3574856416,22771.7165236492,20278.4657943441,382.243096947344,3748.75631995051,1484.07737406915,768.699566555552,2252.7769406247
Q43/C2-P7,2025-12-22,144,8422.72301888024,6511.86909711361,70511.0110164293,411.76553441741,2879.40011858223,73802.1766694289,91426.3311302672,92458.627618658,21773.7975764353,19356.5445665025,527.332175027162,1645.2147004191,1043.37357172418,11.0770833333333,1054.45065505751
Q43/C2-P7,2025-12-23,144,6511.86909711361,8856.93851284449,70556.5817352927,1257.67099607914,2714.61948726765,74528.8722186395,98521.1597354366,96016.4597013991,27198.6938473518,19920.3795421971,485.183817946563,1970.48001419106,36.7939972222222,2541.49403125972,2578.28802848194
Q43/C2-P7,2025-12-24,144,8856.93851284449,8019.60444843304,69082.183121806,673.983744710469,3571.15792198391,73327.3247885003,93427.0131873711,92482.3862860319,22521.7635169317,18996.2291066849,625.60391253297,1726.85813831814,230.877658537036,1175.50455987622,1406.38221841325
Q43/C2-P7,2025-12-25,144,8019.60444843304,1430.09723784756,66730.1882364474,1343.34765272114,4631.9338925607,72705.4697817293,83440.1018881366,86370.7342637433,17542.2282545065,20139.7613756772,883.320457645101,1837.08097589241,2930.91960894,0.287233333333347,2931.20684227334
Q43/C2-P7,2025-12-26,144,1430.09723784756,7470.12607664509,24077.2421749944,343.355757564441,1564.28452689537,25984.8824594542,53315.5392457617,53982.5614278486,27924.7955704011,17183.0584571071,478.977026913592,740.438908134862,800.897177489734,133.87499540289,934.772172892625
Q43/C2-P7,2025-12-27,144,7470.12607664509,10399.2578951003,22412.1542851301,195.135137767797,1566.08690557601,24173.376328474,51334.794253162,51854.6605459019,24567.1727171158,17263.191264254,367.048370468144,1720.22006350832,564.220868530623,44.3545757907036,608.575444321326
Q43/C2-P7,2025-12-28,144,10399.2578951003,6839.97803471429,66666.0880651703,491.989462235543,3021.02207322305,70179.0996006288,89184.3662875474,88766.3569945635,19738.5708883634,19191.5942939218,554.8747335108,1975.12705029939,247.016939259709,665.026232243614,912.043171503323
Q43/C2-P7,2025-12-29,144,6839.97803471429,7315.51888921284,70312.2479536506,1167.65888161496,1559.47183623763,73039.3786715032,92802.1672187064,95290.78870258,24607.0652476402,19503.7360815399,318.991066859054,3024.52100333872,2488.86584220699,0.244358333333139,2489.11020054033
Q43/C2-P7,2025-12-30,144,7315.51888921284,7132.05874992547,66562.0231820999,815.626795967376,6068.21440539501,73445.8643834622,91989.2651704847,91156.7638074721,25683.5813000987,20968.8149784386,1088.22659327068,1258.04314574931,424.833433333334,1257.334796346,1682.16822967933
Q43/C2-P7,2025-12-31,144,7132.05874992547,1349.1108326645,66922.5869012207,520.336136502486,4758.41143798252,72201.3344757057,87350.9257136479,87136.4527104455,17651.8752945211,19502.672114097,900.37559836011,1333.6371950481,510.295502353103,724.768505555555,1235.06400790866
