day_index,date,1,2,3,4,5,6,7,8,9,10,11,12,13,14,15,16,17,18,19,20,21,22,23,24,25,26,27,28,29,30,31,32,33,34,35,36,37,38,39,40,41,42,43,44,45,46,47,48,49,50,51,52,53,54,55,56,57,58,59,60,61,62,63,64,65,66,67,68,69,70,71,72,73,74,75,76,77,78,79,80,81,82,83,84,85,86,87,88,89,90,91,92,93,94,95,96,97,98,99,100,101,102,103,104,105,106,107,108,109,110,111,112,113,114,115,116,117,118,119,120,121,122,123,124,125,126,127,128,129,130,131,132,133,134,135,136,137,138,139,140,141,142,143,144
31,2025-02-01T00:00:00,13.6856818747,15.7874068828,20.6521651902,23.6034432702,26.4474084977,30.9034125177,33.8478535273,31.2538420103,26.9416259174,29.3683382388,27.2002330279,28.799246115,28.799246115,32.365045157,31.493190671,34.8261772848,35.1880124524,34.9080805494,30.3609608623,26.7995459507,24.4283981551,24.0502105794,23.0172562477,23.8844940456,23.9284997914,23.9284997914,24.9885555841,24.9885555841,20.1860138496,18.7579542041,19.2088677412,22.4767698067,28.8733286162,25.4880679335,22.9354721884,23.5302703139,22.5920125859,21.4908944426,22.6670920402,25.3225945369,22.5769089309,25.4637652135,28.4446995031,31.5653407749,25.5612056443,16.0674043625,14.0257670269,9.41168036179,8.80830267281,17.4957568498,24.636384842,28.2444782673,32.0216306597,36.7613662831,36.3440932373,41.0633624235,48.9469272447,48.9469272447,50.4691391,56.2997631265,66.2574482469,66.2574482469,65.5747560505,58.9944622422,62.1633339269,71.2170918375,78.832949508,92.507632491,96.9079691836,99.0387421081,104.925681425,122.248616608,129.277946244,136.742789071,140.481314017,147.741467892,130.64963835,115.866185261,93.7612883886,79.4992137645,72.8820171356,45.1558955405,46.7197982878,47.7950953525,46.7197982878,42.3732032811,43.8094267674,40.6630490442,37.2186747397,37.2186747397,36.2530416893,33.7248762781,19.7139306645,16.5773534614,13.4913207499,10.829944349,10.829944349,10.829944349,16.9011091258,24.4509070908,29.7799216559,29.7799216559,35.4201676708,37.669468447,35.7174411572,35.7174411572,35.0354359842,29.3935322908,23.6904840243,26.8803838162,27.3353544199,28.5281914665,27.6982183023,27.7597643934,28.8757488427,28.0014912449,28.0014912449,29.8601421317,28.0014912449,26.3916617951,24.6665429338,24.6665429338,21.6673460631,20.2360827484,15.476776033,11.5494185825,15.0946035564,20.4238510781,38.5893473464,40.55875261,40.55875261,39.4406364724,40.55875261,39.4570590417,21.4420086231,21.1396247369,18.1285639372,16.9050188866,16.9050188866,13.0388093044,16.1281045397,17.3380845292,16.1281045397,16.1281045397
32,2025-02-02T00:00:00,12.9253334636,14.9834356711,19.5282325785,23.3552175837,24.77043555,28.0042476303,31.2538420103,30.7004021945,26.3426601162,27.2826485695,26.3426601162,27.2002330279,27.2002330279,31.493190671,29.2393062362,33.5342425132,34.8261772848,32.670533106,26.7995459507,26.2617561271,24.4283981551,24.0502105794,23.0172562477,23.8844940456,23.0172562477,23.0172562477,23.9284997914,22.7249656748,18.7579542041,18.2993913976,18.2993913976,19.5195826364,25.4880679335,23.2299524967,22.1072100441,22.9354721884,20.3177433588,20.239726665,22.4878263701,23.2009861695,22.4878263701,23.2362788387,27.2486810688,28.1332696365,22.013361959,10.3975865209,10.3975865209,8.60383198575,8.60383198575,16.0393255435,23.4417929619,28.2444782673,31.8586625076,34.7369549523,34.7369549523,40.2853893024,44.1905183747,44.1905183747,48.9469272447,52.0646181244,62.1273533849,62.1273533849,62.1273533849,55.2299905261,58.9944622422,70.5705888861,77.5293243269,90.7603689046,94.5066902028,96.9079691836,99.0605306172,115.588701994,125.864355613,129.715007114,134.054610962,139.621514385,118.470675298,108.845483043,86.0540675121,78.1408270778,56.4126078537,42.7520535041,42.3732032811,46.7197982878,42.3732032811,32.5708010684,27.9829468709,36.958931165,36.2530416893,36.2530416893,36.2530416893,33.7248762781,22.6563746214,17.5954057457,15.606049561,10.829944349,5.85163616146,6.4848021208,15.4794493715,20.8972805546,27.5125277119,27.5125277119,33.3852431281,37.2784105805,35.0354359842,35.0354359842,33.0924859291,26.9629540476,22.9449828304,26.6270242954,26.8803838162,27.3353544199,27.1432476516,27.1432476516,28.8757488427,29.5722716949,29.5722716949,31.0242653518,29.5722716949,26.3916617951,23.0505674448,23.0505674448,21.5404940585,18.0782571666,14.0202385192,11.5494185825,15.0946035564,20.4238510781,37.4711495672,39.4406364724,39.4406364724,39.1625141223,39.4406364724,39.0036603157,20.0304928827,21.1396247369,18.1285639372,16.9050188866,16.9050188866,13.0388093044,12.8378323197,16.1281045397,14.5573239644,14.9816025468
33,2025-02-03T00:00:00,11.8882411379,14.3629168491,17.3698976733,22.6990101238,23.6034432702,26.4474084977,30.4136654424,30.3977422573,25.786350071,26.3426601162,25.786350071,26.3426601162,25.9059559524,29.5689684024,26.0249360811,33.5342425132,34.8261772848,32.670533106,26.7995459507,26.2617561271,24.0502105794,23.0586853811,21.2646303412,23.0172562477,22.3836050567,22.3836050567,22.5735660319,20.1860138496,18.2993913976,17.6063179167,17.6063179167,18.6090348074,22.4767698067,22.1072100441,20.1965427233,20.3848383958,15.5801001099,19.8110720819,21.8377742823,22.5769089309,21.8377742823,22.5398177522,25.4637652135,27.2486810688,14.9202536251,8.44662579306,10.3975865209,10.3975865209,9.79420883193,16.0393255435,23.4417929619,28.2444782673,30.6819789385,32.6163467749,32.6163467749,35.692220629,41.2288874091,41.2288874091,47.8502049858,50.4691391,53.521515689,58.9944622422,58.9944622422,53.2502904643,55.2299905261,66.6736969982,73.5162418195,82.1943719893,92.507632491,93.05188895,96.9079691836,109.460277901,122.248616608,125.973620831,129.715007114,130.64963835,115.866185261,103.363414012,79.9040123998,77.401153369,48.7044024924,41.5434917692,40.6828655024,42.3732032811,32.5708010684,27.2139808346,22.7771560495,26.5913051001,26.5913051001,30.6202769948,30.6202769948,30.0044696154,19.5809688839,17.0209272779,13.4913207499,5.85163616146,3.6321516343,4.80057897461,12.1480363941,18.0888188626,24.4509070908,23.3214600021,32.698517308,35.4201676708,33.3852431281,33.0924859291,29.3386620906,23.6904840243,21.8659299724,26.6270242954,26.8803838162,27.3353544199,27.1432476516,27.1432476516,27.7597643934,28.0014912449,28.0014912449,29.5722716949,28.0014912449,25.7645508452,22.2649047251,22.2649047251,20.2360827484,17.2277967484,13.4881103308,10.2168145487,13.5751585937,18.2281109254,28.6054061602,39.1625141223,39.1625141223,33.9135646313,39.1625141223,33.8740760929,17.9338363514,17.9338363514,16.9050188866,16.4595379648,15.9866008282,10.4044315061,11.9927826285,14.1330453819,13.0611602683,13.7087667994
34,2025-02-04T00:00:00,12.5796360217,14.4967238041,17.3698976733,21.7818100516,23.3552175837,24.77043555,28.0042476303,28.0042476303,24.8213711241,25.786350071,24.8213711241,25.786350071,25.4170047724,28.799246115,23.8560482136,32.365045157,32.670533106,32.670533106,31.6401144628,30.2021495878,24.9010112154,24.0502105794,21.2646303412,23.0172562477,22.3836050567,22.3836050567,22.5735660319,20.1860138496,18.2935551307,14.8493890363,14.3200438947,18.2993913976,19.5195826364,19.5195826364,19.0889897243,19.0889897243,13.5057481325,14.5522105578,21.3214268246,22.4878263701,21.3404985793,21.8377742823,23.2362788387,25.4637652135,10.3390425042,8.00833801208,8.44662579306,8.60383198575,8.60383198575,15.6858388375,19.3063445526,27.3457439407,29.8603452004,32.6163467749,32.6163467749,35.692220629,41.2288874091,41.2288874091,43.9940677533,48.9469272447,50.4691391,58.9944622422,58.9944622422,53.2846883883,55.2299905261,66.6736969982,72.5852744888,78.832949508,90.7603689046,90.7603689046,93.05188895,102.607615105,115.588701994,122.248616608,125.973620831,118.470675298,108.845483043,103.282830433,84.6610776629,77.401153369,56.4126078537,42.7520535041,40.6828655024,37.6743727217,30.9783482121,27.2139808346,21.5363121633,24.7471858766,28.8116289016,30.6202769948,30.6202769948,30.0044696154,22.554383926,17.0209272779,13.1799927481,10.829944349,5.85163616146,10.829944349,18.0888188626,26.2781659012,27.5125277119,27.5125277119,32.698517308,35.1064880859,33.3852431281,33.0924859291,30.4034757655,23.6904840243,22.9449828304,26.8803838162,26.8803838162,27.3353544199,27.1432476516,26.8803838162,27.7597643934,28.0014912449,28.0014912449,29.5722716949,28.0014912449,25.1712960634,21.871497518,21.871497518,20.2360827484,17.2277967484,14.5133096784,13.5751585937,14.559761275,16.6637952153,20.6046800513,38.5884476937,33.9135646313,27.6801870027,39.0036603157,30.2101787199,20.0304928827,21.1396247369,21.7112642882,18.1285639372,17.0242980134,12.9594784769,11.9927826285,14.1330453819,13.3849635338,14.5573239644
35,2025-02-05T00:00:00,13.2710309055,14.6305307591,17.3698976733,20.6521651902,23.0822960824,23.6034432702,25.1706953222,26.463202392,24.0659832103,24.8213711241,24.0659832103,23.921090528,23.8560482136,26.0249360811,22.3547535586,31.493190671,31.6148661117,31.6148661117,30.2021495878,27.7312018935,24.4283981551,23.0586853811,18.5444417632,21.2646303412,21.1537077873,21.1537077873,21.1537077873,18.7579542041,18.225465776,13.6705043189,8.12198888938,17.6063179167,18.3770701214,17.741987812,16.5601613857,16.5601613857,13.3648510085,13.3648510085,20.239726665,21.8377742823,21.2371566047,21.3404985793,22.5398177522,23.2362788387,11.017611288,8.44662579306,9.75938034081,11.0761553047,10.4727776157,15.6858388375,17.4957568498,27.3457439407,29.8603452004,32.2445046589,33.086618336,40.2853893024,44.1905183747,44.1905183747,47.8502049858,48.9469272447,48.1611247591,54.0489061676,55.2299905261,52.9636188557,54.6768181673,66.6736969982,72.5852744888,77.5293243269,80.8879760322,80.8879760322,76.9209821843,98.4810140373,103.770390034,115.588701994,117.748139515,115.866185261,106.768361788,106.329345992,92.9253541432,83.1946651617,77.5456053475,70.0842146429,55.0192700187,48.7065926633,47.7950953525,46.7634031554,46.7634031554,43.6216731392,40.6536098003,40.6536098003,37.2186747397,36.2087558399,23.5502685752,19.5809688839,15.606049561,12.2666449185,13.3299292482,17.4207476736,20.6147316143,26.2781659012,26.5841239833,26.5841239833,30.8387525542,33.3852431281,32.698517308,30.8842208534,28.892018227,22.9449828304,22.9449828304,26.8803838162,26.8803838162,27.3353544199,27.1432476516,26.2342644419,26.3680173787,27.541199994,27.541199994,28.0014912449,27.2614859145,25.1712960634,21.871497518,21.871497518,18.0782571666,15.5001927238,14.0202385192,11.5494185825,13.5751585937,15.5260483015,18.2281109254,37.4711495672,33.9135646313,33.9135646313,39.4406364724,39.0036603157,26.4565311869,26.4565311869,21.7112642882,17.0242980134,16.8039505871,10.4044315061,10.4044315061,12.4135537372,12.0897504716,13.3849635338
36,2025-02-06T00:00:00,15.7874068828,17.3698976733,19.6244091524,21.7818100516,23.0822960824,23.3552175837,24.4512572562,24.930547165,24.0659832103,24.8213711241,24.0659832103,23.921090528,25.3018133601,25.3018133601,22.3547535586,27.0889154906,27.1193343508,27.1193343508,26.7995459507,26.2617561271,24.0502105794,22.8922176003,21.2646303412,22.8922176003,22.3836050567,22.3836050567,21.1537077873,18.7579542041,18.225465776,13.6705043189,11.287320674,17.6063179167,17.6063179167,16.2657209131,16.5601613857,19.0889897243,15.017995419,17.5175310477,21.3214268246,21.8377742823,21.2371566047,21.8377742823,23.2362788387,25.4637652135,16.4912732102,11.0761553047,11.4285917448,13.8161303246,11.4285917448,15.6858388375,17.0103646824,26.843330298,28.9846522825,32.2445046589,33.3619828528,41.0633624235,49.3290253618,49.3290253618,51.6108845634,51.7673138079,51.7673138079,58.9944622422,58.9944622422,55.2299905261,56.628423281,65.0862378707,70.9098247591,77.5293243269,90.7603689046,90.7603689046,93.05188895,102.607615105,103.770390034,108.494832408,115.866185261,108.845483043,106.329345992,103.193222379,86.116290034,82.6636132736,76.7129204071,55.9339522199,48.7044024924,47.7950953525,47.7950953525,46.7634031554,46.7634031554,43.6216731392,40.6536098003,37.2186747397,36.3356418663,33.7248762781,22.7802589623,17.5954057457,14.0233925263,12.2077701503,12.6223814509,17.4207476736,20.2098651033,24.298898338,24.3502147811,24.2420690189,30.8387525542,35.1064880859,33.3852431281,33.0924859291,30.8842208534,26.9629540476,23.6904840243,27.3353544199,27.3353544199,27.3353544199,26.8803838162,25.6434736544,25.6434736544,26.3565733351,26.3565733351,27.2614859145,26.2866448153,24.6665429338,21.5943152803,21.5943152803,17.2277967484,14.5133096784,13.4881103308,10.6659725937,13.2385836615,13.7664882976,16.6637952153,33.5267713292,27.6801870027,27.6801870027,39.1625141223,33.8740760929,23.2616028688,23.2616028688,21.2643017872,17.3047183535,16.8039505871,10.7714708314,10.7714708314,12.4135537372,12.4135537372,14.1330453819
37,2025-02-07T00:00:00,19.0157378994,19.4151326917,19.9289649957,22.6990101238,23.0822960824,23.3552175837,24.4512572562,24.7327522605,23.494297537,24.0659832103,23.494297537,23.4045866848,23.8435109391,23.8435109391,20.6565112909,25.4873383947,25.4873383947,24.3931650809,24.3931650809,25.11433822,22.0676733543,20.1845709109,19.7939046781,21.2646303412,21.1537077873,21.1537077873,19.9062701708,18.5080110162,15.0041760011,13.3836285028,7.55927704951,16.2657209131,16.2657209131,15.4977443051,15.4977443051,16.5601613857,13.9700491885,14.4544069229,20.239726665,21.3214268246,20.239726665,21.3404985793,22.5398177522,23.2362788387,13.7676653938,11.0761553047,13.8161303246,15.5172127693,13.8698784325,16.8014726652,17.0828812872,24.636384842,27.486949928,31.3692525013,32.7836173491,40.2853893024,48.7315320006,48.7315320006,50.4691391,51.6108845634,51.6108845634,54.0489061676,55.2299905261,53.2846883883,55.7627563896,59.7251882281,66.6736969982,74.5245716456,80.8879760322,80.8879760322,86.4448179796,98.4810140373,90.2636279471,106.768361788,114.462028253,106.768361788,103.193222379,102.129074074,84.6610776629,82.6636132736,76.7129204071,70.0842146429,55.0192700187,48.850855527,48.005580539,46.7634031554,46.7634031554,43.6216731392,41.1559995636,40.1678300836,37.2186747397,36.2087558399,22.7802589623,17.5155712312,13.4765654518,11.495936621,11.5995894462,14.0809708127,18.786950137,23.7087647958,23.7087647958,24.2420690189,30.8387525542,33.8501983772,33.1075133193,32.8147561203,30.4034757655,23.6904840243,22.9449828304,26.8803838162,26.8803838162,27.3353544199,27.1432476516,26.2342644419,26.3680173787,27.541199994,26.3565733351,26.2866448153,25.7645508452,22.1491565548,20.2367785879,20.2367785879,15.5001927238,14.0202385192,13.4881103308,12.9187528701,13.5751585937,15.5260483015,18.2281109254,33.5267713292,21.9387225726,21.9387225726,39.0036603157,30.2101787199,23.2616028688,24.9562024036,24.7489316118,21.2913584297,17.3047183535,12.9594784769,10.7714708314,11.9927826285,12.0170245893,13.0611602683
38,2025-02-08T00:00:00,18.1711856589,18.8520978647,19.6244091524,21.7818100516,22.6336567726,23.0822960824,24.4512572562,24.7327522605,23.494297537,24.0659832103,23.494297537,21.4801341508,22.9590478262,22.9590478262,21.2176758692,25.3018133601,25.3018133601,22.4551887913,24.3931650809,26.2617561271,24.0502105794,22.8922176003,21.2646303412,21.2646303412,19.7939046781,19.9062701708,18.7346091368,18.2776206807,14.9302434768,13.3836285028,10.5284158576,16.2657209131,15.4977443051,14.7028330086,14.7028330086,15.4977443051,13.3648510085,13.3648510085,19.8110720819,20.239726665,18.6738241374,21.2371566047,21.8377742823,21.5619575793,11.017611288,9.75938034081,11.4285917448,15.5172127693,14.7504426588,17.0828812872,19.3063445526,28.2444782673,31.4868203916,34.5284669153,35.6643850609,42.4185144943,49.1700682818,48.7315320006,49.5547780183,50.4691391,50.4691391,52.1519639832,53.2846883883,52.9636188557,54.6768181673,56.628423281,65.0862378707,72.8710744229,77.5293243269,74.7688281936,75.4962036347,89.587595672,85.5226813739,102.285670152,108.494832408,103.282830433,102.129074074,98.7097072379,83.1946651617,79.4992137645,76.4474022771,55.9339522199,49.0230848267,48.005580539,47.7950953525,46.1947720386,46.1947720386,41.1654388075,40.1678300836,37.2186747397,36.3356418663,33.7248762781,22.554383926,17.0209272779,13.1211179799,10.829944349,11.5995894462,15.6925583291,17.7437131334,21.040212312,21.040212312,22.6604270287,29.7704742752,33.1075133193,32.698517308,30.8842208534,28.892018227,23.6417054298,22.9449828304,26.8803838162,27.3353544199,28.5281914665,27.6982183023,27.1432476516,27.7297467196,27.8701005593,27.8701005593,27.8701005593,26.2866448153,24.6665429338,20.2367785879,20.2367785879,17.2277967484,15.5001927238,15.3402419151,15.5095864844,16.2640738764,16.6637952153,19.2844669235,27.6801870027,20.4284897727,20.4284897727,33.8740760929,26.6252959035,22.6903193255,23.3628184581,23.3628184581,21.2913584297,18.6498944932,17.5691890372,15.1201940133,13.9555539572,13.0611602683,13.7087667994
39,2025-02-09T00:00:00,19.048191751,19.5242260481,19.9289649957,23.3552175837,23.3552175837,23.3552175837,24.4512572562,24.7327522605,23.0905973736,24.0659832103,23.494297537,21.4801341508,22.9590478262,22.9590478262,20.4426991244,25.3018133601,25.4873383947,25.3340965057,26.3441450797,27.2758010226,24.4283981551,23.3183746927,22.8922176003,23.2769455593,22.8922176003,23.2769455593,22.5735660319,19.750013206,18.2935551307,17.5284017798,16.4061721696,17.9297356785,16.4061721696,16.0053771206,15.4977443051,15.4977443051,13.9700491885,14.4544069229,19.8110720819,20.239726665,20.239726665,21.3404985793,23.2362788387,25.4637652135,16.4912732102,11.0761553047,11.4285917448,14.7504426588,13.8698784325,16.8518389094,17.4957568498,27.3457439407,30.6819789385,33.3506028815,34.7369549523,41.0633624235,48.7315320006,48.4291372608,48.7879701648,49.5547780183,49.5547780183,49.0921757936,52.9636188557,49.6855484624,53.2846883883,55.7627563896,61.3762875133,70.9210639183,74.5245716456,73.2590852712,72.7272338377,85.5226813739,81.1138969082,90.2636279471,106.768361788,101.434433208,98.7097072379,92.9253541432,79.5412981821,78.1408270778,75.8345555937,68.9588476754,65.8958789633,65.0598296514,51.827133324,51.5548260694,51.5548260694,46.4962999555,43.5359703448,41.1559995636,37.2186747397,33.7248762781,19.5809688839,16.5773534614,13.1211179799,11.495936621,12.8253634841,16.3220735766,20.2098651033,24.298898338,23.7087647958,24.2420690189,32.698517308,35.1064880859,33.1075133193,33.8501983772,33.0924859291,26.9629540476,26.1986666734,27.3353544199,27.3353544199,27.3353544199,27.6982183023,27.7297467196,28.6543051354,28.7556781472,28.8223830196,28.6409636797,26.2866448153,24.7421055842,21.871497518,21.871497518,21.5404940585,20.2360827484,20.2360827484,16.2640738764,16.6637952153,18.2281109254,20.9967390207,27.3272162802,25.7608289953,25.7608289953,39.0036603157,30.2101787199,23.5934018672,24.9562024036,23.3628184581,21.2913584297,20.9426776822,18.6498944932,17.3380845292,15.1201940133,13.3849635338,12.7373570027
40,2025-02-10T00:00:00,18.5898140124,19.5787727263,20.6521651902,24.3462876875,24.3462876875,24.3462876875,24.7327522605,25.4318746168,23.0905973736,24.0659832103,23.494297537,21.4801341508,21.3687494361,21.3687494361,20.0704781292,23.8435109391,25.3018133601,24.219478672,25.3340965057,26.2617561271,24.0502105794,22.8922176003,22.8922176003,23.2769455593,22.8922176003,23.2769455593,22.5735660319,19.750013206,18.2935551307,17.5284017798,16.4061721696,17.5284017798,16.0053771206,15.4977443051,15.4977443051,16.5601613857,16.9616424477,17.5423954112,20.1314447818,20.239726665,18.6738241374,21.2371566047,22.5398177522,23.2362788387,13.7676653938,10.7133265812,10.5260582346,13.8161303246,13.642417052,16.7567335614,17.0828812872,26.843330298,29.8603452004,32.7836173491,34.5284669153,40.2853893024,44.1963917183,48.4291372608,49.5547780183,51.6108845634,51.7673138079,53.2972195454,54.543883393,53.2846883883,55.7627563896,65.0862378707,70.9098247591,77.5293243269,89.0244020527,89.0244020527,86.4448179796,98.4810140373,85.5226813739,90.2636279471,102.285670152,101.434433208,102.129074074,98.7097072379,83.1946651617,79.4992137645,75.8345555937,67.3619299152,65.0598296514,55.0192700187,51.5548260694,51.446586259,48.8305328904,46.4962999555,43.5359703448,41.1559995636,36.3356418663,31.0030296923,18.5260198365,15.5115305088,12.6430020296,10.829944349,12.474299651,15.6925583291,18.786950137,23.7087647958,23.7087647958,26.5841239833,33.1075133193,35.1064880859,33.6900436129,33.8501983772,32.7013644675,26.9629540476,26.1986666734,27.3353544199,26.8803838162,26.8803838162,27.1432476516,27.7297467196,28.8757488427,29.5722716949,29.5722716949,28.8223830196,26.2866448153,24.59156377,22.1813948014,21.871497518,20.2360827484,20.2360827484,20.2360827484,16.2640738764,18.7073928419,25.5542756389,25.7608289953,29.4703250557,26.9856229043,25.7608289953,33.8740760929,26.6252959035,23.8911666464,23.9088594033,22.6903193255,21.0072041051,20.1097369219,18.3317255387,17.5084615925,15.9605674242,14.9427025887,14.6959154308
41,2025-02-11T00:00:00,18.2758427473,19.3605860134,19.9289649957,23.5869610744,24.1976840947,24.3462876875,24.7327522605,25.4318746168,23.494297537,24.0659832103,20.5582713374,20.2107692738,21.3687494361,21.3687494361,20.0704781292,23.8435109391,25.3018133601,22.4551887913,24.219478672,25.3340965057,22.0676733543,20.1845709109,21.2646303412,22.8922176003,22.3836050567,23.2769455593,23.9284997914,20.1088430363,18.7579542041,18.7579542041,17.9297356785,17.9297356785,17.6063179167,16.4061721696,16.0053771206,19.0889897243,17.5423954112,17.5423954112,19.8110720819,18.6738241374,17.2580834251,20.239726665,21.8377742823,21.5619575793,12.1191211144,10.1916284919,10.1916284919,11.4285917448,11.4285917448,15.9299089161,16.9582787199,24.636384842,28.9846522825,32.2445046589,33.3506028815,37.4463232383,43.0806144365,44.1446741656,48.7879701648,50.4691391,51.6108845634,52.8014740928,53.2846883883,52.9636188557,54.6768181673,59.7251882281,66.6736969982,74.5245716456,80.5404570238,80.5404570238,75.4962036347,89.587595672,81.1138969082,85.5226813739,98.5360470215,98.5360470215,98.7097072379,92.9253541432,79.5412981821,78.1408270778,72.7369717927,65.5370689816,55.0192700187,51.827133324,51.446586259,48.80972781,48.1510176157,45.6440849257,43.1085576741,40.1678300836,36.2087558399,29.4779598138,17.5155712312,14.0578059115,12.0326337808,5.85163616146,11.5995894462,15.3702111387,17.7437131334,21.040212312,21.040212312,24.2420690189,32.698517308,34.3204985553,33.1075133193,33.1189019573,30.8842208534,26.379329279,24.9630232751,26.8803838162,26.8803838162,27.3353544199,27.6982183023,28.6543051354,29.5722716949,29.5722716949,28.8223830196,28.6409636797,25.7645508452,24.4056458327,21.871497518,21.8682390531,21.5404940585,21.8682390531,21.8682390531,21.6613042401,25.6309987415,25.6652979191,25.7608289953,29.4703250557,29.0802939928,25.7608289953,31.375931867,26.6252959035,23.1586285603,23.1586285603,22.27307226,21.0072041051,20.9426776822,19.9736490035,18.2280429234,17.5691890372,17.3380845292,16.6497353894
42,2025-02-12T00:00:00,18.1389342052,19.4151326917,19.9289649957,23.5869610744,24.1976840947,24.3462876875,24.4512572562,24.7327522605,23.0905973736,23.494297537,20.5582713374,21.4801341508,22.9590478262,22.9590478262,20.4426991244,23.8435109391,23.3204891129,21.8942892925,22.4551887913,24.940651811,21.6407502875,18.2247779844,19.7939046781,21.2646303412,21.1537077873,22.8922176003,23.9284997914,20.5933349351,19.750013206,19.750013206,18.2993913976,17.9297356785,17.6063179167,16.4061721696,16.7006126422,20.947222155,21.977454523,20.7992611333,21.7365023221,21.8377742823,20.239726665,21.2371566047,21.8377742823,20.6378194627,12.1191211144,10.1916284919,10.1916284919,10.5260582346,10.6653721991,15.6858388375,16.8337097582,23.4417929619,27.486949928,31.3692525013,32.7836173491,35.0125124525,41.2288874091,43.0806144365,48.4291372608,49.5547780183,50.4691391,52.1135776627,52.9636188557,52.8014740928,53.2846883883,56.628423281,65.0862378707,72.8710744229,77.5293243269,74.7688281936,72.7272338377,85.5226813739,75.271276377,81.1138969082,89.601353918,92.9253541432,92.9253541432,86.0540675121,78.1408270778,77.401153369,69.4375033092,55.0469516668,51.6438350474,51.4716057478,48.8050309579,48.1510176157,48.005580539,45.1802959197,41.1559995636,37.2186747397,31.6188370716,27.4196717014,17.0209272779,13.7206678708,10.932282698,3.6321516343,10.829944349,13.7986588003,16.9011091258,20.2098651033,20.2098651033,24.2420690189,31.3786457804,33.6900436129,32.698517308,32.7013644675,30.4034757655,26.1986666734,23.3080663282,26.6270242954,26.2342644419,26.8803838162,27.1432476516,27.7297467196,28.8757488427,29.5722716949,28.8223830196,28.6409636797,25.7645508452,24.59156377,22.1813948014,22.1505867893,22.0485483356,23.0694581074,22.2649047251,25.6309987415,26.994031012,26.2955356513,26.2955356513,29.4703250557,29.0802939928,25.655017202,26.9167341902,24.8854313762,22.6903193255,22.6903193255,22.2605172759,21.0072041051,20.9426776822,20.3841831665,18.3616566303,18.2280429234,17.727490833,16.9848096203
43,2025-02-13T00:00:00,18.0905570247,19.0614120414,19.6244091524,23.3552175837,23.5539307251,24.1976840947,24.2141662905,24.4512572562,20.484616695,20.5582713374,19.5980850154,20.2107692738,21.3687494361,21.3687494361,20.0704781292,22.9590478262,22.2239981021,21.8942892925,22.4287057929,24.9321046532,22.2500705502,20.1845709109,19.7939046781,22.5399317409,22.3117641738,23.2769455593,24.7177339292,24.5407624964,20.5200492297,20.1088430363,18.2993913976,17.5284017798,16.4061721696,16.0053771206,16.7006126422,21.977454523,22.5600661911,21.977454523,22.4878263701,22.5738212722,21.2371566047,21.2371566047,22.5398177522,22.7046057339,13.7676653938,10.7133265812,10.5260582346,10.5260582346,10.4727776157,15.6254742045,16.7567335614,19.3063445526,24.7146427315,30.7346747093,32.2445046589,34.5284669153,40.2853893024,41.2288874091,47.7984874331,48.7879701648,49.5547780183,50.9046908977,52.8014740928,51.0670684251,52.9636188557,55.7627563896,61.6682701443,70.9210639183,74.5245716456,73.2590852712,71.7801864499,76.2478120074,73.3031467791,75.271276377,85.5226813739,88.3642492057,84.6032106414,83.1946651617,77.401153369,77.401153369,72.6563270844,65.5370689816,65.0598296514,57.6754663179,51.827133324,51.5548260694,51.5548260694,46.4962999555,43.1085576741,37.2186747397,31.2961101909,27.4196717014,17.5155712312,14.0578059115,12.6430020296,11.495936621,12.474299651,15.3702111387,18.786950137,20.6080409128,20.2098651033,24.2420690189,32.698517308,33.6900436129,33.0013725355,33.0127611735,30.4034757655,26.379329279,24.9630232751,26.8803838162,26.8803838162,27.3353544199,27.1432476516,27.1432476516,28.6543051354,28.7556781472,28.6409636797,28.6409636797,26.2866448153,24.7421055842,22.5915038584,22.5915038584,22.2649047251,24.8428413053,23.5047097752,26.029143891,29.1645411199,26.994031012,29.0802939928,31.144919615,29.4703250557,25.655017202,24.8854313762,24.5776636767,22.6903193255,22.6903193255,22.5571496394,21.3894425468,21.3894425468,21.3795312467,19.591246622,18.6564853954,18.2793363289,17.3198838512
44,2025-02-14T00:00:00,18.3804998357,19.7613184306,21.6456890272,24.3462876875,24.1976840947,24.5765891191,24.4512572562,24.4512572562,23.0905973736,23.9887576319,20.7695505013,21.4801341508,22.9590478262,22.9590478262,20.0704781292,22.9590478262,22.2239981021,22.4287057929,22.4287057929,25.1262214656,24.0502105794,23.2918916943,21.2646303412,22.8922176003,22.3117641738,22.8922176003,24.5407624964,24.5407624964,21.9795396811,20.5200492297,18.8436207238,18.2993913976,18.3770701214,16.4061721696,19.0889897243,22.1389301645,22.7144158409,22.1037815223,22.7144158409,22.8259219534,22.4878263701,22.5398177522,23.4004688165,23.2362788387,16.4499381093,10.7133265812,10.1916284919,10.1916284919,9.75938034081,14.774368225,15.9299089161,17.2874129997,23.4417929619,30.5706897572,31.3692525013,33.3506028815,37.4463232383,40.2853893024,43.9999410969,48.4291372608,48.5810999542,48.8305484842,52.1135776627,49.2231573051,52.8014740928,54.6768181673,60.5613231035,69.965589075,73.2590852712,72.7272338377,70.4646132283,73.3031467791,71.877189162,72.0650912551,81.1138969082,83.7722105851,80.676279211,79.5412981821,76.7129204071,76.7129204071,69.4375033092,62.3341784641,57.6754663179,53.1800995973,51.5548260694,51.446586259,48.8305328904,45.6440849257,41.1559995636,36.3356418663,29.4779598138,23.9440793306,17.0209272779,13.7206678708,12.0326337808,10.829944349,11.5995894462,14.8930412238,17.7437131334,20.2098651033,18.786950137,22.6604270287,31.3786457804,33.1479054332,32.698517308,32.7013644675,29.3058678554,26.1986666734,23.3080663282,26.6270242954,26.2342644419,26.8803838162,26.8803838162,26.8803838162,27.7297467196,28.7556781472,28.8223830196,28.8223830196,27.2614859145,25.1712960634,22.5915038584,22.2452704324,22.1505867893,24.8428413053,25.6081732902,26.3006650336,29.1513692357,28.2567278751,28.2567278751,30.8832642055,29.0802939928,24.8274391314,23.8911666464,24.1716538918,23.1586285603,23.7785095376,23.2324685925,22.3620298038,22.7856796876,22.1498527307,19.591246622,18.6564853954,18.3049830316,17.2403184287
45,2025-02-15T00:00:00,18.5898140124,19.8069548567,21.9933511853,24.5765891191,24.3462876875,25.4279261432,24.7327522605,24.4512572562,23.2014272578,24.1193715864,23.494297537,23.6299142231,25.3018133601,25.4049383333,22.9590478262,25.699241896,25.699241896,25.699241896,26.3441450797,28.0607577039,25.1262214656,24.4283981551,23.2769455593,23.2769455593,22.5399317409,23.2769455593,25.123528682,25.3298783911,25.1344135493,24.7286187965,20.1088430363,18.6090348074,19.5170505572,19.5195826364,21.9295702523,23.5302703139,23.5617186068,22.7144158409,22.8135713185,23.3651761473,22.4878263701,22.5398177522,25.163378597,25.5973131302,20.6378194627,16.4499381093,13.8161303246,11.4285917448,10.6653721991,15.6254742045,15.9299089161,17.2874129997,23.4407775662,29.8603452004,31.3692525013,34.5284669153,41.2288874091,43.0806144365,48.6111952662,50.4691391,51.6108845634,52.8014740928,54.1060528776,53.2846883883,55.7627563896,65.0862378707,70.9098247591,77.5293243269,89.0244020527,80.5404570238,72.7272338377,76.2478120074,71.877189162,70.4646132283,75.271276377,80.676279211,79.0023802488,78.1408270778,76.4474022771,76.4474022771,67.3619299152,56.994053521,53.1800995973,51.827133324,51.446586259,48.80972781,48.1510176157,45.1802959197,40.1678300836,36.2087558399,27.4196717014,22.7802589623,16.5773534614,13.7206678708,12.6430020296,12.2077701503,12.8253634841,15.6925583291,18.786950137,20.2098651033,18.786950137,24.2420690189,32.698517308,34.3204985553,33.6900436129,33.1479054332,30.8842208534,28.6863604976,26.9528840005,29.0063774099,28.8029040151,28.8029040151,28.5281914665,28.6543051354,28.8757488427,29.5722716949,30.8244853513,29.5722716949,27.3140761684,25.7645508452,22.8476635648,22.2452704324,22.1505867893,24.8428413053,25.6081732902,26.3006650336,29.1513692357,28.2567278751,26.7706493086,29.4703250557,29.0802939928,24.8274391314,24.5864079887,24.5864079887,24.5649768713,24.6041007455,24.7489316118,24.7489316118,27.3206503179,25.0717901389,22.1720921166,22.1720921166,20.2480952481,18.1466812358
46,2025-02-16T00:00:00,18.8713314258,20.6521651902,23.3552175837,26.2993270505,26.2993270505,27.445629267,27.445629267,26.3151209448,23.9632774021,24.8213711241,24.2985180839,25.786350071,27.0397321522,28.8945503783,26.0763387066,29.2887214683,27.8514776469,26.3441450797,26.3441450797,27.2758010226,25.1262214656,24.9010112154,23.8844940456,23.8844940456,22.8922176003,23.2769455593,25.123528682,25.6600111822,29.6756905411,30.0131526385,25.7871002004,21.9087860549,25.1823946656,23.2299524967,22.7326071546,25.3895394998,27.1286408942,24.8790444398,24.9402166398,25.9496941719,23.3787875754,23.4004688165,26.1873783723,26.1873783723,20.6378194627,16.4499381093,14.7504426588,13.8161303246,11.4285917448,15.9299089161,16.9582787199,21.2979952928,24.1001513676,30.5706897572,32.7836173491,40.2853893024,44.9786202131,48.4229342095,49.5547780183,51.7673138079,52.1135776627,54.1529819587,55.1479646122,54.543883393,55.8472050468,66.6736969982,72.8710744229,89.0244020527,96.9079691836,96.9079691836,96.9079691836,101.320951546,85.5226813739,81.1138969082,85.5226813739,83.7722105851,79.0023802488,77.401153369,75.5119767605,75.5119767605,65.5370689816,53.1800995973,51.6438350474,51.4716057478,48.8050309579,48.1510176157,48.1510176157,45.6440849257,43.1085576741,40.1678300836,34.8971982725,29.3940495426,19.5809688839,17.0209272779,15.606049561,17.3334153152,16.366341245,16.769131918,20.2098651033,20.5778973015,20.6080409128,26.0678728073,32.698517308,35.0645162304,34.3204985553,33.8501983772,33.3966317661,29.5808448476,27.5498465875,29.0063774099,29.1843070084,29.1843070084,28.8029040151,29.0701942719,29.5722716949,31.0132586839,31.3656204292,31.3656204292,28.8223830196,27.1696164982,23.6227743083,22.5915038584,22.1505867893,24.8428413053,25.8808885243,27.5347797933,29.7268675103,29.4972797786,29.1676755666,30.8832642055,29.1676755666,26.0265985371,26.1931700668,26.1931700668,26.1199906072,26.1863561232,26.1863561232,26.9938746822,28.7294519979,27.9148428167,28.0862117085,28.3284024322,28.0371570613,20.6264644846
47,2025-02-17T00:00:00,19.3064730016,21.6985743106,24.192654035,26.2993270505,26.2993270505,27.445629267,27.445629267,26.3151209448,24.1080438344,25.0173434169,24.6564134708,25.786350071,25.9059559524,28.8945503783,26.0763387066,29.2887214683,27.8514776469,26.3441450797,25.3340965057,27.1837755601,25.1262214656,24.9010112154,23.8844940456,24.3580753797,23.2769455593,23.9284997914,25.6164717129,29.7850510129,30.0131526385,30.0131526385,27.9342220815,24.8412368098,27.1286408942,27.1286408942,25.6106979963,27.5550284421,27.7408704813,28.2348389114,28.2348389114,30.9833784626,27.2327282029,27.2486810688,27.6519215939,27.2486810688,20.6378194627,14.426030199,14.7504426588,14.7504426588,14.2403190629,17.0828812872,20.0713960314,24.1001513676,27.0066753817,30.7346747093,33.3506028815,42.1291877736,48.7315320006,49.1700682818,52.3589621145,54.7315997174,55.1479646122,57.3559573328,62.1273533849,62.00522384,65.0862378707,74.5245716456,81.8468529809,96.9079691836,104.355081526,104.507948825,104.507948825,104.507948825,87.5946791399,85.5226813739,87.5946791399,87.5946791399,86.9891628624,83.1946651617,76.7129204071,76.4852580546,69.4375033092,62.3341784641,53.1800995973,51.827133324,51.446586259,48.1510176157,48.005580539,45.1802959197,41.1559995636,37.2186747397,31.2961101909,27.4196717014,18.5260198365,16.5773534614,14.0233925263,17.2702420524,17.2702420524,18.8570678756,21.4002969137,23.7087647958,24.044114373,29.1937585925,33.1479054332,35.8607444312,35.3617897168,35.0354359842,35.0354359842,30.9390910536,27.5498465875,28.5567196506,28.8029040151,29.1843070084,29.0367005284,29.6630421157,29.7596274915,31.0132586839,30.8244853513,31.3656204292,28.8223830196,27.1696164982,24.0195399913,22.7151181348,22.1505867893,24.6713142366,25.6081732902,27.5347797933,29.4972797786,29.4972797786,29.3687543543,31.144919615,29.331839515,26.6502178031,26.1931700668,24.8854313762,26.1199906072,26.9938746822,26.9938746822,27.4125845112,29.2441649418,28.8128443801,28.5636342275,28.5636342275,28.3774570793,21.3832029576
48,2025-02-18T00:00:00,19.8069548567,23.2379117668,26.3231106203,26.8153762838,26.8153762838,28.159206139,28.3043743032,27.0981031008,24.6564134708,25.786350071,25.786350071,28.0748270703,28.0748270703,29.4265196438,28.0748270703,29.2887214683,26.3441450797,25.699241896,24.3750812672,26.2593469996,24.9933005566,24.4283981551,23.2769455593,23.8844940456,22.8922176003,23.2769455593,25.123528682,27.3688406023,29.6756905411,27.9342220815,25.7871002004,22.613947151,25.6106979963,27.1286408942,26.5637552339,27.5550284421,27.7408704813,28.2348389114,28.2348389114,30.9833784626,27.9683822038,27.6519215939,28.0861088762,27.2486810688,20.3178768351,13.7350272096,14.2403190629,14.2403190629,13.7887753176,16.8518389094,18.6261564469,23.4407775662,26.2390488433,30.5706897572,32.7836173491,41.0327790737,48.6111952662,48.7315320006,51.7673138079,54.1529819587,54.7315997174,56.0290885598,58.9944622422,58.9944622422,62.00522384,72.8261177862,78.832949508,94.5066902028,103.995572001,104.120942862,104.120942862,102.346110175,85.5226813739,84.3536027619,85.5226813739,86.927732872,83.6208315158,79.5412981821,76.4852580546,76.4242009096,67.3619299152,56.994053521,51.6438350474,51.4716057478,48.8050309579,48.005580539,46.7634031554,43.5359703448,40.1678300836,36.3356418663,29.4779598138,26.8026147803,17.5155712312,16.1194326743,14.0233925263,16.2139517266,16.366341245,17.2333337369,20.5778973015,23.7087647958,25.1551403245,29.1937585925,33.0013725355,35.520082557,35.0354359842,33.8501983772,33.3966317661,29.5808448476,27.0551500536,27.5498465875,28.8029040151,30.3063951552,30.3063951552,32.7546880391,32.2364757481,32.2364757481,31.3656204292,31.3656204292,28.8223830196,27.3140761684,24.59156377,23.0279719873,22.2649047251,24.6713142366,24.8595925698,26.661395861,29.1513692357,29.4972797786,29.3687543543,31.144919615,29.331839515,27.7871112749,26.1931700668,24.8854313762,26.1199906072,27.1589883352,27.4223494553,28.8519041562,31.922993838,31.2987435164,30.67495214,29.583685534,29.0158855192,22.1399414306
49,2025-02-19T00:00:00,23.83526035,24.2955176275,27.122265845,28.1880148551,26.9788861118,28.2620646656,30.4136654424,27.445629267,24.6564134708,26.3426601162,26.3426601162,28.0748270703,28.0748270703,29.3412516984,26.0763387066,27.8514776469,25.699241896,25.699241896,24.3750812672,26.2593469996,25.1262214656,24.9933005566,24.4283981551,24.6044211382,24.619720114,24.5407624964,25.3697845242,27.3688406023,29.6756905411,28.2152650192,28.2152650192,25.7871002004,27.3494666426,27.6473913597,28.4972255417,28.611797323,29.0739549244,30.9833784626,28.2348389114,29.8736538774,27.2327282029,27.2486810688,27.6519215939,26.1873783723,16.4499381093,12.1776651311,13.7350272096,13.7350272096,13.7887753176,17.0828812872,20.9479304986,24.4946698829,27.486949928,30.5706897572,32.2445046589,40.2853893024,44.9786202131,48.6111952662,51.6108845634,53.9969525031,54.1529819587,55.1479646122,57.3559573328,56.2962125614,58.9944622422,71.2170918375,77.5293243269,92.507632491,102.16153615,103.995572001,99.0605306172,101.320951546,84.3536027619,82.0845585721,85.5226813739,87.5946791399,86.9891628624,83.1946651617,76.7129204071,76.4242009096,65.5370689816,63.6482562441,58.4114541473,53.1800995973,51.446586259,48.005580539,46.1947720386,43.5359703448,40.1678300836,36.3356418663,29.4779598138,26.8026147803,17.5155712312,16.1194326743,14.0233925263,14.6256404528,16.366341245,18.2363498313,21.0760967486,22.6969983171,24.044114373,27.576200344,33.0013725355,35.8607444312,35.3617897168,35.0354359842,35.0354359842,30.9390910536,27.0551500536,27.1605323029,28.5281914665,29.1843070084,29.6630421157,30.9543876463,31.0132586839,31.0132586839,30.8244853513,30.8244853513,28.8223830196,27.8867767774,24.7588568488,24.6713142366,23.7610575873,25.6081732902,25.6081732902,27.5347797933,29.1260232359,29.3827238951,29.3302364703,30.8832642055,29.1676755666,26.6502178031,24.8854313762,24.5864079887,24.8854313762,26.9938746822,26.9938746822,28.7294519979,31.922993838,31.2987435164,30.67495214,29.583685534,29.179640352,21.9656443163
50,2025-02-20T00:00:00,21.4471751001,24.1583661708,26.9387533628,28.1880148551,27.2632640242,28.2620646656,30.9101050418,27.6730241922,24.6564134708,26.8602029374,27.1962093356,28.799246115,28.7406566392,30.2758933126,28.0748270703,29.2887214683,27.8514776469,28.2969564051,28.0607577039,27.3953401184,25.8122038962,25.1262214656,24.9010112154,24.6044211382,23.9284997914,23.9284997914,25.3697845242,29.7850510129,30.7472653401,30.7564693812,30.4638352348,27.960245126,27.5120902947,28.4972255417,28.4972255417,29.090850302,31.2717483749,31.5002966564,30.9833784626,31.2050036016,27.9683822038,27.2486810688,27.6519215939,26.617674316,16.4499381093,10.7133265812,13.7350272096,14.198861378,14.3989007828,18.6261564469,23.4407775662,27.3457439407,30.4446966915,32.7836173491,34.5284669153,42.1291877736,48.7315320006,49.1700682818,51.7673138079,54.1529819587,54.7315997174,55.1479646122,56.0290885598,55.1479646122,56.628423281,70.5705888861,74.5245716456,90.7603689046,98.5856802725,99.0387421081,96.9079691836,98.4810140373,82.0845585721,80.4216789854,84.3536027619,86.927732872,83.6208315158,79.5412981821,76.4852580546,75.5119767605,67.3619299152,64.0934637977,60.8408430297,56.0916866223,51.5548260694,48.80972781,48.1510176157,46.4962999555,45.1686958428,43.1085576741,36.3356418663,31.0030296923,21.3850326252,17.0209272779,16.2139517266,17.2702420524,17.196956615,18.8570678756,21.4002969137,22.2619678595,23.7087647958,27.0291430725,33.0013725355,35.8607444312,35.3617897168,35.0354359842,35.0354359842,29.5808448476,26.6573100943,27.066126076,27.5498465875,28.8029040151,29.0367005284,30.3063951552,30.5617618888,30.5617618888,29.7596274915,30.8244853513,29.5722716949,29.0436930703,25.1712960634,24.7588568488,24.59156377,25.6035784592,25.8396837488,28.1659969119,29.3827238951,29.4972797786,29.8073135642,31.6775031635,29.331839515,27.7871112749,27.8260551618,26.1931700668,26.1199906072,27.5623323121,28.1575718473,28.7294519979,30.7726674004,31.2987435164,31.1975846443,31.1975846443,31.1953729773,27.9337671574
51,2025-02-21T00:00:00,22.6202818774,24.192654035,26.8153762838,28.1880148551,27.5671747537,28.3913081017,30.9101050418,28.6518163734,24.6564134708,26.3426601162,26.8602029374,28.0748270703,28.0748270703,29.3412516984,26.0763387066,27.8514776469,26.3441450797,26.3441450797,26.3441450797,27.223296844,25.2223107298,24.9933005566,24.9010112154,24.9010112154,24.619720114,24.6688677188,27.3688406023,30.7472653401,30.7472653401,30.7564693812,30.7564693812,28.8837125938,27.9284342974,28.611797323,28.8902239938,31.1985071629,31.2717483749,31.5002966564,31.1646823544,31.1646823544,27.2327282029,26.617674316,27.6519215939,26.617674316,21.541890398,16.4499381093,15.5172127693,15.6254742045,15.8893971085,24.1001513676,26.1982125723,29.0177812813,30.6819789385,32.7836173491,33.6041895714,41.0327790737,48.6111952662,48.7315320006,51.7673138079,54.7315997174,56.0290885598,58.6949207765,62.1273533849,65.0862378707,65.0862378707,71.2170918375,74.0556541255,89.0244020527,96.9079691836,96.9079691836,93.05188895,89.587595672,80.4216789854,79.0048793403,82.0845585721,84.7048656365,81.8135500419,78.1408270778,76.4242009096,73.1239827325,66.2649315279,63.6482562441,57.7205967463,53.1800995973,51.446586259,48.1510176157,48.005580539,45.6440849257,43.5359703448,41.1559995636,36.2087558399,30.1408788061,19.29637383,16.5773534614,15.4206800751,16.2139517266,16.366341245,18.2363498313,21.0760967486,21.6596482619,23.7087647958,27.576200344,33.1479054332,36.6927473729,35.520082557,35.0354359842,34.430968392,29.5558689127,26.6573100943,27.1605323029,28.5281914665,29.1843070084,29.6630421157,30.3063951552,29.7159692349,29.7159692349,29.328079839,29.5722716949,29.5722716949,30.5154859094,25.982006875,25.1712960634,24.6713142366,25.8396837488,25.8808885243,28.7630993832,29.4972797786,29.8073135642,29.8073135642,31.144919615,29.1676755666,26.6502178031,26.1931700668,24.8854313762,24.8854313762,27.5623323121,28.8519041562,28.8519041562,31.922993838,31.922993838,31.1975846443,30.67495214,30.67495214,27.8052404886
52,2025-02-22T00:00:00,24.1463853104,24.8668787924,27.2026574644,28.4756434539,28.4756434539,30.6767906796,33.1310627491,30.7004021945,25.8565444372,27.1199373472,28.0748270703,28.799246115,28.7406566392,30.2758933126,26.0763387066,26.3441450797,25.699241896,25.699241896,25.3340965057,27.1837755601,25.1262214656,24.9933005566,24.9010112154,24.9010112154,24.9846981893,25.123528682,27.3688406023,32.0600634704,32.1469027757,31.758913418,32.1416751086,30.4638352348,29.3959311687,30.6619185464,31.6205820564,31.2717483749,31.2717483749,31.2278550885,30.9833784626,30.9833784626,26.617674316,26.617674316,28.0861088762,27.6519215939,25.1041491385,22.7848544033,15.9988137359,15.8893971085,15.8893971085,23.2726390487,24.4946698829,28.7108340839,30.6819789385,32.7836173491,33.6041895714,40.2853893024,44.9786202131,48.6111952662,51.6108845634,54.1529819587,55.1479646122,57.3559573328,60.0763319914,62.00522384,62.00522384,70.8589379719,72.8710744229,81.8468529809,94.5066902028,93.05188895,86.4448179796,85.5226813739,79.0048793403,74.9881558926,80.4216789854,83.1029594742,80.4216789854,77.401153369,75.5119767605,72.1157510902,66.2649315279,63.6482562441,59.61871121,55.7434657299,51.5548260694,48.1510176157,46.7634031554,45.4767067898,43.5359703448,42.2422017835,36.3356418663,31.0030296923,21.3850326252,16.5773534614,14.0233925263,14.6256404528,16.0666796202,17.1600482995,20.5559355046,21.4002969137,22.6969983171,27.0291430725,33.0013725355,36.6927473729,35.8607444312,35.3617897168,35.0354359842,30.9390910536,27.5498465875,27.5498465875,28.8029040151,30.3063951552,29.6630421157,29.6630421157,29.7159692349,29.7159692349,29.328079839,29.5722716949,29.5722716949,29.0436930703,25.1712960634,24.7588568488,24.59156377,25.8396837488,26.0728507881,29.3827238951,29.7268675103,30.9586570296,29.8073135642,31.144919615,29.331839515,27.7871112749,27.8260551618,27.8344435627,27.1589883352,28.9105954131,29.797423852,29.797423852,32.9620430668,32.8047992535,31.3075901845,31.1975846443,31.1997963113,28.1582524232
53,2025-02-23T00:00:00,21.8572301609,24.2612297634,26.9336349101,28.4756434539,28.6551849425,30.3553368518,32.8818597845,30.5148573876,26.6047635678,27.6730241922,28.799246115,29.3412516984,28.8945503783,30.627054281,28.0748270703,26.3441450797,25.699241896,26.3441450797,28.0607577039,27.3953401184,27.1837755601,27.1837755601,27.1837755601,25.3491774714,25.3491774714,25.3697845242,27.3468547553,30.7472653401,31.206013827,31.758913418,32.1416751086,30.6182444835,29.9103035666,31.2821063521,31.2821063521,31.2717483749,31.3994980543,31.3994980543,30.9833784626,30.9833784626,26.617674316,25.8163025914,27.6519215939,27.2486810688,24.8569420642,20.9234815013,15.9988137359,16.7567335614,16.7567335614,24.1001513676,26.1982125723,29.0177812813,31.4868203916,33.6722681398,34.7369549523,42.4185144943,49.5547780183,50.3566473498,54.1529819587,57.6264247701,60.0763319914,62.1273533849,68.969891604,70.8589379719,66.6736969982,71.2170918375,74.0556541255,89.0244020527,96.9079691836,96.9079691836,95.2522235684,89.0054694097,80.4216789854,79.0048793403,81.913030581,82.9314314831,80.4216789854,78.1408270778,76.4852580546,76.4242009096,70.2861757628,68.8447086291,65.0598296514,60.8246886132,56.5662152383,51.5548260694,48.3586535918,46.4962999555,45.1686958428,42.2422017835,36.2087558399,30.4939971681,23.414784377,18.5260198365,17.2371820778,17.2371820778,16.366341245,17.1600482995,20.3927213866,21.0760967486,22.6969983171,27.576200344,33.1479054332,37.2784105805,37.2784105805,36.6927473729,35.6928570093,33.264094461,28.5567196506,27.5498465875,28.5281914665,29.1843070084,29.0367005284,28.9225877919,29.328079839,29.328079839,28.8223830196,28.8223830196,28.8223830196,27.8867767774,24.7588568488,24.6713142366,23.7610575873,25.6035784592,25.8808885243,28.7630993832,29.4972797786,29.8073135642,29.3958957794,31.144919615,29.331839515,28.4216810626,28.4606249494,27.8344435627,26.1199906072,28.9105954131,29.797423852,29.797423852,32.931749252,32.7978039988,31.3075901845,31.3075901845,31.5099079286,29.3433951848
54,2025-02-24T00:00:00,24.729347211,24.2955176275,26.9336349101,28.3913081017,28.4756434539,29.8756602531,32.4680564922,30.3553368518,26.2885800978,27.1199373472,28.0748270703,28.799246115,28.7406566392,30.2758933126,26.0763387066,25.699241896,25.699241896,28.2969564051,30.1185598889,28.0607577039,27.223296844,27.1837755601,25.8122038962,25.157938151,25.3491774714,25.7532182946,29.5307217465,32.0600634704,32.1469027757,32.1416751086,32.9778088222,31.1622550323,30.0524389473,31.495774895,31.7794056672,31.2717483749,31.3994980543,31.3994980543,30.9833784626,30.2149777543,25.8163025914,25.4123897213,27.2486810688,27.2486810688,25.1041491385,23.6195262972,20.3178768351,19.9968413968,17.8080295971,25.5457897879,26.843330298,29.0177812813,30.6819789385,33.1393981805,34.5284669153,42.4185144943,50.3566473498,51.6108845634,55.3729139839,66.0421996243,68.6207482513,68.6207482513,70.954086687,70.8589379719,65.0862378707,70.8589379719,72.8710744229,81.8468529809,94.5066902028,93.05188895,92.6940158324,89.0054694097,81.913030581,81.913030581,84.3536027619,84.7048656365,81.8135500419,78.1408270778,76.4242009096,75.5119767605,69.1994931041,67.3619299152,64.0657821496,60.6471571609,56.5662152383,51.5548260694,48.1510176157,45.6440849257,43.5359703448,40.9417704019,36.2087558399,31.0729388021,24.4565191084,19.29637383,18.4604249454,17.2371820778,16.0666796202,16.769131918,20.2098651033,20.5559355046,22.2268320839,27.0291430725,33.1479054332,36.9530862714,36.9530862714,36.6168138049,35.6928570093,32.9208452683,27.5498465875,27.1605323029,27.5498465875,28.8029040151,28.8029040151,28.6543051354,28.8757488427,28.7556781472,28.6409636797,28.6409636797,28.5313495187,27.842697019,25.1712960634,25.1151602948,24.6713142366,25.8396837488,26.0728507881,29.3827238951,29.7268675103,30.9586570296,29.8073135642,31.144919615,29.1676755666,27.6103486206,27.6103486206,26.1931700668,24.8854313762,28.1575718473,29.5056110468,29.5056110468,32.931749252,32.7978039988,31.3075901845,31.3075901845,31.6110668007,28.7049667449
55,2025-02-25T00:00:00,23.6811365791,24.3298054917,27.2026574644,28.4756434539,28.6551849425,30.3553368518,32.4680564922,30.3553368518,26.6047635678,27.3622301411,28.0748270703,28.0748270703,28.0748270703,29.3412516984,25.4049383333,25.4049383333,25.699241896,27.8425367095,29.0094772102,27.8425367095,27.2690030038,27.1837755601,25.1881220987,24.9933005566,25.123528682,25.3697845242,27.3468547553,30.7472653401,31.206013827,31.758913418,32.1416751086,30.6182444835,29.9103035666,31.2821063521,31.7794056672,31.3994980543,31.541728565,31.541728565,31.2278550885,30.9833784626,26.617674316,25.8163025914,27.2486810688,26.617674316,24.8569420642,22.7848544033,19.9555062959,17.8080295971,17.0828812872,24.3787627216,26.1982125723,28.7108340839,30.4446966915,32.7836173491,33.6722681398,42.1291877736,49.5547780183,51.1333031469,54.9670560325,61.6448458279,66.1296005096,66.1296005096,68.969891604,66.7457842697,62.00522384,70.565859388,72.5852744888,78.832949508,92.507632491,90.7603689046,86.4448179796,85.5226813739,80.4216789854,80.4216789854,83.5008816305,83.5008816305,80.4216789854,77.401153369,75.5119767605,73.5670720586,69.1994931041,67.3619299152,64.0657821496,59.61871121,53.1800995973,51.446586259,48.005580539,45.4767067898,43.1085576741,40.1678300836,34.8971982725,31.0729388021,26.6215357384,22.554383926,22.4280152532,21.5390738164,18.2363498313,18.8570678756,21.0760967486,21.6596482619,23.7087647958,29.1937585925,34.3204985553,37.2784105805,37.2784105805,36.9526336317,36.6168138049,33.264094461,27.5498465875,27.066126076,27.1605323029,28.5281914665,28.5281914665,27.7297467196,28.6543051354,28.5146733006,28.5146733006,28.5146733006,27.842697019,27.617612044,25.80450708,25.80450708,25.7177308717,26.661395861,28.2035693584,29.7268675103,30.4950420045,30.9586570296,29.592088347,30.8832642055,29.1676755666,27.6103486206,27.1698099636,26.0451243378,24.8854313762,27.5623323121,29.2441649418,29.2441649418,32.7978039988,31.922993838,31.1975846443,31.1975846443,31.2064313125,28.2188001041
56,2025-02-26T00:00:00,25.8098266384,25.7786533682,27.2026574644,28.4756434539,28.9499608458,31.5886824592,32.8818597845,30.7004021945,26.8602029374,27.3622301411,27.1962093356,28.0748270703,28.0748270703,29.3412516984,25.4049383333,25.699241896,26.2581370115,27.8425367095,29.0094772102,27.8425367095,27.20483861,26.8723539539,25.1881220987,24.9010112154,24.9846981893,25.123528682,26.54071479,29.7850510129,30.5652816476,31.1622550323,31.758913418,30.4638352348,29.9103035666,31.495774895,33.191563311,31.541728565,33.2158661913,32.1826000756,31.2278550885,31.1646823544,27.2909749068,26.617674316,27.6519215939,27.2486810688,24.8569420642,22.7848544033,19.9555062959,18.9658736627,17.5806861537,24.2844516687,24.4946698829,28.2198612341,29.8924544795,32.2445046589,33.3929848704,41.0327790737,49.1700682818,50.3566473498,54.7148305338,59.9557051021,62.1273533849,62.1273533849,66.2735226777,65.0862378707,58.9944622422,66.6736969982,71.198173845,77.5293243269,90.7603689046,89.0244020527,79.9814149708,84.3536027619,79.0048793403,79.0048793403,81.913030581,82.9314314831,79.0023802488,76.7129204071,73.5670720586,72.6941790698,68.8447086291,65.5370689816,63.6482562441,57.5877781416,52.492031031,50.8254536242,46.7634031554,45.1686958428,42.2422017835,37.2186747397,33.1254885329,30.4939971681,26.4122633139,22.7568404958,22.6329561549,22.2526378693,18.5926648437,18.8570678756,20.5559355046,21.4002969137,22.6969983171,27.576200344,33.6900436129,36.9530862714,36.9530862714,36.6515551071,35.6928570093,33.2154809637,27.5498465875,26.8803838162,27.066126076,28.5281914665,28.5281914665,27.7297467196,28.6543051354,28.5146733006,27.842697019,27.842697019,27.3140761684,27.2980907209,25.1712960634,25.4638482856,25.4638482856,26.3102744921,27.5347797933,29.7268675103,30.4950420045,30.9586570296,29.592088347,31.144919615,29.331839515,28.4216810626,27.6103486206,26.8595232576,24.8854313762,27.1589883352,28.8519041562,29.2441649418,32.931749252,32.7978039988,31.3075901845,31.3075901845,31.3075901845,28.0371570613
57,2025-02-27T00:00:00,26.0845024284,25.8848179929,27.2026574644,28.4756434539,28.6551849425,30.6767906796,32.4680564922,30.7004021945,27.0772533193,27.6730241922,27.9871569057,28.0748270703,27.9652535638,28.8945503783,25.4049383333,25.699241896,27.2613245603,28.2604314699,29.0094772102,28.2604314699,27.2690030038,26.8723539539,24.9933005566,24.6044211382,24.9846981893,25.123528682,26.54071479,29.7850510129,30.5652816476,30.6182444835,31.1622550323,30.0391982384,29.5506425795,31.2821063521,31.7794056672,31.3994980543,32.1826000756,31.541728565,31.1646823544,30.9833784626,27.2060493104,26.617674316,27.2486810688,26.617674316,23.5110349428,20.9234815013,18.9658736627,17.5806861537,17.0828812872,24.1001513676,24.4946698829,28.7108340839,30.4446966915,32.7836173491,33.6722681398,41.0327790737,48.7315320006,49.5547780183,54.1529819587,57.6264247701,60.0763319914,60.0763319914,65.5747560505,65.0862378707,62.00522384,66.6736969982,71.198173845,77.5293243269,89.0244020527,80.7127836937,77.6371281624,83.5008816305,77.6371281624,78.9355879479,81.913030581,83.5008816305,80.4216789854,78.1408270778,75.5119767605,72.6941790698,68.8447086291,67.3619299152,65.0598296514,60.6471571609,56.5662152383,51.5548260694,48.1510176157,45.6440849257,45.1686958428,43.1085576741,37.2186747397,36.2087558399,29.2518760247,24.4565191084,24.4565191084,24.0024693315,22.2526378693,21.0760967486,21.4002969137,22.2619678595,24.0126430926,29.1937585925,33.6900436129,37.2784105805,37.4639153985,36.9526336317,36.6168138049,34.1039770978,28.5567196506,26.8803838162,27.066126076,28.5281914665,28.5281914665,27.3042194935,27.7297467196,27.842697019,27.541199994,27.3140761684,27.1696164982,27.1696164982,25.0604264366,25.1151602948,24.8319949043,26.0315462556,27.3838525128,29.4972797786,29.7268675103,29.9757976904,29.3958957794,30.8832642055,29.1676755666,27.6103486206,27.1698099636,26.0451243378,24.5864079887,26.9938746822,28.1575718473,28.8519041562,32.7978039988,31.922993838,31.1975846443,31.1975846443,31.1997963113,27.8909249345
58,2025-02-28T00:00:00,25.6724887435,25.1354154428,26.9336349101,28.3913081017,28.4756434539,30.3553368518,32.3169877615,30.5148573876,26.8602029374,27.3622301411,27.1962093356,27.0397321522,27.0397321522,28.7406566392,25.3018133601,25.4049383333,26.2581370115,27.709830523,29.0094772102,28.2604314699,27.2690030038,26.8723539539,24.9933005566,24.3580753797,24.619720114,24.6688677188,25.7532182946,28.1914392531,30.0131526385,30.4638352348,30.6182444835,29.9103035666,29.3076437719,30.6619185464,31.7794056672,31.3994980543,32.1826000756,31.541728565,31.1646823544,30.2149777543,27.1613023872,25.8163025914,26.617674316,26.0539867918,22.7848544033,21.7990986641,20.3178768351,20.7021215292,21.8753939171,25.5457897879,27.5951515538,30.6359851422,33.6836481111,34.729977499,35.6643850609,44.9786202131,51.1333031469,52.1750757871,56.285444556,66.0421996243,66.1296005096,62.1273533849,65.5747560505,62.00522384,58.9944622422,65.1861992423,70.565859388,74.5245716456,80.5404570238,78.5494321862,73.9653898465,79.6432778127,74.7169982192,77.6371281624,80.4216789854,82.9314314831,79.8601957079,77.401153369,73.5670720586,72.1157510902,67.3619299152,65.5370689816,64.0657821496,60.6471571609,60.1158827422,52.5141193158,50.8462587046,49.4714024171,48.3586535918,45.1686958428,42.0314429191,40.1678300836,30.4694933869,26.6966795316,26.4122633139,25.2441346126,22.4808711795,21.0760967486,21.4002969137,22.2619678595,23.7087647958,27.576200344,33.1479054332,37.2784105805,37.4639153985,36.9526336317,36.6168138049,34.1039770978,29.0063774099,27.066126076,27.1605323029,28.5281914665,27.995575125,27.1471522214,27.3042194935,27.541199994,27.2789877084,27.1696164982,26.6696798384,26.4464697546,24.7588568488,24.7588568488,24.6713142366,25.8808885243,26.6561067851,29.3827238951,29.7268675103,29.9757976904,29.3958957794,30.8832642055,29.1676755666,27.1698099636,26.7890492051,24.8854313762,24.5649768713,26.1863561232,27.2696144736,28.7294519979,31.922993838,31.2987435164,30.67495214,30.67495214,30.9351625587,27.7623982656
59,2025-03-01T00:00:00,26.5364291845,26.0971472423,27.2026574644,28.4756434539,28.6551849425,30.6767906796,32.4680564922,30.9101050418,27.445629267,28.2423007097,27.9871569057,28.0748270703,27.0397321522,28.2785365477,25.3018133601,25.4049383333,26.0700530541,27.3215071825,28.2604314699,27.709830523,27.20483861,25.7349507765,25.1551915425,24.6044211382,24.9846981893,25.3080070898,27.3468547553,30.7472653401,32.109096431,32.109096431,32.109096431,30.4638352348,29.5506425795,30.6619185464,31.2821063521,31.3994980543,32.1826000756,31.541728565,31.1646823544,30.2149777543,26.617674316,25.4123897213,26.617674316,26.617674316,23.5110349428,22.7848544033,20.7021215292,20.7021215292,20.2157456875,25.099717595,27.5951515538,30.6359851422,32.8640336637,34.5284669153,35.3609177474,43.2835956665,50.3566473498,51.6108845634,55.3729139839,61.6448458279,62.1273533849,60.0763319914,62.1273533849,58.9944622422,56.628423281,65.1861992423,70.565859388,77.5293243269,89.0244020527,83.9511718804,79.5313559027,82.8816659994,74.7169982192,74.7169982192,80.4216789854,83.5008816305,81.8135500419,80.3991136412,76.7129204071,75.5119767605,69.1994931041,68.8447086291,65.0598296514,60.6471571609,60.1158827422,52.5141193158,49.4714024171,48.3586535918,46.0496285716,43.5359703448,40.9417704019,37.2186747397,30.1391221802,26.4122633139,25.2795979185,24.0024693315,22.2526378693,20.504383163,21.0760967486,21.6596482619,22.9664996487,27.0291430725,33.0013725355,36.9530862714,37.2784105805,36.6515551071,35.6928570093,33.2351142539,28.5567196506,26.8803838162,27.066126076,27.995575125,27.5804507397,27.066126076,26.6891353481,27.3042194935,26.6828274018,27.1696164982,26.6696798384,26.4464697546,25.0604264366,25.1151602948,24.6713142366,25.8808885243,27.3838525128,29.3827238951,29.7268675103,29.9757976904,29.592088347,30.8832642055,29.2169973629,27.6103486206,26.7890492051,24.5864079887,24.3994736714,25.9008733062,26.9938746822,28.7294519979,32.7938969463,31.922993838,31.1975846443,31.1975846443,31.065267768,26.6658467816
60,2025-03-02T00:00:00,27.1184923361,26.3591782184,27.4066437574,28.4756434539,28.4756434539,30.3553368518,32.3169877615,30.7004021945,27.3403958947,27.6730241922,27.1962093356,27.0397321522,26.3521340922,27.9652535638,25.1135999631,25.3018133601,25.699241896,27.1903621477,27.709830523,27.3953401184,27.1837755601,25.3381910374,24.9933005566,24.3580753797,24.619720114,25.1207820735,26.54071479,29.7850510129,31.206013827,31.758913418,31.758913418,30.0391982384,29.3076437719,30.0524389473,30.1975594231,31.2717483749,31.541728565,31.3994980543,30.9833784626,29.6925281391,25.8163025914,25.1041491385,26.0539867918,26.0539867918,23.5110349428,23.3867605467,21.7990986641,21.7990986641,23.2726390487,26.0098958516,28.2444782673,32.8640336637,35.8606641837,38.2261418244,40.4840485906,49.4950663735,53.1806657834,54.9670560325,61.241973026,69.3215859152,71.3823808465,69.4812825534,70.954086687,70.8589379719,65.1861992423,70.8589379719,74.0556541255,89.0244020527,94.5066902028,90.7603689046,83.2198031575,82.8816659994,73.3031467791,72.0650912551,79.8601957079,82.9314314831,80.4216789854,78.9330888564,76.4852580546,73.5670720586,68.8447086291,67.3619299152,64.0657821496,60.6471571609,60.1158827422,54.5909689275,50.8462587046,48.3586535918,45.4767067898,43.1085576741,40.1678300836,36.3356418663,30.1391221802,26.4122633139,25.2795979185,25.2441346126,22.9702716324,21.0768595936,21.4002969137,21.6596482619,22.9664996487,26.5841239833,32.698517308,36.8768132237,36.9530862714,36.5605275658,35.3617897168,33.2351142539,29.0063774099,27.066126076,27.1605323029,28.5281914665,27.5804507397,26.8803838162,26.1763915848,27.2285146983,26.1649475412,26.6696798384,26.1649475412,26.1091450202,24.7588568488,24.7588568488,24.59156377,25.8396837488,26.6561067851,28.7630993832,29.4972797786,29.592088347,29.3958957794,29.9757976904,29.1410621289,27.1698099636,26.0451243378,24.5649768713,24.1308246114,24.9562024036,26.1863561232,28.1478069033,31.922993838,31.2987435164,30.67495214,30.67495214,30.5448469307,25.7727315739
61,2025-03-03T00:00:00,26.8813523092,26.2344851373,27.2026574644,28.3913081017,28.3913081017,29.8756602531,32.0337661143,30.5148573876,27.0772533193,27.3622301411,26.8602029374,26.3426601162,25.8589129312,26.5707826028,24.7934494108,25.1135999631,25.4049383333,26.2581370115,27.3215071825,27.2690030038,27.1765264803,25.1893801736,24.9010112154,23.8844940456,23.9284997914,24.6688677188,25.7532182946,28.1914392531,30.5652816476,31.1622550323,31.1622550323,29.9103035666,28.7567473443,29.5571539794,29.0132025817,31.1985071629,31.3994980543,31.2278550885,30.2149777543,28.475357003,25.1660133786,24.8569420642,25.7087286055,25.5973131302,22.7848544033,22.7848544033,20.7021215292,20.7021215292,21.8753939171,25.5457897879,28.0780171597,32.8640336637,38.2261418244,40.2871664018,41.8274162266,49.4950663735,53.1806657834,54.7148305338,59.9557051021,68.6207482513,69.557513276,68.6207482513,68.969891604,66.7457842697,65.1861992423,71.2170918375,75.4093976983,90.7603689046,98.5856802725,96.9079691836,92.6940158324,85.5226813739,80.4216789854,79.8601957079,84.3536027619,87.5946791399,87.9405911734,87.0893549341,79.5412981821,76.7129204071,72.6941790698,70.2861757628,69.1490028242,64.6342929658,64.6342929658,61.5556859657,54.5909689275,51.6795793696,49.9784620268,46.0496285716,42.2560829727,40.9417704019,33.7128916318,27.9076235833,27.7095496551,26.6966795316,23.7111651569,21.4849636257,21.4002969137,21.6596482619,22.9664996487,26.5841239833,32.0679108032,36.8768132237,37.2597407825,36.6515551071,35.6928570093,34.1039770978,29.5808448476,27.066126076,27.066126076,27.995575125,27.3042194935,26.2552491885,25.6434736544,26.6828274018,25.3210723379,26.1649475412,25.7645508452,25.7645508452,24.6713142366,24.6713142366,23.9094999835,25.8396837488,26.6561067851,28.7630993832,29.7268675103,29.9757976904,29.3958957794,29.9757976904,29.1410621289,26.7890492051,25.117921159,24.3994736714,23.7785095376,24.6041007455,25.9008733062,27.2696144736,30.7726674004,30.67495214,29.457348334,29.583685534,29.583685534,25.286488919
62,2025-03-04T00:00:00,26.6250546675,26.2656584076,26.9336349101,28.1880148551,28.1880148551,29.2067472543,31.5886824592,30.5148573876,27.3403958947,28.2423007097,27.9871569057,28.0748270703,26.3521340922,26.5707826028,24.3806847108,24.7934494108,25.3018133601,25.699241896,27.3215071825,27.2690030038,27.1765264803,25.1893801736,24.9010112154,23.7478373593,23.7478373593,24.5407624964,25.3697845242,27.0120341319,30.0131526385,30.6182444835,30.6182444835,29.5506425795,28.611797323,28.9184037849,28.6594373476,30.9890913344,31.2717483749,31.1646823544,28.5606879723,27.6854221621,25.0425550528,24.8569420642,26.0539867918,26.1914395644,25.0280486863,25.0903014674,24.3525465166,23.3867605467,25.0092425873,27.5951515538,30.4331982424,34.729977499,41.8579995764,42.5848943694,44.3331956368,54.1502240558,57.0019505713,60.7320738742,68.1432969728,74.6364177703,74.8897287834,71.3823808465,71.3823808465,70.954086687,66.6736969982,72.8261177862,78.832949508,92.507632491,103.995572001,104.120942862,99.0605306172,95.476476713,81.801108671,79.8601957079,83.5008816305,86.927732872,86.9891628624,85.0716883864,78.1408270778,76.4852580546,72.6941790698,72.1157510902,69.8272734155,65.2430917393,68.8072772456,64.7052809723,62.4773905472,59.9113847415,53.9484655955,50.8959535386,45.4767067898,43.4982133693,36.2416647139,30.1391221802,28.5896593516,28.1922310555,26.2704100901,22.9702716324,22.4134958466,22.5181911405,23.7087647958,26.0678728073,31.8944754698,36.6515551071,36.9530862714,36.5605275658,35.3617897168,33.2351142539,29.5808448476,27.066126076,27.066126076,27.995575125,27.3042194935,26.1524751714,25.6434736544,26.3683779245,25.3210723379,25.3210723379,25.2449128528,25.2449128528,24.59156377,24.6713142366,24.59156377,26.0315462556,27.5361053595,29.4849913728,30.7572092039,30.9586570296,29.5008136921,29.9757976904,29.1410621289,26.5021720741,25.117921159,24.5649768713,24.1308246114,24.9562024036,26.0832581866,26.9938746822,29.6906995419,29.6921133616,29.457348334,29.583685534,29.8239758832,25.6106506889
63,2025-03-05T00:00:00,26.8023056336,26.2968316778,26.9336349101,28.1880148551,28.1880148551,28.9499608458,30.9101050418,30.3553368518,27.3403958947,28.4485654566,28.3661499151,28.799246115,27.0397321522,26.5707826028,24.0367300217,24.3806847108,25.1135999631,25.2516964443,27.1903621477,27.20483861,26.8711439658,25.1262214656,24.4283981551,23.269629862,23.269629862,23.9284997914,25.123528682,26.54071479,29.6756905411,30.4638352348,30.4638352348,29.3076437719,28.4972255417,28.6594373476,28.611797323,30.2149777543,31.1985071629,30.9833784626,27.6854221621,27.2909749068,24.9551713933,23.3542302432,25.7087286055,25.980775999,24.8534801464,25.0092425873,24.3525465166,24.3525465166,25.1150617762,28.0780171597,30.6442211428,34.729977499,41.0568569045,42.1291877736,44.1202627977,54.0209266205,55.3729139839,57.0019505713,66.0421996243,71.9253594366,74.6364177703,70.954086687,70.954086687,70.8589379719,65.1861992423,72.8261177862,81.1990114858,96.9079691836,104.355081526,104.507948825,104.120942862,95.476476713,80.4216789854,78.9355879479,81.913030581,84.7048656365,83.6208315158,83.1946651617,77.401153369,76.4242009096,72.1157510902,70.2861757628,69.1490028242,65.0598296514,66.1860209461,64.6342929658,61.5219458813,59.3324348332,52.1368673204,49.9784620268,45.1686958428,42.9804434462,36.1805980674,30.1391221802,28.5896593516,28.1922310555,26.2704100901,22.4808711795,22.2526378693,22.2619678595,22.9664996487,26.0678728073,31.8944754698,36.5605275658,36.8768132237,35.8607444312,35.2798898781,33.0288679826,29.0063774099,26.8803838162,26.8803838162,27.4320790249,27.1471522214,26.0887400266,24.8567474856,26.3683779245,25.3210723379,25.3210723379,25.2449128528,25.2449128528,24.1161404273,24.59156377,24.1161404273,26.0315462556,27.5361053595,29.4849913728,30.7572092039,30.9586570296,29.3836073735,29.5429347237,29.0802939928,26.0265985371,25.117921159,24.5649768713,24.1308246114,24.9562024036,26.5584993873,26.9938746822,29.6906995419,30.67495214,31.1975846443,31.1975846443,31.2020079784,27.9766093804
64,2025-03-06T00:00:00,26.5364291845,26.0971472423,26.9336349101,28.1502950324,28.1502950324,28.6551849425,30.5307805727,29.8756602531,27.0772533193,28.2423007097,27.9871569057,28.0748270703,26.3521340922,25.7404528087,23.5801003271,24.201950849,24.4497425913,24.6870378043,26.8711439658,27.1837755601,25.7349507765,24.9933005566,23.8844940456,22.8922176003,22.8922176003,23.7478373593,24.6688677188,25.7532182946,29.3389057623,30.0131526385,30.0391982384,28.7567473443,28.4972255417,28.9098197202,28.6594373476,30.2149777543,31.1985071629,30.2149777543,27.2909749068,27.2060493104,24.8352608231,22.8866263488,25.4123897213,25.5973131302,23.5110349428,24.3525465166,23.3867605467,23.3867605467,25.0092425873,27.5951515538,30.4331982424,34.203638013,40.4537506746,41.8274162266,42.6156223808,53.1806657834,54.3546730107,55.3729139839,63.9272843012,70.3153001342,72.4188445128,69.4812825534,68.969891604,66.7457842697,64.9531181267,71.2170918375,78.832949508,94.5066902028,103.995572001,104.120942862,99.0605306172,89.0054694097,79.0048793403,77.6371281624,80.4216789854,83.5008816305,81.8135500419,80.3991136412,77.401153369,76.4242009096,72.6941790698,72.4324562523,69.8272734155,65.0598296514,65.1323651471,63.7451014709,59.9113847415,56.2206966064,51.5795014146,49.2971749899,43.5359703448,42.2264142266,36.1362334737,29.3940495426,28.1922310555,27.822632691,25.2441346126,22.2526378693,21.6596482619,21.6596482619,22.5181911405,25.9117730863,31.4460582549,36.5605275658,36.8768132237,35.8607444312,35.2798898781,33.2351142539,29.0063774099,26.8803838162,26.8803838162,27.4320790249,27.1471522214,26.0887400266,24.6629503642,26.1200463812,24.7768624092,25.0604264366,25.0604264366,25.0604264366,23.9054068213,24.59156377,24.1161404273,26.0315462556,27.5361053595,29.4849913728,30.4950420045,29.9757976904,29.3302364703,29.3836073735,28.4095716408,25.655017202,24.6952776559,24.3994736714,23.8479715232,24.6041007455,26.0832581866,26.7739097779,29.2441649418,29.6921133616,30.67495214,31.1975846443,31.2042196454,28.0977047422
65,2025-03-07T00:00:00,26.7136801506,26.203311867,26.9336349101,28.1502950324,28.1502950324,28.4756434539,30.3553368518,29.2067472543,26.8602029374,28.2423007097,28.3661499151,28.799246115,27.0397321522,27.9652535638,24.3806847108,24.3806847108,25.1135999631,25.2516964443,26.8711439658,27.1765264803,25.2223107298,24.9010112154,23.2769455593,22.5399317409,22.5399317409,23.269629862,24.5407624964,25.4133239935,28.12149941,29.5506425795,29.9103035666,27.9934447663,27.9284342974,28.6594373476,28.611797323,29.5423182907,30.9890913344,29.5423182907,27.2060493104,27.1613023872,24.8352608231,22.8866263488,25.4123897213,25.5973131302,22.7848544033,23.3867605467,22.7848544033,23.0900354155,24.3525465166,27.2202922042,29.964656415,33.7183105111,40.1803124863,41.0568569045,42.1291877736,51.4123150617,54.0209266205,54.9670560325,61.241973026,69.3215859152,71.3823808465,68.6207482513,66.2735226777,65.0862378707,64.1164721988,70.8589379719,77.5293243269,92.507632491,102.16153615,103.995572001,96.9079691836,85.5226813739,77.6371281624,74.7169982192,79.8601957079,82.9314314831,80.4216789854,78.9330888564,76.7129204071,75.5119767605,72.6941790698,72.4324562523,69.8272734155,65.2430917393,66.1860209461,64.6342929658,62.4773905472,61.5219458813,59.3324348332,53.9484655955,46.1448577806,45.1686958428,37.1018083601,30.6992725037,30.6293633939,29.5863199415,27.7331757933,23.7661602628,22.9702716324,23.7087647958,24.0126430926,25.9117730863,31.8944754698,36.6515551071,37.2597407825,36.9526336317,36.6168138049,34.501855779,30.4748217512,27.066126076,27.0448246753,27.4320790249,27.1471522214,26.1524751714,24.8567474856,26.1200463812,24.4286246522,24.4995156591,24.6665429338,24.7421055842,23.6227743083,24.1161404273,24.0688293113,26.0315462556,27.5361053595,29.4849913728,30.4551863346,29.9160696817,29.2169973629,29.3302364703,27.7745933305,25.0599289143,24.6952776559,24.5649768713,24.3994736714,26.0832581866,27.658538792,28.7294519979,31.6046931684,31.2718603903,31.6046931684,31.9508242851,31.7122256727,29.9649963529
66,2025-03-08T00:00:00,27.4887469481,26.4010233089,27.2026574644,28.1502950324,28.1502950324,28.6551849425,30.5307805727,29.8756602531,27.0772533193,28.2423007097,27.9871569057,28.0748270703,26.3521340922,26.5707826028,24.0367300217,24.201950849,24.4497425913,24.6870378043,26.18209388,26.8711439658,25.1262214656,24.6320982329,23.0741283742,21.9544700628,22.3117641738,22.8922176003,24.2605635977,25.3298783911,27.8014331425,29.3076437719,29.5506425795,27.8014331425,27.5120902947,28.611797323,28.4972255417,28.9098197202,30.2149777543,28.9098197202,26.5882236827,26.6189198488,23.3542302432,22.8000505578,25.1041491385,25.3845358525,21.7990986641,22.7848544033,21.7990986641,22.7608338057,24.1171750795,26.843330298,29.0177812813,33.5085161753,38.2261418244,40.2871664018,41.8274162266,51.4123150617,53.3042682369,54.7148305338,59.9557051021,68.6207482513,69.557513276,66.1296005096,65.5747560505,64.1164721988,61.8023099437,70.565859388,75.4093976983,91.2340660509,99.9109260106,100.363987846,95.2522235684,84.3536027619,77.6371281624,75.0960386097,79.8601957079,82.9314314831,81.7550168555,80.0925476488,78.7494290341,77.401153369,75.5438186438,74.535417234,71.6658927836,69.4291038822,68.9992772901,64.9621319385,63.7451014709,62.4773905472,59.3324348332,55.6992720763,49.2971749899,45.9736031486,42.2264142266,36.1362334737,35.4251603027,31.6144037054,27.7732223238,23.7661602628,22.5181911405,22.9664996487,24.0126430926,25.9117730863,31.8944754698,36.5605275658,36.9530862714,36.6515551071,36.6168138049,34.501855779,30.4748217512,27.1605323029,27.1605323029,27.995575125,27.5804507397,26.8784570648,25.6434736544,26.1200463812,24.7768624092,24.4995156591,24.6665429338,24.7421055842,23.6227743083,23.7953668135,23.7953668135,25.8808885243,27.4120607322,29.3827238951,29.8344371641,29.8453054905,29.3836073735,29.6996580009,29.1410621289,26.5021720741,26.7890492051,25.9939091222,24.5864079887,26.9839345629,27.658538792,28.1478069033,31.6046931684,31.2718603903,31.6046931684,31.9508242851,31.9617265923,29.4987954768
67,2025-03-09T00:00:00,30.8969676507,26.828446934,28.1502950324,28.2264202391,28.1502950324,28.4756434539,30.3553368518,29.2067472543,27.3403958947,28.4485654566,28.799246115,29.3412516984,27.9652535638,28.2785365477,25.1135999631,25.1135999631,25.3018133601,25.699241896,26.8711439658,26.8711439658,25.0760171047,24.7808794197,23.2769455593,22.8922176003,22.8922176003,23.7478373593,25.123528682,27.0120341319,30.0131526385,30.6182444835,30.6182444835,29.5506425795,28.611797323,28.9098197202,28.611797323,29.5423182907,30.2149777543,29.8150844319,27.6854221621,27.6854221621,25.1660133786,25.1041491385,26.4845941187,26.4845941187,24.8534801464,24.3525465166,22.7848544033,22.7608338057,23.2726390487,26.0098958516,28.2444782673,33.4649735231,35.8606641837,38.2261418244,40.4840485906,49.4950663735,53.0092303349,54.1252120705,57.6264247701,68.1432969728,68.6207482513,62.1273533849,64.2386017438,61.8023099437,61.8023099437,70.565859388,75.4093976983,90.5329023728,98.1362931966,98.1362931966,92.6940158324,83.5008816305,74.7169982192,74.1495152494,77.8509572543,81.8135500419,80.4216789854,79.0562650263,78.1408270778,76.7129204071,75.3305085159,73.3793546898,71.309563532,68.9147338936,68.8072772456,64.7052809723,62.7194051225,61.5219458813,57.187890604,53.9484655955,48.7395704281,45.4767067898,41.641609456,35.4251603027,33.5371360665,30.2937223094,27.7331757933,23.7661602628,22.9702716324,23.7087647958,24.8168421732,26.0678728073,31.8944754698,35.8607444312,36.8768132237,36.6515551071,36.9560065107,34.6379801044,30.7907958975,27.995575125,27.995575125,28.5281914665,27.995575125,27.0448246753,25.6434736544,25.6406126435,24.4286246522,23.9992543902,24.4056458327,24.59156377,23.0279719873,23.5952643063,23.5952643063,25.8396837488,27.3838525128,28.7630993832,29.576859729,29.8453054905,29.3836073735,29.6996580009,29.2169973629,27.1698099636,27.1698099636,26.7764036787,26.5066166663,27.1589883352,28.1575718473,28.7294519979,31.6046931684,30.67495214,31.2807070584,31.6046931684,31.6315762945,29.1941728228
68,2025-03-10T00:00:00,30.6944247125,26.7087448485,27.4066437574,28.1502950324,27.5671747537,28.3913081017,29.8756602531,28.9499608458,27.0772533193,28.2423007097,28.799246115,29.3412516984,28.1083958873,28.2785365477,25.3018133601,25.3018133601,25.3018133601,25.699241896,26.8711439658,26.8711439658,25.0760171047,24.9010112154,24.2738004592,23.7478373593,23.269629862,23.7478373593,24.6688677188,27.0120341319,30.0131526385,30.6182444835,30.6182444835,29.5506425795,28.4972255417,28.6594373476,28.4972255417,28.9098197202,29.8150844319,29.4876263946,27.2909749068,27.2909749068,25.0425550528,24.8569420642,26.0539867918,26.1914395644,24.8534801464,25.0092425873,24.3525465166,23.9130979875,25.0053913585,26.843330298,28.2444782673,32.8640336637,35.3609177474,35.8606641837,38.2879483976,48.7315320006,51.9727397252,53.3042682369,56.285444556,66.0421996243,66.1296005096,60.6318762511,61.8023099437,60.6318762511,60.6318762511,70.565859388,77.4403022502,90.5329023728,96.9079691836,96.9079691836,92.6940158324,82.8816659994,73.3031467791,72.0650912551,75.0960386097,80.4216789854,79.8601957079,78.7494290341,77.401153369,76.4852580546,74.535417234,72.6941790698,70.8195628814,66.1860209461,68.1933437812,64.6342929658,62.4773905472,59.9113847415,55.6992720763,52.1368673204,46.1448577806,45.1686958428,40.1123906814,33.5371360665,31.6144037054,29.5863199415,27.7331757933,23.7661602628,22.9702716324,23.7087647958,24.8168421732,25.9117730863,31.4460582549,35.520082557,36.6515551071,36.5605275658,36.6168138049,34.501855779,30.4748217512,27.995575125,28.5281914665,28.8029040151,28.5281914665,27.066126076,25.6434736544,25.4258564235,24.2605468559,23.8866245167,23.9992543902,24.59156377,23.0279719873,23.5952643063,23.5952643063,25.8808885243,27.3838525128,28.7630993832,29.576859729,29.8453054905,29.3302364703,29.5277061056,29.1410621289,27.1698099636,27.1698099636,26.7764036787,25.9939091222,27.0460483982,27.658538792,28.1478069033,30.7457842743,30.2052867021,31.1975846443,31.2807070584,31.4292585504,28.9703392799
69,2025-03-11T00:00:00,31.6562722182,26.8545882345,28.2000765408,28.2719247369,28.2000765408,28.4756434539,30.3553368518,29.2067472543,27.0772533193,27.9174182444,28.3661499151,29.3412516984,28.2785365477,28.7406566392,25.4049383333,25.4049383333,25.3018133601,25.2516964443,26.8711439658,26.8711439658,25.0760171047,24.9010112154,24.2738004592,23.269629862,23.269629862,23.9284997914,25.3697845242,29.7850510129,31.206013827,31.1622550323,31.1622550323,30.211812659,29.3076437719,29.5571539794,28.7095824416,29.5423182907,29.8150844319,28.9098197202,27.2909749068,27.2060493104,24.9551713933,24.8569420642,26.4845941187,26.4845941187,25.0280486863,25.3779205716,25.0092425873,23.9130979875,25.0053913585,27.2202922042,29.0177812813,33.5085161753,40.1803124863,41.8274162266,42.1291877736,53.0092303349,54.0209266205,54.7148305338,57.6264247701,68.1432969728,66.1296005096,59.9156765907,61.8023099437,61.8023099437,64.1164721988,72.8261177862,81.2765773694,95.8719355104,103.995572001,104.120942862,99.0605306172,89.0054694097,80.4216789854,78.9355879479,81.913030581,84.7048656365,83.6208315158,82.5978181984,79.3579083596,77.401153369,75.3305085159,72.6941790698,69.8272734155,65.2430917393,66.0350644309,63.7451014709,61.5219458813,59.3324348332,53.9484655955,50.8959535386,45.4767067898,43.4982133693,39.5173842265,31.6144037054,30.6293633939,28.9493461661,26.7014420018,23.7111651569,22.5181911405,23.7087647958,24.9121202797,26.0678728073,31.4460582549,35.520082557,36.5605275658,36.5605275658,36.6168138049,34.501855779,30.7907958975,28.5567196506,28.5281914665,28.8029040151,28.5281914665,27.0448246753,25.6434736544,25.6406126435,24.7768624092,25.0604264366,25.0604264366,25.0604264366,23.6227743083,23.5952643063,23.4242862646,25.8396837488,26.6561067851,28.7630993832,29.576859729,29.8453054905,29.3302364703,29.6996580009,29.1410621289,27.1698099636,27.4757577937,27.4757577937,26.5066166663,27.3340959621,28.1575718473,28.7294519979,31.6046931684,30.67495214,31.2807070584,31.7228280345,31.6853425467,29.1195616418
70,2025-03-12T00:00:00,32.2805481603,27.1975390117,28.2719247369,28.3913081017,28.2719247369,28.6551849425,30.3553368518,29.6187262339,27.3403958947,28.2423007097,28.3661499151,28.799246115,28.1083958873,28.2785365477,25.3018133601,25.3018133601,25.1135999631,24.9965948543,26.18209388,26.18209388,24.9828862558,24.7808794197,24.1729495147,23.269629862,23.269629862,23.9284997914,25.123528682,28.725308241,30.5652816476,30.6182444835,31.1622550323,30.211812659,29.3076437719,29.5571539794,28.7095824416,28.9098197202,29.4876263946,28.7095824416,27.2060493104,27.1613023872,24.9551713933,24.8569420642,26.0539867918,26.1914395644,24.8534801464,25.0903014674,24.3525465166,23.317702166,24.3525427207,26.843330298,28.2444782673,33.4649735231,38.2261418244,41.0568569045,41.8274162266,51.4123150617,53.3042682369,54.1252120705,56.285444556,68.1432969728,66.1296005096,59.9156765907,61.8023099437,61.8023099437,61.8023099437,71.2170918375,80.1587369359,94.3037450707,102.16153615,103.995572001,96.9079691836,85.5226813739,79.0048793403,77.6371281624,80.4216789854,83.5008816305,82.5978181984,81.5471537881,78.7494290341,76.7129204071,74.535417234,72.4324562523,69.4291038822,65.0598296514,65.1323651471,62.8133747421,61.5219458813,59.9113847415,55.6992720763,52.1368673204,49.2971749899,45.4767067898,41.641609456,36.1362334737,35.4251603027,31.6144037054,27.7732223238,24.4786804508,23.7238527307,24.4574115087,24.9121202797,26.0678728073,31.4460582549,35.520082557,36.5605275658,36.5605275658,36.6168138049,34.6379801044,31.7079657395,28.938212626,28.8029040151,28.938212626,28.5281914665,26.8784570648,25.6434736544,25.6406126435,24.7768624092,25.0604264366,25.0604264366,24.7421055842,23.0279719873,23.0279719873,22.9945051267,25.6035784592,26.1879998256,28.1659969119,29.5008136921,29.6996580009,29.2169973629,29.5277061056,29.0802939928,26.7890492051,27.1698099636,27.4757577937,26.7764036787,27.4757577937,28.7888722643,28.8519041562,30.7457842743,30.2052867021,31.1975846443,31.6046931684,31.5778100424,28.8321409809
71,2025-03-13T00:00:00,32.6395140535,28.1880148551,28.3913081017,28.4756434539,28.3913081017,28.6551849425,29.8756602531,29.6187262339,27.445629267,29.2196551435,29.7042391475,30.627054281,28.7406566392,28.7406566392,25.3018133601,25.3018133601,25.3018133601,25.2516964443,26.8711439658,27.1765264803,25.1262214656,24.9010112154,24.2738004592,23.7478373593,23.269629862,23.9284997914,25.3697845242,28.725308241,30.5652816476,30.6182444835,31.1622550323,30.211812659,29.5506425795,29.9795027717,28.9098197202,29.5423182907,29.4876263946,28.7095824416,27.2060493104,27.1613023872,24.9551713933,24.8569420642,25.7087286055,25.980775999,23.5110349428,25.0092425873,23.3867605467,23.0900354155,24.1171750795,26.0098958516,28.0780171597,32.8640336637,35.8606641837,40.2871664018,40.7009567052,49.4950663735,53.0092303349,53.3042682369,55.3729139839,66.0421996243,62.1273533849,58.6949207765,60.6318762511,60.6318762511,60.6318762511,70.8589379719,78.832949508,92.507632491,99.9109260106,100.363987846,95.8719355104,84.3536027619,77.6371281624,75.0960386097,79.8601957079,82.9314314831,81.7550168555,80.0925476488,78.1408270778,76.4852580546,73.3793546898,72.0780134687,69.1048890424,64.7227849885,64.7227849885,61.5556859657,59.9113847415,59.3324348332,53.9484655955,51.513528341,48.7395704281,45.1686958428,40.1123906814,35.4251603027,33.5371360665,30.2937223094,27.7331757933,24.9061505717,24.4786804508,24.9290508008,25.0181065641,27.0291430725,31.987318387,35.520082557,36.5605275658,36.6515551071,37.2919020966,34.8541193793,32.9208452683,29.9799428651,29.2007092136,29.2007092136,28.8029040151,26.8784570648,25.6434736544,25.6406126435,24.7768624092,25.0604264366,25.0604264366,24.7421055842,23.0279719873,23.0279719873,22.9945051267,25.6035784592,26.000977589,27.9463353122,29.4849913728,29.576859729,29.1410621289,29.5277061056,29.1410621289,27.1698099636,27.4757577937,28.7529070727,27.1589883352,28.1575718473,29.2441649418,29.5056110468,31.6046931684,30.2052867021,30.67495214,31.2807070584,31.2807070584,28.417546084
72,2025-03-14T00:00:00,33.4839211803,29.4699171013,29.0617478975,28.7069697231,28.4756434539,28.6551849425,29.6187262339,29.170663613,27.3403958947,29.2196551435,29.7042391475,30.627054281,28.7406566392,28.7406566392,25.3018133601,25.4049383333,25.699241896,26.2581370115,27.3215071825,27.1837755601,25.1262214656,24.7808794197,24.1729495147,23.269629862,22.8922176003,23.7478373593,25.123528682,28.1378299198,30.0131526385,30.4638352348,30.6182444835,29.9795027717,29.5506425795,30.225053368,30.0709884974,30.6755327984,30.148990777,28.9098197202,27.2060493104,26.7524367277,24.8352608231,23.9973881726,25.7087286055,25.980775999,23.5110349428,25.0092425873,24.2514840556,23.0900354155,24.1171750795,25.5457897879,27.5951515538,31.519764394,35.3609177474,40.2871664018,41.8274162266,51.4123150617,54.0209266205,54.9670560325,61.241973026,70.3153001342,71.3823808465,66.1296005096,66.2735226777,66.7457842697,65.1861992423,75.4093976983,88.253489898,98.1362931966,105.568991361,105.568991361,104.507948825,98.4810140373,82.8816659994,80.4216789854,84.3536027619,87.5946791399,87.9405911734,85.0716883864,82.5978181984,78.7494290341,75.8345555937,73.3793546898,69.8272734155,65.0598296514,64.7227849885,59.9113847415,56.2795427151,56.2206966064,52.1368673204,50.8297654362,46.1448577806,44.9576219822,39.5173842265,33.5371360665,31.6144037054,29.5863199415,26.7014420018,24.4786804508,24.4786804508,24.963616208,25.3697798969,29.6275243391,32.698517308,36.5605275658,36.6515551071,36.6515551071,36.9560065107,34.8541193793,33.0101226434,29.9799428651,28.938212626,28.938212626,28.8029040151,27.0448246753,26.1314904248,26.3683779245,26.1200463812,26.1649475412,25.7645508452,25.4734014386,23.9054068213,23.5952643063,22.9945051267,25.4353101825,25.8808885243,27.5361053595,29.3827238951,29.5008136921,29.0802939928,29.3836073735,29.1410621289,27.6103486206,27.7065551005,28.9693300042,27.4757577937,28.1575718473,28.9333461174,29.5056110468,31.922993838,31.2718603903,31.2807070584,31.7228280345,31.6315762945,28.6939426819
73,2025-03-15T00:00:00,33.1400599262,28.5710841714,28.6017939132,28.7069697231,28.4756434539,28.6551849425,29.6187262339,29.170663613,27.3403958947,29.6187262339,30.627054281,30.7413652978,29.3412516984,28.8945503783,25.4049383333,25.699241896,26.4229806624,27.3215071825,28.2604314699,27.20483861,25.1262214656,24.6058900279,24.1729495147,23.7478373593,23.269629862,24.5396235308,26.0273743712,28.725308241,30.4764715763,30.5294344122,30.6182444835,29.9795027717,29.9103035666,30.6330113327,31.2821063521,31.1985071629,30.9890913344,29.4876263946,27.2060493104,26.5192188712,23.9973881726,23.1509014136,25.4123897213,25.5973131302,22.7848544033,24.6011566982,23.3867605467,22.7608338057,23.8950588798,25.099717595,27.2202922042,31.1880674351,34.729977499,38.2261418244,40.7009567052,49.4950663735,53.3042682369,54.7148305338,59.9557051021,69.3215859152,69.557513276,62.1273533849,65.5747560505,65.0862378707,64.9531181267,74.0556541255,85.9796687777,96.9079691836,104.355081526,104.507948825,104.120942862,95.476476713,81.801108671,79.8601957079,83.5008816305,86.927732872,86.9891628624,83.1946651617,81.5471537881,78.1408270778,75.5438186438,72.6941790698,69.4291038822,64.7227849885,64.6342929658,59.5022779379,59.4378281436,59.4378281436,56.9509790294,52.1368673204,48.7395704281,44.9576219822,39.0444411227,31.6144037054,31.0750449884,29.5863199415,26.2704100901,23.928102662,23.928102662,24.9290508008,25.1167684219,29.1937585925,32.3029583432,35.8607444312,36.5605275658,36.5605275658,36.6168138049,34.6379801044,32.9208452683,30.2925632417,29.2007092136,29.2007092136,28.8029040151,26.8784570648,25.6434736544,26.1200463812,26.1200463812,26.5956103824,26.1649475412,25.7645508452,24.1161404273,23.7953668135,22.9945051267,24.8319949043,25.8396837488,27.4120607322,29.1260232359,29.4849913728,28.7052607183,29.3302364703,29.0802939928,27.1698099636,27.4757577937,28.9693300042,27.8112737736,28.9920373743,29.4993737402,29.6123630154,32.7938969463,31.6046931684,31.6046931684,31.993233732,31.7440327579,28.9703392799
74,2025-03-16T00:00:00,33.8714362678,30.9644819634,30.7619390252,30.8351847406,28.9499608458,29.2067472543,29.8756602531,29.6187262339,27.445629267,29.6187262339,30.2758933126,30.670824624,29.3412516984,29.3412516984,26.2956721954,26.2956721954,28.1359728349,28.2604314699,28.8689206885,27.20483861,25.1785143822,24.6058900279,23.8785351173,23.7478373593,23.7478373593,24.5628631683,26.54071479,29.7850510129,31.206013827,31.1622550323,31.758913418,30.4638352348,30.5353476208,31.46840919,33.191563311,31.46840919,31.46840919,31.1646823544,28.7507247167,27.2909749068,25.1660133786,25.4123897213,26.6189198488,26.6189198488,25.1041491385,25.3779205716,25.0092425873,23.9130979875,24.2514840556,25.5457897879,27.5951515538,31.1880674351,34.203638013,38.2261418244,41.8274162266,53.0092303349,55.3729139839,60.7320738742,68.1432969728,74.8897287834,74.8897287834,70.954086687,71.3823808465,71.3823808465,70.8589379719,78.832949508,89.6189037868,102.16153615,108.479718823,108.479718823,108.331876732,104.507948825,85.5226813739,84.3536027619,88.9219345345,93.9826205634,91.0951079061,87.0893549341,82.5978181984,78.1408270778,75.3305085159,72.4324562523,69.1048890424,64.6342929658,63.8097191366,59.4214428111,58.3522907536,59.299937052,55.6992720763,51.513528341,46.1448577806,43.4639705835,36.9984434546,31.0750449884,30.5879402893,28.9493461661,25.2974361218,23.7661602628,23.7238527307,24.9061505717,25.0181065641,27.576200344,31.987318387,35.520082557,35.8607444312,36.5605275658,36.9560065107,34.9061933587,33.1507789657,31.3035532329,30.9673666126,30.3063951552,28.938212626,26.8784570648,25.4258564235,25.6406126435,25.6189702156,26.1649475412,25.7645508452,25.5428107306,23.9054068213,23.7953668135,23.4242862646,25.6035784592,26.000977589,27.9463353122,29.3827238951,29.5008136921,28.7052607183,29.3302364703,29.0802939928,27.1698099636,27.1698099636,28.7529070727,27.8112737736,29.4993737402,29.5873861306,29.6787263669,32.909125787,31.922993838,31.922993838,32.9620430668,33.2975923866,30.2901767592
75,2025-03-17T00:00:00,33.5985415984,30.6944247125,29.0617478975,29.2753120147,28.9499608458,29.2067472543,29.8756602531,29.6187262339,27.445629267,29.2196551435,29.7042391475,30.627054281,28.8945503783,28.8945503783,25.7404528087,26.0700530541,28.1359728349,28.2604314699,28.8689206885,27.20483861,25.1785143822,24.3649946534,23.8293868633,23.7478373593,23.7478373593,24.5628631683,26.0273743712,28.725308241,30.6687898494,30.6687898494,31.1622550323,30.211812659,30.5353476208,31.6056918033,33.6012794705,33.191563311,33.6012794705,32.1826000756,31.1646823544,29.8150844319,26.7524367277,26.7524367277,29.196287421,29.196287421,26.1914395644,25.980775999,25.8461639311,25.1150617762,25.1150617762,27.2202922042,28.2444782673,31.519764394,34.203638013,35.8606641837,40.7009567052,51.4123150617,54.3546730107,57.0019505713,66.0421996243,74.6364177703,74.6364177703,69.4812825534,70.954086687,70.954086687,70.565859388,78.150262212,88.8255084779,99.9109260106,108.331876732,108.331876732,106.513054902,102.346110175,84.3536027619,83.5008816305,87.5946791399,92.0002147978,88.8624520731,87.0893549341,82.5978181984,78.1408270778,75.3305085159,72.4324562523,68.8447086291,63.8097191366,63.5396549679,58.3522907536,55.9837850318,58.325942426,53.9484655955,50.8297654362,46.1448577806,43.4639705835,36.9984434546,31.0750449884,30.5879402893,28.5896593516,25.0117812785,23.7111651569,23.7238527307,24.9290508008,25.1167684219,29.1937585925,32.698517308,35.5562588441,35.5562588441,35.8607444312,36.6168138049,34.8541193793,33.140803538,31.3035532329,30.3836521235,29.9799428651,28.8029040151,26.4262507816,25.3251068367,25.5118261801,25.4370062812,25.6189702156,25.5428107306,25.4370062812,23.6227743083,23.5952643063,23.0994961085,25.4353101825,25.8808885243,27.5361053595,29.1260232359,29.4849913728,28.4178608765,29.2169973629,28.7924811418,26.7890492051,26.7890492051,27.8022824757,27.4757577937,28.9920373743,29.4993737402,29.6123630154,32.7938969463,31.6046931684,31.6046931684,32.9161210417,32.9597302704,29.9649963529
76,2025-03-18T00:00:00,33.2546803442,30.7619390252,29.0617478975,29.2753120147,28.9499608458,28.9499608458,29.6187262339,29.170663613,27.3403958947,28.4485654566,29.2196551435,30.2758933126,28.7406566392,28.7406566392,25.4049383333,26.0700530541,28.1359728349,28.2604314699,28.8689206885,27.20483861,25.1262214656,24.3649946534,23.953660586,23.783801218,23.783801218,25.0973627138,27.0544666044,29.7850510129,31.206013827,31.1622550323,31.758913418,30.4638352348,30.6330113327,31.9666399297,33.8684498916,33.191563311,33.2158661913,32.1826000756,31.1646823544,29.8150844319,27.1613023872,27.1613023872,28.6783589945,27.983381439,25.980775999,25.8461639311,25.5722509115,25.0092425873,25.0092425873,26.843330298,28.0780171597,31.1880674351,33.5910609143,35.3609177474,40.2193829726,49.4950663735,54.0209266205,55.3729139839,63.9272843012,71.9253594366,72.4188445128,68.6207482513,68.969891604,70.8589379719,66.6736969982,77.4403022502,88.253489898,98.1362931966,106.513054902,106.513054902,105.568991361,101.320951546,83.5008816305,81.9455781489,85.5226813739,88.6099691675,87.9405911734,85.0716883864,81.5471537881,77.401153369,74.535417234,72.0780134687,66.1860209461,63.5396549679,62.8133747421,56.8670188474,54.5909689275,55.9837850318,52.1368673204,49.9784620268,45.4767067898,42.9804434462,36.3356418663,30.6578493991,30.1408788061,28.1922310555,24.9381560545,23.7111651569,23.7238527307,24.9061505717,25.0181065641,27.576200344,32.3029583432,35.4871547733,35.4871547733,35.5562588441,36.6168138049,34.8541193793,33.140803538,31.3035532329,30.3836521235,29.2007092136,28.5281914665,26.1524751714,24.8113828043,25.4204458165,25.1911653724,25.6189702156,25.5428107306,25.4370062812,23.9054068213,23.7953668135,23.0994961085,25.4353101825,25.8808885243,27.4120607322,28.7052607183,29.3827238951,28.269673458,29.1410621289,28.4396659824,26.5021720741,26.2213850175,27.4757577937,27.1589883352,28.7888722643,29.2441649418,29.5873861306,31.922993838,31.2718603903,31.2807070584,31.993233732,32.0041360392,29.4987954768
77,2025-03-19T00:00:00,33.4839211803,30.829453338,29.0617478975,29.2753120147,28.9499608458,28.8369602804,29.170663613,29.1681405904,27.3403958947,28.4485654566,29.2171321209,30.2758933126,28.7406566392,28.7406566392,25.7404528087,26.2956721954,28.1359728349,27.709830523,28.2604314699,27.20483861,25.1785143822,24.7808794197,24.1729495147,23.783801218,23.8293868633,25.3080070898,28.703322394,30.8507735418,32.1082313933,31.9676211945,31.9676211945,30.4638352348,30.6330113327,33.0629814476,34.0560068809,33.4488854979,33.6012794705,33.2158661913,31.1646823544,29.8150844319,27.2060493104,27.2060493104,29.196287421,29.6486368232,26.6502375938,26.3573944228,26.3573944228,25.8805271242,26.843330298,28.2444782673,30.4331982424,33.5085161753,35.8606641837,41.0568569045,42.6156223808,54.0209266205,60.7320738742,63.0646070788,68.1432969728,74.6364177703,74.6364177703,68.6207482513,66.2735226777,66.7457842697,65.1861992423,75.4093976983,85.9796687777,96.9079691836,105.568991361,105.568991361,104.507948825,98.4810140373,82.8816659994,81.5670867084,84.3536027619,87.5946791399,86.9891628624,83.1946651617,79.3579083596,76.7129204071,73.3793546898,70.2861757628,65.2430917393,62.8133747421,60.1158827422,55.6782820308,54.3162145037,54.5328406661,51.5795014146,49.2971749899,45.1686958428,42.2264142266,36.2416647139,30.4939971681,29.0670083145,27.822632691,24.5305738042,23.7111651569,23.928102662,24.9290508008,25.1167684219,29.1937585925,31.987318387,35.4871547733,35.5562588441,35.8607444312,36.9560065107,35.0268452641,33.665056317,32.0847548463,31.3035532329,30.3063951552,28.938212626,26.8784570648,25.3251068367,25.5118261801,25.4370062812,25.6189702156,25.4370062812,25.1911653724,23.6227743083,23.5952643063,22.9216743028,24.8319949043,25.8396837488,27.3838525128,28.4178608765,29.2237827191,28.269673458,29.2169973629,29.0802939928,27.6103486206,27.4757577937,28.7529070727,27.4757577937,28.9920373743,29.2441649418,29.5873861306,31.922993838,31.2718603903,31.2807070584,32.9161210417,33.1286613285,30.3750668164
78,2025-03-20T00:00:00,33.1400599262,29.878086305,28.6017939132,28.8369602804,28.8369602804,28.6342915526,28.9499608458,28.9499608458,27.0772533193,28.4485654566,29.5725505023,30.627054281,28.8945503783,28.8945503783,25.7404528087,26.0700530541,27.709830523,27.3215071825,27.709830523,27.20483861,25.1785143822,24.7808794197,24.1729495147,23.783801218,23.783801218,25.2115830424,28.1378299198,30.4764715763,31.9676211945,31.758913418,31.758913418,30.211812659,30.6330113327,33.0629814476,34.0757693292,33.8684498916,34.1300444223,33.6885725808,31.4452573314,30.2149777543,27.2060493104,27.1613023872,28.6783589945,29.196287421,26.1914395644,25.980775999,26.3573944228,26.247597499,27.3464483413,29.8436798078,33.5085161753,35.3609177474,41.0568569045,43.9491151671,45.644933875,55.3729139839,63.4332051801,64.430708417,68.6207482513,74.6364177703,72.4188445128,66.1296005096,65.5747560505,65.0862378707,64.9531181267,74.0556541255,83.5167452404,95.8719355104,104.355081526,104.507948825,104.120942862,95.476476713,81.801108671,80.4216789854,83.5008816305,86.927732872,83.6208315158,82.5978181984,78.7494290341,76.4852580546,72.6941790698,69.6560492891,65.0598296514,60.6471571609,59.4214428111,55.6782820308,54.3162145037,54.5328406661,51.5795014146,49.2971749899,45.1686958428,42.0314429191,36.1805980674,30.4694933869,28.5896593516,27.7331757933,24.3847862589,22.9702716324,23.7238527307,24.9061505717,25.0181065641,28.4689467653,31.8944754698,35.0645162304,35.5562588441,35.8037182231,36.6168138049,35.0268452641,33.665056317,32.0847548463,30.9673666126,30.3063951552,28.938212626,26.8784570648,25.3251068367,25.5118261801,25.1911653724,25.4370062812,25.1911653724,25.0604264366,23.1329629692,23.1329629692,22.7151181348,24.6713142366,25.6035784592,26.6561067851,28.1168296922,29.2237827191,28.4178608765,29.3230865728,29.1410621289,28.3406457835,27.4757577937,27.8022824757,27.1589883352,28.7888722643,28.9333461174,29.4993737402,31.6046931684,31.0771140002,31.1975846443,31.993233732,32.4819331548,30.1203966449
79,2025-03-21T00:00:00,33.3693007623,30.2862555088,28.6017939132,28.8369602804,28.9499608458,28.8369602804,29.6187262339,29.6187262339,27.5940647659,29.5725505023,29.7042391475,30.627054281,28.7406566392,28.7406566392,25.4049383333,25.699241896,27.709830523,27.709830523,28.8689206885,27.31485486,25.7349507765,24.9828862558,24.4021899501,23.8293868633,23.8293868633,25.2115830424,27.0544666044,30.4764715763,32.1082313933,32.1082313933,32.1082313933,30.5588131324,30.7863047302,33.5040679494,34.2188506354,34.0685912116,34.2346017161,34.1300444223,31.7247656738,30.2149777543,27.2060493104,27.1613023872,28.6783589945,27.983381439,25.980775999,25.8461639311,26.3573944228,26.8748693323,28.0780171597,31.1900248523,35.3609177474,39.914277013,42.4767563918,44.1202627977,48.7067197955,57.0019505713,64.8544186701,68.1650448015,68.9902220973,74.6364177703,72.4188445128,66.1296005096,64.2386017438,64.1164721988,64.9531181267,75.4093976983,88.253489898,98.1362931966,105.568991361,105.568991361,104.120942862,95.0515791326,80.4216789854,80.4216789854,84.3536027619,87.5946791399,86.9891628624,84.6766917617,79.3579083596,76.4852580546,72.6941790698,69.6560492891,64.0657821496,59.61871121,57.4999020193,54.5909689275,52.2829610881,52.2829610881,50.8462587046,48.3586535918,45.1686958428,42.2264142266,36.3356418663,31.0750449884,31.0750449884,28.9493461661,25.2974361218,24.3847862589,24.9061505717,25.0181065641,25.6236286371,29.7646646822,32.3029583432,34.944396396,35.4871547733,35.5562588441,36.3237374081,34.9061933587,33.665056317,32.0847548463,30.9673666126,30.5953606006,29.594660823,27.066126076,25.6434736544,25.6406126435,25.1911653724,25.1911653724,25.1911653724,25.1911653724,23.6227743083,23.5952643063,22.9216743028,24.6713142366,25.4353101825,26.4937024446,28.1168296922,29.3827238951,28.7052607183,29.3302364703,29.2169062276,28.3406457835,27.1698099636,27.4757577937,27.0460483982,28.1575718473,28.7888722643,29.2441649418,31.1536014132,31.0771140002,31.2807070584,32.9161210417,33.2975923866,30.8050573493
80,2025-03-22T00:00:00,33.5985415984,31.0319962761,30.4747015356,30.4747015356,29.3486254909,28.9499608458,29.8756602531,30.3553368518,28.2423007097,29.8485737127,30.2758933126,30.670824624,28.8945503783,29.3412516984,26.8138845647,27.7029362861,28.5843987007,28.8771774333,29.233826871,27.709830523,26.8281714269,25.1785143822,24.9609590189,24.1830168084,24.5396235308,25.3080070898,27.0544666044,30.4764715763,32.2674660559,32.2674660559,32.8141062166,31.7985058243,31.6595638653,34.6156016332,34.8501611361,34.7705771794,34.7705771794,34.6062459015,32.7650034196,31.4452573314,28.7810864317,27.3069277726,29.196287421,28.7111880039,25.980775999,25.8461639311,26.3573944228,26.247597499,27.5951515538,30.5810256908,35.0592152648,38.2008049147,41.8579995764,43.9491151671,48.7067197955,57.0019505713,63.7605903148,65.3754236787,68.5852689754,71.9253594366,71.3823808465,62.1273533849,61.8023099437,61.8023099437,64.1164721988,74.0556541255,85.9796687777,96.9079691836,104.796787411,104.507948825,99.0605306172,89.0054694097,79.1424227991,79.8601957079,83.5008816305,86.927732872,83.6208315158,83.1946651617,78.7494290341,76.4242009096,72.4324562523,69.4291038822,63.6482562441,57.5877781416,56.6539216638,54.3162145037,51.6795793696,51.6795793696,49.9784620268,46.4517095284,43.5359703448,42.0314429191,36.2416647139,30.6578493991,30.5879402893,28.5896593516,25.0117812785,23.928102662,24.526341174,24.963616208,25.3697798969,29.6275243391,31.987318387,34.9008595101,35.3617897168,35.4871547733,35.6720070883,34.8632065429,33.5937854489,31.7079657395,30.3992086631,30.5953606006,29.594660823,27.066126076,26.1314904248,26.1200463812,25.5558403988,25.8166695181,25.7014210283,25.5428107306,24.1161404273,24.0244573322,23.0994961085,24.8319949043,25.6035784592,26.4937024446,27.736382389,29.2237827191,28.4178608765,29.3230865728,29.1410621289,28.3406457835,27.4757577937,28.0480991374,27.633418439,29.4993737402,29.2441649418,29.4993737402,31.922993838,31.2718603903,31.2807070584,32.9620430668,33.7743602066,31.065267768
81,2025-03-23T00:00:00,33.2546803442,30.7619390252,29.0068171033,29.2203812205,28.9499608458,28.8369602804,29.6187262339,30.3553368518,28.436317574,30.2177119076,30.627054281,30.7413652978,28.8945503783,28.8945503783,26.2956721954,27.7029362861,28.5843987007,28.8771774333,29.233826871,27.709830523,26.7968160365,25.1785143822,24.9828862558,24.1830168084,24.5396235308,25.3080070898,28.0918899971,30.8507735418,32.8651679092,32.8599402421,33.1230713923,32.9778088222,33.083892116,34.8636027483,36.5320083094,34.8175930056,34.8044915639,34.6062459015,32.5161131203,31.2278550885,28.4323816024,27.3069277726,28.7111880039,28.4405888547,25.980775999,25.8461639311,26.6493459534,26.8748693323,28.0780171597,31.4557921315,35.7426663984,40.1803124863,43.4858352454,44.3331956368,51.4123150617,60.9739481225,64.8544186701,68.6722602903,69.3215859152,74.8897287834,72.4188445128,62.1273533849,60.6318762511,60.6318762511,61.8023099437,72.8261177862,83.5167452404,95.8811382956,104.193152509,104.120942862,96.9079691836,85.5226813739,79.1424227991,80.4216789854,84.3536027619,87.5946791399,86.9891628624,84.6766917617,79.3579083596,76.7129204071,74.535417234,72.4324562523,65.2430917393,60.6471571609,57.7437957195,54.5909689275,51.8417466959,51.8417466959,50.8462587046,46.4517095284,43.1085576741,42.0314429191,36.3356418663,31.6144037054,33.5371360665,30.2522992047,26.2704100901,24.3847862589,24.526341174,24.9290508008,25.3049821641,29.1937585925,31.8944754698,34.3064791057,35.2798898781,35.3617897168,35.4871547733,34.8471659239,33.2247509252,31.3035532329,30.2573571708,30.3219516948,29.1214840262,27.0448246753,25.6434736544,25.8166695181,25.4370062812,25.5558403988,25.5428107306,25.4370062812,23.9054068213,23.7953668135,22.9216743028,24.6713142366,25.4353101825,26.3006650336,27.4836171287,29.1410621289,28.269673458,29.2169062276,29.0802939928,27.6103486206,27.4757577937,28.0480991374,27.633418439,29.4993737402,29.2441649418,29.4993737402,32.7938969463,31.6046931684,31.6046931684,33.4605183738,34.8216228835,31.1975846443
82,2025-03-24T00:00:00,33.0147662525,30.5296323298,28.6017939132,28.8369602804,28.8369602804,28.6342915526,29.170663613,29.8756602531,28.2423007097,29.8485737127,30.2758933126,30.670824624,28.7406566392,28.8945503783,26.2956721954,27.7029362861,28.5843987007,28.8771774333,29.233826871,27.709830523,26.7968160365,25.1785143822,25.0760171047,24.3580753797,24.6415087609,25.3697845242,28.3182093268,30.8507735418,32.8651679092,32.9778088222,33.654110673,33.083892116,33.4973935679,35.2818001656,37.8342043441,35.0528245111,35.0528245111,34.8044915639,33.3061540518,32.047398381,29.637836243,27.6519215939,28.7111880039,27.8440369055,25.5973131302,25.8461639311,27.3464483413,27.3464483413,28.1372975298,32.5601128127,35.7426663984,39.914277013,42.4767563918,44.3331956368,53.2115823729,62.9977014548,66.7868934218,70.2432179282,74.1637211093,75.22363813,74.1637211093,62.1273533849,60.6318762511,61.8023099437,64.9531181267,77.4403022502,88.8255084779,98.1362931966,104.193152509,103.995572001,96.9079691836,84.3536027619,79.1424227991,80.4216789854,84.3536027619,87.5946791399,86.9891628624,84.6766917617,79.3579083596,76.7129204071,73.3793546898,72.0780134687,65.0598296514,59.61871121,57.0845183585,54.3162145037,51.6795793696,51.6795793696,49.9784620268,45.6236273367,42.2560829727,41.6381391587,36.2416647139,31.0750449884,31.6144037054,29.5863199415,25.2974361218,23.928102662,24.3847862589,24.9061505717,25.1121362233,28.4689467653,31.8944754698,34.9008595101,35.3617897168,35.4871547733,35.6720070883,34.8632065429,33.2247509252,30.9673666126,29.9799428651,30.2573571708,28.938212626,26.8784570648,25.6434736544,25.8166695181,25.4370062812,25.8166695181,25.7014210283,25.4370062812,24.1161404273,24.0244573322,22.9216743028,24.6713142366,25.4353101825,26.1442929285,27.3909044286,29.0802939928,28.0920746425,29.1410621289,28.7924811418,27.1698099636,27.1698099636,27.633418439,27.4757577937,28.9920373743,28.9333461174,29.2441649418,31.922993838,31.2718603903,31.2807070584,33.053446985,34.1928307032,30.9351625587
83,2025-03-25T00:00:00,32.826825742,29.7132939223,28.4756434539,28.6860763331,28.6342915526,28.4756434539,28.9499608458,29.6187262339,27.9174182444,29.6187262339,29.7042391475,30.627054281,28.5695135722,28.7406566392,25.7404528087,26.7730884829,28.5843987007,28.8771774333,29.233826871,28.2604314699,26.8281714269,25.1785143822,25.0760171047,24.3580753797,24.5396235308,25.3080070898,28.0918899971,30.4764715763,32.8651679092,33.1230713923,33.8435468951,33.654110673,34.0560068809,37.2833118143,40.1936808034,38.5969206718,37.7270331286,35.5301014815,33.5527154278,32.486508488,29.9474855158,27.8010620779,28.5827659995,27.8010620779,25.980775999,25.980775999,27.5951515538,27.5951515538,29.2218866561,33.8932071494,37.2089360803,39.914277013,42.4767563918,44.3331956368,51.4123150617,61.3755641817,65.6941151908,69.3215859152,72.9292825423,74.8897287834,72.3120850718,60.6318762511,59.9156765907,60.6318762511,64.1164721988,75.4093976983,88.253489898,96.9079691836,103.995572001,100.51474863,95.8811382956,83.5008816305,78.7561447207,79.8601957079,83.5008816305,86.927732872,86.3628200582,83.1946651617,78.7494290341,76.4852580546,72.6941790698,72.0780134687,65.0598296514,59.61871121,57.7437957195,55.6782820308,53.275529456,54.5328406661,52.390731102,49.9784620268,45.4767067898,42.9804434462,36.9984434546,31.6144037054,31.6144037054,28.9493461661,25.0117812785,23.7661602628,23.928102662,24.8168421732,25.0181065641,27.4213290796,31.4460582549,34.3064791057,35.2890103723,35.3617897168,35.6720070883,34.9061933587,33.5937854489,31.3035532329,30.2573571708,30.2573571708,28.8029040151,26.4262507816,25.4258564235,25.5774828266,25.1911653724,25.5558403988,25.5428107306,25.1911653724,23.9054068213,23.7953668135,22.7151181348,24.4023193064,25.2423136777,26.000977589,26.7289460748,28.7052607183,27.736382389,29.0802939928,28.4396659824,26.7890492051,26.7890492051,27.4757577937,27.1589883352,28.9920373743,29.2441649418,29.4993737402,32.7938969463,31.922993838,31.922993838,33.4605183738,34.8237957545,31.2064313125
84,2025-03-26T00:00:00,32.7408886646,28.6123314326,28.3913081017,28.6860763331,28.6342915526,28.4756434539,28.9499608458,29.6187262339,27.5940647659,29.5725505023,29.7042391475,30.627054281,28.5695135722,28.7406566392,26.2956721954,26.7730884829,28.8001971532,29.7493999508,29.7285275421,28.8689206885,27.1765264803,25.3381910374,25.3381910374,24.6003136051,24.9609590189,25.3697845242,28.0918899971,29.7850510129,32.8141062166,32.9778088222,33.654110673,33.654110673,34.0897203083,39.4309802578,40.9633977124,40.6580452356,40.1696515456,37.1596197392,34.2141945382,33.4433490079,31.8267627217,28.4323816024,28.7111880039,27.8010620779,25.5973131302,25.8461639311,27.3464483413,27.3464483413,29.2218866561,33.5085161753,35.7426663984,39.914277013,42.4767563918,44.3331956368,51.4123150617,61.3755641817,66.7868934218,71.015555769,74.6364177703,79.011103904,75.4472938599,69.4812825534,65.5747560505,66.7457842697,70.565859388,78.832949508,88.8255084779,98.1362931966,104.193152509,103.995572001,96.9079691836,84.3536027619,78.7561447207,78.9355879479,81.9455781489,86.3628200582,83.5174480797,82.5978181984,78.1408270778,76.4242009096,72.4324562523,70.2861757628,64.0657821496,57.5877781416,57.0845183585,54.5909689275,52.2802866241,52.5368248697,51.8417466959,49.2971749899,45.4767067898,42.9804434462,36.9984434546,32.7913303476,31.5349690676,29.4947197467,25.0117812785,23.7661602628,24.3847862589,24.9061505717,25.1121362233,28.4689467653,31.4460582549,34.0022476816,35.2689651035,35.2890103723,35.4871547733,34.8632065429,33.2247509252,30.9673666126,29.9799428651,29.9799428651,28.5281914665,26.1524751714,25.4258564235,25.5774828266,25.1911653724,25.5558403988,25.5428107306,25.1911653724,24.1161404273,24.0244573322,23.0994961085,24.6713142366,25.4353101825,26.1442929285,26.7289460748,28.6417147982,27.736382389,28.7924811418,28.269673458,26.5021720741,26.2213850175,27.4757577937,27.4757577937,29.4993737402,29.4993737402,29.6123630154,32.931749252,32.7938969463,32.7938969463,33.9835954549,34.82488219,31.1997963113
85,2025-03-27T00:00:00,32.66541505,28.4473423878,28.3260872975,28.6017939132,28.6342915526,28.4756434539,28.9499608458,29.6187262339,27.5940647659,29.2171321209,29.5725505023,30.2758933126,28.2417072974,28.5695135722,26.2956721954,26.7730884829,28.5843987007,29.3147036687,29.3665619398,28.2604314699,26.9759830998,25.2617973155,25.1551915425,24.6003136051,24.9828862558,25.6414875448,28.0918899971,29.7850510129,32.8141062166,32.8599402421,33.654110673,33.8417523657,34.7274772189,40.1936808034,41.3175126431,40.9633977124,40.1696515456,36.7066168601,34.1300444223,33.3061540518,31.2611208559,28.2249380059,28.5827659995,27.8010620779,25.980775999,26.1912166543,28.341837825,28.1372975298,29.8436798078,33.8932071494,37.2089360803,39.914277013,42.4486411768,44.1202627977,49.4950663735,60.9739481225,65.6941151908,70.2432179282,74.5366786279,76.1360969332,74.8897287834,68.6207482513,64.2386017438,65.0862378707,66.6736969982,78.150262212,88.253489898,96.9079691836,103.995572001,100.51474863,95.8811382956,83.5008816305,77.6371281624,77.6371281624,81.5670867084,84.6014822003,82.5978181984,81.7875644235,78.1408270778,76.4852580546,72.6941790698,72.0780134687,65.2430917393,59.61871121,57.0845183585,54.3162145037,51.8417466959,51.8417466959,51.5795014146,48.3586535918,45.1686958428,42.2264142266,36.3356418663,31.5349690676,31.0750449884,28.9493461661,24.9381560545,23.7111651569,23.928102662,24.8168421732,25.0181065641,27.4213290796,31.1207969819,33.7659707502,35.0268452641,35.2689651035,35.3617897168,34.8471659239,33.051038764,30.6435436924,29.2007092136,29.2007092136,27.995575125,26.0887400266,25.3251068367,25.5118261801,24.7768624092,25.4370062812,25.4370062812,25.0604264366,23.9628204628,23.9628204628,22.9216743028,24.4023193064,25.2423136777,26.000977589,26.4937024446,28.4178608765,27.4836171287,28.636334861,27.7745933305,26.5021720741,26.2213850175,27.4757577937,27.4757577937,29.4993737402,29.2441649418,29.5873861306,32.909125787,32.7938969463,32.7938969463,33.9787578831,34.8205364481,31.2042196454
86,2025-03-28T00:00:00,32.610868361,28.3913081017,28.2591216788,28.4756434539,28.4756434539,28.4756434539,29.170663613,29.8756602531,27.9174182444,29.5725505023,29.7042391475,30.627054281,28.7406566392,29.3412516984,27.9501117753,27.7112467869,28.8001971532,29.3147036687,29.233826871,27.709830523,26.8281714269,25.2617973155,25.1551915425,24.6003136051,25.0674147374,26.4455478963,28.703322394,30.8507735418,33.1230713923,32.9778088222,33.654110673,33.654110673,34.3004296168,39.4309802578,40.9633977124,40.6580452356,39.2590374262,36.7066168601,34.2141945382,33.4433490079,31.8267627217,28.2249380059,28.4323816024,27.6519215939,25.5973131302,26.1912166543,28.7109770046,29.1450908058,29.9813627467,35.3895577636,37.536136611,39.914277013,41.8579995764,43.9491151671,48.7067197955,60.7318319698,64.8544186701,69.3215859152,74.150201048,75.22363813,74.6364177703,66.1296005096,64.2386017438,65.0862378707,66.6736969982,78.150262212,88.253489898,95.8811382956,102.16153615,99.4992291306,95.6712910746,82.8816659994,74.7169982192,75.0960386097,80.4216789854,83.5008816305,82.1632040072,82.1632040072,79.3579083596,78.1408270778,75.3305085159,73.3793546898,68.2395937331,62.5479679797,57.7437957195,54.3162145037,51.6795793696,51.6795793696,50.8462587046,47.8957160569,43.5359703448,42.0314429191,36.3356418663,32.7913303476,32.7913303476,30.2522992047,26.7014420018,24.526341174,24.9514814318,24.963616208,25.3049821641,28.4689467653,31.1207969819,33.6013313595,34.9622711571,35.0268452641,35.2890103723,34.6379801044,33.0288679826,30.4748217512,28.938212626,28.938212626,27.5804507397,26.0789407835,24.8113828043,25.4204458165,24.4775751388,25.1911653724,25.1911653724,24.7421055842,23.8956101227,23.7855701149,22.7151181348,24.1586296113,24.7906451945,25.8808885243,26.4164518673,28.4178608765,27.736382389,28.7924811418,28.269673458,26.7890492051,26.2213850175,27.1192278578,27.4757577937,29.5873861306,29.5873861306,30.0625453567,33.0023333807,32.931749252,32.9161210417,33.4605183738,34.8011861611,31.1975846443
87,2025-03-29T00:00:00,31.9684101893,28.3388903557,28.2000765408,28.3913081017,28.4756434539,28.6342915526,29.6187262339,30.3553368518,28.436317574,29.6187262339,29.7042391475,30.627054281,29.2068619098,29.653066213,27.9501117753,27.7112467869,28.9129411827,29.7493999508,29.3665619398,28.2604314699,26.9759830998,25.2617973155,25.0760171047,24.5396235308,24.9828862558,26.0201870027,28.3182093268,30.4764715763,32.8651679092,32.8599402421,33.654110673,33.8417523657,34.7274772189,39.4309802578,40.9633977124,40.2718904482,38.5969206718,36.4838240361,34.1300444223,33.3061540518,31.8267627217,28.4323816024,28.7111880039,28.4405888547,27.3789341802,27.8193491481,29.8198514242,29.903873436,31.9967704957,37.536136611,39.7590632449,40.4537506746,43.2652364078,44.3331956368,48.7067197955,59.764189804,64.8544186701,69.3215859152,74.150201048,75.22363813,74.6364177703,62.1273533849,61.8023099437,64.1164721988,65.1861992423,77.4403022502,87.1355206729,95.6712910746,100.061686794,98.1362931966,95.0492784363,79.6688993614,73.3031467791,74.1495152494,79.8601957079,82.9314314831,81.6935441723,81.6935441723,78.7494290341,77.401153369,74.535417234,72.6941790698,66.0466269189,60.6251883334,57.0845183585,53.275529456,51.5548260694,51.5548260694,49.9784620268,46.3867099256,43.1085576741,41.6381391587,36.2416647139,31.5349690676,31.5349690676,29.6905677559,26.2704100901,24.3847862589,24.9061505717,24.9290508008,25.1121362233,27.4213290796,30.8079567358,33.3240388512,34.944396396,34.9622711571,35.2689651035,34.501855779,33.0101226434,30.2925632417,28.8029040151,28.8029040151,27.3042194935,26.0789407835,25.3251068367,25.5118261801,24.7768624092,25.4370062812,25.1911653724,24.59156377,23.6227743083,23.5952643063,22.6683942377,24.0244573322,24.7906451945,26.000977589,26.4937024446,28.6417147982,28.0920746425,28.7924811418,27.7745933305,26.5021720741,25.92260121,26.7764036787,27.1589883352,29.4993737402,29.4993737402,29.6787263669,32.9620430668,32.909125787,32.9161210417,33.9787578831,34.822709319,31.5417150138
88,2025-03-30T00:00:00,31.0319962761,28.2442480182,28.1502950324,28.3913081017,28.4756434539,28.6342915526,29.8756602531,30.486558098,28.436317574,29.6187262339,30.2758933126,30.627054281,29.2068619098,29.653066213,27.9501117753,27.6074344581,28.8001971532,29.3147036687,29.233826871,28.1939712073,26.9759830998,25.3381910374,25.1551915425,24.6003136051,24.9828862558,26.0201870027,28.3182093268,30.8507735418,33.1230713923,32.9778088222,33.8435468951,33.8417523657,34.3004296168,38.6335164483,40.6580452356,40.0893162022,38.0530015618,36.2872270151,34.1009641539,32.7939731863,31.2611208559,28.2249380059,28.5827659995,28.2249380059,26.6502375938,27.6519215939,29.7544097524,29.8436798078,31.2592231704,37.2298985869,39.5227116517,40.1803124863,42.4486411768,44.1202627977,47.5807952401,57.9245032721,64.3348694398,68.9902220973,72.9292825423,74.8897287834,74.1637211093,60.6318762511,60.6318762511,61.8023099437,64.9531181267,75.4093976983,85.726638543,94.3037450707,99.4992291306,96.9079691836,92.6940158324,78.7561447207,71.877189162,72.0650912551,77.8509572543,82.2217371936,81.5670867084,81.359223641,78.1408270778,76.7129204071,73.3793546898,72.4324562523,65.2430917393,59.61871121,56.6539216638,52.6858185298,50.8462587046,50.8462587046,49.2971749899,45.6236273367,42.2560829727,40.8443120361,36.1805980674,31.0750449884,31.5349690676,30.2522992047,27.7331757933,24.9514814318,25.6236286371,25.0181065641,25.3049821641,27.4213290796,30.476919467,33.085798004,34.9008595101,34.9050398142,35.0268452641,34.4531049253,32.9208452683,29.9799428651,28.5281914665,28.5281914665,27.2104523843,25.6423353903,25.3251068367,25.440941067,24.7768624092,25.440941067,25.440941067,24.7421055842,23.8956101227,23.7855701149,22.6683942377,23.9680195296,24.4065071226,25.8808885243,26.4164518673,28.4178608765,27.736382389,28.636334861,27.210871141,26.0265985371,25.8042976577,26.5066166663,27.0460483982,28.9920373743,29.2441649418,29.6123630154,32.931749252,32.7938969463,32.7938969463,33.4605183738,34.8108613046,31.2064313125
89,2025-03-31T00:00:00,30.829453338,27.9520627514,27.4066437574,28.2719247369,28.3913081017,28.4756434539,29.6187262339,30.3553368518,28.436317574,29.8485737127,30.670824624,30.7147744326,30.2758933126,30.2758933126,27.9501117753,26.7730884829,28.5843987007,28.8771774333,29.1878353239,28.1939712073,27.1765264803,25.8660751042,25.8660751042,24.9609590189,25.1207820735,26.4455478963,28.0918899971,30.8507735418,33.654110673,33.654110673,34.2482240566,34.1245444401,34.7739375824,39.4309802578,40.6580452356,39.2590374262,37.7270331286,36.2269588484,33.6822869562,32.5545086242,30.7884798449,27.8010620779,28.4323816024,27.8010620779,26.1914395644,27.3789341802,29.4322299303,29.7598657399,30.9431598231,37.163262376,39.4989501813,40.1803124863,43.2652364078,44.3331956368,48.4040128652,56.3719338877,63.6679812807,68.6722602903,72.9292825423,75.22363813,74.6364177703,62.1273533849,61.8023099437,61.8023099437,64.1164721988,74.0556541255,84.397290534,92.507632491,99.4992291306,96.9079691836,92.6940158324,78.7561447207,73.3031467791,72.0650912551,75.0960386097,81.6935441723,80.4216789854,80.0925476488,77.401153369,76.4852580546,73.1232234356,72.0780134687,65.2430917393,60.6251883334,57.7437957195,54.5909689275,52.2802866241,51.8417466959,50.8462587046,46.3867099256,42.2560829727,40.1678300836,36.1805980674,31.0750449884,31.0750449884,29.6905677559,26.7014420018,24.9514814318,25.1630373602,24.963616208,25.1121362233,27.0291430725,30.400531224,33.0013725355,34.6472053508,34.6472053508,34.9622711571,34.4531049253,32.9208452683,29.9799428651,28.5281914665,28.5281914665,27.2104523843,26.0789407835,25.40407719,25.5118261801,25.1911653724,25.440941067,25.4206376547,24.59156377,23.6227743083,23.5952643063,22.4337935457,23.7868698816,24.1586296113,25.8808885243,26.4164518673,28.4178608765,27.736382389,28.636334861,26.7890492051,26.0265985371,25.8042976577,26.5066166663,27.0460483982,28.7888722643,28.9333461174,29.5873861306,32.909125787,31.922993838,31.922993838,33.1776034987,34.5919509128,31.1997963113
90,2025-04-01T00:00:00,30.6394939183,28.1314908779,28.1333314396,28.3913081017,28.4756434539,28.6342915526,29.8756602531,30.3553368518,28.3972798722,29.6187262339,30.627054281,30.670824624,29.653066213,29.653066213,27.6754612061,26.5440236049,28.2417072974,28.2604314699,28.8689206885,27.709830523,26.9759830998,25.5474339531,25.5474339531,24.9006991905,25.0674147374,26.0201870027,28.0918899971,31.9676211945,33.852252928,33.852252928,34.5098796519,34.3004296168,34.8636027483,40.5266941638,41.3175126431,40.2718904482,38.0530015618,36.2269588484,33.5527154278,32.486508488,29.9474855158,27.6519215939,28.2249380059,27.6519215939,25.980775999,26.6493459534,29.1450908058,29.4322299303,30.5810256908,37.0361265806,38.3182112574,39.914277013,42.4486411768,44.1202627977,47.5305504026,55.3729139839,63.4332051801,68.1650448015,70.5929707708,74.8897287834,74.6364177703,66.1296005096,64.2386017438,64.1164721988,64.9531181267,75.2799073043,85.726638543,92.507632491,99.402024525,98.1214145942,95.0492784363,82.8816659994,77.6371281624,77.6371281624,81.5670867084,84.6014822003,82.5978181984,82.5978181984,81.4531335369,78.7494290341,75.5438186438,74.535417234,69.1048890424,63.8097191366,62.8133747421,58.3522907536,55.8316612733,57.4805358173,53.9484655955,49.9784620268,45.1686958428,42.0314429191,36.7762257781,31.7477566919,31.5349690676,30.2522992047,26.7014420018,24.9514814318,25.6236286371,25.1630373602,25.3697798969,28.4689467653,30.476919467,33.0013725355,34.355995189,34.355995189,34.9050398142,34.3279832596,32.8149884541,29.4733683492,28.117112451,27.995575125,27.1363286967,25.6423353903,25.40407719,25.5606869703,25.4206376547,25.5390445425,25.440941067,24.59156377,23.1329629692,23.1329629692,22.4207206111,23.7868698816,24.1586296113,25.8808885243,26.4937024446,28.6417147982,27.736382389,28.636334861,26.7890492051,25.9181637981,25.8042976577,26.1701698019,26.7764036787,28.4139526535,28.7888722643,29.4993737402,32.909125787,31.922993838,31.922993838,33.1776034987,34.7963485893,31.065267768
91,2025-04-02T00:00:00,30.4747015356,28.1333314396,28.1502950324,28.3913081017,28.4756434539,28.8369602804,30.3553368518,30.3553368518,28.3972798722,29.7910505028,30.2758933126,30.627054281,29.9605325276,30.2758933126,28.1083958873,27.7112467869,28.9129411827,29.3147036687,29.233826871,28.5254151658,27.1765264803,25.8660751042,25.8660751042,24.9006991905,24.9828862558,25.6414875448,28.0918899971,32.1082313933,34.2092071024,34.2482240566,34.7388362775,34.9889329123,36.3136632874,41.8289897926,42.0304423739,40.6580452356,38.0530015618,35.525109461,33.5445642764,32.4612219312,29.637836243,27.3069277726,27.8010620779,27.2486810688,25.5973131302,26.1912166543,28.7109770046,29.1450908058,29.9813627467,35.3895577636,37.536136611,39.7590632449,41.8579995764,43.9491151671,47.5305504026,56.3719338877,64.3348694398,69.3215859152,74.6364177703,78.7832450589,75.4472938599,69.4812825534,66.2735226777,66.7457842697,70.565859388,78.832949508,89.6189037868,96.9079691836,103.995572001,103.995572001,98.1739833925,89.0054694097,81.801108671,81.5670867084,85.2679188684,88.6099691675,87.9405911734,87.0893549341,84.6610776629,82.5557337808,76.4852580546,75.7472853903,70.8195628814,65.0598296514,63.8097191366,59.5022779379,58.3522907536,58.325942426,55.6992720763,51.513528341,46.229775791,42.9804434462,39.0444411227,33.2394308957,32.7913303476,30.2522992047,27.7331757933,25.6236286371,25.9117730863,25.6236286371,25.6236286371,28.4689467653,30.476919467,32.698517308,34.355995189,34.6472053508,34.9622711571,34.4531049253,32.9208452683,29.4733683492,27.9747350281,27.4320790249,27.066126076,25.4258564235,25.3251068367,25.5118261801,25.1911653724,25.440941067,25.440941067,24.7421055842,23.6227743083,23.5952643063,22.6683942377,23.9680195296,24.1586296113,25.8808885243,26.4937024446,28.6417147982,28.0920746425,28.7924811418,27.210871141,26.0265985371,25.8042976577,25.9537788273,26.5483398223,28.0689320672,28.1575718473,29.2441649418,32.7938969463,31.6046931684,31.6046931684,33.0023333807,33.9787578831,30.67495214
92,2025-04-03T00:00:00,30.8969676507,28.1976836073,28.2000765408,28.3913081017,28.3913081017,28.6342915526,29.8756602531,29.8756602531,28.2423007097,29.6187262339,29.9605325276,30.2758933126,29.5955430031,29.9605325276,28.1083958873,27.7112467869,28.9129411827,29.2972278698,29.233826871,28.1939712073,26.9759830998,25.8660751042,25.9585508739,24.9609590189,25.0674147374,25.9708188487,28.0918899971,32.1082313933,34.2092071024,34.4917173833,35.5946282389,36.2541091683,37.1348332844,41.8760808416,42.0304423739,40.2718904482,37.7270331286,35.4811965422,33.5445642764,32.4612219312,29.9474855158,27.8010620779,28.4323816024,28.2249380059,27.3789341802,27.8193491481,29.8198514242,29.903873436,31.9967704957,37.536136611,39.7590632449,41.0568569045,43.9491151671,45.0514181319,51.1402490118,60.9739481225,67.4240592236,72.9292825423,77.5769779188,80.7929680435,79.5211363708,74.5549188089,72.0154998041,72.0154998041,73.0473242993,83.0622473501,92.507632491,100.061686794,106.513054902,106.513054902,105.568991361,101.320951546,85.2679188684,85.2679188684,93.5773311028,98.5360470215,92.0002147978,91.0951079061,84.7389142836,82.5557337808,76.4427543287,75.5438186438,69.8272734155,64.7227849885,63.5396549679,59.4214428111,57.4805358173,57.4805358173,53.9484655955,50.8297654362,45.6236273367,42.2264142266,38.0522055114,32.7913303476,31.5349690676,29.6905677559,26.8387464168,25.1630373602,25.6236286371,25.1630373602,25.3697798969,27.4213290796,30.400531224,32.3029583432,34.1879612502,34.355995189,34.9622711571,34.501855779,33.0101226434,29.9799428651,28.117112451,27.4320790249,27.0448246753,25.3251068367,25.3251068367,25.5606869703,25.440941067,25.6863562761,25.6733266079,25.1911653724,23.9628204628,23.9628204628,22.9216743028,24.1586296113,24.4065071226,25.8808885243,26.4164518673,28.4178608765,27.736382389,28.636334861,26.7890492051,25.9181637981,25.0993615634,25.8863304444,26.4658322397,27.9043554537,28.1575718473,29.2441649418,32.7938969463,31.6046931684,31.6046931684,32.9620430668,33.538978832,30.3750668164
93,2025-04-04T00:00:00,31.0319962761,28.2261785677,28.2000765408,28.3913081017,28.2719247369,28.4756434539,29.6187262339,29.6187262339,27.9174182444,29.5725505023,29.9605325276,30.2758933126,29.5955430031,29.9605325276,28.2417072974,27.7112467869,28.8001971532,28.8771774333,29.1878353239,27.709830523,26.8281714269,25.5474339531,25.8660751042,24.9006991905,24.9828862558,25.6824729871,27.7693444684,31.9676211945,34.1245444401,34.4917173833,35.7517767656,36.4624665248,37.8503698831,42.0304423739,42.0304423739,40.0893162022,37.5151077488,35.4811965422,33.5445642764,32.486508488,31.2611208559,28.4323816024,28.7111880039,28.4405888547,27.6519215939,28.341837825,30.271068448,30.5810256908,33.5085161753,37.536136611,39.6392382589,40.4537506746,43.9491151671,45.7777648789,51.1402490118,60.7318319698,66.7868934218,71.7161802762,75.8001492629,79.5211363708,79.1922900891,72.3120850718,71.3823808465,71.3823808465,72.0154998041,82.3640002373,91.7723379626,99.4992291306,105.568991361,105.568991361,104.507948825,98.4810140373,84.3536027619,84.3536027619,88.9219345345,97.1113928013,91.0951079061,88.8624520731,84.6610776629,82.1632040072,76.41937532,75.5438186438,70.8195628814,65.0598296514,63.8097191366,59.5022779379,57.4805358173,55.8316612733,52.390731102,49.9784620268,45.4767067898,42.0314429191,36.7762257781,32.7913303476,31.0750449884,30.1097879649,27.7331757933,25.6236286371,25.9117730863,25.6236286371,25.3697798969,27.0291430725,30.3933023182,31.987318387,34.1879612502,34.355995189,34.9622711571,34.501855779,33.0101226434,30.2925632417,28.117112451,27.4320790249,27.0448246753,24.8457141221,24.8113828043,25.5118261801,25.4206376547,25.5390445425,25.5390445425,25.0604264366,23.9628204628,23.9628204628,22.9216743028,24.1586296113,24.4065071226,25.8396837488,26.3099184042,28.1168296922,27.4836171287,28.4178608765,26.5021720741,25.812092062,24.6952776559,25.8042976577,26.4658322397,27.9043554537,28.1533073422,28.8519041562,31.922993838,31.6046931684,31.922993838,33.0023333807,33.9481278873,31.1953729773
94,2025-04-05T00:00:00,32.3688616094,28.3072610892,28.2530985286,28.6017939132,28.3913081017,28.4756434539,29.6187262339,29.6187262339,27.5940647659,29.5289466355,29.6467159376,29.9605325276,29.2068619098,29.5955430031,28.1083958873,27.6074344581,28.5843987007,28.2604314699,28.8689206885,27.709830523,26.9759830998,26.0792670892,26.7968160365,25.0760171047,25.1207820735,26.2408879116,28.3182093268,32.1082313933,34.2092071024,34.6460528182,35.7517767656,36.2541091683,37.1348332844,41.8760808416,41.3175126431,39.2590374262,36.4927017906,35.1518179503,33.5445642764,32.5545086242,31.8267627217,29.1830774891,29.196287421,28.4405888547,27.3789341802,27.8193491481,29.8958557027,30.1900663263,32.5601128127,37.2824446816,39.4989501813,40.1803124863,43.4858352454,45.0514181319,49.4950663735,59.764189804,65.6941151908,71.015555769,75.22363813,79.1922900891,79.011103904,71.3823808465,70.954086687,70.954086687,71.0774579561,80.628216682,91.1411674971,99.402024525,104.796787411,104.507948825,104.120942862,96.1053914403,83.5008816305,83.5008816305,87.5946791399,93.9826205634,88.8624520731,87.0893549341,83.1946651617,81.4531335369,75.8345555937,75.3899214469,69.8272734155,64.7227849885,63.5396549679,59.4214428111,55.8316612733,54.5328406661,51.8417466959,49.2971749899,45.1686958428,41.6381391587,36.3356418663,31.7477566919,30.5879402893,29.6905677559,26.8387464168,25.1630373602,25.6236286371,25.1630373602,25.3049821641,26.5841239833,30.1695316334,31.8944754698,34.0763596386,34.1039770978,34.9050398142,34.4531049253,33.0101226434,30.2925632417,28.3746653184,27.9725801107,27.066126076,24.8457141221,24.6629503642,25.440941067,25.1911653724,25.5390445425,25.6733266079,25.1911653724,24.1161404273,24.0244573322,22.9216743028,24.1586296113,24.4065071226,25.8396837488,26.3099184042,28.1168296922,27.3909044286,28.4178608765,26.5021720741,25.812092062,24.6952776559,25.8042976577,26.1701698019,27.9043554537,28.1533073422,28.8519041562,31.922993838,31.6046931684,31.6046931684,32.9620430668,33.6958997484,30.8050573493
95,2025-04-06T00:00:00,32.5180779574,28.3772995302,28.2891916388,28.6860763331,28.4756434539,28.6342915526,29.8756602531,29.8756602531,27.9174182444,29.5725505023,29.6467159376,29.9605325276,29.5955430031,29.9605325276,28.2417072974,27.7112467869,28.5843987007,27.709830523,28.5254151658,27.3953401184,26.9759830998,26.7968160365,26.8111478742,25.1551915425,25.3080070898,26.2408879116,28.0918899971,31.9676211945,34.1245444401,34.4917173833,35.5946282389,35.7771171072,36.7572900332,41.8289897926,40.9633977124,38.5969206718,36.2269588484,34.8918357922,33.4433490079,32.486508488,31.2611208559,28.6783589945,28.7111880039,28.2249380059,26.6502375938,27.6519215939,29.8198514242,29.903873436,31.9967704957,37.2824446816,39.4989501813,40.1803124863,43.4858352454,45.0514181319,48.7067197955,57.9245032721,64.8544186701,70.2432179282,75.22363813,79.5211363708,79.1922900891,74.5549188089,73.0473242993,73.0473242993,75.2617336167,83.6196840082,91.7723379626,99.402024525,104.193152509,104.120942862,100.536537139,95.0515791326,82.8816659994,81.9455781489,86.5141991275,92.0002147978,87.9405911734,87.0893549341,84.6610776629,82.5557337808,76.4852580546,76.0656561518,71.309563532,65.2380975795,64.6342929658,59.9113847415,59.4378281436,59.299937052,56.7988552709,51.8417466959,47.2029799157,43.4639705835,39.5173842265,33.2725885699,31.5349690676,30.1097879649,26.8387464168,24.9514814318,25.1630373602,25.0181065641,25.1121362233,26.4664429987,30.1695316334,31.987318387,34.1879612502,34.355995189,34.9622711571,34.501855779,33.0101226434,30.2569095905,28.0941174367,27.4320790249,27.0448246753,24.6961500344,24.4714209286,25.440941067,25.1911653724,25.5390445425,25.6733266079,25.1911653724,23.9890503652,23.9628204628,22.9216743028,24.4023193064,24.7906451945,25.8396837488,26.3099184042,27.736382389,27.1551814162,28.269673458,26.3195492106,25.6280074656,24.6952776559,25.3811155197,25.92260121,27.633418439,27.9043554537,28.8519041562,31.922993838,31.6046931684,31.6046931684,32.9620430668,33.3820579156,30.4599568736
96,2025-04-07T00:00:00,32.2942534354,28.3260872975,28.2530985286,28.6017939132,28.3913081017,28.4756434539,29.6187262339,29.6187262339,27.5940647659,29.5289466355,29.5725505023,29.6366238473,29.2068619098,29.5955430031,28.1083958873,27.6074344581,28.2417072974,27.3215071825,28.1939712073,27.31485486,26.8281714269,26.0792670892,26.7968160365,25.0760171047,25.3080070898,26.2408879116,28.0918899971,32.1082313933,34.2092071024,34.4917173833,35.5946282389,35.7771171072,36.3136632874,40.5266941638,40.6580452356,38.3320767398,36.0463151527,34.8175930056,33.3061540518,32.4612219312,30.7884798449,28.4323816024,28.7111880039,28.4405888547,27.6519215939,28.7109770046,30.9141219298,30.5810256908,32.5601128127,37.2824446816,38.3182112574,39.914277013,43.2652364078,44.5115099649,48.4040128652,56.7079831562,64.3348694398,69.3215859152,74.8897287834,79.1922900891,79.011103904,72.6768911182,72.3803058504,72.3803058504,73.0473242993,83.0622473501,91.1411674971,98.1214145942,103.995572001,103.995572001,98.1739833925,89.0054694097,81.801108671,81.5670867084,85.2679188684,88.6099691675,86.9891628624,85.1963673038,83.1946651617,82.1632040072,76.4427543287,75.7472853903,70.8195628814,65.0598296514,63.8097191366,59.5022779379,58.3522907536,58.325942426,55.6992720763,51.513528341,47.2029799157,43.5768092799,41.641609456,33.7694325848,32.7913303476,30.1097879649,26.478978722,24.9061505717,24.9514814318,24.963616208,25.0181065641,26.0636256386,29.7646646822,31.8944754698,34.0763596386,34.1039770978,34.9050398142,34.4531049253,32.9208452683,29.9799428651,27.9747350281,27.4320790249,27.0448246753,24.6961500344,24.4714209286,25.440941067,24.7768624092,25.440941067,25.5390445425,25.1394732393,23.9890503652,23.9628204628,23.0994961085,24.3649759454,24.5219407927,25.6035784592,26.2629615263,27.736382389,27.1551814162,28.269673458,26.3195492106,25.6280074656,24.5864079887,25.2473391639,25.3996751153,27.4757577937,27.7836666196,28.7514537535,31.6046931684,31.2718603903,31.2807070584,32.9161210417,33.0441957995,30.2052867021
97,2025-04-08T00:00:00,31.7445856673,28.2952147889,28.2000765408,28.4756434539,28.3913081017,28.6342915526,29.8756602531,29.8756602531,27.9174182444,29.5289466355,29.5289466355,29.5289466355,28.9237659435,29.2068619098,28.1083958873,27.6074344581,28.2417072974,27.3215071825,28.1939712073,27.2620077339,26.7968160365,25.8660751042,26.7968160365,25.1551915425,25.4905203148,26.813313973,28.6641685412,32.2184330952,34.1245444401,34.2482240566,34.9707976485,34.9889329123,35.2757964512,40.1936808034,40.2803932422,37.7968019231,35.4811965422,34.8044915639,33.1622782511,32.047398381,29.9474855158,28.2249380059,28.5827659995,28.2249380059,27.3789341802,28.341837825,30.271068448,30.1900663263,31.9967704957,37.1973614063,37.536136611,39.7590632449,42.4486411768,44.3331956368,47.5305504026,56.1686096793,63.6679812807,68.9902220973,74.6364177703,79.011103904,77.0307198529,71.9670674343,71.9670674343,71.9670674343,72.3803058504,82.3640002373,90.5329023728,96.9079691836,102.16153615,100.51474863,96.9079691836,85.5226813739,80.4216789854,81.5670867084,86.5141991275,92.5491839701,91.0951079061,89.9514556248,85.1963673038,82.6636132736,76.4852580546,75.7472853903,69.8272734155,64.7227849885,63.5396549679,59.4214428111,57.4805358173,57.4805358173,53.9484655955,50.8297654362,46.229775791,43.1273281044,40.1123906814,33.5676597838,31.5349690676,29.6905677559,26.2704100901,24.526341174,24.9061505717,24.9290508008,24.963616208,25.9117730863,29.6275243391,31.4460582549,33.9930037135,33.9930037135,34.8541193793,34.3279832596,32.8149884541,29.4733683492,27.8944433459,27.2671265648,26.8784570648,24.6629503642,24.2727844775,25.40407719,24.4775751388,25.4206376547,25.5390445425,25.1394732393,23.9890503652,23.9628204628,23.0994961085,24.1586296113,24.5219407927,25.6035784592,26.2629615263,27.736382389,27.3909044286,28.269673458,26.3195492106,25.6795891676,24.6952776559,25.2473391639,25.3545782961,27.3340959621,27.6095263187,28.7514537535,31.922993838,31.6046931684,31.6046931684,32.9620430668,33.1286613285,29.8095960608
98,2025-04-09T00:00:00,31.0319962761,28.2261785677,28.1502950324,28.3913081017,28.2719247369,28.4756434539,29.6187262339,29.6187262339,27.5940647659,29.2068619098,29.2068619098,29.2068619098,28.8432647939,28.8945503783,27.9501117753,26.7730884829,28.1359728349,27.1903621477,27.709830523,27.20483861,26.0792670892,25.5474339531,26.3122359729,25.0760171047,25.4905203148,26.813313973,28.6641685412,32.2184330952,34.1245444401,34.1245444401,34.7388362775,34.7388362775,34.8636027483,39.4309802578,40.1936808034,37.5151077488,35.4811965422,34.8175930056,33.3061540518,32.4612219312,30.7884798449,28.4323816024,28.7111880039,28.7111880039,28.2002502484,29.145934803,30.9795108317,30.9141219298,33.5085161753,38.0629240416,39.7590632449,40.4537506746,43.4858352454,44.5115099649,47.5305504026,55.3729139839,63.4332051801,68.6722602903,74.5366786279,78.7832450589,75.4472938599,71.3823808465,71.3823808465,71.3823808465,71.9670674343,80.628216682,89.6189037868,95.8811382956,100.061686794,99.4992291306,95.8811382956,84.3536027619,79.1424227991,80.4216789854,85.2679188684,91.8254917239,88.8624520731,88.6847455203,84.7389142836,82.5557337808,76.4427543287,75.5438186438,69.4291038822,64.6342929658,62.8133747421,58.3522907536,55.8316612733,55.8316612733,52.390731102,49.9784620268,45.6236273367,42.9804434462,39.5173842265,33.224283795,31.0750449884,29.4947197467,26.0158023489,24.3847862589,24.9061505717,24.963616208,25.1121362233,26.5841239833,30.400531224,32.1110111745,34.1879612502,34.1039770978,34.8541193793,34.3279832596,32.9208452683,30.2569095905,28.3746653184,27.9725801107,27.0448246753,24.6629503642,24.0770049283,25.3251068367,24.3761266357,25.4206376547,25.5390445425,25.1394732393,23.9890503652,23.9628204628,22.9216743028,24.0244573322,24.3649759454,25.4353101825,26.1442929285,27.4836171287,27.1551814162,27.7745933305,25.9940244122,25.601470242,24.5864079887,24.7575609649,25.2473391639,27.3340959621,27.6095263187,28.7514537535,31.922993838,31.6046931684,31.2807070584,32.9161210417,32.4819331548,29.7400912395
99,2025-04-10T00:00:00,30.829453338,28.1388531247,28.1333314396,28.2719247369,28.2000765408,28.3913081017,29.170663613,29.5725505023,27.5940647659,28.9237659435,28.9237659435,28.9237659435,28.7406566392,28.7406566392,27.6754612061,26.5440236049,27.7181410238,26.9759830998,27.3673590386,27.1837755601,25.8660751042,25.3381910374,25.9585508739,24.9828862558,25.3491774714,26.54071479,28.3182093268,32.1082313933,33.9626859547,33.9626859547,34.6460528182,34.3812911279,34.7739375824,38.6335164483,39.2845971518,36.4927017906,35.1518179503,34.8044915639,33.1622782511,32.4612219312,30.7884798449,29.1830774891,29.6486368232,29.196287421,28.2002502484,29.145934803,30.9795108317,30.9141219298,33.5085161753,38.0629240416,39.6392382589,40.1803124863,43.2652364078,44.5115099649,47.427044777,54.4207110353,63.1427811044,68.1650448015,74.150201048,76.0902557528,75.4472938599,71.9670674343,72.3803058504,73.0473242993,76.5649210586,85.726638543,92.507632491,99.4992291306,104.796787411,104.507948825,100.536537139,94.7376933423,83.5008816305,84.3536027619,89.4598703185,97.1113928013,93.2995320011,91.8589293541,88.3591432532,84.2928256894,77.2966371665,76.41937532,71.309563532,65.2380975795,64.7227849885,61.5337171382,59.9113847415,59.4378281436,57.4805358173,52.390731102,48.7218016831,45.1686958428,42.8631986481,35.4251603027,33.1911261208,30.1097879649,26.2704100901,24.3847862589,24.7509507658,24.9290508008,25.0181065641,26.4664429987,30.3933023182,31.9594796989,34.0763596386,33.9930037135,34.6379801044,34.3279832596,32.9208452683,30.2569095905,28.3746653184,27.9725801107,26.8784570648,24.3191282839,23.9339922537,24.8113828043,24.2605468559,25.1911653724,25.440941067,25.0604264366,23.9595812398,23.8624684089,22.9216743028,24.0244573322,24.3649759454,25.4353101825,26.1428561223,27.3909044286,26.6731005696,27.7745933305,25.9940244122,25.601470242,24.6952776559,25.3545782961,25.3545782961,27.4757577937,27.7836666196,28.7514537535,31.6046931684,31.2718603903,31.1975846443,31.993233732,31.7546351197,29.5020736066
100,2025-04-11T00:00:00,30.6394939183,28.1314908779,28.1333314396,28.2719247369,28.2000765408,28.3913081017,29.170663613,29.1681405904,27.445629267,28.3972798722,28.7479605305,28.7479605305,28.6920684496,28.6920684496,26.7541683176,26.2956721954,27.6074344581,26.6372470666,27.2620077339,27.1837755601,25.8660751042,25.3381910374,25.9585508739,24.9828862558,25.3080070898,26.4455478963,28.0918899971,31.9676211945,33.8441501739,33.8162456259,34.4917173833,34.2160769256,34.7274772189,38.3320767398,38.5969206718,36.0513071733,35.0528245111,34.7156980335,32.7650034196,32.047398381,30.493941904,29.1830774891,29.6486368232,29.196287421,28.2002502484,29.145934803,30.9141219298,30.5810256908,32.5601128127,37.536136611,39.4989501813,39.914277013,42.4486411768,44.5115099649,47.9397455251,56.1686096793,64.3348694398,69.3215859152,75.22363813,79.5211363708,79.5211363708,76.5649210586,75.2617336167,75.2617336167,76.5649210586,83.6196840082,91.7723379626,99.402024525,104.193152509,104.120942862,98.1739833925,89.7499608784,82.8816659994,83.5008816305,87.9748830477,93.9826205634,92.5491839701,91.6966088384,87.0893549341,83.106491076,76.7129204071,76.0656561518,70.8195628814,65.0598296514,64.6342929658,59.9113847415,59.4378281436,59.299937052,56.7988552709,51.8417466959,47.990945266,44.9576219822,42.2045202136,35.4251603027,33.576213485,31.0750449884,27.7331757933,24.9514814318,24.9514814318,25.0181065641,25.253528913,26.4664429987,30.3933023182,31.9594796989,33.9930037135,33.9930037135,34.8541193793,34.501855779,33.0288679826,30.4748217512,28.5281914665,27.9725801107,26.4262507816,24.5152196366,23.9339922537,24.8113828043,24.2605468559,25.1911653724,25.4206376547,24.7421055842,23.8956101227,23.762931276,22.9216743028,23.9680195296,24.1586296113,25.3794678403,26.000977589,26.7289460748,26.4731849152,27.210871141,25.9181637981,25.3090621503,24.6952776559,25.2473391639,25.2473391639,27.3340959621,27.6095263187,28.7251874928,31.1536014132,31.0771140002,31.0771140002,31.7228280345,31.7122256727,29.3428138914
101,2025-04-12T00:00:00,30.7619390252,28.1333314396,28.1333314396,28.2719247369,28.2000765408,28.3913081017,29.6187262339,29.5725505023,27.5940647659,28.9237659435,28.7479605305,28.6920684496,28.5633230413,28.5633230413,26.2956721954,26.2028714822,27.2613245603,26.2688964203,27.2620077339,27.1837755601,25.8660751042,25.5474339531,26.7968160365,25.0760171047,25.3491774714,26.54071479,27.7693444684,31.9676211945,33.8441501739,33.9626859547,34.6460528182,34.7388362775,35.2757964512,40.1936808034,40.2803932422,38.3320767398,36.0463151527,34.8175930056,33.1622782511,32.047398381,30.4176673846,28.6783589945,29.196287421,28.7111880039,27.8010620779,29.0927159866,30.271068448,30.1900663263,31.9967704957,37.2824446816,38.3182112574,39.7590632449,41.8579995764,44.3331956368,47.427044777,55.3729139839,63.6679812807,68.9902220973,74.8897287834,79.1922900891,79.1922900891,74.5549188089,73.0473242993,73.0473242993,75.2617336167,83.0622473501,91.1411674971,98.1214145942,103.995572001,103.995572001,96.9079691836,87.7291630859,81.801108671,81.9455781489,87.5946791399,92.5491839701,91.8254917239,91.0951079061,85.1963673038,82.6636132736,76.4852580546,75.7472853903,69.8272734155,64.7227849885,63.8097191366,59.5022779379,58.3522907536,58.325942426,55.6992720763,51.513528341,47.2029799157,43.5768092799,41.641609456,34.0927988591,33.1911261208,30.4635769245,26.8387464168,24.9061505717,24.9061505717,24.963616208,25.1004309602,26.0636256386,30.1695316334,31.8944754698,33.9656616717,33.9656616717,34.6379801044,34.4531049253,33.0101226434,30.3063294602,28.5281914665,28.3746653184,26.8784570648,24.6961500344,24.2727844775,25.40407719,24.3761266357,25.4206376547,25.440941067,24.7421055842,23.8481149985,23.5952643063,22.8368636939,23.940276162,24.0244573322,25.2352525085,25.8808885243,26.4937024446,26.4113224849,27.210871141,25.9940244122,25.6795891676,25.3219575758,25.8863304444,25.92260121,27.633418439,27.9043554537,28.8519041562,31.6046931684,31.2718603903,31.1975846443,31.7228280345,31.6046931684,29.3410700114
102,2025-04-13T00:00:00,30.5845631241,28.1351720013,28.1502950324,28.3913081017,28.2719247369,28.4756434539,29.6187262339,29.1681405904,27.445629267,28.3972798722,28.3661499151,28.2117788628,28.2417072974,28.2417072974,26.0219106972,26.0620467484,26.6870804147,26.0620467484,27.1903621477,27.1837755601,26.0158159786,25.8660751042,26.7968160365,25.1551915425,25.3491774714,26.4455478963,27.6742375551,30.9666420319,33.7956135063,33.8162456259,34.4917173833,34.3812911279,34.8636027483,39.4309802578,40.1936808034,37.7968019231,35.4811965422,34.8044915639,32.7650034196,31.7247656738,29.8905577238,28.4323816024,28.7111880039,28.4405888547,27.6519215939,28.7109770046,29.8958557027,29.903873436,31.2592231704,37.1973614063,37.536136611,39.6392382589,41.0568569045,44.1202627977,46.8051735182,54.4207110353,63.4332051801,68.6722602903,74.6364177703,79.011103904,79.011103904,72.6768911182,72.3803058504,72.3803058504,75.2617336167,83.0622473501,91.7723379626,99.4992291306,105.568991361,106.513054902,104.507948825,96.1053914403,85.2679188684,86.5141991275,93.5381668257,97.1113928013,92.5491839701,91.0951079061,84.7389142836,82.7816269552,77.2966371665,76.4427543287,71.309563532,65.2380975795,64.6342929658,59.9113847415,58.6511302191,58.1637407177,55.6992720763,51.513528341,47.2029799157,43.3207932961,40.1123906814,33.7694325848,32.7913303476,30.1097879649,26.478978722,24.9061505717,24.9061505717,24.963616208,25.1004309602,26.0636256386,29.7646646822,31.4460582549,33.9656616717,33.9930037135,34.8541193793,34.501855779,33.0288679826,30.3063294602,28.3746653184,27.9725801107,26.4262507816,24.6629503642,24.0770049283,25.3251068367,24.2605468559,25.1911653724,25.4206376547,24.59156377,23.6144888798,23.1329629692,22.7004774189,23.8589565666,23.9680195296,25.0692181319,25.8396837488,26.4549750928,26.3099184042,26.6731005696,25.9181637981,25.601470242,25.1815040382,25.8042976577,25.92260121,27.633418439,27.9043554537,28.8519041562,31.6046931684,31.0771140002,31.0771140002,31.6046931684,31.3549828044,29.1924289428
103,2025-04-14T00:00:00,30.4197707414,27.7579101314,28.1333314396,28.2719247369,28.2000765408,28.3913081017,29.170663613,28.9499608458,27.3403958947,28.2423007097,28.0585066237,27.9501117753,28.2417072974,28.5633230413,26.2956721954,26.2028714822,27.2613245603,26.0620467484,26.9759830998,27.1765264803,25.8660751042,25.5474339531,26.5412963919,25.0760171047,25.3080070898,26.2408879116,27.3109710532,30.6089469006,33.654110673,33.654110673,34.3290855677,34.2160769256,34.7739375824,39.4309802578,40.1936808034,37.7968019231,35.4811965422,34.8044915639,33.1348169123,32.4612219312,30.493941904,29.1830774891,29.196287421,28.4405888547,27.3789341802,28.341837825,29.8198514242,29.8436798078,30.9431598231,37.163262376,37.2824446816,38.2273602239,40.4537506746,43.9491151671,46.8051735182,55.3729139839,63.6679812807,69.3215859152,74.8897287834,79.1922900891,79.011103904,72.6768911182,73.0473242993,73.0473242993,76.5649210586,83.6196840082,91.7723379626,99.4992291306,104.796787411,105.568991361,104.120942862,95.0515791326,84.3536027619,85.2679188684,89.4598703185,93.9826205634,91.8254917239,89.9514556248,84.9582204928,83.106491076,77.7227622676,76.4427543287,70.8195628814,65.0598296514,64.5523478129,59.5022779379,58.1637407177,57.4805358173,53.9484655955,50.8297654362,46.229775791,43.1273281044,39.5173842265,33.5676597838,31.5349690676,30.1097879649,26.478978722,24.9514814318,25.1630373602,25.3044300499,25.3697798969,27.4213290796,30.400531224,31.9594796989,34.0763596386,34.355995189,34.9050398142,34.6379801044,33.051038764,30.3063294602,28.0941174367,27.4320790249,26.1524751714,24.6629503642,24.2727844775,25.40407719,24.3761266357,25.4206376547,25.4206376547,24.4056458327,23.1329629692,22.9216743028,22.7004774189,23.940276162,24.1586296113,25.3794678403,26.000977589,26.4937024446,26.3099184042,26.6731005696,25.9181637981,25.601470242,25.1815040382,25.8042976577,25.6981487632,27.633418439,27.9043554537,28.8519041562,31.1536014132,30.6453873958,30.6453873958,31.2807070584,31.2020079784,28.9703392799
104,2025-04-15T00:00:00,29.3600555128,27.9447005047,28.1502950324,28.3913081017,28.2719247369,28.6342915526,29.6187262339,28.9499608458,27.3403958947,28.2423007097,27.932163624,27.8536322934,28.1083958873,28.2417072974,26.5730219739,26.5440236049,27.6074344581,26.2688964203,27.1903621477,27.1765264803,25.5474339531,25.3381910374,26.2487848623,24.9828862558,25.1207820735,25.9708188487,27.1332271265,30.6089469006,33.7956135063,33.8162456259,34.4917173833,34.3812911279,34.7739375824,39.4309802578,40.1936808034,37.7968019231,36.0301993033,34.8175930056,33.1683119628,32.486508488,30.9921152164,29.6743474935,29.840106107,28.7111880039,27.3789341802,27.8193491481,29.7544097524,29.7598657399,30.5810256908,37.0361265806,37.1763988997,37.8052351989,40.1803124863,43.9491151671,46.8051735182,54.4207110353,63.4332051801,68.9902220973,74.6364177703,79.011103904,77.0307198529,74.2199756166,75.2617336167,75.2617336167,76.7671062028,85.4585469684,91.7723379626,99.402024525,104.193152509,104.507948825,103.406208913,95.0515791326,84.3536027619,85.2679188684,89.4598703185,93.9826205634,91.0951079061,88.6847455203,84.7389142836,82.7816269552,77.2966371665,76.41937532,69.8272734155,64.7227849885,63.7899298027,59.4214428111,57.4805358173,55.8316612733,52.390731102,49.9784620268,45.6236273367,42.9804434462,39.0444411227,33.224283795,31.0750449884,29.6905677559,26.2704100901,24.9061505717,24.9514814318,25.1004309602,25.3049821641,27.0291430725,30.3933023182,31.8944754698,33.9930037135,34.1039770978,34.8541193793,34.501855779,33.0288679826,30.3063294602,28.3746653184,27.9725801107,26.4262507816,24.8457141221,24.4714209286,25.40407719,24.4775751388,25.4290478546,25.4206376547,24.4056458327,23.1329629692,22.9216743028,22.7004774189,23.940276162,24.1586296113,25.3794678403,25.8808885243,26.4549750928,26.2629615263,26.4731849152,25.812092062,25.3090621503,24.9756307613,25.6795891676,25.3545782961,27.4757577937,27.9043554537,28.8519041562,31.1536014132,30.6453873958,31.0771140002,31.2807070584,31.2042196454,29.1183990552
105,2025-04-16T00:00:00,28.5855198029,27.1975390117,28.1333314396,28.2719247369,28.2000765408,28.4756434539,29.170663613,28.8369602804,27.0824762038,28.0494618635,27.8536322934,27.3914895895,27.9501117753,28.1083958873,26.2956721954,26.2956721954,27.2613245603,26.0620467484,26.9759830998,26.9759830998,25.2947278717,25.2617973155,25.9585508739,24.9609590189,25.0674147374,25.6824729871,26.8673261848,30.4764715763,33.654110673,33.654110673,34.3290855677,34.2160769256,34.7274772189,38.6335164483,39.2845971518,37.5151077488,35.4811965422,34.8044915639,33.1348169123,32.4612219312,30.7467662783,29.5543574422,29.6486368232,28.4405888547,26.6502375938,27.6519215939,29.5566655632,29.5566655632,29.9813627467,35.3895577636,35.7426663984,35.8683542941,39.8974956003,43.4858352454,46.4063923967,54.1836267939,63.1427811044,68.6722602903,74.5366786279,78.7832450589,75.4472938599,72.6768911182,74.8857211631,74.8857211631,76.5649210586,83.6196840082,91.1411674971,98.1214145942,103.995572001,104.120942862,100.367407858,94.7376933423,83.5008816305,84.3536027619,87.9748830477,92.5491839701,91.0951079061,89.9514556248,85.8237665587,84.6497492057,81.5471537881,77.2435449959,72.0780134687,65.5132570827,64.6342929658,59.9113847415,58.1637407177,55.8316612733,51.8417466959,49.2971749899,45.6236273367,43.3207932961,40.1123906814,33.7694325848,31.5349690676,29.6905677559,26.0158023489,24.526341174,24.9061505717,25.0181065641,25.253528913,26.5841239833,30.1695316334,31.4460582549,33.9656616717,33.9930037135,34.6379801044,34.4531049253,33.0101226434,30.2569095905,28.0941174367,27.4320790249,26.1524751714,24.6961500344,24.2727844775,25.3251068367,24.4775751388,25.4290478546,25.4206376547,24.4056458327,23.1329629692,22.7151181348,22.6683942377,23.8589565666,24.0244573322,25.2352525085,25.8396837488,26.4113224849,26.2629615263,26.4731849152,25.812092062,25.3090621503,24.9756307613,25.3545782961,25.2473391639,27.3340959621,27.7836666196,28.7514537535,30.6397321171,30.5344929414,30.6453873958,31.1975846443,31.1953729773,28.8578561466
106,2025-04-17T00:00:00,28.3813431303,27.0561639895,28.1333314396,28.3913081017,28.2719247369,28.6342915526,29.6187262339,28.8369602804,27.0824762038,28.2423007097,27.932163624,27.8536322934,28.1083958873,28.1083958873,26.2956721954,26.2956721954,27.1299074372,25.9806997845,26.8213106177,26.8213106177,25.1785143822,25.2617973155,25.9585508739,24.9609590189,25.0674147374,25.6824729871,26.54071479,29.7850510129,33.1230713923,33.1230713923,34.2160769256,34.1245444401,34.3812911279,38.3320767398,38.5969206718,36.4927017906,35.1518179503,34.7156980335,32.7650034196,32.047398381,30.7467662783,29.5543574422,29.6486368232,28.4405888547,27.3789341802,27.6519215939,29.3865429883,29.3865429883,29.8436798078,35.3895577636,37.1763988997,37.8052351989,40.1803124863,43.9491151671,46.4063923967,54.1836267939,63.4332051801,69.3215859152,75.22363813,80.3004196,79.3999496595,76.5649210586,76.5649210586,75.2617336167,76.7671062028,85.4585469684,91.1411674971,96.9079691836,103.995572001,104.507948825,103.406208913,97.8549228068,87.5946791399,87.9748830477,94.7376933423,97.1113928013,91.8254917239,89.9514556248,84.9582204928,84.2928256894,80.244185125,76.6996473645,71.6658927836,65.2380975795,64.5523478129,59.5022779379,57.4805358173,54.5328406661,51.5795014146,49.2971749899,46.4284191059,43.7756538875,41.641609456,33.7694325848,31.0750449884,29.4947197467,26.0158023489,24.8746638084,24.9061505717,24.963616208,25.1004309602,26.4664429987,30.1137738982,31.1207969819,33.6505195855,33.9656616717,34.355995189,34.3279832596,32.9208452683,30.2569095905,28.3746653184,28.3746653184,26.8784570648,25.3251068367,24.4714209286,25.3251068367,24.3761266357,25.4206376547,25.2128854258,24.0614267166,22.9216743028,22.6161024992,22.6156908013,23.762931276,24.0244573322,25.2352525085,25.8396837488,26.4113224849,26.2629615263,26.4113224849,25.6280074656,25.1815040382,24.6952776559,25.2473391639,25.2473391639,27.4757577937,27.9043554537,28.8519041562,31.1536014132,30.5344929414,30.2052867021,31.0771140002,31.0771140002,28.5204067469
107,2025-04-18T00:00:00,28.3012379391,26.9289234244,27.4048031957,28.2719247369,28.2719247369,28.6342915526,29.6187262339,28.8369602804,27.0824762038,28.0494618635,27.8536322934,27.3914895895,27.9501117753,27.9501117753,26.0219106972,26.2956721954,27.1299074372,25.9806997845,26.8213106177,26.8213106177,25.1262214656,25.2617973155,25.9585508739,24.9609590189,25.0674147374,25.6824729871,26.4455478963,28.725308241,32.8651679092,32.9778088222,34.1245444401,34.072532934,34.2160769256,37.8503698831,38.3320767398,36.1624954508,35.0528245111,34.6763345055,32.5545086242,31.7247656738,30.493941904,29.5512343321,29.5947047293,28.4405888547,27.3789341802,27.6519215939,29.3865429883,29.5566655632,30.5810256908,37.163262376,37.536136611,38.2273602239,40.1803124863,43.4858352454,45.7777648789,54.1502240558,63.1427811044,68.9902220973,74.8897287834,79.3999496595,79.1922900891,75.2069746017,76.5649210586,76.5649210586,78.1261104667,87.0608457622,92.507632491,98.1214145942,103.384420404,104.120942862,102.9734197,96.1053914403,86.5141991275,87.5946791399,93.5381668257,93.9826205634,91.0951079061,89.9514556248,85.8237665587,84.6497492057,81.5471537881,77.2435449959,72.0618874318,65.5132570827,64.6342929658,61.2877697033,59.4378281436,57.4805358173,51.8417466959,49.2971749899,46.0835958463,43.3207932961,40.1123906814,33.5676597838,30.5879402893,28.9493461661,25.2446743445,24.8746638084,24.9061505717,24.963616208,25.1004309602,26.5841239833,30.1137738982,31.1207969819,33.3277268974,33.6994944583,34.1039770978,34.1039770978,32.8149884541,30.2569095905,28.3746653184,27.9725801107,26.4262507816,24.8457141221,24.2727844775,24.8113828043,24.2605468559,25.4206376547,25.2128854258,24.0614267166,22.9216743028,22.6161024992,22.4207206111,23.6516562016,23.9680195296,25.0692181319,25.8396837488,26.4113224849,26.2629615263,26.4113224849,25.6280074656,24.9756307613,24.5864079887,24.7575609649,24.7575609649,27.3340959621,27.7836666196,28.7514537535,30.6397321171,30.2026982047,29.8161523205,30.6453873958,30.7459278608,28.3564932822
108,2025-04-19T00:00:00,28.3132842394,26.9595556943,27.4048031957,28.2000765408,28.2000765408,28.4756434539,29.170663613,28.3859971785,27.017985842,28.0494618635,27.8536322934,27.3914895895,28.1083958873,28.2417072974,26.5730219739,26.791721627,27.7181410238,26.2688964203,26.9759830998,26.8213106177,25.1262214656,25.2617973155,25.8660751042,24.9006991905,24.9828862558,25.5831948862,26.2408879116,28.1378299198,32.8141062166,32.8599402421,34.072532934,34.0633454741,34.090362211,37.5284997388,37.8503698831,36.0301993033,34.8795297554,34.6062459015,32.486508488,31.4452573314,30.4176673846,29.1830774891,29.1931643109,28.2249380059,26.6502375938,27.3789341802,29.1450908058,29.3865429883,29.9813627467,37.163262376,37.6117985285,39.6392382589,40.4537506746,43.9491151671,46.4063923967,54.1502240558,62.9977014548,68.6722602903,74.6364177703,79.1922900891,79.011103904,74.2199756166,75.2617336167,75.2617336167,77.3526145666,85.8101241399,91.7723379626,96.9079691836,102.014195378,103.995572001,100.301492875,95.0515791326,85.2679188684,86.5141991275,89.4598703185,92.5491839701,88.8624520731,88.6847455203,84.9582204928,84.2928256894,80.244185125,76.6996473645,71.6658927836,65.2380975795,64.5523478129,60.7122030627,58.6511302191,55.8316612733,52.390731102,50.8297654362,46.914418196,44.9576219822,42.8373998897,35.4251603027,31.5349690676,29.4947197467,25.2446743445,24.5195276407,24.8746638084,24.9290508008,25.0181065641,26.4664429987,29.7646363145,31.0397929555,33.2628534335,33.5937854489,33.9930037135,33.7180224476,32.8149884541,30.450150598,28.8029040151,28.5281914665,26.8784570648,24.8457141221,24.0770049283,24.4775751388,24.0621294501,25.1911653724,25.1394732393,23.9595812398,22.7151181348,22.5780192259,22.2059457787,23.5722516811,23.940276162,24.591584027,25.6035784592,26.3099184042,26.2629615263,26.4113224849,25.6280074656,24.9756307613,24.5864079887,24.5864079887,24.5864079887,27.1295857823,27.7836666196,28.7514537535,30.6397321171,30.2026982047,29.8161523205,30.2052867021,30.3750668164,28.279347785
109,2025-04-20T00:00:00,29.2642932953,27.1621952561,28.1333314396,28.2000765408,28.1502950324,28.3913081017,28.9499608458,28.2423007097,26.8602029374,27.8714697229,27.8536322934,27.8536322934,28.2417072974,28.5633230413,26.791721627,26.791721627,27.6074344581,26.0620467484,26.8213106177,26.6110372831,25.0760171047,25.1785143822,25.5474339531,24.8270864764,24.9609590189,25.3697845242,25.9708188487,27.8770652552,32.3224983089,32.8141062166,34.0633454741,34.0560068809,34.0633454741,37.0821347755,37.6857258142,35.2821193733,34.8175930056,34.5081978567,32.0513203012,31.4452573314,30.4176673846,29.5512343321,29.6486368232,29.1931643109,27.9385006628,28.341837825,29.8198514242,29.903873436,31.378398163,37.4315088833,39.6392382589,40.1803124863,42.4486411768,45.0514181319,48.4040128652,56.1686096793,64.3348694398,71.015555769,77.5769779188,80.7929680435,79.3999496595,75.4558317123,75.4558317123,74.989004702,76.7671062028,85.4585469684,91.1411674971,95.8811382956,100.729966757,103.384420404,98.1739833925,94.7376933423,84.3536027619,85.2679188684,87.9748830477,91.8254917239,87.9405911734,88.3591432532,84.7389142836,83.106491076,78.9709982254,76.4852580546,71.309563532,65.0598296514,64.1378644545,59.7680238485,58.1637407177,54.5328406661,51.8417466959,49.9784620268,46.4284191059,44.4287337023,42.2035440273,34.0927988591,31.3680941303,29.4947197467,25.2446743445,24.3847862589,24.7441372326,24.9061505717,24.963616208,26.0636256386,29.6275243391,31.0159937975,33.085798004,33.5747368589,33.7024324758,33.5937854489,32.1405477224,30.3063294602,28.5281914665,28.5281914665,27.0448246753,25.4085526041,24.4714209286,25.3251068367,24.2605468559,25.1911653724,25.0604264366,23.8956101227,22.6161024992,22.4145709509,22.1505867893,23.4242862646,23.7820582726,24.3649759454,25.4070655058,26.2629615263,26.1442929285,26.3099184042,25.6280074656,25.1815040382,24.9756307613,25.2473391639,25.2473391639,27.3340959621,27.7836666196,28.7251874928,30.5330791217,29.7140582484,29.8161523205,30.2052867021,30.4599568736,28.3307781165
110,2025-04-21T00:00:00,28.5855198029,27.1975390117,28.1333314396,28.2000765408,28.1502950324,28.3913081017,28.8369602804,28.0494618635,26.6047635678,27.5940647659,27.3914895895,27.3914895895,28.1083958873,28.2417072974,26.6514302846,26.6514302846,27.2613245603,25.9806997845,26.6110372831,26.2688964203,24.9828862558,25.1262214656,25.5474339531,24.8270864764,24.9609590189,25.3697845242,26.2408879116,27.8770652552,32.3224983089,32.8141062166,34.072532934,34.0633454741,34.0633454741,37.0821347755,37.6857258142,35.0528245111,34.8044915639,34.2141945382,31.7247656738,31.2278550885,29.8905577238,29.1830774891,29.5947047293,29.1931643109,28.2002502484,29.0927159866,30.9141219298,30.9795108317,33.8932071494,38.0629240416,39.9986147245,41.3240975529,43.9491151671,46.4063923967,49.4524739841,56.1686096793,64.3348694398,70.2432179282,75.8001492629,80.3004196,79.1922900891,74.934245687,74.989004702,74.8857211631,76.5649210586,83.6196840082,90.5329023728,95.6712910746,99.8170599048,100.367407858,96.9079691836,93.7970374806,83.5008816305,84.3536027619,87.5946791399,89.1479049515,87.3283858287,87.4285779004,84.6779863562,82.7816269552,77.7227622676,76.4427543287,71.309563532,65.2380975795,64.6342929658,61.2877697033,59.4378281436,55.8316612733,51.8417466959,49.5893916274,46.0835958463,43.7756538875,41.641609456,33.7694325848,31.0750449884,28.9493461661,25.2446743445,24.5195276407,24.8746638084,24.9290508008,25.1004309602,26.4664429987,29.6275243391,31.0159937975,33.2628534335,33.5747368589,33.7024324758,33.5937854489,32.1405477224,30.3063294602,28.5281914665,28.5281914665,27.0448246753,25.3251068367,24.2727844775,24.8113828043,24.0621294501,25.0604264366,24.6665429338,23.8481149985,22.5780192259,22.2059457787,22.0485483356,22.9359422632,23.6534797795,24.1586296113,25.2352525085,26.1442929285,25.9598547203,26.2629615263,25.3090621503,24.9756307613,24.6952776559,24.7575609649,24.7575609649,27.1295857823,27.6095263187,28.7251874928,30.061370679,29.587413789,29.6067245014,30.2052867021,30.5448469307,28.3822084479
111,2025-04-22T00:00:00,28.9589359945,27.3843293849,28.1333314396,28.1502950324,27.5671747537,28.2719247369,28.8369602804,28.0494618635,26.6047635678,27.5940647659,27.3914895895,26.935145209,27.9501117753,28.1083958873,26.558376235,26.5793740254,27.1299074372,25.9806997845,26.6110372831,26.2688964203,24.9828862558,25.1262214656,25.4238080521,24.7662229789,24.8420734273,25.3080070898,25.9708188487,27.8770652552,32.1456686913,32.7893453674,34.072532934,34.072532934,34.090362211,37.0821347755,37.6857258142,35.0528245111,34.7705771794,34.1300444223,31.7247656738,31.2278550885,29.8905577238,28.7647809099,29.1931643109,28.7647809099,27.9385006628,28.7109770046,30.271068448,30.9141219298,33.5085161753,37.6117985285,39.8792640896,40.9479764984,43.4858352454,46.1730318533,48.7067197955,55.3729139839,63.6679812807,69.3215859152,75.22363813,79.3999496595,79.011103904,74.2199756166,74.8857211631,73.0336345456,75.2617336167,83.0622473501,90.5329023728,94.5499787696,99.4992291306,99.4992291306,95.8811382956,91.4004899686,82.8816659994,83.5008816305,86.5141991275,87.9748830477,86.8611595442,86.8611595442,84.6497492057,82.6510322764,77.2966371665,76.41937532,70.8195628814,65.0598296514,64.5523478129,60.7122030627,58.6511302191,54.5328406661,51.5795014146,49.2434642468,45.6236273367,43.3207932961,40.1123906814,33.5676597838,30.5879402893,28.5896593516,25.0117812785,24.3847862589,24.7441372326,24.9061505717,25.0181065641,26.0636256386,29.1937585925,30.796910271,33.085798004,33.2224826346,33.7024324758,33.5937854489,32.1405477224,30.3063294602,28.5281914665,28.3746653184,26.8784570648,24.8457141221,24.0770049283,24.4775751388,23.9924457105,24.5484661457,24.4545963193,23.8481149985,22.6161024992,22.5780192259,22.4207206111,23.5722516811,23.7820582726,24.3649759454,25.4070655058,26.2629615263,26.1442929285,26.3099184042,25.3090621503,24.6952776559,24.5864079887,24.7575609649,25.2473391639,27.3340959621,27.7836666196,28.7514537535,30.061370679,29.5749360183,29.2630555113,29.8161523205,30.2052867021,28.3050629507
112,2025-04-23T00:00:00,28.517460912,27.5711197582,28.1502950324,28.2000765408,28.1502950324,28.3913081017,28.8369602804,27.8714697229,26.2885800978,27.3622301411,27.3914895895,26.9866960338,27.9501117753,28.1083958873,26.6514302846,26.5793740254,26.675728151,25.9806997845,26.2688964203,26.2688964203,25.0760171047,25.1785143822,25.5474339531,24.9006991905,24.9609590189,25.3080070898,25.7473013699,27.8770652552,32.3224983089,32.8141062166,34.1245444401,34.1245444401,34.090362211,36.7572900332,37.5151077488,34.8795297554,34.707699378,33.7866802762,31.4452573314,31.2278550885,30.4176673846,29.1830774891,29.5947047293,29.1931643109,28.2002502484,28.7109770046,30.2029560572,30.6325846145,32.5601128127,37.4315088833,39.7590632449,40.4537506746,43.4858352454,46.1730318533,48.7067197955,55.1617076272,63.4332051801,68.9902220973,74.8897287834,79.1922900891,77.0307198529,72.6768911182,73.0336345456,72.3803058504,74.8857211631,82.3640002373,89.7991205536,94.0239921685,99.4992291306,100.367407858,98.1739833925,95.0515791326,86.5141991275,87.5946791399,93.5381668257,92.5491839701,87.9405911734,87.4285779004,84.6497492057,82.5557337808,77.2966371665,76.41937532,70.8195628814,65.2380975795,64.6342929658,61.5422094125,60.7122030627,58.1637407177,52.390731102,49.9784620268,46.4284191059,43.7756538875,41.641609456,33.7694325848,30.5879402893,28.1922310555,24.9381560545,23.928102662,24.4885993801,24.8746638084,24.963616208,25.9117730863,29.0451324818,30.476919467,33.0323944637,33.0604089498,33.5937854489,33.2247509252,32.1405477224,30.3063294602,28.5281914665,28.3746653184,26.8784570648,24.6961500344,24.0227028531,24.3761266357,23.9236388158,24.3761266357,24.3761266357,23.6144888798,22.5780192259,22.4145709509,22.2059457787,23.4242862646,23.6534797795,24.1586296113,25.4070655058,26.3099184042,26.2629615263,26.4113224849,25.6280074656,24.6952776559,24.4016597494,24.5864079887,24.7575609649,27.1295857823,27.6095263187,28.7514537535,30.061370679,29.5749360183,29.2630555113,30.2052867021,30.2901767592,28.3564932822
113,2025-04-24T00:00:00,30.326888868,28.2261785677,28.2530985286,28.3913081017,28.2519461967,28.3913081017,28.8369602804,28.0494618635,26.2885800978,27.2877070485,27.0745164376,26.8618823968,27.6754612061,27.9501117753,26.558376235,26.5440236049,26.300921643,25.6872063068,26.1602203683,26.0620467484,24.9828862558,25.1262214656,25.4238080521,24.8270864764,24.8420734273,25.2115830424,25.6403874242,27.7634968482,32.3224983089,32.8599402421,34.2160769256,34.346285067,34.7274772189,37.0821347755,37.6857258142,35.0528245111,34.707699378,33.6037159868,31.2278550885,31.1646823544,29.8905577238,29.1830774891,29.6486368232,29.5947047293,28.2980862865,29.0927159866,30.2029560572,30.5129133,31.9967704957,37.2824446816,39.6392382589,40.1803124863,43.2652364078,45.7362302432,48.4040128652,54.4123896573,63.1427811044,68.6722602903,74.6364177703,79.011103904,75.4558317123,72.1509118615,72.3803058504,71.9670674343,73.0336345456,80.628216682,89.7991205536,94.0239921685,99.4992291306,100.367407858,98.1739833925,94.7376933423,85.2679188684,86.5141991275,89.4598703185,91.8254917239,87.3283858287,86.8611595442,84.6497492057,82.5557337808,77.2966371665,76.41937532,70.8195628814,65.0598296514,64.5523478129,61.2877697033,59.7680238485,57.5548732252,52.390731102,49.5893916274,46.0835958463,43.3207932961,40.3946914406,33.5676597838,30.3521565258,27.822632691,24.8788964387,23.7661602628,24.3847862589,24.81002864,24.9290508008,25.6236286371,28.9233425543,30.400531224,32.9990299891,33.0323944637,33.2247509252,33.051038764,32.1405477224,30.450150598,28.8029040151,28.5281914665,27.0448246753,24.6961500344,23.9302733841,24.2605468559,23.8866245167,24.3761266357,24.4545963193,23.8481149985,22.6161024992,22.5780192259,22.2059457787,22.9359422632,23.6290994708,23.9904696046,25.2352525085,26.3099184042,26.2629615263,26.4113224849,25.6280074656,24.9756307613,24.4016597494,24.5649768713,24.5864079887,27.0460483982,27.3581475821,28.7251874928,29.6787263669,29.4978205388,29.0133661609,29.8161523205,29.9682744827,28.279347785
114,2025-04-25T00:00:00,30.3640416174,28.2546735282,28.2530985286,28.2719247369,28.2000765408,28.3913081017,28.8369602804,28.0494618635,26.2885800978,27.2877070485,27.017985842,26.8266658514,27.3469468176,27.6754612061,26.2956721954,26.2956721954,26.2028714822,25.3241135862,26.0533855464,25.9260153506,24.9609590189,25.0760171047,25.3266647349,24.7662229789,24.6118653693,25.0973627138,25.5831948862,27.7091280123,32.1456686913,32.8141062166,34.1245444401,34.346285067,34.7274772189,37.0821347755,37.6857258142,35.2062977817,34.707699378,33.6037159868,31.4452573314,31.2278550885,29.8905577238,28.7647809099,29.5947047293,29.1931643109,28.2002502484,28.7109770046,29.8958557027,30.1900663263,31.378398163,37.1973614063,39.4989501813,39.914277013,42.4486411768,45.0514181319,47.9397455251,54.1836267939,62.9977014548,68.1650448015,74.5366786279,78.7832450589,75.1745649452,71.9218270295,71.9670674343,71.3823808465,72.3803058504,80.1587369359,89.4650644037,93.6498184163,99.402024525,99.4992291306,96.9079691836,93.7970374806,84.3536027619,85.2679188684,87.9748830477,89.1479049515,86.8611595442,85.8237665587,84.2928256894,82.1632040072,77.1992557659,76.0656561518,69.8272734155,64.7227849885,64.1378644545,60.7122030627,59.4378281436,57.3469964108,51.8417466959,49.2434642468,45.6236273367,43.1273281044,39.8258933433,33.224283795,30.2148590828,27.7331757933,24.5195276407,23.7111651569,23.928102662,24.7560054839,24.9061505717,25.3697798969,28.430380657,30.400531224,33.0323944637,33.0604089498,33.5937854489,33.2247509252,32.8149884541,30.470385685,28.938212626,28.938212626,27.066126076,24.6961500344,23.9302733841,24.2605468559,23.8392119645,24.0614267166,24.3761266357,23.6144888798,22.6161024992,22.5780192259,22.2059457787,22.9359422632,23.6290994708,23.9904696046,25.2352525085,26.4113224849,26.3099184042,26.4731849152,25.6280074656,24.9756307613,24.1281656708,24.3994736714,24.5649768713,26.9839345629,27.1295857823,28.1478069033,29.587413789,29.2441649418,28.7698174991,29.6067245014,29.6607520285,28.0977047422
115,2025-04-26T00:00:00,30.297584134,28.2831684886,28.2891916388,28.3913081017,28.2519461967,28.4756434539,28.8369602804,27.8714697229,25.8565444372,27.0745164376,26.8825317767,26.7322273207,27.1507935953,27.3469468176,26.168226674,26.2028714822,26.1602203683,25.1785143822,25.8917818019,25.8660751042,24.9566422337,24.9828862558,25.1551915425,24.7662229789,24.6118653693,25.0973627138,25.5831948862,27.7091280123,32.1082313933,32.7893453674,34.072532934,34.2160769256,34.3812911279,36.7572900332,37.5151077488,35.0528245111,34.610657173,33.5559931995,31.2278550885,31.1646823544,29.637836243,28.596164226,29.1931643109,29.1931643109,28.2980862865,29.0927159866,30.2029560572,30.5129133,31.378398163,37.163262376,38.3182112574,39.7590632449,41.8579995764,44.5115099649,47.427044777,54.1502240558,61.3755641817,67.7714978183,74.150201048,76.0902557528,74.9321112239,71.601377486,71.601377486,70.954086687,71.9670674343,78.832949508,88.8255084779,93.2418633664,98.1214145942,99.402024525,95.8811382956,92.1025682979,83.5008816305,84.3536027619,87.5946791399,89.1479049515,87.3283858287,86.8611595442,84.6497492057,82.5557337808,77.1992557659,75.7472853903,69.4291038822,64.6342929658,63.6912562966,59.7680238485,58.6511302191,55.8316612733,51.5795014146,49.0993351075,45.4767067898,42.9804434462,39.6464486703,33.1173583173,30.0832363144,27.7095496551,24.3847862589,23.347456429,23.7785273186,24.7336047745,24.8168421732,25.3049821641,27.4213290796,30.3933023182,32.9990299891,33.0323944637,33.2247509252,33.051038764,32.1405477224,30.470385685,29.1394671288,29.1394671288,27.1363286967,24.8457141221,23.9302733841,24.0621294501,23.6737456101,24.0614267166,24.4545963193,23.8956101227,23.1329629692,22.9216743028,22.6143274776,23.5722516811,23.6534797795,23.9904696046,25.2352525085,26.4549750928,26.3099184042,26.4731849152,25.812092062,25.1815040382,24.4016597494,24.3994736714,24.5864079887,27.0460483982,27.3581475821,28.7251874928,29.6787263669,29.4978205388,29.0133661609,29.8161523205,30.1203966449,28.3822084479
116,2025-04-27T00:00:00,30.2096699317,28.1691886468,28.2891916388,28.4314961537,28.3873465432,28.8369602804,29.170663613,28.2420861254,26.2885800978,27.0745164376,26.8266658514,26.6514302846,26.9544576121,27.1507935953,26.168226674,26.2028714822,26.1602203683,25.3241135862,25.8917818019,25.5013287431,24.8996980004,24.9609590189,25.0760171047,24.6003136051,24.6118653693,25.0973627138,25.5831948862,27.7634968482,32.1456686913,32.7893453674,34.072532934,34.2160769256,34.3812911279,36.3376781448,36.4927017906,35.0419839766,34.610657173,33.5559931995,31.2278550885,30.9833784626,29.5543574422,28.4323816024,28.7647809099,28.7647809099,28.2002502484,28.7109770046,29.8958557027,30.1900663263,31.1254561532,37.0361265806,37.6117985285,39.6392382589,41.3240975529,44.3331956368,47.2908880797,54.0209266205,60.9739481225,66.0355985463,72.9292825423,75.2321759823,74.8296489688,71.3137587373,71.3137587373,70.8589379719,71.0774579561,78.150262212,88.253489898,92.3470283546,96.9079691836,98.1214145942,95.6712910746,91.033215897,82.8816659994,83.5008816305,86.5141991275,87.9748830477,86.8611595442,86.8611595442,84.6497492057,82.6510322764,77.2966371665,76.0656561518,70.8195628814,65.0598296514,64.5523478129,61.5422094125,59.7680238485,57.5548732252,52.390731102,49.5893916274,46.4284191059,44.4287337023,42.2035440273,33.7694325848,30.3521565258,27.822632691,24.8918712095,23.928102662,24.4885993801,24.9061505717,25.0181065641,26.0636256386,29.0451324818,30.796910271,33.0323944637,33.0323944637,33.051038764,33.0288679826,32.1405477224,30.5412837007,29.9799428651,30.2573571708,27.5804507397,25.4085526041,24.0227028531,24.2605468559,23.6737456101,24.0614267166,24.4545963193,23.8956101227,22.9216743028,22.7151181348,22.4207206111,23.5722516811,23.6534797795,23.9904696046,25.2352525085,26.4549750928,26.2629615263,26.4113224849,25.6280074656,25.021428224,24.4016597494,24.5649768713,24.7575609649,27.1295857823,27.6095263187,28.7251874928,29.587413789,29.4978205388,29.0977174062,29.8161523205,30.2052867021,28.5204067469
117,2025-04-28T00:00:00,30.2682793999,28.2952147889,28.3260872975,28.4756434539,28.4756434539,28.9499608458,29.1325665049,28.2420861254,26.2885800978,27.017985842,26.6047635678,26.558376235,26.8618823968,26.9544576121,26.0052431895,26.1602203683,26.0533855464,25.1785143822,25.5013287431,25.5013287431,24.9566422337,25.0760171047,25.3266647349,24.8270864764,24.8420734273,25.0973627138,25.3697845242,27.7091280123,32.1082313933,32.3174127089,34.0633454741,34.1245444401,34.2160769256,36.0513071733,36.1624954508,34.8795297554,34.610657173,33.6037159868,31.2278550885,30.9833784626,29.637836243,28.596164226,29.5947047293,29.6486368232,28.7647809099,29.5270992208,30.9141219298,30.9141219298,32.5601128127,37.1973614063,39.4989501813,39.914277013,42.4486411768,44.5115099649,47.2908880797,53.9035655231,60.7318319698,64.8881241852,72.2140097175,75.1745649452,74.6364177703,70.954086687,70.954086687,69.5535564275,70.8589379719,77.7104894008,87.8489419688,91.8170218165,95.8811382956,96.9079691836,95.0492784363,89.0918068583,81.801108671,81.9455781489,85.2679188684,87.5946791399,86.3628200582,85.8237665587,84.2928256894,82.5557337808,77.2966371665,75.7472853903,69.8272734155,64.7227849885,64.1378644545,61.2877697033,59.4378281436,57.5548732252,53.659728042,50.8297654362,47.990945266,45.6815148895,43.1273281044,36.8263298388,32.0443959605,29.4947197467,26.0158023489,24.8876385792,24.9514814318,25.1004309602,25.3697798969,27.4213290796,30.1137738982,31.1276507772,33.2628534335,33.2224826346,33.5937854489,33.051038764,32.8149884541,30.6435436924,30.2573571708,30.2573571708,27.9725801107,25.4642533305,24.0227028531,24.2605468559,23.8392119645,24.3761266357,24.6665429338,24.0614267166,23.1329629692,22.7151181348,22.4207206111,23.5722516811,23.6290994708,23.9904696046,25.2352525085,26.4549750928,26.2629615263,26.4113224849,25.3540078174,24.9392168044,24.1281656708,24.3994736714,24.5864079887,27.0460483982,27.6095263187,28.7514537535,29.6787263669,29.5749360183,29.2630555113,30.2052867021,30.2901767592,28.7453730134
118,2025-04-29T00:00:00,30.326888868,28.3012379391,28.3260872975,28.4314961537,28.4756434539,28.9499608458,29.1325665049,28.2420861254,26.6047635678,27.0745164376,26.8266658514,26.6514302846,26.9544576121,26.9544576121,25.7141565027,26.0533855464,25.9806997845,24.9965948543,25.2832015692,25.2832015692,24.8996980004,24.9828862558,25.1551915425,24.7662229789,24.8420734273,25.0973627138,25.3697845242,27.466583323,31.9676211945,32.1456686913,33.9539799218,34.072532934,34.090362211,35.69933745,36.0301993033,34.8175930056,34.2346017161,33.5559931995,31.1646823544,30.8134745485,29.5543574422,28.4323816024,29.1931643109,29.5947047293,28.6289932354,29.3865429883,30.6325846145,30.9141219298,33.5085161753,37.4315088833,39.8792640896,41.3240975529,44.1202627977,46.4063923967,48.7067197955,54.4123896573,63.1427811044,68.6722602903,74.6364177703,79.011103904,75.4558317123,72.1509118615,72.3803058504,71.9670674343,73.0336345456,80.628216682,89.7991205536,94.0239921685,99.4992291306,100.367407858,98.1739833925,94.7376933423,85.2679188684,86.5141991275,89.4598703185,92.5491839701,88.8624520731,88.6847455203,84.9582204928,83.6276835455,80.128247164,76.4852580546,72.0618874318,66.0466269189,65.1273709872,62.8133747421,61.5304381556,59.4378281436,57.3469964108,53.659728042,49.2434642468,47.7866131732,44.8949543212,40.1995533829,34.0927988591,31.0750449884,26.7192283793,24.9514814318,25.6236286371,25.6236286371,25.6236286371,28.4689467653,30.1695316334,31.1276507772,33.085798004,33.0604089498,33.2247509252,33.0288679826,32.1405477224,30.6435436924,30.2573571708,30.2573571708,27.9725801107,25.4085526041,23.9302733841,24.0621294501,23.6737456101,24.0614267166,24.4545963193,23.9595812398,22.9216743028,22.6161024992,22.4207206111,23.6516562016,23.6534797795,24.1278895415,25.2352525085,26.4549750928,26.1442929285,26.3099184042,25.2504204006,24.6952776559,24.0583104542,24.3366121063,24.5649768713,26.9839345629,27.3581475821,28.7251874928,29.587413789,29.4978205388,29.0977174062,29.8161523205,29.9682744827,28.4079236137
119,2025-04-30T00:00:00,30.2389746658,28.2546735282,28.2891916388,28.3873465432,28.4314961537,28.8369602804,28.9499608458,28.0494618635,26.2885800978,27.017985842,26.6047635678,26.558376235,26.8618823968,26.8618823968,25.6235793836,25.9806997845,25.7141565027,24.6460839937,25.1785143822,25.1785143822,24.7808794197,24.9609590189,25.0760171047,24.6003136051,24.6118653693,24.8648765228,25.2143296509,27.3531409295,31.206013827,32.1082313933,33.8162456259,34.0633454741,34.0633454741,35.6233496719,35.6991158679,34.8044915639,34.1300444223,33.5469164619,31.149916674,30.5111650187,29.0609315978,28.2249380059,28.7647809099,29.1931643109,28.4405888547,29.145934803,30.4588356049,30.6325846145,32.5601128127,37.2824446816,39.7590632449,40.9479764984,43.9491151671,46.1730318533,48.4040128652,54.1836267939,62.9977014548,68.1650448015,74.5366786279,78.7832450589,75.1745649452,71.9218270295,71.9670674343,71.3823808465,72.3803058504,80.1587369359,89.4650644037,93.6498184163,99.402024525,99.4992291306,96.9079691836,93.7970374806,84.3536027619,85.2679188684,87.9748830477,91.8254917239,87.9405911734,88.3591432532,84.7389142836,82.9622490614,78.9709982254,76.4427543287,71.6658927836,65.5132570827,64.7227849885,62.6219562433,61.2877697033,59.4378281436,57.5548732252,54.618155953,51.2509476407,48.813819439,46.7212965029,42.8592939027,37.0388108682,32.7913303476,27.8980839737,26.0158023489,26.5100019663,26.2781659012,26.5841239833,29.6275243391,30.3344670945,31.0686886723,33.0323944637,33.0323944637,33.2247509252,33.0288679826,32.1405477224,30.6435436924,30.2573571708,29.9799428651,27.5804507397,25.3251068367,23.8445797689,23.9302733841,23.4375096413,23.9236388158,24.3761266357,23.9595812398,23.1329629692,22.7151181348,22.6143274776,23.762931276,23.6534797795,23.9904696046,25.0692181319,26.4113224849,25.9598547203,26.2629615263,25.1815040382,24.5864079887,23.7747859184,24.1253165402,24.3994736714,26.6002225434,27.1295857823,28.1478069033,29.5749360183,29.2441649418,28.9914270912,29.6067245014,29.6607520285,28.3307781165
120,2025-05-01T00:00:00,29.8750078969,28.1406936864,28.2530985286,28.2719247369,28.3873465432,28.6342915526,28.8369602804,27.8714697229,25.8565444372,26.8825317767,26.2885800978,26.2861982193,26.8618823968,26.9544576121,25.7141565027,26.0533855464,25.9806997845,24.6460839937,24.9965948543,25.1262214656,24.6058900279,24.9006991905,24.9828862558,24.5396235308,24.5396235308,24.6164212316,25.0973627138,27.2452843015,30.7846583394,31.9950987752,33.654110673,34.0560068809,34.0560068809,35.1629356439,35.1629356439,34.7705771794,34.0819836736,33.4437321935,31.149916674,30.5111650187,29.0609315978,28.2249380059,28.7647809099,28.7647809099,28.2980862865,29.0927159866,30.1765469025,30.5129133,31.9967704957,37.1973614063,39.6392382589,40.4537506746,43.4858352454,45.7362302432,47.9397455251,54.1502240558,61.3755641817,67.7714978183,74.150201048,78.7832450589,75.4558317123,72.6768911182,74.8857211631,74.8857211631,76.5649210586,83.6196840082,91.7723379626,95.8811382956,102.014195378,103.995572001,102.9734197,96.1053914403,87.5946791399,87.9748830477,95.2996399113,97.9099557911,91.8254917239,89.9514556248,84.9582204928,82.9622490614,77.7865519576,76.41937532,71.309563532,65.2380975795,64.6342929658,62.5444962181,60.7122030627,59.299937052,57.3469964108,54.092693957,50.0837575779,48.6635231558,46.3801386826,42.2035440273,36.2215573696,32.4950161309,27.7732223238,25.9115845825,26.2781659012,26.0165563642,26.0678728073,29.1937585925,30.1551212344,31.0397929555,32.9990299891,33.0104186271,33.051038764,33.0101226434,31.8043593205,30.5412837007,29.9799428651,29.6665932335,27.3042194935,25.3251068367,23.9302733841,24.0621294501,23.6737456101,24.0614267166,24.4545963193,23.9595812398,23.1329629692,22.7151181348,22.6625292448,23.8589565666,23.940276162,24.2131572485,25.4070655058,26.4549750928,25.9598547203,25.9880210224,25.021428224,24.4016597494,23.6804553032,24.0712107259,24.3366121063,26.4658322397,27.0460483982,27.9043554537,29.4978205388,29.0977174062,28.9914270912,29.8161523205,30.1203966449,28.8578561466
121,2025-05-02T00:00:00,30.3454652427,28.2891916388,28.2891916388,28.2719247369,28.3873465432,28.4756434539,28.6342915526,27.5940647659,25.6947226216,26.8266658514,25.8565444372,25.8565444372,26.8266658514,26.8618823968,25.6235793836,25.9806997845,25.7141565027,24.6460839937,24.9965948543,25.1262214656,24.7808794197,24.9828862558,25.0760171047,24.6003136051,24.8420734273,25.0973627138,25.2143296509,27.3531409295,30.9493548679,32.1082313933,33.654110673,34.0560068809,34.0560068809,35.1629356439,35.0419839766,34.6243769594,33.8717980071,33.4437321935,31.1646823544,30.9833784626,29.8905577238,29.1830774891,29.6486368232,29.6486368232,28.7647809099,29.5270992208,30.9141219298,30.9795108317,33.5085161753,37.4315088833,39.8792640896,41.3240975529,44.3331956368,46.7328681572,48.7067197955,54.1836267939,62.9977014548,67.7714978183,72.9292825423,76.0902557528,75.1745649452,72.1509118615,73.0336345456,73.0336345456,75.2617336167,83.0622473501,91.1411674971,95.6712910746,100.729966757,103.384420404,100.301492875,95.0515791326,86.5141991275,87.5946791399,94.7376933423,97.1113928013,91.0951079061,88.6847455203,84.7389142836,82.7816269552,77.4897415091,76.0656561518,70.8195628814,65.0598296514,64.5523478129,61.5422094125,59.7680238485,59.299937052,57.3469964108,54.092693957,51.2509476407,48.813819439,46.3801386826,42.8592939027,39.4901668557,32.7913303476,28.1922310555,27.2505273861,27.2768451444,27.0291430725,27.8980839737,30.1551212344,30.476919467,31.5570392617,33.3117298163,33.5747368589,33.9930037135,33.5937854489,33.0101226434,31.0032628631,30.6064948962,30.3219516948,28.3746653184,25.6049637977,24.2727844775,24.4775751388,23.9924457105,25.1911653724,25.1916753355,24.7421055842,23.9595812398,23.762931276,22.9216743028,24.1278895415,24.2131572485,25.2352525085,26.000977589,27.4836171287,26.4113224849,26.4731849152,25.6280074656,25.021428224,24.4016597494,24.5649768713,24.7575609649,27.1295857823,27.7836666196,28.8519041562,30.061370679,29.587413789,29.8161523205,30.7164676425,30.7164676425,29.3410700114
122,2025-05-03T00:00:00,30.2682793999,28.2952147889,28.2891916388,28.2000765408,28.2973853692,28.4314961537,28.4597972198,27.5940647659,25.8565444372,26.8825317767,26.2885800978,25.8565444372,26.7322273207,26.7378095305,25.4049383333,25.7141565027,25.6235793836,24.512533896,24.6460839937,24.9880476965,24.7808794197,24.9828862558,25.0760171047,24.6003136051,24.9609590189,25.2115830424,25.3697845242,27.7091280123,31.9676211945,32.3174127089,33.9539799218,34.072532934,34.090362211,35.6233496719,35.1629356439,34.7705771794,34.1300444223,33.5559931995,31.7247656738,31.4452573314,30.7467662783,29.6743474935,30.493941904,30.4681462675,29.7544097524,29.8619300572,31.9491302042,32.5601128127,36.3862210479,38.7351954828,40.9479764984,43.2652364078,46.986700871,47.9397455251,50.8504418392,54.9300745763,63.1427811044,68.6722602903,74.6364177703,79.3999496595,79.1922900891,75.4558317123,76.5649210586,76.5649210586,78.1261104667,87.0608457622,94.0239921685,99.402024525,104.193152509,105.252075118,104.459841734,101.320951546,94.7376933423,95.5264177577,98.1866297389,101.045568983,93.2995320011,91.8589293541,86.9002072685,84.6497492057,80.835369138,76.6996473645,72.3302144831,68.2395937331,65.5132570827,63.6266386309,62.4773905472,61.2877697033,59.299937052,56.9509790294,54.7997643362,49.5893916274,47.7464165647,43.6662358876,40.3712985018,35.4277152882,29.64484968,28.2036368996,29.2554519731,29.2554519731,30.1137738982,30.4265251434,31.3638292673,32.1277030288,33.9930037135,33.9930037135,34.7567222874,34.4531049253,33.5937854489,31.264320689,31.0215116509,30.6064948962,28.8029040151,26.0789407835,24.7816042532,25.40407719,24.4775751388,25.5109650561,25.5109650561,25.2072962545,24.6713142366,24.2059407272,23.762931276,24.6713142366,25.2352525085,25.8396837488,26.3099184042,27.970839724,27.3909044286,27.8705793063,26.3195492106,25.601470242,25.021428224,25.3545782961,25.92260121,27.9043554537,28.7888722643,29.5749360183,30.6397321171,30.5344929414,30.7164676425,31.2807070584,31.1997963113,29.9682744827
123,2025-05-04T00:00:00,30.1803651977,28.3012379391,28.2891916388,28.2000765408,28.2973853692,28.4756434539,28.6342915526,28.0494618635,26.6047635678,27.0745164376,26.6047635678,25.8565444372,26.6514302846,26.6514302846,25.3018133601,25.6235793836,25.4049383333,24.4965826377,24.5106228465,24.8996980004,24.6058900279,24.9828862558,25.0760171047,24.6003136051,24.9609590189,25.2115830424,25.2143296509,27.466583323,31.206013827,32.1456686913,33.8162456259,34.0633454741,34.0633454741,35.1629356439,35.0419839766,34.6243769594,34.0819836736,33.5469164619,31.4452573314,31.2278550885,30.7467662783,30.0366027257,30.7467662783,30.9504159075,30.1723053075,30.1765469025,32.1011081764,33.5085161753,36.3862210479,38.2650139047,40.4537506746,43.0367405178,46.2978416124,47.3931868603,49.4524739841,54.3565617391,62.9977014548,68.1650448015,74.5366786279,79.1922900891,79.011103904,74.934245687,75.4558317123,75.4558317123,77.3526145666,85.8101241399,93.3200171983,98.1214145942,104.193152509,105.568991361,105.568991361,104.507948825,102.072849086,101.045568983,101.045568983,101.320951546,94.1884435043,91.8589293541,87.4285779004,84.6779863562,80.835369138,77.2435449959,72.4324562523,68.2395937331,65.5132570827,63.6266386309,61.5304381556,60.7122030627,59.299937052,58.0895364691,56.4191680299,49.8463354777,47.7866131732,44.8949543212,41.6829425444,36.2215573696,31.330881597,29.64484968,29.7646646822,29.4979393687,30.1551212344,30.5580759531,31.8944754698,32.4994633528,34.1879612502,34.1039770978,34.7567222874,34.4531049253,33.665056317,31.5143391043,31.2351580095,31.2019685438,29.5334187382,26.5448744307,25.4290478546,25.5300241117,25.4290478546,25.8166695181,25.7014210283,25.6047995975,25.1650985225,25.0658564499,23.9628204628,25.3794678403,25.6035784592,26.1428561223,26.7289460748,28.8140008907,27.970839724,28.636334861,27.1180567754,25.812092062,25.2504204006,25.8042976577,26.1701698019,28.0689320672,28.9333461174,29.5873861306,31.6046931684,31.0771140002,31.1975846443,31.7179562277,31.4292585504,30.1203966449
124,2025-05-05T00:00:00,30.5296323298,28.4333338163,28.3873465432,28.2719247369,28.2973853692,28.4314961537,28.4597972198,27.8714697229,26.2885800978,27.017985842,26.2885800978,25.6947226216,26.558376235,26.558376235,25.1389395244,25.4049383333,25.3018133601,24.512533896,24.6394548139,24.9291243244,24.7808794197,24.9609590189,24.9828862558,24.5396235308,24.8420734273,25.0973627138,25.0973627138,27.3531409295,30.9493548679,32.1456686913,33.8162456259,34.0633454741,34.0633454741,35.1629356439,34.8636027483,34.2188506354,33.8717980071,33.4437321935,31.2278550885,31.1646823544,30.493941904,29.6743474935,30.493941904,30.7467662783,29.9768744337,29.9768744337,31.9491302042,32.5601128127,35.5073689059,38.0629240416,40.1803124863,42.3985460081,45.6223892986,47.0270600734,48.7067197955,54.1836267939,61.3755641817,67.7714978183,74.150201048,79.011103904,77.0307198529,74.2199756166,74.989004702,74.989004702,76.7671062028,85.8101241399,94.0239921685,98.1214145942,104.193152509,105.568991361,105.568991361,103.180765806,101.954067654,101.045568983,101.320951546,102.337196742,98.8996267786,93.7282088196,89.4764765863,85.8011902608,82.5557337808,77.9751255014,72.4324562523,66.0466269189,65.1273709872,62.8133747421,61.2877697033,59.7680238485,58.6247818915,56.9509790294,54.7997643362,49.5893916274,47.7751096505,44.4216274834,40.904068224,36.1464534158,30.8132177078,29.2554519731,29.5103980366,29.2554519731,30.1137738982,30.4265251434,31.8944754698,32.698517308,34.6472053508,34.9050398142,34.9837352538,34.7567222874,34.1039770978,31.6647478948,31.4550716453,31.3278360622,30.2573571708,27.1471522214,26.1314904248,25.8166695181,25.6047995975,26.4870015736,26.3434341466,26.0854768075,25.4734014386,25.3324253085,24.2131572485,25.8396837488,26.000977589,26.4937024446,27.6978403989,29.3827238951,28.6417147982,29.2169062276,28.269673458,26.7890492051,25.8042976577,26.1701698019,26.7764036787,28.464875596,29.2133883756,29.6123630154,31.6046931684,31.0771140002,31.1975846443,31.7179562277,31.5035342964,30.2901767592
125,2025-05-06T00:00:00,30.6394939183,28.4473423878,28.3873465432,28.2719247369,28.2519461967,28.3873465432,28.3082907194,27.5940647659,25.8565444372,26.8825317767,26.2885800978,25.8565444372,26.6514302846,26.6514302846,25.3018133601,25.4049383333,25.2837369797,24.4965826377,24.5106228465,24.8930688206,24.6058900279,24.9301255145,24.9609590189,24.4295781093,24.6118653693,24.8648765228,24.8648765228,27.2452843015,30.7659895228,32.1082313933,33.654110673,34.0560068809,34.0560068809,35.0419839766,34.8059322046,34.0819836736,33.7831883287,33.4437321935,31.4452573314,31.4452573314,31.2611208559,30.7467662783,31.5131480701,31.5642909348,30.7467662783,30.9795108317,34.3818985485,34.7642515549,37.0361265806,39.7590632449,42.0050244116,43.889823627,47.496692486,49.4950663735,51.6801319381,55.3729139839,63.6679812807,69.3215859152,75.22363813,80.7929680435,79.3999496595,75.4558317123,75.4558317123,74.989004702,76.5649210586,85.4585469684,93.3200171983,97.4391778598,103.995572001,105.252075118,105.252075118,102.072849086,101.320951546,99.1736556905,101.045568983,102.337196742,99.9145597969,95.2245678861,91.2059977049,86.9002072685,83.6276835455,80.2337326806,72.5986240218,68.2395937331,65.1273709872,62.6219562433,60.7122030627,59.4378281436,58.1637407177,56.425705609,53.7386361895,49.1723892669,47.746297139,43.6662358876,40.3712985018,35.4277152882,30.4209613386,29.2554519731,29.7646646822,29.6275243391,30.3593091477,31.3638292673,32.3996595165,33.2628534335,34.9837352538,35.0577113409,35.1205505886,34.8478605543,34.4531049253,31.8598800093,31.6647478948,31.6647478948,30.5208872061,27.5791058563,26.4296545084,26.3426072224,25.7584826112,26.5956103824,26.5956103824,26.2500942222,25.7808388673,25.4638482856,24.3834286438,25.8396837488,26.000977589,26.7289460748,27.8705793063,29.4849913728,28.8140008907,29.2169062276,28.269673458,27.1180567754,25.8863304444,26.5066166663,27.0460483982,28.464875596,28.9333461174,29.6123630154,31.922993838,31.6046931684,31.6046931684,31.993233732,31.7122256727,30.4599568736
126,2025-05-07T00:00:00,30.4747015356,28.488589649,28.4314961537,28.4314961537,28.3873465432,28.4756434539,28.4597972198,27.5940647659,25.7543552232,26.8266658514,25.8565444372,25.6947226216,26.6514302846,26.6514302846,25.3018133601,25.4049383333,25.2837369797,24.4965826377,24.5106228465,24.8930688206,24.6058900279,24.9301255145,24.9006991905,24.4295781093,24.8420734273,25.2115830424,25.2143296509,27.466583323,30.9493548679,32.1456686913,33.6385859727,33.9521853924,33.9102062145,34.8636027483,34.7705771794,34.057560467,33.7235876735,33.4437321935,31.4452573314,31.4452573314,31.2611208559,30.9921152164,31.7208692135,32.3408060738,31.1682117271,32.0063500478,36.0477703683,36.3862210479,37.4305155481,40.4537506746,43.4199629977,44.3331956368,48.4803252584,51.1402490118,52.1385953863,56.5817875875,65.4845765597,71.8717940236,79.011103904,81.9686510687,80.7929680435,76.5649210586,75.4558317123,74.8857211631,75.2617336167,83.6196840082,92.3470283546,96.816518208,103.384420404,104.459841734,104.459841734,101.320951546,98.6807782161,98.1866297389,99.1736556905,101.954067654,98.8996267786,94.6633908521,90.9745449746,86.7861157337,82.9119250726,80.0068225399,72.4324562523,66.0466269189,64.7227849885,62.5444962181,59.7680238485,59.299937052,57.5548732252,55.6390819601,52.3266548736,49.0175071112,47.3970390196,43.2934387961,40.1061492379,34.0927988591,29.64484968,28.8960447111,29.7646646822,29.7646363145,30.4129430504,31.9594796989,32.6765303711,33.6013313595,35.2689651035,35.2689651035,35.2689651035,34.8632065429,34.6067614248,32.5706443106,32.0847548463,32.0772069233,30.963038957,28.8593103449,26.8514049827,26.5956103824,26.1200463812,26.8741191848,26.8741191848,26.2800780516,26.1695781743,26.1695781743,24.6713142366,26.0078780429,26.2949178089,27.4841396562,28.2241554815,29.576859729,29.1410621289,29.3836073735,29.0802939928,28.2609973013,27.1180567754,27.4757577937,27.633418439,29.3558237047,29.4993737402,30.061370679,32.7938969463,31.6046931684,31.2807070584,31.7457502544,31.6046931684,30.2052867021
127,2025-05-08T00:00:00,30.382617992,28.5298369102,28.4756434539,28.4756434539,28.4314961537,28.6342915526,28.4597972198,27.4499251781,25.6920821805,26.6047635678,25.6947226216,25.5724864428,26.558376235,26.558376235,25.1389395244,25.3018133601,25.1122151866,24.3350273798,24.3331077712,24.7808794197,24.3649946534,24.8930688206,24.7808794197,24.3319453163,24.6118653693,25.0973627138,25.0973627138,27.3531409295,30.7659895228,32.1456686913,33.6385859727,33.9521853924,33.9102062145,34.8636027483,34.6243769594,33.9102062145,33.7036817096,33.1963086966,31.2278550885,31.2278550885,30.9921152164,30.7911217708,31.5131480701,32.0028086454,30.9795108317,31.5642909348,35.4519308437,36.0790622928,37.2824446816,40.1803124863,43.2652364078,44.3331956368,49.037143397,51.6801319381,53.1590546564,57.0164977147,64.8544186701,71.5493726571,78.7832450589,81.5962252694,80.7929680435,76.5649210586,75.4558317123,74.8857211631,75.2617336167,83.0622473501,91.7723379626,95.8811382956,102.014195378,104.120942862,104.120942862,98.6807782161,95.5264177577,97.2672990769,98.1866297389,101.320951546,98.0418985443,93.9858268327,89.9514556248,86.6860486113,82.6510322764,77.9751255014,72.3302144831,65.5132570827,64.6342929658,62.4070917676,60.7122030627,59.7680238485,58.6247818915,56.9509790294,54.4293787074,49.1723892669,47.3970390196,43.6662358876,40.1061492379,34.0927988591,29.64484968,29.2554519731,30.3643577881,30.1610333408,30.7716697041,32.4003498238,33.085798004,34.0139997516,35.5562588441,35.5562588441,35.6720070883,35.1205505886,34.8450677906,32.9208452683,32.5729479126,32.5154273349,31.2019685438,29.2139849191,27.3042194935,26.8872667483,26.3426072224,27.1696164982,27.1696164982,26.3623022281,26.2500942222,26.2800780516,25.1650985225,26.2536132764,26.6561067851,27.7115904018,28.4178608765,29.6996580009,29.2169062276,29.6996580009,29.2169062276,28.7296105267,27.7065551005,28.3391097352,28.3391097352,29.4993737402,29.6123630154,30.5330791217,32.909125787,31.922993838,31.2807070584,31.7179562277,31.3549828044,29.9682744827
128,2025-05-09T00:00:00,30.4197707414,28.5710841714,28.4756434539,28.4756434539,28.4314961537,28.4756434539,28.3082907194,27.4248689983,25.5724864428,26.2885800978,25.5724864428,25.1903472164,26.2956721954,26.2956721954,25.0760158228,25.1135999631,24.9784490214,24.2928383973,24.2694582314,24.6058900279,24.2738004592,24.7808794197,24.4736926797,24.1895136062,24.5396235308,24.8648765228,24.8648765228,27.3531409295,30.9493548679,32.3174127089,33.7265385682,34.0560068809,33.9102062145,34.7739375824,34.355516063,33.8324483573,33.5772423517,33.1348169123,31.1646823544,31.1646823544,30.7911217708,30.7069463086,31.4615279124,31.5642909348,30.9504159075,31.4615279124,35.0502287053,35.4519308437,37.1973614063,39.9986147245,43.0367405178,43.9973507521,48.4803252584,51.6801319381,53.1590546564,57.0164977147,64.3348694398,71.015555769,77.5769779188,80.9703076663,80.3004196,75.4558317123,75.4558317123,74.989004702,76.7671062028,83.6196840082,92.3470283546,95.8811382956,100.729966757,103.995572001,104.120942862,101.320951546,98.6807782161,99.1736556905,101.320951546,102.337196742,98.8996267786,94.6633908521,89.9514556248,85.8011902608,82.5557337808,77.2435449959,72.0618874318,65.8183887572,64.7227849885,62.5444962181,61.4462955541,61.2877697033,59.4378281436,58.1408442025,54.8839729775,49.5893916274,47.746297139,43.6662358876,40.0591008555,33.576213485,29.2554519731,28.8960447111,30.1610333408,30.1137738982,30.492744032,32.2544077612,33.0013725355,33.9656616717,35.4871547733,35.4871547733,35.4871547733,35.0577113409,34.7567222874,32.8149884541,32.5154273349,32.4846597424,30.963038957,28.8593103449,27.0850676358,26.7896036735,26.2036125813,26.8741191848,27.1696164982,26.5952050143,26.2800780516,26.3623022281,25.2072962545,26.2536132764,26.2949178089,27.4841396562,28.2241554815,29.576859729,29.2169062276,29.8326886048,29.3230865728,28.8288115325,28.2609973013,28.3391097352,27.9684506552,29.3558237047,29.5873861306,30.061370679,32.7938969463,31.6046931684,31.1975846443,31.6046931684,31.2020079784,29.7400912395
129,2025-05-10T00:00:00,30.3640416174,28.6123314326,28.6017939132,28.6860763331,28.8369602804,28.9499608458,28.6342915526,27.4499251781,25.6920821805,26.229881332,25.5724864428,25.1903472164,26.239355308,26.2956721954,25.1389395244,25.3018133601,25.1122151866,24.3350273798,24.2694582314,24.3649946534,24.1729495147,24.6058900279,24.3319453163,24.1796013,24.4295781093,24.6164212316,24.6164212316,27.2452843015,30.7659895228,32.1456686913,33.6385859727,33.9521853924,33.8324483573,34.7274772189,34.160273009,33.7831883287,33.4437321935,33.0646123784,31.149916674,30.9833784626,30.7069463086,30.7069463086,31.5131480701,32.0028086454,30.9795108317,31.5642909348,35.0502287053,35.0502287053,37.163262376,39.8792640896,43.0367405178,44.3331956368,49.3500158124,52.289081672,54.1502240558,59.4589688889,64.8544186701,71.015555769,75.8001492629,80.7929680435,79.3999496595,74.934245687,75.4558317123,75.4558317123,77.6271978731,85.8101241399,94.0239921685,96.816518208,100.558062472,103.384420404,103.406208913,98.6807782161,95.5264177577,98.1866297389,101.045568983,101.954067654,98.0418985443,93.9858268327,89.4764765863,84.9582204928,81.5471537881,76.6996473645,71.6658927836,65.5132570827,64.6342929658,62.4070917676,61.2877697033,60.7122030627,59.299937052,58.0895364691,54.4293787074,49.1781380287,47.3970390196,43.6662358876,40.0591008555,33.576213485,29.2554519731,28.8960447111,29.7646646822,30.1137738982,30.7716697041,32.4003498238,33.085798004,33.9973591298,35.3617897168,35.3617897168,35.3617897168,34.9837352538,34.6979764532,32.5706443106,32.0847548463,32.0772069233,30.6064948962,28.6543051354,26.8514049827,26.5956103824,26.0900803354,26.7896036735,26.8741191848,26.3623022281,26.2500942222,26.2800780516,25.2072962545,26.2536132764,26.2949178089,27.4120607322,28.2241554815,29.576859729,29.2169062276,29.8326886048,29.3230865728,28.7296105267,27.7065551005,27.9684506552,27.633418439,28.9612608081,29.4993737402,29.6787263669,31.922993838,31.2718603903,31.0771140002,31.2807070584,31.165808233,29.5020736066
130,2025-05-11T00:00:00,30.297584134,28.4473423878,28.4756434539,28.6017939132,28.6342915526,28.8369602804,28.4597972198,27.4248689983,25.5724864428,25.8565444372,25.1903472164,24.7997843011,25.8589129312,26.0219106972,25.0760158228,25.1135999631,25.1122151866,24.4965826377,24.3331077712,24.6058900279,24.2738004592,24.6058900279,24.3319453163,24.1796013,24.4295781093,24.6164212316,24.8648765228,26.889460264,30.6089469006,32.1082313933,33.6385859727,34.0560068809,33.9102062145,34.7739375824,34.355516063,33.7831883287,33.1902749849,32.9247912245,30.9811152605,30.8134745485,30.493941904,30.493941904,31.4615279124,32.0028086454,31.1682117271,32.4613898033,36.167888858,36.3862210479,37.2824446816,40.1803124863,43.4199629977,45.6223892986,51.6801319381,54.1836267939,54.9300745763,60.7318319698,65.4845765597,71.015555769,75.8001492629,80.9703076663,80.7929680435,77.1479087267,80.7929680435,80.268509661,82.3640002373,87.3554487178,94.0239921685,95.8811382956,99.8170599048,100.367407858,102.9734197,97.8549228068,94.7376933423,97.2672990769,99.1736556905,101.320951546,98.8996267786,96.4043299713,91.6966088384,86.9002072685,83.6276835455,80.2337326806,72.5986240218,68.2395937331,65.1273709872,62.5444962181,61.2877697033,59.7680238485,58.9425790204,58.051654244,53.7386361895,49.1781380287,47.746297139,44.3634092414,40.3712985018,36.1464534158,30.4209613386,29.64484968,30.4265251434,30.3643577881,31.0936147139,32.5534269449,33.085798004,33.9656616717,35.2890103723,35.2890103723,35.3617897168,34.9837352538,34.6979764532,32.8149884541,32.5154273349,32.3842348733,30.963038957,28.8593103449,26.8514049827,26.4870015736,25.836441158,26.5956103824,26.7896036735,26.2800780516,26.1695781743,26.2500942222,25.2072962545,26.3102744921,26.5447140487,27.4841396562,28.6417147982,29.6996580009,29.2169062276,29.8326886048,29.3230865728,28.7296105267,28.0093699684,28.0254488614,27.8934846522,29.3558237047,29.5873861306,30.5330791217,32.909125787,31.922993838,31.1975846443,31.2807070584,31.0475492559,29.3428138914
131,2025-05-12T00:00:00,30.2096699317,28.3913081017,28.4314961537,28.6017939132,28.6342915526,28.8369602804,28.6342915526,27.4499251781,25.5724864428,25.8565444372,25.5724864428,24.7997843011,25.8589129312,26.0219106972,25.1389395244,25.1135999631,25.1122151866,24.4965826377,24.2694582314,24.3649946534,24.1729495147,24.436497383,24.2744204092,24.1518778014,24.338168402,24.6164212316,24.8648765228,26.889460264,30.6089469006,32.1082313933,33.3394776437,33.9521853924,33.8324483573,34.7274772189,34.160273009,33.7235876735,33.0646123784,32.598749082,30.8764370279,30.7574360426,30.4176673846,30.4176673846,31.0520031229,31.5642909348,30.9795108317,32.0063500478,36.0477703683,36.0790622928,37.1973614063,39.9986147245,43.2652364078,44.6295485706,50.9529053318,54.1502240558,54.3565617391,59.764189804,65.4845765597,71.5493726571,78.7832450589,81.9686510687,81.8031123274,79.1922900891,80.9703076663,80.7929680435,83.237720039,88.8255084779,96.7295617797,98.1214145942,101.020857174,103.995572001,104.120942862,98.6807782161,95.5264177577,98.1866297389,99.1736556905,101.045568983,98.0418985443,95.1333974617,91.2059977049,86.7861157337,82.9119250726,80.2337326806,72.7550482038,69.2972603668,68.053949754,64.1378644545,62.3953205107,61.2877697033,59.4378281436,58.0895364691,53.7386361895,49.083003553,47.3970390196,43.6662358876,40.1061492379,35.4277152882,29.64484968,29.2554519731,30.3643577881,30.1610333408,30.7716697041,32.4003498238,33.0013725355,33.7659707502,35.2689651035,35.2689651035,35.2890103723,34.9837352538,34.7567222874,33.0101226434,32.9254576072,32.5729479126,31.2351580095,29.3220719211,27.3042194935,26.5956103824,26.0900803354,26.7896036735,26.7896036735,26.2500942222,26.1695781743,26.2500942222,25.2072962545,26.3102744921,26.5447140487,27.4120607322,28.4178608765,29.576859729,29.1410621289,29.6996580009,29.2169062276,28.4049613556,28.0093699684,28.0254488614,27.8934846522,29.2462339788,29.4993737402,30.061370679,32.909125787,32.7938969463,31.6046931684,31.7179562277,31.2807070584,29.8161523205
132,2025-05-13T00:00:00,29.5957314853,28.3388903557,28.3873465432,28.4756434539,28.4756434539,28.6342915526,28.4597972198,27.4499251781,25.5724864428,25.8565444372,25.5724864428,24.7997843011,25.6947226216,25.8502274913,25.0760158228,25.1135999631,25.2837369797,24.512533896,24.3331077712,24.6058900279,24.1729495147,24.3319453163,24.263888153,23.953660586,24.2759761806,24.5628631683,24.6164212316,26.54071479,30.4764715763,31.9950987752,33.0528210535,33.8846994747,33.7953117507,34.6156016332,34.0819836736,33.579100379,32.9247912245,32.0609191772,30.7977136286,30.5050307772,29.8905577238,30.0366027257,30.7467662783,31.4615279124,30.9504159075,31.5642909348,35.4519308437,35.4519308437,37.163262376,39.8792640896,43.0367405178,44.3331956368,49.9909887722,53.9344821126,54.1836267939,59.4844331665,64.8544186701,71.015555769,77.5769779188,81.5962252694,80.9703076663,77.1479087267,80.7929680435,80.268509661,83.0622473501,88.253489898,96.6649339928,98.1214145942,101.33055889,104.120942862,105.252075118,103.180765806,102.432378988,101.954067654,102.420942665,102.515339411,99.9239659772,96.799368886,91.6966088384,86.7861157337,82.6510322764,80.0068225399,72.5986240218,68.8928014602,66.0350644309,63.6266386309,62.1126168726,60.7122030627,59.299937052,58.051654244,52.3266548736,49.0175071112,47.0991401864,43.2934387961,40.0591008555,34.0927988591,29.2554519731,29.2554519731,30.3643577881,30.3643577881,31.4071588838,33.0013725355,33.3117298163,33.9973591298,35.2890103723,35.2689651035,35.2689651035,34.9061933587,34.7567222874,33.0101226434,32.9254576072,32.5729479126,31.2351580095,29.3220719211,27.8721993825,26.8872667483,26.3426072224,26.8741191848,26.7896036735,26.1695781743,25.7808388673,26.1695781743,25.1650985225,26.2536132764,26.2949178089,27.3838525128,28.2241554815,29.5008136921,29.0802939928,29.5277061056,29.1410621289,28.2609973013,27.6476679905,27.8934846522,27.633418439,28.9415575182,29.3558237047,29.6787263669,32.7938969463,31.922993838,31.2807070584,31.6046931684,31.1997963113,29.5814128176
133,2025-05-14T00:00:00,28.7187809168,28.3012379391,28.3260872975,28.4756434539,28.4756434539,28.6342915526,28.4597972198,27.4499251781,24.99117152,25.6947226216,25.1903472164,24.3219123105,25.4170047724,25.6845473267,24.8710928973,24.8710928973,25.1122151866,24.4965826377,24.2694582314,24.3649946534,24.139321396,24.2744204092,24.1794463125,23.9029563332,24.1796013,24.5396235308,24.5628631683,26.4455478963,30.0131526385,31.9408179921,32.9778088222,33.8057508314,33.7765139472,34.6156016332,34.0819836736,33.579100379,32.9247912245,32.0609191772,30.7574360426,30.124909626,29.637836243,29.6743474935,30.493941904,31.0520601537,30.7467662783,31.4615279124,35.0502287053,35.4519308437,37.163262376,39.7590632449,42.0050244116,43.9973507521,49.3500158124,53.1590546564,54.1502240558,59.4589688889,64.3348694398,70.2432179282,75.8001492629,80.9703076663,80.7929680435,76.5649210586,79.5211363708,79.3919721747,82.3640002373,87.8489419688,95.8672399989,97.4391778598,100.926378318,104.120942862,105.252075118,103.180765806,102.432378988,101.954067654,101.954067654,102.337196742,99.6428824301,96.4043299713,91.2059977049,86.6860486113,82.5557337808,77.9751255014,72.4324562523,68.2395937331,65.5132570827,62.8133747421,61.4462955541,60.1231443865,58.9425790204,56.9416348776,51.5609752293,48.9270202917,47.0066710226,43.0746673504,39.8158690888,33.576213485,28.8960447111,28.8960447111,30.1610333408,30.1610333408,31.0936147139,32.9033267595,33.2628534335,33.9656616717,35.2689651035,35.1205505886,35.1205505886,34.8632065429,34.6979764532,32.9208452683,32.8149884541,32.5729479126,31.3278360622,29.5334187382,27.9459435046,27.2285146983,26.4296545084,26.8741191848,26.7896036735,26.1695781743,25.7808388673,25.7808388673,24.7826910595,26.1704579379,26.2949178089,27.3838525128,28.2241554815,29.5008136921,29.0802939928,29.3836073735,29.0802939928,28.0093699684,27.4757577937,27.633418439,27.4757577937,28.7888722643,29.2462339788,29.6123630154,31.922993838,31.6046931684,31.1975846443,31.2807070584,31.1362434887,29.3433951848
134,2025-05-15T00:00:00,28.679659583,28.2546735282,28.2891916388,28.4314961537,28.4314961537,28.4756434539,28.3082907194,27.4248689983,24.7839301745,25.5724864428,24.9021796876,24.1790769258,25.3018133601,25.6235793836,24.743802402,24.743802402,24.9784490214,24.3350273798,24.1957458809,24.2967007229,24.1411344171,24.3319453163,24.263888153,23.953660586,24.2759761806,24.5396235308,24.5628631683,26.54071479,30.4764715763,31.9950987752,33.0528210535,33.8057508314,33.7235876735,34.355516063,34.0653804872,33.4488854979,32.9247912245,32.598749082,30.7977136286,30.5050307772,29.8905577238,29.6743474935,30.4176673846,30.9504159075,30.5907492661,31.1682117271,34.7642515549,35.0502287053,37.0361265806,39.5227116517,41.3240975529,43.889823627,49.037143397,52.289081672,53.9344821126,57.9082065959,63.6679812807,69.3215859152,75.22363813,80.7929680435,80.3004196,75.4558317123,77.1511184175,77.1511184175,80.628216682,87.3554487178,94.5499787696,96.816518208,100.558062472,103.995572001,104.459841734,102.072849086,101.954067654,101.320951546,101.320951546,101.954067654,98.8996267786,95.1333974617,90.9745449746,85.8011902608,81.5471537881,77.2435449959,72.3302144831,67.1872470592,65.1273709872,62.6219562433,61.2877697033,59.6565994027,58.5420294654,56.425705609,51.4158417092,48.813819439,46.7114528133,42.9672782577,39.6464486703,33.1911261208,28.5896593516,28.2036368996,29.7646646822,30.1137738982,31.0936147139,33.0013725355,33.3117298163,33.9973591298,35.2890103723,35.1205505886,35.0577113409,34.8478605543,34.6067614248,32.9208452683,32.9254576072,32.8149884541,31.4550716453,29.6665932335,28.3033056525,27.2285146983,26.3426072224,26.7896036735,26.5956103824,26.0854768075,25.4734014386,25.4638482856,24.6713142366,26.0078780429,26.1428561223,26.9329924914,28.0806951484,29.4849913728,28.8140008907,29.3302364703,28.7924811418,27.5514615107,27.2446934212,27.633418439,27.633418439,28.9415575182,29.3558237047,29.6787263669,31.7006861846,31.2718603903,31.0771140002,31.1975846443,30.9647788526,29.3416513048
135,2025-05-16T00:00:00,28.5855198029,28.1406936864,28.2530985286,28.3873465432,28.3873465432,28.4314961537,28.2776214133,27.3403958947,24.6395893948,25.5724864428,24.9021796876,24.1790769258,25.3018133601,25.6235793836,24.743802402,24.8710928973,25.1122151866,24.4965826377,24.2694582314,24.2967007229,24.1370415998,24.2744204092,24.1794463125,23.9029563332,24.1796013,24.4295781093,24.5396235308,26.4455478963,30.0131526385,31.9408179921,32.9778088222,33.7265385682,33.7110338582,34.355516063,34.0653804872,33.4488854979,32.9247912245,32.598749082,30.7574360426,30.5050307772,30.4176673846,30.0366027257,30.7467662783,31.5642909348,30.9795108317,31.5642909348,35.4519308437,35.4519308437,37.0361265806,38.7351954828,40.9479764984,43.4786943632,48.4803252584,51.9662833739,53.1590546564,57.0164977147,63.4332051801,68.9902220973,74.8897287834,80.3004196,79.3999496595,74.934245687,76.5649210586,76.5649210586,80.1587369359,86.9561411771,94.0239921685,95.8811382956,99.8170599048,103.384420404,104.120942862,101.361701063,101.320951546,101.045568983,101.045568983,101.320951546,98.0418985443,94.6633908521,89.9514556248,84.9582204928,81.0918711862,76.6996473645,72.0618874318,65.8183887572,64.7227849885,62.5444962181,60.7122030627,59.4378281436,58.5420294654,56.9416348776,51.5609752293,48.9270202917,47.0066710226,43.0746673504,39.8158690888,34.0927988591,29.64484968,29.723435419,30.4265251434,30.3643577881,31.4071588838,33.0013725355,33.2628534335,33.9656616717,35.2689651035,35.0577113409,34.9837352538,34.8450677906,34.501855779,32.8149884541,32.8149884541,32.5729479126,31.3278360622,29.5641776778,27.9459435046,26.8872667483,26.2036125813,26.5956103824,26.4448997561,25.8166695181,25.3348135967,25.3324253085,24.59156377,25.9609984642,26.000977589,26.6175533384,27.970839724,29.3827238951,28.6417147982,29.3230865728,28.4396659824,27.2446934212,27.1180567754,27.4757577937,27.4757577937,28.7888722643,29.2462339788,29.6123630154,31.6018082964,31.0771140002,30.7164676425,31.0771140002,30.6336972392,29.2943095336
136,2025-05-17T00:00:00,28.6666191384,28.2891916388,28.2891916388,28.4314961537,28.4314961537,28.4314961537,28.2519461967,27.3403958947,24.6395893948,25.5724864428,24.9342536875,24.1790769258,25.1389395244,25.4049383333,24.743802402,24.743802402,24.9784490214,24.3350273798,24.1957458809,24.2694582314,24.0147143215,24.263888153,24.1518778014,23.8289978636,23.9552847854,24.338168402,24.5396235308,26.54071479,30.6089469006,32.1456686913,33.3394776437,33.8846994747,33.7235876735,34.355516063,34.0633454741,33.191563311,32.1347642673,32.0609191772,30.5050307772,30.124909626,29.8905577238,29.6743474935,30.493941904,31.4615279124,30.9504159075,31.4615279124,35.0502287053,35.0502287053,36.9106989664,38.2650139047,40.4537506746,43.2652364078,47.496692486,51.6801319381,52.1385953863,56.5817875875,63.1427811044,68.6722602903,74.6364177703,79.3999496595,79.1922900891,74.2199756166,75.4558317123,75.4558317123,78.1436950904,85.8101241399,93.3200171983,95.6712910746,99.4992291306,101.636279954,103.406208913,101.195330517,98.6807782161,99.1736556905,99.1736556905,101.045568983,97.6810853235,93.9858268327,89.4764765863,84.7389142836,80.783556689,76.4852580546,71.6658927836,65.5132570827,64.6342929658,62.4070917676,60.1231443865,59.299937052,58.1637407177,56.425705609,51.4158417092,48.813819439,46.7114528133,42.9672782577,39.6464486703,33.576213485,29.2554519731,29.4883042279,30.3643577881,30.1610333408,31.0936147139,32.9033267595,33.085798004,33.7659707502,35.1205505886,34.9837352538,34.9622711571,34.7567222874,34.4531049253,32.5706443106,32.5729479126,32.5154273349,31.2351580095,29.5231253705,27.8721993825,26.7896036735,26.0900803354,26.4870015736,26.3434341466,25.7014210283,25.2072962545,25.2072962545,24.3834286438,25.878090558,25.9609984642,26.6175533384,28.0806951484,29.4849913728,28.8140008907,29.3302364703,28.4396659824,27.1180567754,26.7890492051,27.2446934212,27.2446934212,28.7888722643,29.3558237047,29.6787263669,31.7006861846,31.6046931684,31.2689218137,31.5306690635,31.2689218137,29.8161523205
137,2025-05-18T00:00:00,28.6927000276,28.2952147889,28.2891916388,28.4314961537,28.3873465432,28.3873465432,28.2357209673,27.2063004412,24.6074928529,24.99117152,24.8604042635,24.1790769258,25.1389395244,25.4049383333,24.743802402,24.743802402,24.8482849195,24.2928383973,24.1957458809,24.2967007229,24.1411344171,24.3319453163,24.263888153,23.9029563332,23.9552847854,24.2759761806,24.3642984653,26.4455478963,30.6089469006,32.1456686913,33.3394776437,33.8846994747,33.7235876735,34.1161500305,34.0560068809,32.941965251,31.7055175354,31.541728565,30.4271280365,30.0361358682,29.637836243,29.5947047293,30.4176673846,31.0520601537,30.7467662783,31.1682117271,34.7642515549,34.7642515549,36.7596697602,38.0629240416,40.1803124863,43.0367405178,47.120986791,51.1402490118,51.6801319381,56.1686096793,62.9977014548,68.1650448015,74.5366786279,79.1922900891,79.1922900891,74.2199756166,75.4558317123,75.4558317123,78.0236616035,85.8101241399,94.0239921685,96.816518208,100.926378318,104.459841734,105.568991361,104.507948825,102.432378988,101.320951546,101.045568983,101.045568983,97.6810853235,94.6633908521,90.9745449746,86.6860486113,82.6510322764,80.0068225399,72.5986240218,68.8928014602,65.5132570827,62.8133747421,61.4462955541,60.1231443865,59.299937052,58.0895364691,52.3266548736,48.9270202917,46.7114528133,42.8592939027,39.4901668557,33.1911261208,28.8960447111,29.2554519731,30.3643577881,30.3643577881,31.4071588838,33.0013725355,33.2628534335,33.7659707502,35.0577113409,34.9622711571,34.9050398142,34.6979764532,34.3279832596,32.5706443106,32.5729479126,32.5154273349,31.2351580095,29.5231253705,27.5791058563,26.5956103824,25.836441158,26.4296545084,26.2612023143,25.6733266079,25.1650985225,25.1650985225,24.2131572485,25.8396837488,25.878090558,26.4937024446,27.970839724,29.3827238951,28.6417147982,29.3230865728,28.269673458,26.7890492051,26.2213850175,27.0674746697,27.2446934212,28.7888722643,29.3558237047,29.6787263669,31.7006861846,31.5306690635,31.1975846443,31.2689218137,31.1997963113,29.5814128176
138,2025-05-19T00:00:00,28.6535786938,28.2261785677,28.2530985286,28.3873465432,28.2973853692,28.2973853692,28.197611523,27.1428532935,24.6074928529,24.99117152,24.8604042635,24.3219123105,25.3018133601,25.6235793836,24.8356523634,24.8710928973,24.8482849195,24.2014709469,24.1468335086,24.2694582314,24.1411344171,24.3319453163,24.263888153,23.9029563332,23.9552847854,24.1796013,24.2181136233,26.2842844425,30.4764715763,32.1082313933,33.1330398714,33.8057508314,33.7110338582,34.1088691175,34.0560068809,32.941965251,31.7055175354,31.541728565,30.1208258799,30.0361358682,29.637836243,29.5947047293,30.4176673846,31.4615279124,30.9504159075,31.5642909348,36.0477703683,36.3862210479,37.1973614063,39.7590632449,42.0050244116,43.889823627,48.4803252584,51.6801319381,51.6801319381,55.3729139839,61.7071359582,67.7714978183,74.150201048,79.011103904,79.011103904,72.6768911182,74.989004702,74.989004702,77.6271978731,85.4585469684,93.3200171983,95.8811382956,100.558062472,104.459841734,106.513054902,106.513054902,104.430736946,102.889171092,102.857176018,102.515339411,99.6428824301,96.4043299713,91.2059977049,86.6860486113,82.5557337808,77.9751255014,72.4324562523,68.2395937331,65.1273709872,62.6219562433,61.2877697033,59.6565994027,58.9425790204,58.051654244,51.5609752293,48.813819439,46.3801386826,42.2035440273,37.0388108682,32.7913303476,28.5896593516,28.8960447111,30.1610333408,30.1610333408,31.0936147139,32.9033267595,33.085798004,33.6013313595,34.9837352538,34.9050398142,34.8541193793,34.6067614248,34.286675407,32.0847548463,32.5154273349,32.4846597424,31.2019685438,29.3220719211,27.3042194935,26.4870015736,25.7584826112,26.3434341466,26.1044260859,25.6047995975,25.1394732393,25.0658564499,24.1278895415,25.8313043064,25.8396837488,26.4164518673,27.8705793063,29.2237827191,28.4178608765,29.2169062276,28.0093699684,26.5021720741,25.9537788273,26.7764036787,27.1072351471,28.7567675513,29.2462339788,29.6123630154,31.6018082964,31.2600751456,31.0771140002,31.1975846443,31.1362434887,29.3433951848
139,2025-05-20T00:00:00,28.4494020211,28.1388531247,28.2000765408,28.2719247369,28.2519461967,28.2519461967,28.0405507569,27.0453808534,24.2532070759,24.6567032921,24.6564134708,24.1790769258,25.1389395244,25.4049383333,24.743802402,24.743802402,24.5630841274,24.1450204876,24.1370415998,24.1957458809,24.1370415998,24.2744204092,24.1794463125,23.8289978636,23.8293868633,23.9887869197,23.9955479811,26.163962475,30.0131526385,31.9950987752,33.0187741951,33.7265385682,33.4818688677,34.0653804872,33.9102062145,32.7217846857,31.5917941138,31.3994980543,30.0361358682,29.8150844319,29.5543574422,29.5512343321,30.2393309124,31.0520601537,30.7467662783,31.4615279124,35.4519308437,36.0790622928,37.163262376,39.5227116517,41.3240975529,43.4786943632,47.496692486,51.1402490118,51.1402490118,55.1617076272,61.0578086841,66.0355985463,72.9292825423,78.7832450589,77.0307198529,72.6768911182,74.989004702,74.989004702,77.6271978731,85.4585469684,92.3470283546,95.6712910746,99.8170599048,104.120942862,105.568991361,105.568991361,103.878995533,102.857176018,102.420942665,102.337196742,98.8996267786,95.1333974617,90.9745449746,85.8011902608,81.5471537881,77.2435449959,72.3302144831,67.1872470592,64.7227849885,62.5444962181,60.7122030627,59.4378281436,58.5420294654,56.9416348776,51.4158417092,48.6635231558,46.0886843962,41.641609456,36.2215573696,32.4950161309,28.1922310555,28.2036368996,29.7646646822,30.1137738982,30.7716697041,32.5534269449,33.0013725355,33.5084802438,34.9622711571,34.9050398142,34.8541193793,34.6067614248,34.286675407,32.0847548463,32.3917827963,32.3842348733,30.963038957,29.2139849191,27.0850676358,26.4296545084,25.6863562761,26.1202531123,25.8166695181,25.5228543369,25.1394732393,25.1650985225,24.2131572485,25.8396837488,25.878090558,26.4164518673,27.8705793063,29.2237827191,28.4178608765,29.2169062276,28.0093699684,26.0265985371,25.8863304444,26.5066166663,27.0460483982,28.7485176979,29.1936850857,29.5873861306,31.5306690635,31.0771140002,30.7164676425,31.1975846443,31.165808233,29.5020736066
140,2025-05-21T00:00:00,28.3072610892,28.1314908779,28.1502950324,28.2000765408,28.2000765408,28.2357209673,27.6852672248,27.017985842,24.1232877936,24.6074928529,24.2985180839,24.0743234406,25.0760158228,25.3018133601,24.5436732558,24.5436732558,24.4965826377,24.0830005825,24.0147143215,24.1559526936,24.0147143215,24.263888153,24.1518778014,23.783801218,23.783801218,23.8109581188,23.8109581188,25.9612172449,29.6756905411,31.9408179921,32.9778088222,33.6385859727,33.3002983674,34.0633454741,33.8324483573,32.0916780781,31.46840919,31.2278550885,29.8150844319,29.637836243,29.0609315978,29.5002708946,29.9936308349,30.9504159075,30.5907492661,31.1682117271,35.0502287053,35.4519308437,37.0361265806,39.5227116517,42.0050244116,43.889823627,47.496692486,51.1402490118,51.1402490118,54.9340092739,60.9739481225,64.8881241852,72.2140097175,76.0902557528,75.4558317123,72.2007008793,74.8857211631,74.8857211631,77.3526145666,84.8797800746,91.7723379626,94.5499787696,99.8170599048,104.459841734,108.331876732,108.480803954,108.480803954,104.430736946,104.035922318,104.035922318,102.105474887,97.182944361,92.4780690125,87.4285779004,83.6276835455,80.835369138,73.424247009,69.4291038822,66.0350644309,62.8133747421,61.4462955541,59.6565994027,58.5420294654,56.9416348776,52.3266548736,48.9270202917,46.7114528133,42.9665453142,39.4901668557,32.7913303476,28.1922310555,27.8980839737,29.5889837756,29.7646363145,30.492744032,32.4003498238,32.9033267595,33.3117298163,34.944396396,34.6472053508,34.7567222874,34.501855779,34.1010381778,31.8598800093,32.0539876867,32.3842348733,30.963038957,29.2139849191,27.0850676358,26.4296545084,25.6047995975,25.836441158,25.7014210283,25.4370062812,25.0604264366,25.0658564499,24.1278895415,25.8313043064,25.8396837488,26.2859048449,27.6978403989,29.1410621289,28.269673458,29.1410621289,27.870659132,25.9181637981,25.8042976577,26.1701698019,26.7764036787,28.464875596,28.9333461174,29.5749360183,31.1418161685,30.6453873958,30.5626169924,31.0771140002,31.0475492559,29.6607520285
141,2025-05-22T00:00:00,28.2891916388,27.5911198958,28.1333314396,28.1502950324,28.1502950324,28.197611523,27.5475141414,26.9184903125,24.0977023464,24.2985180839,24.1346155456,23.9609683218,24.9279187972,25.1389395244,24.5436732558,24.743802402,24.5630841274,24.1450204876,24.1370415998,24.1559526936,23.9204590287,24.1794463125,24.1411344171,23.7478373593,23.7478373593,23.7478373593,23.7478373593,25.7473013699,29.3394626736,31.758913418,32.8599402421,33.4637618938,33.0528210535,34.0560068809,33.7831883287,31.7717896056,31.3994980543,31.1646823544,29.5849965154,29.5543574422,28.7342444371,29.1728583352,29.840106107,30.7467662783,30.4418692251,30.9795108317,34.7642515549,35.0502287053,36.9106989664,38.7351954828,41.3240975529,43.4786943632,47.120986791,50.0378246921,50.8504418392,54.9340092739,61.0578086841,67.7714978183,74.150201048,78.7832450589,78.6927015857,74.2199756166,75.4558317123,75.4558317123,78.0236616035,85.4585469684,91.7723379626,94.0239921685,99.4992291306,104.120942862,106.513054902,108.331876732,106.049477138,103.878995533,103.082062149,103.063728524,101.2192292,96.9507286228,91.8589293541,86.9002072685,82.9119250726,80.2337326806,72.7550482038,69.2972603668,65.5132570827,62.6219562433,61.2877697033,59.4378281436,58.1637407177,56.9416348776,53.7386361895,49.083003553,47.3970390196,43.2934387961,39.8158690888,33.1911261208,28.1922310555,27.7732223238,29.5064876938,29.6275243391,30.4265251434,32.2544077612,32.6765303711,33.2628534335,34.9008595101,34.355995189,34.615937143,34.4531049253,34.1010381778,31.8598800093,32.0539876867,32.3842348733,30.963038957,28.8593103449,26.8514049827,26.3426072224,25.5410522685,25.7584826112,25.6733266079,25.3348135967,24.7588568488,24.7588568488,24.0244573322,25.8313043064,25.8396837488,26.2859048449,27.6978403989,29.0802939928,28.0920746425,29.0802939928,27.6957502889,25.812092062,25.6795891676,25.9537788273,26.5483398223,28.3391097352,28.7888722643,29.4978205388,31.1418161685,31.0771140002,31.0583780943,31.1975846443,31.1975846443,29.9540840887
142,2025-05-23T00:00:00,28.2224974443,27.3009342671,27.5911198958,28.1333314396,27.5671747537,28.1502950324,27.4499251781,26.7254987997,24.0977023464,24.215557966,24.0632080956,23.7514207862,24.8356523634,25.0760158228,24.4965826377,24.5436732558,24.4965826377,24.0830005825,24.0147143215,24.1411344171,23.9029563332,24.1518778014,24.1411344171,23.7478373593,23.7478373593,23.7478373593,23.7478373593,25.6403874242,29.269105147,31.1622550323,32.8141062166,33.4637618938,33.3002983674,34.0633454741,33.8324483573,32.0916780781,31.3994980543,31.149916674,29.5849965154,29.637836243,29.0609315978,29.5002708946,29.9936308349,30.7467662783,30.2393309124,30.6416723666,34.3818985485,34.7642515549,36.7596697602,38.2650139047,40.9479764984,43.2652364078,46.986700871,49.2493196974,50.5514956878,54.8752303325,60.9739481225,67.7714978183,74.5366786279,79.011103904,79.011103904,74.934245687,75.4558317123,74.989004702,77.6271978731,84.8797800746,91.1411674971,93.6498184163,99.402024525,103.995572001,105.568991361,106.513054902,105.135655964,103.082062149,102.889171092,102.857176018,99.9239659772,96.799368886,91.6966088384,86.7861157337,82.6510322764,80.0068225399,72.5986240218,68.8928014602,65.1273709872,62.5444962181,60.7122030627,59.299937052,58.051654244,56.425705609,52.3266548736,49.0175071112,47.0991401864,43.0746673504,39.6464486703,32.7913303476,28.8960447111,28.2036368996,29.5889837756,30.1137738982,30.492744032,32.1110111745,32.502224582,33.085798004,34.6472053508,34.286675407,34.615937143,34.501855779,34.3279832596,32.5706443106,32.5154273349,32.4846597424,30.963038957,28.6543051354,26.7896036735,26.2036125813,25.5109650561,25.6863562761,25.6047995975,25.2072962545,24.7588568488,24.7588568488,24.0244573322,25.8313043064,25.8396837488,26.2512109118,27.6575345885,28.8140008907,27.970839724,28.7924811418,27.2857545987,25.6795891676,25.3669032429,25.8863304444,26.4658322397,28.0689320672,28.7514537535,29.3558237047,30.6397321171,30.6453873958,30.7164676425,31.1204293538,31.1391652597,29.8435400656
143,2025-05-24T00:00:00,28.2831684886,27.3526318948,27.5911198958,28.1333314396,28.1502950324,28.1502950324,27.4499251781,26.7254987997,24.1232877936,24.2985180839,24.0632080956,23.7514207862,24.9279187972,25.1389395244,24.4965826377,24.5436732558,24.5630841274,24.1450204876,24.1468335086,24.2694582314,24.1370415998,24.263888153,24.1518778014,23.783801218,23.7478373593,23.7478373593,23.8109581188,25.9612172449,29.269105147,31.1622550323,32.8141062166,33.6385859727,33.3002983674,34.0633454741,33.8324483573,32.0916780781,31.2717483749,30.9811152605,29.0609315978,29.5543574422,28.8045388663,29.1728583352,29.840106107,30.4681462675,30.1293334168,30.4588356049,33.2883956122,34.3818985485,36.3862210479,38.0629240416,40.4537506746,43.0367405178,46.2978416124,48.5057404458,49.9311438623,54.3565617391,60.7318319698,66.0355985463,74.150201048,78.7832450589,78.6927015857,74.2199756166,74.989004702,74.8857211631,77.3526145666,83.4802101345,90.5329023728,93.2418633664,98.1214145942,103.384420404,105.252075118,105.568991361,104.430736946,102.889171092,102.857176018,102.857176018,101.2192292,96.9507286228,91.8589293541,86.9002072685,82.6510322764,77.9751255014,72.4324562523,68.2395937331,64.7227849885,62.4070917676,60.7122030627,59.4378281436,58.1637407177,56.425705609,52.3266548736,49.1166332635,47.3970390196,43.2934387961,40.0591008555,34.0927988591,29.64484968,28.8960447111,29.7646646822,30.1137738982,30.4265251434,31.9594796989,32.4686874963,33.0013725355,34.355995189,34.1010381778,34.355995189,34.4531049253,34.286675407,32.5706443106,32.5154273349,32.4846597424,30.963038957,28.6543051354,26.7896036735,26.2036125813,25.5109650561,25.6047995975,25.5410522685,25.1650985225,24.6713142366,24.6713142366,23.9628204628,25.6026323063,25.8313043064,26.1428561223,27.4836171287,28.6417147982,27.8705793063,28.636334861,27.2857545987,25.812092062,25.6795891676,25.9537788273,26.7764036787,28.3391097352,28.7514537535,29.3558237047,30.6397321171,30.5344929414,30.5626169924,31.1204293538,31.1579011655,29.9125059496
144,2025-05-25T00:00:00,28.1921619222,27.1621952561,27.2697104502,28.1333314396,28.2000765408,28.197611523,27.5475141414,26.9184903125,24.1232877936,24.215557966,23.9609683218,23.7514207862,24.9451137373,25.1389395244,24.743802402,24.842500117,24.842500117,24.1450204876,24.1370415998,24.1957458809,24.0147143215,24.263888153,24.1518778014,23.783801218,23.7478373593,23.8109581188,23.9955479811,26.163962475,29.3394626736,31.1622550323,32.7893453674,33.4637618938,33.0528210535,34.0560068809,33.7831883287,31.7717896056,31.1985071629,30.8764370279,28.8733745941,29.0609315978,28.7001597488,28.8350753391,29.6486368232,30.2393309124,29.9768744337,30.4588356049,34.3818985485,34.7642515549,36.9106989664,39.5227116517,41.3240975529,43.4786943632,47.3063273215,51.1402490118,51.6801319381,55.1617076272,61.0578086841,67.7714978183,74.150201048,78.6468604053,76.9622428042,72.6768911182,74.8857211631,73.0336345456,76.7671062028,83.0622473501,89.7991205536,92.3470283546,97.4391778598,101.636279954,104.459841734,104.507948825,103.878995533,102.857176018,102.420942665,102.515339411,99.9239659772,96.799368886,91.6966088384,86.7861157337,82.5557337808,77.2435449959,72.3302144831,67.1872470592,64.7227849885,62.5444962181,61.4462955541,60.1231443865,58.9425790204,56.9416348776,52.3266548736,49.083003553,47.0991401864,43.0746673504,39.8158690888,33.576213485,29.2554519731,28.2036368996,29.5889837756,29.7646363145,30.4129430504,31.9225762345,32.3996595165,32.698517308,34.286675407,33.9930037135,34.286675407,34.3279832596,34.1010381778,32.0847548463,32.3917827963,32.3842348733,30.963038957,28.8593103449,26.8514049827,26.3426072224,25.5410522685,25.6047995975,25.5109650561,25.1394732393,24.6074701536,24.6074701536,23.9389763953,25.4353101825,25.6026323063,26.000977589,27.3909044286,28.4178608765,27.6957502889,28.4178608765,27.1180567754,25.6795891676,25.3669032429,25.8863304444,26.5483398223,28.0689320672,28.464875596,29.2133883756,30.5330791217,30.5344929414,30.7164676425,31.1975846443,31.2042196454,30.2901767592
145,2025-05-26T00:00:00,27.9963981324,27.020820234,27.2026574644,27.5911198958,28.1502950324,28.1502950324,27.4499251781,26.7254987997,24.0977023464,24.1331819107,23.9322025341,23.5797688647,24.8993260169,25.0760158228,24.5436732558,24.743802402,24.5630841274,24.0830005825,24.0147143215,24.1559526936,23.9204590287,24.1794463125,24.1411344171,23.7478373593,23.6955453815,23.7478373593,23.8109581188,25.9612172449,29.269105147,30.7875882798,32.3174127089,33.3002983674,32.9778088222,33.9102062145,33.7831883287,31.7717896056,31.1985071629,30.8764370279,29.0609315978,29.0609315978,28.7001597488,28.8350753391,29.6486368232,30.1293334168,29.840106107,30.2435725073,33.2883956122,34.3818985485,36.7596697602,38.7351954828,41.3240975529,43.889823627,47.5923073697,51.6801319381,52.0075729905,55.1617076272,60.9739481225,66.0355985463,72.9292825423,76.0676198845,75.4558317123,72.2007008793,73.0336345456,72.3803058504,76.5649210586,82.3640002373,89.4650644037,91.8170218165,96.816518208,99.9672079381,104.120942862,103.180765806,103.082062149,102.420942665,101.954067654,102.337196742,99.6428824301,96.4043299713,91.2059977049,86.6860486113,81.5471537881,76.6996473645,72.0618874318,65.8183887572,64.6342929658,62.4070917676,61.2877697033,59.6565994027,58.5420294654,56.425705609,51.5609752293,49.0175071112,47.0066710226,43.0303607141,39.6464486703,33.1911261208,28.8960447111,27.8980839737,29.5064876938,29.6275243391,30.400531224,31.5640644529,32.2544077612,32.4994633528,34.1850223302,33.9656616717,34.1010381778,34.286675407,33.8434990782,31.8598800093,32.0539876867,32.0539876867,30.6064948962,28.6543051354,26.7896036735,26.2036125813,25.5109650561,25.5410522685,25.440941067,25.0604264366,24.5766497033,24.5766497033,23.9389763953,25.6026323063,25.8313043064,26.1428561223,27.4836171287,28.4178608765,27.4836171287,28.269673458,26.7890492051,25.601470242,25.2504204006,25.8042976577,26.4658322397,27.9043554537,28.0827289291,28.8519041562,30.061370679,30.2026982047,30.5626169924,31.1204293538,31.1953729773,30.0788185058
146,2025-05-27T00:00:00,27.5911198958,26.8982911545,27.0561639895,27.2697104502,27.5671747537,27.6545117396,27.4499251781,26.7254987997,24.0977023464,24.1331819107,23.9609683218,23.5797688647,24.8993260169,25.0760158228,24.5436732558,24.5436732558,24.4965826377,24.001317381,23.9521837644,24.1411344171,23.9029563332,24.1518778014,23.9513807897,23.6955453815,23.4608342407,23.4720783108,23.8109581188,25.9612172449,29.3394626736,31.758913418,32.8141062166,33.6385859727,33.0528210535,33.9102062145,33.7235876735,31.6764942717,31.1556295457,30.7977136286,29.0609315978,29.5543574422,29.0609315978,29.5512343321,30.4176673846,30.9504159075,30.4418692251,30.6492557086,34.7642515549,35.0502287053,37.0361265806,39.7590632449,43.0367405178,44.3331956368,48.4803252584,51.6801319381,52.0075729905,55.3729139839,60.7318319698,64.8881241852,72.9292825423,78.6468604053,78.6927015857,74.934245687,76.5649210586,75.4558317123,78.0236616035,85.4585469684,91.1411674971,93.6498184163,99.402024525,103.384420404,104.459841734,105.568991361,104.430736946,102.889171092,102.857176018,103.063728524,101.2192292,96.799368886,91.6966088384,86.6860486113,81.0918711862,76.4852580546,71.6658927836,65.5132570827,64.5523478129,62.1870702549,60.7122030627,59.4378281436,58.1637407177,55.6390819601,51.4158417092,48.9270202917,46.7114528133,42.9665453142,39.4901668557,32.7913303476,28.5896593516,27.7732223238,29.4732036596,29.5765251078,30.3593091477,31.3638292673,32.1110111745,32.3996595165,34.0937813037,33.6994944583,33.9930037135,34.1010381778,33.665056317,31.8598800093,32.3917827963,32.4846597424,31.2019685438,29.2139849191,26.8514049827,26.2036125813,25.4588427235,25.5109650561,25.4206376547,24.7421055842,24.1161404273,24.2059407272,23.9171420133,25.4353101825,25.6026323063,26.000977589,27.3909044286,28.4178608765,27.4836171287,28.269673458,26.9113950169,25.6795891676,25.2504204006,25.6795891676,26.4658322397,28.0689320672,28.464875596,29.2133883756,30.5330791217,30.2026982047,30.2052867021,31.0583780943,31.1204293538,29.9540840887
147,2025-05-28T00:00:00,28.2224974443,27.0915077451,27.2026574644,27.2697104502,27.2632640242,27.445629267,27.4248689983,26.5772243963,24.0593971058,24.0977023464,23.9322025341,23.4953656017,24.8356523634,25.0288966366,24.4965826377,24.5436732558,24.4965826377,24.001317381,24.0147143215,24.1559526936,23.9204590287,24.1860510874,24.1518778014,23.7478373593,23.6955453815,23.7478373593,23.9955479811,26.163962475,29.6756905411,31.9408179921,32.8141062166,33.4637618938,32.9778088222,33.8324483573,33.579100379,31.6492311954,30.9811152605,30.7574360426,28.8733745941,29.0609315978,28.8045388663,29.5002708946,30.2393309124,30.7467662783,30.2393309124,30.6492557086,34.7642515549,35.0502287053,37.163262376,39.7590632449,43.0367405178,44.3331956368,48.4803252584,51.1402490118,51.6801319381,55.1617076272,59.7112265674,64.3348694398,72.2140097175,76.0676198845,78.6927015857,75.4558317123,79.2719386878,77.1511184175,80.1587369359,85.6724407589,90.5329023728,93.2418633664,98.1214145942,101.636279954,104.120942862,104.507948825,103.878995533,102.857176018,102.420942665,102.857176018,99.9239659772,96.4043299713,91.2059977049,86.6860486113,81.5471537881,76.6996473645,72.3302144831,65.8183887572,64.5523478129,61.4649088997,60.1231443865,59.299937052,58.051654244,55.4248357107,51.2430730083,48.813819439,46.3801386826,42.8592939027,37.0388108682,32.4950161309,28.1922310555,27.7331757933,29.2554519731,29.5064876938,30.3259688019,31.1207969819,31.9594796989,32.2544077612,34.0597190168,33.5937854489,33.7024324758,33.7180224476,33.5937854489,31.775021648,32.0539876867,32.3842348733,30.963038957,28.8593103449,26.7896036735,26.0900803354,25.4290478546,25.4588427235,25.3348135967,24.6074701536,23.9890503652,24.0244573322,23.8543759317,25.3794678403,25.4353101825,25.9609984642,26.9329924914,28.1185207415,27.3909044286,28.0090506654,26.7420639816,25.6795891676,25.3669032429,25.8042976577,26.4658322397,28.0689320672,28.464875596,28.8519041562,30.061370679,30.2026982047,30.5626169924,31.1204293538,31.1997963113,30.3750668164
148,2025-05-29T00:00:00,28.3132842394,27.3526318948,27.2697104502,27.5911198958,27.2632640242,27.3403958947,27.3403958947,26.2885800978,24.0439532549,24.0593971058,23.7498421656,23.4790971673,24.743802402,24.9451137373,24.3350273798,24.4965826377,24.3350273798,23.9521837644,23.9521837644,24.1559526936,23.9204590287,24.1860510874,24.1518778014,23.7478373593,23.4608342407,23.4720783108,23.8109581188,25.9612172449,29.3394626736,31.758913418,32.7893453674,33.3002983674,32.821924045,33.8321393922,33.579100379,31.6492311954,30.9811152605,30.7574360426,28.8733745941,29.5543574422,29.5543574422,29.6743474935,31.0520031229,31.4615279124,30.598332608,31.4615279124,35.4519308437,35.4519308437,37.1973614063,39.8792640896,43.0367405178,43.9973507521,47.5923073697,50.0378246921,51.1402490118,55.1617076272,60.7318319698,66.0355985463,74.5366786279,79.1922900891,79.6671890021,78.7371957093,80.7929680435,80.2215387225,82.3640002373,87.3554487178,93.3200171983,95.6712910746,100.558062472,104.459841734,106.513054902,108.480803954,108.480803954,103.878995533,102.889171092,103.063728524,99.9239659772,95.1333974617,90.9745449746,85.8011902608,81.0918711862,76.4852580546,72.0618874318,65.5132570827,64.1378644545,61.2877697033,59.6565994027,58.6247818915,57.5455290734,54.6942051278,50.0837575779,48.6635231558,46.0886843962,42.2035440273,36.2215573696,31.9901760658,28.0611812803,27.5824039676,29.2554519731,29.5765251078,30.3593091477,31.3638292673,32.2544077612,32.4994633528,34.0937813037,33.6994944583,33.9930037135,33.7180224476,33.2247509252,31.6647478948,31.8598800093,32.0539876867,30.6064948962,28.6543051354,26.5956103824,25.836441158,25.4206376547,25.4290478546,25.1916753355,24.6074701536,23.9595812398,23.9628204628,23.762931276,25.2190568875,25.3794678403,25.878090558,26.6175533384,28.0542864634,27.1551814162,27.8705793063,26.5021720741,25.601470242,25.2504204006,25.6795891676,26.3454707904,27.9043554537,28.0827289291,28.7514537535,29.6787263669,29.9540840887,30.2052867021,31.0583780943,31.1579011655,30.1203966449
149,2025-05-30T00:00:00,29.3034146291,28.1388531247,28.1333314396,28.1333314396,27.2632640242,27.2424142428,27.2424142428,26.1785697737,23.9810675397,23.9609683218,23.6924827869,23.4038435635,24.3219123105,24.8993260169,24.1937700259,24.4965826377,24.3350273798,23.9521837644,23.9521837644,24.1559526936,23.9029563332,24.160025793,24.1411344171,23.6955453815,23.4608342407,23.4720783108,23.8109581188,26.163962475,30.0131526385,31.9408179921,32.8141062166,33.4637618938,32.821924045,33.7831883287,33.4488854979,31.6492311954,31.0538550465,30.7977136286,29.0609315978,29.8150844319,29.8905577238,30.4176673846,31.7208692135,32.4553865725,31.1682117271,32.9966909311,36.3862210479,36.9106989664,37.6078251878,40.2603392738,43.4199629977,44.3331956368,48.4803252584,51.1402490118,51.6801319381,55.3729139839,60.7318319698,64.8881241852,74.5366786279,79.3999496595,80.2534486615,79.2719386878,82.869996664,81.2666420811,83.7703458187,89.0501956386,95.8672399989,97.4391778598,102.014195378,105.568991361,108.480803954,108.549811421,108.480803954,103.082062149,102.857176018,102.857176018,99.6428824301,94.6633908521,89.9514556248,84.9582204928,80.783556689,76.4852580546,72.3302144831,67.1872470592,64.6342929658,62.1870702549,60.1231443865,58.6247818915,57.3469964108,54.4293787074,49.5893916274,47.990945266,45.5471879818,42.2035440273,36.2215573696,31.9901760658,28.1922310555,27.7331757933,29.4732036596,29.7646363145,30.4265251434,32.1110111745,32.6765303711,33.2628534335,34.6472053508,34.1010381778,34.286675407,34.1010381778,33.5937854489,31.775021648,32.0539876867,32.3842348733,30.963038957,28.8593103449,26.7896036735,26.0900803354,25.4290478546,25.5109650561,25.3348135967,24.6074701536,23.9595812398,23.9628204628,23.5952643063,24.7865962892,25.2352525085,25.8396837488,26.4937024446,28.0542864634,27.1551814162,27.8705793063,26.5021720741,25.601470242,25.1815040382,25.3545782961,26.1426871369,27.9043554537,28.0827289291,28.7514537535,29.6787263669,30.2026982047,30.2052867021,31.0583780943,31.1766370714,30.2901767592
150,2025-05-31T00:00:00,28.7057404722,28.1314908779,27.5911198958,27.5911198958,27.1870174736,27.1870174736,27.1870174736,25.9872817735,23.9376536065,23.9322025341,23.5767278793,23.2424955306,24.1790769258,24.8356523634,24.1937700259,24.5436732558,24.4965826377,24.001317381,24.1370415998,24.2694582314,24.0147143215,24.263888153,24.160025793,23.7478373593,23.4608342407,23.2025190242,23.7478373593,26.163962475,30.0131526385,31.9408179921,32.8141062166,33.4637618938,32.821924045,33.7831883287,33.4488854979,31.6764942717,31.1556295457,30.7977136286,28.8733745941,29.637836243,29.637836243,30.0366027257,31.5131480701,32.3408060738,30.9795108317,32.4613898033,36.2697825994,36.7596697602,37.4477274862,40.158673115,43.2652364078,44.3331956368,49.037143397,51.1402490118,51.6801319381,55.3022213148,59.7112265674,64.3348694398,74.150201048,79.1922900891,79.6671890021,79.1922900891,81.8031123274,80.7929680435,83.237720039,88.7330548345,95.1933868862,96.816518208,101.33055889,105.252075118,108.331876732,108.480803954,106.049477138,102.889171092,102.420942665,102.515339411,98.8996267786,94.6633908521,90.9745449746,85.8011902608,81.5346174626,77.9751255014,72.6625706843,69.2972603668,65.1273709872,62.4070917676,60.7122030627,59.299937052,58.051654244,55.6390819601,51.5609752293,49.0175071112,47.0066710226,43.0303607141,39.6464486703,33.1911261208,28.8960447111,28.2036368996,30.1610333408,30.4265251434,30.9725606724,32.4003498238,33.0013725355,33.5084802438,34.9008595101,34.286675407,34.355995189,34.1010381778,33.2247509252,31.6647478948,31.8598800093,32.3842348733,30.963038957,28.8593103449,26.7896036735,26.0900803354,25.4206376547,25.4588427235,25.1916753355,24.5766497033,23.9206538556,23.9206538556,23.4242862646,24.6713142366,24.7906451945,25.8313043064,26.4164518673,27.970839724,26.9113950169,27.8705793063,26.5021720741,25.601470242,25.1815040382,25.6795891676,26.1426871369,27.9043554537,28.0827289291,28.7514537535,29.587413789,29.9540840887,29.9540840887,30.7164676425,31.1016934479,30.0788185058
151,2025-06-01T00:00:00,28.6666191384,27.5911198958,27.5911198958,28.1333314396,27.2632640242,27.2424142428,27.2424142428,25.9872817735,23.8675890368,23.8675890368,23.4923931165,23.1661945911,24.0743234406,24.8356523634,24.3350273798,24.743802402,24.5630841274,24.1450204876,24.1468335086,24.2694582314,24.0147143215,24.2744204092,24.1860510874,23.783801218,23.6955453815,23.4720783108,23.7478373593,26.163962475,30.0131526385,31.9802664021,32.8599402421,33.6385859727,32.9778088222,33.7831883287,33.191563311,31.6764942717,31.1985071629,30.8764370279,29.0609315978,30.0361358682,30.4176673846,30.4176673846,31.7208692135,32.4553865725,30.9795108317,32.0063500478,36.167888858,36.3862210479,37.4477274862,40.158673115,43.1586915595,44.3331956368,49.037143397,51.1402490118,52.0075729905,55.801826686,60.9739481225,67.7714978183,74.8897287834,79.4332406129,79.6671890021,79.1922900891,80.9703076663,80.5972826909,83.0622473501,88.253489898,94.4310778965,95.8811382956,100.926378318,104.459841734,106.513054902,108.331876732,105.135655964,102.857176018,101.954067654,102.337196742,98.8996267786,95.1333974617,91.2059977049,86.6860486113,82.4891397097,80.0068225399,73.424247009,69.8272734155,68.1098260889,63.6266386309,62.1870702549,60.7122030627,59.299937052,58.051654244,53.7386361895,49.083003553,47.0991401864,43.0303607141,39.6464486703,33.1911261208,28.8960447111,27.8980839737,29.7646646822,30.3643577881,30.7565605251,32.2544077612,32.9033267595,33.3117298163,34.6472053508,34.1010381778,34.286675407,33.7180224476,33.051038764,31.5937707829,31.775021648,32.3842348733,30.963038957,28.8593103449,26.7896036735,26.0900803354,25.1911653724,25.4290478546,25.1916753355,24.5766497033,23.9206538556,23.9206538556,23.5952643063,24.6713142366,24.7906451945,25.8313043064,26.4164518673,27.8705793063,26.6261153461,27.6957502889,26.3195492106,25.3540078174,25.021428224,25.3545782961,25.92260121,27.633418439,28.0827289291,28.7514537535,29.587413789,29.9540840887,30.2052867021,31.0583780943,31.1975846443,30.5626169924
152,2025-06-02T00:00:00,30.2682793999,28.2952147889,28.2530985286,28.3873465432,28.2519461967,28.1502950324,27.5475141414,26.5772243963,24.0439532549,24.0593971058,23.7498421656,23.4790971673,24.8356523634,25.0760158228,24.8356523634,25.1135999631,25.1122151866,24.3350273798,24.3127800107,24.3301489218,24.1370415998,24.2744204092,24.1860510874,23.7478373593,23.4608342407,23.2025190242,23.3716051617,25.9612172449,29.785184539,31.9408179921,32.8141062166,33.4637618938,32.821924045,33.7235876735,32.941965251,31.6492311954,31.1556295457,30.7977136286,29.0609315978,29.8150844319,29.8905577238,30.0366027257,31.5131480701,32.3408060738,30.9504159075,32.0063500478,36.2697825994,36.9106989664,38.0629240416,40.9479764984,43.889823627,46.3213232918,50.9529053318,52.4542401385,54.0848917538,57.5455964647,62.9977014548,69.3215859152,78.6468604053,80.9703076663,80.7929680435,80.5390462543,83.7160241139,83.237720039,85.4585469684,89.6868483303,96.7295617797,99.402024525,103.995572001,108.331876732,108.654183034,109.099211996,108.682754933,104.430736946,103.082062149,104.035922318,102.105474887,97.182944361,92.9636164352,88.3505842761,83.6276835455,82.0019565421,75.5438186438,72.3200262989,69.3413741486,64.7052809723,62.7994876957,62.157214276,60.6233943037,58.5420294654,56.4191680299,49.8463354777,47.7866131732,44.3634092414,40.3712985018,36.1464534158,30.8012205441,29.4883042279,30.492744032,31.0331779978,31.7373829188,33.0013725355,33.3117298163,33.9656616717,34.9837352538,34.9050398142,34.8541193793,34.4531049253,33.8434990782,32.0847548463,32.5154273349,32.8149884541,31.4550716453,29.5641776778,27.4993149731,26.4870015736,25.5109650561,25.6047995975,25.5109650561,25.0604264366,24.5766497033,24.5766497033,23.9389763953,25.4353101825,25.6026323063,26.000977589,27.3909044286,28.3867745102,27.4836171287,28.3867745102,27.1180567754,25.9181637981,25.6795891676,25.9537788273,26.5483398223,28.464875596,28.9333461174,29.4978205388,30.6397321171,31.0771140002,31.1204293538,31.5306690635,31.6180724172,31.1579011655
153,2025-06-03T00:00:00,30.5019698096,28.5710841714,28.4314961537,28.6860763331,28.4756434539,28.2973853692,28.2357209673,27.0453808534,24.1745478626,24.2985180839,24.1346155456,23.9609683218,25.0760158228,25.6235793836,25.0760158228,25.5435581054,25.386617401,24.6394548139,24.6394548139,24.7808794197,24.1860510874,24.3962624677,24.263888153,23.783801218,23.6955453815,23.7478373593,23.9955479811,26.54071479,30.4764715763,32.0429820924,32.9778088222,33.6385859727,32.9778088222,33.8321393922,33.4488854979,31.6764942717,31.2717483749,31.0538550465,30.0361358682,30.5050307772,30.7911217708,30.7911217708,32.4553865725,33.1663370961,31.5642909348,33.8001577951,36.8007397988,37.2752051633,39.5075834639,43.0171331095,45.111367266,49.3500158124,52.359603422,54.1502240558,54.3565617391,59.226165859,63.1427811044,69.3215859152,77.5543420505,80.7929680435,80.5972826909,80.2506322869,83.237720039,83.0622473501,84.8797800746,89.4650644037,96.6649339928,98.1214145942,103.384420404,106.513054902,108.654183034,110.36995439,110.16434633,107.401142156,107.418982073,107.418982073,102.891340333,98.4233254089,93.9166321057,89.4764765863,84.7389142836,83.5067809471,76.5875395359,72.9413148007,71.2895011311,66.0350644309,64.6342929658,62.5384019085,62.0650432059,60.1231443865,57.8488673355,51.5609752293,48.9270202917,45.1692018497,42.8592939027,38.9418697294,31.7286708899,30.492744032,32.0250241813,31.9534994313,32.5534269449,33.5084802438,33.8146647637,34.9008595101,35.2890103723,35.1205505886,35.0577113409,34.7567222874,34.4531049253,33.0101226434,33.0925117031,33.0925117031,31.775021648,30.2254021632,28.3033056525,27.2285146983,25.7584826112,26.1202531123,25.7014210283,25.3348135967,25.0604264366,25.0658564499,24.2131572485,25.878090558,25.9609984642,26.4164518673,27.8705793063,28.9555824804,28.0920746425,28.9555824804,28.0093699684,26.7420639816,26.1426871369,26.7764036787,27.2446934212,28.9415575182,29.4993737402,29.6787263669,31.7006861846,31.6852179182,31.5979412298,31.7457502544,31.7554938679,31.6784659796
154,2025-06-04T00:00:00,30.7282180296,28.7057404722,28.4756434539,29.0814089416,28.6342915526,28.2973853692,28.2519461967,27.2063004412,24.6074928529,24.9239666768,24.6564134708,24.0743234406,25.0760158228,25.6235793836,25.0288966366,25.386617401,25.3018133601,24.512533896,24.5106228465,24.6058900279,24.1535289952,24.3301489218,24.1860510874,23.7478373593,23.4608342407,23.4720783108,23.8109581188,26.4455478963,30.0131526385,31.9802664021,32.8599402421,33.4637618938,32.821924045,33.8321393922,33.4488854979,31.6764942717,31.2717483749,31.0538550465,29.8150844319,30.124909626,30.7069463086,30.7069463086,32.3408060738,32.9966909311,31.4615279124,33.1663370961,36.7381145822,37.2752051633,39.6985504936,43.4199629977,47.1140756508,50.9529053318,53.0379400988,54.1836267939,54.3565617391,59.226165859,63.4332051801,70.2432179282,78.6468604053,80.9703076663,80.5972826909,79.6671890021,82.869996664,81.2666420811,83.7703458187,89.0501956386,95.8672399989,97.4391778598,102.014195378,105.568991361,108.549811421,109.099211996,109.099211996,106.768361788,106.768361788,107.086153814,102.857176018,97.9691297086,93.5697594453,88.8190318233,84.6779863562,82.9119250726,76.41937532,72.5645072778,70.8195628814,65.5132570827,64.5523478129,62.4773905472,61.7213680876,59.6565994027,57.6251222936,51.4158417092,48.9270202917,45.5471879818,42.9672782577,39.4901668557,32.4950161309,30.8012205441,32.0250241813,31.9534994313,32.5534269449,33.5084802438,33.9656616717,34.9856974883,35.4871547733,35.3617897168,35.2890103723,34.8632065429,34.6979764532,33.5937854489,33.8452391412,33.4844471535,31.8598800093,30.2254021632,27.9459435046,27.2285146983,25.836441158,26.3434341466,25.8166695181,25.4370062812,25.1394732393,25.0658564499,24.2131572485,25.878090558,26.000977589,26.4937024446,28.0542864634,29.2237827191,28.6417147982,29.3230865728,28.7643306192,27.2446934212,26.7420639816,27.0674746697,27.2446934212,28.7888722643,29.4993737402,30.061370679,31.922993838,31.922993838,31.6852179182,31.993233732,31.7603656747,31.7034309668
155,2025-06-05T00:00:00,31.6488214306,30.4197707414,28.9414275786,29.8051280363,28.9499608458,28.4314961537,28.3082907194,27.4499251781,25.2774951732,25.6947226216,25.5509363691,24.9177227232,25.4170047724,25.8502274913,25.0760158228,25.386617401,25.2837369797,24.4965826377,24.4147938336,24.4293118047,24.1411344171,24.2744204092,24.160025793,23.7478373593,23.4608342407,23.4720783108,23.8109581188,26.54071479,30.0131526385,31.9802664021,32.8599402421,33.4637618938,32.6998107507,33.7831883287,33.191563311,31.6492311954,31.1985071629,30.9576656541,29.5849965154,30.0361358682,30.493941904,30.493941904,32.0028086454,32.5632397714,31.1682117271,32.9966909311,36.3862210479,37.1973614063,39.5075834639,43.1868067745,46.3213232918,50.4884703062,52.5997828558,54.1502240558,54.1836267939,57.9480357064,63.1427811044,69.3215859152,78.4427252498,80.7929680435,80.5390462543,79.2719386878,81.8031123274,80.7929680435,83.237720039,88.7330548345,95.1933868862,96.816518208,102.014195378,106.513054902,108.984924399,113.890863998,112.221401697,109.099211996,109.546515035,109.546515035,104.403578312,99.9239659772,94.6633908521,91.2059977049,86.6958105424,84.2928256894,77.7711445438,74.1693133967,71.5024070816,68.0710220663,64.6342929658,62.5384019085,62.0650432059,59.6565994027,56.8500437108,51.3655228452,48.9270202917,45.5471879818,42.9672782577,38.9418697294,31.9901760658,30.492744032,31.7373829188,31.9534994313,32.5534269449,33.5084802438,33.9973591298,35.3349737016,35.7288588259,35.5562588441,35.6720070883,34.9837352538,34.7567222874,33.5937854489,34.1064276274,33.4844471535,32.0539876867,30.313865583,28.6543051354,27.4993149731,26.0900803354,26.3434341466,25.7014210283,25.4370062812,25.1650985225,25.2072962545,24.59156377,26.0078780429,26.1428561223,26.6175533384,28.0823861976,29.3827238951,28.7858503681,29.3302364703,28.7643306192,27.1180567754,26.7420639816,27.2446934212,27.633418439,29.3558237047,30.061370679,32.3734687689,32.931749252,32.909125787,31.7179562277,31.993233732,31.7408784477,31.5840590461
156,2025-06-06T00:00:00,31.1862025647,30.436210555,28.9414275786,29.7396087753,28.8369602804,28.3873465432,28.3082907194,27.5475141414,25.5509363691,25.8565444372,25.5909737354,24.9177227232,25.3018133601,25.6845473267,25.0288966366,25.3018133601,25.2837369797,24.4965826377,24.4147938336,24.4293118047,24.1411344171,24.263888153,24.1518778014,23.6955453815,23.2025190242,23.2025190242,23.7478373593,26.4455478963,29.785184539,31.9408179921,32.8141062166,33.3002983674,32.1103761575,33.7235876735,32.941965251,31.5917941138,31.1556295457,30.8764370279,29.0609315978,29.8150844319,30.4176673846,30.4176673846,31.7208692135,32.4553865725,30.9795108317,32.4613898033,36.2697825994,37.163262376,39.193835776,43.0171331095,45.6223892986,49.9164483995,52.4247181841,54.0848917538,54.1502240558,57.5455964647,62.9977014548,68.9902220973,77.5089672287,80.5860171928,80.2506322869,79.1922900891,80.9703076663,80.5972826909,83.0622473501,88.253489898,94.4310778965,95.8811382956,101.33055889,105.568991361,108.654183034,111.838058865,111.434475391,108.754114601,108.944754173,108.944754173,103.89071333,99.6428824301,94.5773232668,90.9745449746,85.8011902608,83.819339919,77.2435449959,74.1693133967,71.7289430372,68.317990386,64.9621319385,64.1576537884,62.3953205107,60.9304115988,58.3629042387,53.4750190433,49.3433725668,46.4293508506,43.2738760553,39.4901668557,31.9901760658,30.4265251434,31.5642247362,31.7373829188,32.4003498238,33.4760261985,33.9656616717,35.1270514829,35.5562588441,35.4871547733,35.4871547733,34.9061933587,34.6979764532,33.2247509252,34.1064276274,33.5906549883,32.4846597424,30.5208872061,29.2154868986,27.541199994,26.0900803354,26.1202531123,25.7014210283,25.5228543369,25.2072962545,25.4638482856,25.1650985225,26.2536132764,26.2949178089,26.9329924914,28.2241554815,29.4849913728,29.0802939928,29.6996580009,29.2169062276,28.0093699684,27.1180567754,27.633418439,28.0254488614,29.5873861306,30.5525478494,32.6447394862,32.9620430668,32.931749252,32.7938969463,32.9745532454,33.0664829574,32.0097078287
157,2025-06-07T00:00:00,31.8953281045,30.7282180296,30.436210555,30.3173520162,29.7396087753,28.8369602804,28.8369602804,27.8714697229,25.7543552232,26.4918608259,26.229881332,25.5509363691,25.6947226216,25.8502274913,25.0288966366,25.1135999631,25.1122151866,24.3350273798,24.3127800107,24.3301489218,24.1370415998,24.1860510874,24.1411344171,23.4608342407,23.0393001506,23.0393001506,23.3716051617,26.2842844425,29.6460386342,31.758913418,32.7893453674,33.0528210535,31.7764641255,33.7110338582,32.7217846857,31.46840919,31.0538550465,30.7977136286,28.8733745941,29.637836243,29.8905577238,30.0366027257,31.5131480701,32.3408060738,30.9504159075,32.0063500478,36.167888858,37.0361265806,38.6661997944,42.8010884336,45.111367266,49.3500158124,52.3394964332,53.9195568064,54.0848917538,57.0164977147,62.4345186317,68.6722602903,75.8001492629,80.2506322869,79.6671890021,78.7371957093,80.7929680435,80.2215387225,82.3640002373,87.8489419688,94.0239921685,95.6712910746,100.926378318,105.252075118,108.549811421,110.36995439,110.516207444,108.754114601,109.546515035,110.312764584,104.7623248,102.129074074,96.3139333636,91.8589293541,87.9724956722,84.8577196061,80.2175793262,75.7472853903,72.9516757202,70.0258157553,66.3200932635,66.001827009,64.0372841292,62.2396363774,60.1776965205,56.4191680299,51.2324619504,47.746297139,44.8949543212,40.3712985018,34.1953113524,31.5642247362,32.5534269449,32.446926734,33.04540589,33.6013313595,34.0937813037,35.3349737016,35.5562588441,35.5562588441,36.3237374081,35.0577113409,34.8478605543,34.1064276274,34.5223656065,34.1726800993,32.6092538265,30.9832454559,29.6133827941,27.8721993825,26.2036125813,26.3434341466,25.8166695181,25.6047995975,25.4734014386,26.1695781743,25.3324253085,26.3102744921,26.5447140487,27.3838525128,28.6416430078,29.576859729,29.2169062276,30.128987042,29.331839515,28.3520698834,27.6476679905,28.3391097352,28.464875596,29.6787263669,31.3288139882,32.909125787,33.2111716875,33.2341235005,33.0153693532,33.458104664,33.7671190769,33.4524106815
158,2025-06-08T00:00:00,32.016231849,30.9307609678,30.5338162991,30.3454652427,29.7396087753,28.6342915526,28.6342915526,27.6522563201,25.6920821805,26.4918608259,26.229881332,25.5509363691,25.6947226216,25.8502274913,24.9451137373,25.0288966366,24.9784490214,24.2928383973,24.2694582314,24.2967007229,24.0147143215,24.160025793,23.9513807897,23.2025190242,22.86406591,22.86406591,23.0647939756,26.163962475,29.404673562,31.1622550323,32.3174127089,32.9778088222,31.7178249514,33.4818688677,32.4776548579,31.3994980543,30.9576656541,30.7574360426,28.6309467653,29.5543574422,29.637836243,29.6743474935,31.4615279124,32.0028086454,30.7467662783,31.5642909348,36.0477703683,36.9106989664,38.2650139047,41.6523465203,44.5336123074,49.037143397,52.3394964332,54.0848917538,54.1836267939,57.9007724721,62.9977014548,69.3215859152,78.6468604053,80.9703076663,80.5972826909,79.8742334264,81.8031123274,80.5972826909,83.0622473501,87.3554487178,93.3200171983,95.1933868862,100.558062472,104.459841734,108.480803954,109.099211996,110.16434633,108.660766276,108.944754173,109.546515035,104.7623248,102.129074074,96.3139333636,91.8589293541,87.9724956722,84.7389142836,80.2175793262,76.0702945066,74.1215659546,70.8195628814,68.0710220663,66.001827009,62.9021490703,62.0827608936,59.4212149677,55.6064440939,50.957080005,47.3970390196,44.8949543212,40.3712985018,34.7615337207,31.7373829188,33.0606018663,32.446926734,32.9033267595,33.5084802438,33.9973591298,35.1270514829,35.4871547733,35.4871547733,35.6720070883,34.9837352538,34.8450677906,34.1064276274,34.6979764532,34.3099443708,32.9839605756,31.3278360622,29.6133827941,27.719459696,26.2036125813,26.3434341466,26.1044260859,25.7698258254,26.2500942222,26.3623022281,25.8396837488,26.5428274332,26.692527407,26.9329924914,28.4178608765,29.5008136921,29.1410621289,30.128987042,29.4031627526,28.511989396,28.0093699684,28.7296105267,28.7567675513,30.0099124208,31.8208878556,32.9340620483,33.2902506637,33.458104664,33.1406198949,33.7647053671,33.9481278873,33.7622916572
159,2025-06-09T00:00:00,31.9655551055,30.7620113467,30.436210555,30.3173520162,29.4587075108,28.4756434539,28.4597972198,27.5475141414,25.5909737354,26.3011828054,25.8565444372,25.1903472164,25.4170047724,25.6845473267,24.8993260169,24.9451137373,24.9325018335,24.2014709469,24.1957458809,24.2694582314,23.9204590287,24.1518778014,23.9029563332,22.8922176003,22.8051240239,22.8051240239,22.8418946614,25.9612172449,29.2859647804,30.7875882798,32.1456686913,32.8422664448,31.6738239436,33.0629814476,31.8682838006,31.2717483749,30.8764370279,30.685148257,28.5135579589,29.0609315978,29.5543574422,29.5947047293,31.0520031229,31.5642909348,30.598332608,31.4615279124,35.4519308437,36.7596697602,38.0629240416,41.2475253873,44.3888266328,47.7188646003,52.1580592762,53.9195568064,54.1502240558,57.5455964647,62.4345186317,68.9902220973,78.4427252498,80.7929680435,80.5390462543,79.5909391365,80.9703076663,80.2215387225,82.3640002373,86.9561411771,92.3470283546,94.4310778965,99.8170599048,104.120942862,108.331876732,108.682754933,109.099211996,107.401142156,108.754114601,108.944754173,104.403578312,101.2192292,95.1333974617,91.6966088384,87.3363619534,84.6610776629,80.0068225399,75.7472853903,72.9516757202,70.0258157553,66.3200932635,65.1336062905,62.5384019085,61.7213680876,58.9425790204,54.6942051278,50.1909687189,47.0597654279,44.2962942613,40.1061492379,34.1953113524,31.5642247362,32.5534269449,32.3942193259,32.5534269449,33.4760261985,33.9656616717,34.9856974883,35.3617897168,35.3617897168,35.4871547733,34.9061933587,34.7567222874,33.8452391412,34.5223656065,34.1726800993,32.6092538265,30.9832454559,29.5231253705,27.541199994,26.0900803354,26.1202531123,25.8818140146,25.7014210283,26.1695781743,26.2800780516,25.7177308717,26.48308799,26.5124459618,26.692527407,28.2241554815,29.4849913728,29.0802939928,29.8326886048,29.331839515,28.3520698834,27.6476679905,28.4601488032,28.7485176979,29.6787263669,31.3288139882,32.909125787,33.2111716875,33.2341235005,33.0153693532,33.458104664,33.7719464967,33.2974701936
160,2025-06-10T00:00:00,31.9135493572,30.6944247125,30.436210555,30.3173520162,29.7396087753,28.6342915526,28.6342915526,27.5475141414,25.5909737354,26.229881332,25.6947226216,25.0352315269,25.3018133601,25.6235793836,24.8356523634,24.842500117,24.842500117,24.1450204876,24.1468335086,24.1957458809,23.9029563332,24.1518778014,23.9513807897,23.2025190242,22.86406591,22.86406591,22.8418946614,25.7473013699,29.269105147,30.7255478758,32.1082313933,32.7893453674,31.6492311954,32.821924045,31.6764942717,31.1985071629,30.7977136286,30.685148257,28.5135579589,29.0609315978,29.5543574422,29.5947047293,30.7467662783,31.4615279124,30.598332608,31.5642909348,36.167888858,37.163262376,38.6661997944,42.8010884336,44.5336123074,47.7188646003,52.1580592762,53.9195568064,54.0848917538,57.0164977147,61.571226129,68.6722602903,77.5089672287,80.5860171928,80.2506322869,79.2719386878,80.7929680435,79.8662559417,80.8794238283,86.331756914,91.7723379626,94.0239921685,99.4992291306,103.995572001,106.513054902,108.549811421,108.682754933,106.768361788,107.418982073,108.754114601,103.89071333,99.9239659772,95.1333974617,91.6966088384,87.3363619534,84.6610776629,80.0068225399,75.5438186438,72.6620833856,69.6551945941,65.6044909303,64.7052809723,62.4773905472,61.3565378367,58.5420294654,53.7596883499,49.8463354777,46.7114528133,43.634902582,40.1061492379,34.7615337207,32.0250241813,34.0702302252,33.7289560276,33.3117298163,33.8146647637,34.944396396,35.5562588441,35.9672736113,35.8037182231,36.3237374081,34.9837352538,34.7567222874,33.665056317,34.4531049253,34.0806270332,32.5154273349,30.6064948962,29.328079839,27.4993149731,25.8999451247,25.8818140146,25.7698258254,25.6733266079,26.1695781743,26.2800780516,25.7177308717,26.48308799,26.5124459618,26.5852852515,28.0823861976,29.3827238951,28.9555824804,29.6996580009,29.3230865728,28.2609973013,27.4757577937,28.3391097352,28.464875596,29.6123630154,30.7366157654,32.7938969463,33.1406198949,33.2341235005,33.1406198949,33.7647053671,34.0639730078,33.7719464967
161,2025-06-11T00:00:00,31.8588855992,30.6678467482,30.3454652427,30.170285485,29.5288113335,28.6342915526,28.6342915526,27.5475141414,25.5909737354,25.8565444372,25.5909737354,24.9177227232,25.1389395244,25.4049383333,24.743802402,24.743802402,24.5630841274,24.0830005825,24.1370415998,24.1559526936,23.8619781257,24.1411344171,23.9029563332,22.8922176003,22.8051240239,22.8051240239,22.7898401823,25.7473013699,29.269105147,30.7255478758,32.1082313933,32.7893453674,31.6383258893,32.6998107507,31.6492311954,31.1556295457,30.6912824985,30.4756479899,28.2535791214,28.8733745941,29.0609315978,29.5512343321,30.493941904,31.0520601537,30.5663680592,31.5642909348,36.167888858,37.163262376,39.193835776,43.054399829,45.111367266,49.3500158124,52.5997828558,54.3565617391,54.9300745763,59.226165859,63.1427811044,68.9902220973,75.8161555532,80.2506322869,79.8742334264,79.1922900891,80.5972826909,79.5909391365,80.2991046061,85.6724407589,91.7723379626,94.0239921685,99.4992291306,103.995572001,106.513054902,108.480803954,108.549811421,105.384310909,106.768361788,107.418982073,103.090739113,99.6428824301,94.6633908521,91.2059977049,86.9002072685,84.2928256894,79.1645273302,75.3899214469,72.4069207989,69.5014552006,65.5132570827,64.6342929658,62.3953205107,60.9304115988,58.3629042387,53.4750190433,49.3433725668,46.7114528133,43.634902582,40.1061492379,35.0528813844,32.7133664668,34.0702302252,33.048428363,33.2628534335,33.7289560276,34.3163182512,35.4871547733,35.7288588259,35.5562588441,35.6720070883,34.9061933587,34.7567222874,33.665056317,34.4531049253,34.0806270332,32.5154273349,30.5208872061,29.2154868986,27.3025203533,25.7941302428,25.7895974653,25.7014210283,25.6047995975,25.8981020367,26.2500942222,25.4638482856,26.48308799,26.692527407,26.692527407,28.0905216964,29.3827238951,28.7858503681,29.6996580009,29.3230865728,28.2609973013,27.4757577937,28.3391097352,28.3391097352,29.5873861306,30.5525478494,32.7938969463,33.1086100131,33.1406198949,33.1086100131,33.458104664,33.8322827668,33.7647053671
162,2025-06-12T00:00:00,31.8256096956,30.5656627886,30.2096699317,29.8924343618,29.4096830075,28.4756434539,28.6342915526,27.5475141414,25.5909737354,25.8565444372,25.5909737354,24.758008877,25.0760158228,25.3018133601,24.5436732558,24.5436732558,24.4965826377,24.001317381,24.0147143215,24.1411344171,23.8188505617,24.0151675768,23.8289978636,22.8051240239,22.7898401823,22.7898401823,22.7343705598,25.6403874242,28.7302715799,30.6089469006,32.0429820924,32.6998107507,31.5899590421,32.4776548579,31.6383258893,30.9811152605,30.6213586311,30.4607166943,28.2535791214,28.8733745941,29.0609315978,29.5002708946,30.4176673846,31.0520601537,30.598332608,32.0063500478,36.2697825994,37.2684330459,39.5075834639,42.9959620289,44.5336123074,49.3500158124,53.0379400988,55.1578770404,55.801826686,60.1487317299,64.8544186701,71.5493726571,78.7832450589,81.5962252694,80.7929680435,80.2506322869,81.8031123274,80.2215387225,80.8794238283,85.6724407589,91.1411674971,93.6498184163,99.402024525,103.384420404,105.568991361,108.331876732,108.480803954,104.430736946,106.768361788,108.754114601,104.403578312,102.129074074,96.799368886,93.0150721704,88.3960425171,85.1440148452,80.9522039079,76.5875395359,74.1215659546,70.0258157553,65.6044909303,64.6342929658,62.2579410057,60.6233943037,58.1408442025,53.4750190433,49.3433725668,47.0597654279,43.634902582,40.1061492379,34.7615337207,32.7133664668,34.0702302252,33.048428363,33.3117298163,33.9852936989,34.944396396,35.5562588441,35.9672736113,35.5562588441,35.4871547733,34.8632065429,34.6979764532,33.5937854489,34.3099443708,33.8452391412,32.4846597424,30.485759185,28.8593103449,27.2285146983,25.7941302428,25.7895974653,25.6733266079,25.5228543369,25.7177071525,26.1695781743,25.3324253085,26.3102744921,26.5124459618,26.5852852515,28.0580113873,29.2237827191,28.6417147982,29.5277061056,29.2169062276,28.0093699684,27.4757577937,28.3391097352,28.3391097352,29.5873861306,30.5525478494,32.6447394862,32.9978634104,33.1086100131,33.0108993829,33.1776034987,33.7671190769,33.4524106815
163,2025-06-13T00:00:00,31.8030277192,30.5975092781,30.2096699317,29.8924343618,29.4096830075,28.4756434539,28.4597972198,27.4499251781,25.5509363691,25.6947226216,25.5509363691,24.6422847482,25.0288966366,25.1389395244,24.4965826377,24.4965826377,24.3350273798,23.9521837644,23.9521837644,24.1411344171,23.8188505617,24.0151675768,23.8289978636,22.8051240239,22.7343705598,22.7343705598,22.6006898694,25.5831948862,28.5206948131,30.5294344122,31.9802664021,32.2963004548,31.3095855791,32.0601152479,31.5899590421,30.8764370279,30.5970718789,30.4239169362,28.1907925391,28.7876631099,28.8045388663,29.1728583352,30.2393309124,30.9504159075,30.5663680592,31.5642909348,36.167888858,37.1973614063,39.193835776,42.8010884336,44.3888266328,49.037143397,52.5997828558,54.9300745763,55.2868989677,59.6335318845,64.3348694398,71.015555769,78.6468604053,80.9703076663,80.5972826909,79.8742334264,80.9703076663,79.8662559417,80.2991046061,85.4585469684,90.5329023728,93.2418633664,98.1214145942,101.636279954,105.252075118,106.513054902,106.049477138,103.878995533,105.384310909,107.418982073,103.89071333,101.2192292,96.4074252384,92.4780690125,88.3505842761,84.8577196061,80.6548177592,76.0702945066,72.9516757202,70.0258157553,66.3200932635,64.7052809723,62.3953205107,61.3565378367,58.5420294654,53.7596883499,49.8463354777,47.0597654279,43.4282758142,40.0591008555,34.1953113524,32.0250241813,33.8358988953,32.5534269449,33.2628534335,33.8146647637,34.3163182512,35.4871547733,35.7288588259,35.4871547733,35.3617897168,34.8478605543,34.6067614248,33.2247509252,34.1064276274,33.5906549883,32.3842348733,30.313865583,28.6543051354,27.0361511554,25.7584826112,25.7584826112,25.6047995975,25.4370062812,25.4734014386,25.8981020367,25.2072962545,26.2536132764,26.2949178089,26.4937024446,28.0542864634,29.1410621289,28.4901842901,29.3836073735,29.1410621289,27.5514615107,27.4757577937,28.3391097352,28.3391097352,29.5873861306,30.5525478494,32.3734687689,32.9620430668,32.9978634104,32.9745532454,33.1086100131,33.6101981606,32.9875892179
164,2025-06-14T00:00:00,31.3404088533,30.485529996,29.9016844202,29.8051280363,29.1325665049,28.4314961537,28.4597972198,27.5475141414,25.6920821805,26.2158718019,25.6947226216,24.758008877,25.0288966366,25.0760158228,24.3350273798,24.3350273798,24.3350273798,23.9521837644,23.9521837644,24.1411344171,23.8188505617,23.9204590287,23.783801218,22.7898401823,22.7343705598,22.7343705598,22.6006898694,25.5831948862,28.3664690797,30.4934270557,31.9408179921,32.1456686913,31.0677041975,31.7764641255,31.46840919,30.7977136286,30.4607166943,30.1208258799,28.1238771179,28.6137378333,28.7001597488,28.8350753391,30.0419254181,30.7467662783,30.4418692251,31.4615279124,36.167888858,37.2684330459,39.6985504936,43.1868067745,46.3213232918,50.9529053318,54.1502240558,56.5208300339,56.5817875875,61.0578086841,66.6518894445,72.9292825423,79.4332406129,82.9129079175,82.7974814534,80.7929680435,83.7160241139,80.7929680435,82.3640002373,85.6724407589,90.5329023728,92.3470283546,97.4391778598,99.9672079381,104.459841734,105.568991361,105.135655964,103.082062149,104.035922318,107.086153814,103.090739113,99.9239659772,96.3139333636,91.8589293541,87.9724956722,84.7389142836,80.2175793262,75.7472853903,72.6620833856,69.6551945941,65.6044909303,64.6342929658,62.2579410057,60.9304115988,58.3629042387,53.4750190433,49.3433725668,46.7114528133,43.2738760553,39.7069996056,33.856696774,31.7373829188,33.0606018663,32.446926734,33.04540589,33.7289560276,34.0937813037,35.3349737016,35.5562588441,35.3617897168,35.2890103723,34.8450677906,34.501855779,33.0498548294,33.8452391412,33.4844471535,32.0539876867,30.2573571708,28.5328603383,26.8407528491,25.7584826112,25.7895974653,25.6733266079,25.5228543369,25.7177071525,25.8981020367,25.2072962545,26.3102744921,26.5124459618,26.5852852515,28.0580113873,29.1410621289,28.3867745102,29.3302364703,29.0802939928,27.2446934212,27.2446934212,28.0254488614,28.0254488614,29.4993737402,30.5330791217,31.8208878556,32.9620430668,32.9978634104,32.9745532454,33.1776034987,33.7719464967,33.2974701936
165,2025-06-15T00:00:00,31.9135493572,30.6944247125,30.3454652427,29.8924343618,29.1325665049,28.4314961537,28.4357710416,27.5475141414,25.6920821805,25.8547488289,25.5909737354,24.758008877,25.0288966366,25.0760158228,24.3350273798,24.3350273798,24.2928383973,23.8702983093,23.8702983093,24.1370415998,23.7904322521,23.9029563332,23.7028610788,22.7343705598,22.5186950801,22.5186950801,22.4885895553,25.4133239935,28.1039549353,30.4579924811,31.758913418,32.0010185838,30.7863047302,31.7178249514,31.2821063521,30.737893305,30.4239169362,30.0361358682,27.8649568962,28.2688293185,28.596164226,28.7001597488,29.9550224341,30.4681462675,30.2393309124,31.1682117271,36.0477703683,37.1973614063,39.5075834639,43.054399829,45.6223892986,50.4884703062,54.0848917538,55.8858390031,56.4068152348,60.9739481225,65.8251366685,72.2140097175,79.2006128275,82.7974814534,81.8031123274,80.5972826909,83.237720039,80.5972826909,82.3640002373,86.331756914,91.1411674971,93.188873899,98.1214145942,101.636279954,105.568991361,108.480803954,108.549811421,104.430736946,105.384310909,107.086153814,102.891340333,99.6428824301,95.1333974617,91.6966088384,87.3363619534,84.6610776629,80.0068225399,75.5438186438,72.4069207989,69.5014552006,65.5132570827,64.1576537884,62.157214276,60.6233943037,58.1408442025,53.312589193,49.1166332635,46.4293508506,43.0746673504,39.4901668557,32.9302460457,31.5642247362,32.5534269449,32.3942193259,32.9033267595,33.6013313595,33.9973591298,35.1270514829,35.4871547733,35.2890103723,35.2689651035,34.7567222874,34.4531049253,33.0101226434,33.436723005,33.3726939289,31.8598800093,30.2573571708,28.5328603383,26.8407528491,25.7584826112,25.7895974653,25.6047995975,25.4370062812,25.7177071525,25.8981020367,25.2072962545,26.48308799,26.692527407,26.5852852515,28.0580113873,29.1410621289,28.269673458,29.3302364703,29.1410621289,27.5514615107,27.4757577937,28.4601488032,28.464875596,29.6123630154,30.7366157654,32.6447394862,32.9978634104,32.9978634104,32.9620430668,33.1086100131,33.7622916572,32.7431188706
166,2025-06-16T00:00:00,31.8588855992,30.6678467482,30.2096699317,29.8051280363,28.9499608458,28.3873465432,28.3082907194,27.4499251781,25.5909737354,25.6947226216,25.5509363691,24.6422847482,24.9451137373,25.0288966366,24.1937700259,24.2928383973,24.2014709469,23.7986773176,23.7986773176,24.0147143215,23.7045188373,23.8619781257,23.4608342407,22.5186950801,22.3117641738,22.3117641738,22.3117641738,25.3298783911,28.0444930293,30.211812659,31.6522235788,31.7764641255,30.6330113327,31.6738239436,31.1666028674,30.6802625726,30.1208258799,29.8150844319,27.607819567,28.1907925391,28.4323816024,28.596164226,29.840106107,30.2393309124,30.1293334168,30.9795108317,35.4519308437,37.163262376,39.193835776,42.9959620289,45.111367266,49.9164483995,53.435098576,55.2868989677,56.1441487511,60.7318319698,65.4845765597,71.8717940236,79.011103904,81.9686510687,80.9703076663,80.5390462543,82.869996664,80.2215387225,80.8794238283,85.6724407589,90.5329023728,92.3470283546,97.4391778598,99.9672079381,105.252075118,108.331876732,108.480803954,103.878995533,104.035922318,106.767226216,102.857176018,98.8996267786,94.6633908521,91.2059977049,86.9002072685,84.2928256894,79.1645273302,75.3899214469,72.3200262989,68.9732513379,65.1273709872,63.6266386309,62.0650432059,60.1231443865,57.8488673355,52.2680109317,49.083003553,46.3274490994,42.9672782577,39.1819290971,32.4950161309,31.2510845369,32.446926734,32.1430530088,32.5534269449,33.5084802438,33.9656616717,34.9856974883,35.3617897168,35.2689651035,35.1205505886,34.6979764532,34.3279832596,32.9208452683,33.0925117031,33.0925117031,31.775021648,30.2254021632,28.2804488716,26.7896036735,25.6863562761,25.7584826112,25.5410522685,25.3348135967,25.4734014386,25.7177071525,25.1650985225,26.3102744921,26.5124459618,26.4937024446,28.0542864634,29.0802939928,28.1019011905,29.3230865728,29.0802939928,27.2446934212,27.2446934212,28.3391097352,28.3391097352,29.5873861306,30.5525478494,32.3734687689,32.9620430668,32.9620430668,32.9161210417,33.0108993829,33.458104664,32.0097078287
167,2025-06-17T00:00:00,31.8256096956,30.5656627886,29.9016844202,29.7396087753,28.8369602804,28.2973853692,28.2776214133,27.4248689983,25.5509363691,25.5909737354,25.1903472164,24.301385615,24.8993260169,24.9451137373,24.0893875197,24.2014709469,24.1450204876,23.7051986387,23.7051986387,23.91890303,23.4798907968,23.8188505617,23.2025190242,22.3784557381,22.2480019817,22.2480019817,22.2542598201,25.2143296509,27.8848017155,30.0739376739,31.1465222711,31.7764641255,30.7863047302,31.7764641255,31.46840919,30.8764370279,30.5970718789,30.1208258799,27.8649568962,28.2688293185,28.4323816024,28.4323816024,29.6486368232,30.1293334168,30.0251690169,30.6492557086,35.0502287053,37.0361265806,38.6661997944,42.8010884336,44.5336123074,49.3500158124,53.0379400988,55.1578770404,55.801826686,60.1487317299,64.8544186701,71.5493726571,78.7832450589,81.5962252694,80.7929680435,80.2506322869,81.8031123274,79.8662559417,80.2991046061,85.4585469684,89.7991205536,91.8170218165,96.816518208,99.4992291306,104.459841734,106.513054902,106.049477138,103.878995533,104.94500096,106.767226216,102.891340333,99.6428824301,94.6633908521,90.9745449746,86.6958105424,83.819339919,77.7711445438,74.7298397437,71.7289430372,68.7050997295,64.9621319385,62.7994876957,61.7213680876,59.658109612,57.6251222936,51.5609752293,49.0175071112,46.0886843962,42.8592939027,38.8728768175,31.9901760658,30.8012205441,32.0250241813,31.9534994313,32.4003498238,33.4760261985,33.8146647637,34.944396396,35.2890103723,35.1205505886,35.0577113409,34.6067614248,34.286675407,32.8149884541,32.9254576072,33.0204514706,31.6647478948,30.176332092,27.9459435046,26.5956103824,25.6047995975,25.6863562761,25.5109650561,25.2072962545,25.3348135967,25.4638482856,24.7826910595,26.2536132764,26.2949178089,26.4164518673,27.970839724,28.9555824804,28.0563203381,29.2169062276,28.9555824804,27.1180567754,27.1180567754,28.0254488614,28.0254488614,29.4993737402,30.5330791217,31.8208878556,32.931749252,32.931749252,32.7938969463,32.9745532454,33.145376697,31.7554938679
168,2025-06-18T00:00:00,31.8030277192,30.4690901823,28.9414275786,29.0814089416,28.6342915526,28.2519461967,28.2519461967,27.3403958947,25.2774951732,25.5509363691,24.9342536875,24.1790769258,24.8356523634,24.8993260169,23.9916991489,24.1705682367,24.0830005825,23.6662207312,23.6662207312,23.8619781257,23.3647684718,23.7904322521,23.0741283742,22.2694260183,22.1232122237,22.1232122237,22.243396311,25.0973627138,27.8848017155,30.0739376739,31.1465222711,31.7764641255,30.7863047302,31.7178249514,31.2821063521,30.7977136286,30.4607166943,30.0361358682,27.607819567,28.1907925391,28.2316806101,28.2316806101,29.5947047293,30.0251690169,29.9550224341,30.6492557086,35.0502287053,37.0361265806,38.6661997944,42.8010884336,44.3888266328,49.037143397,52.5997828558,54.9300745763,55.2868989677,59.6335318845,64.3348694398,71.015555769,78.6468604053,80.9703076663,80.5972826909,79.8742334264,80.9703076663,79.5909391365,80.1587369359,85.2260299213,89.4650644037,91.8170218165,96.816518208,99.4992291306,104.309790641,105.568991361,105.135655964,103.878995533,105.384310909,107.418982073,104.403578312,102.515339411,96.799368886,92.4780690125,88.3505842761,84.7389142836,80.0068225399,75.3899214469,72.3200262989,68.7050997295,64.9621319385,62.7994876957,61.7213680876,59.5681968205,56.8500437108,51.4158417092,48.9270202917,45.5471879818,42.7664111894,38.0432577238,31.7286708899,30.492744032,31.7373829188,31.7373829188,32.1430530088,33.3076155753,33.7289560276,34.9008595101,35.2689651035,35.0577113409,34.9837352538,34.501855779,34.1010381778,32.5706443106,32.8149884541,32.9839605756,31.5937707829,30.0442945708,27.8721993825,26.4870015736,25.5410522685,25.6047995975,25.440941067,25.1650985225,25.2072962545,25.3324253085,24.6713142366,26.1704579379,26.1428561223,26.2859048449,27.8705793063,28.7858503681,27.970839724,29.1410621289,28.7643306192,26.9113950169,26.9113950169,27.8934846522,27.8934846522,29.3558237047,30.061370679,31.4522069985,32.909125787,32.909125787,31.945916058,32.9620430668,32.9764456389,31.7408784477
169,2025-06-19T00:00:00,31.3404088533,30.4011943667,28.6666191384,28.8369602804,28.4927430054,28.2357209673,28.2357209673,27.2063004412,24.9239666768,25.2774951732,24.8604042635,24.0743234406,24.743802402,24.8356523634,23.9497792064,24.0893875197,23.9916991489,23.5146206557,23.4753281642,23.7986773176,23.1134997014,23.7045188373,23.0089612755,22.2430196378,22.0200181666,21.8795633546,22.1232122237,24.9942711805,27.83671078,29.9339122922,30.7846583394,31.7178249514,30.6330113327,31.6738239436,31.1666028674,30.737893305,30.4239169362,30.0361358682,27.607819567,28.1907925391,28.2316806101,28.2316806101,29.5103577163,29.9550224341,29.840106107,30.5663680592,34.7642515549,36.9106989664,38.2650139047,41.6523465203,44.0112585011,47.7188646003,52.4247181841,54.3565617391,55.1578770404,59.4844331665,63.6679812807,70.2432179282,78.4427252498,80.7929680435,80.5390462543,79.5909391365,80.7929680435,79.2719386878,79.6592115173,84.8268686626,89.0501956386,91.6906103722,95.8811382956,99.402024525,104.120942862,104.651870747,104.430736946,103.082062149,104.94500096,107.086153814,103.89071333,102.129074074,96.4074252384,91.8589293541,87.9724956722,84.6610776629,79.1645273302,74.7298397437,71.7289430372,68.2823386033,64.7052809723,62.5384019085,61.3565378367,59.3324348332,56.6403157576,51.3655228452,48.813819439,45.1692018497,42.4964699408,37.6983729401,31.5642247362,30.4265251434,31.687769065,31.687769065,31.9534994313,33.2628534335,33.6013313595,34.3064791057,35.1205505886,34.9837352538,34.9622711571,34.4531049253,33.8434990782,32.0847548463,32.5729479126,32.9148122843,31.5143391043,29.9320319661,27.5791058563,26.4296545084,25.5109650561,25.5410522685,25.4206376547,25.1394732393,25.1650985225,25.2072962545,24.59156377,26.0078780429,26.000977589,26.2512109118,27.6978403989,28.6417147982,27.8705793063,29.0802939928,28.511989396,26.7420639816,26.7420639816,27.633418439,27.633418439,29.2462339788,29.6787263669,30.767464018,32.7938969463,32.7938969463,31.7179562277,32.9161210417,32.7208317126,31.7034309668
170,2025-06-20T00:00:00,30.9813786219,30.326888868,28.6017939132,28.6860763331,28.4516172757,28.197611523,28.197611523,27.1428532935,24.7839301745,24.9239666768,24.6678835948,24.0039206024,24.6422847482,24.743802402,23.5744893723,23.9916991489,23.9497792064,23.438611291,23.3647684718,23.7051986387,23.0089612755,23.4608342407,22.8613423498,22.1232122237,21.861178567,21.7531959256,21.8795633546,24.9942711805,27.83671078,29.9339122922,30.7846583394,31.7178249514,30.5353476208,31.6492311954,31.1666028674,30.7977136286,30.4607166943,30.1208258799,27.8649568962,28.1907925391,28.1836488293,28.1836488293,29.1728583352,29.840106107,29.7544097524,30.4804628821,34.3818985485,36.7596697602,38.2650139047,42.8010884336,44.5336123074,49.9164483995,52.5997828558,54.3565617391,55.1578770404,59.4589688889,63.4332051801,69.3215859152,77.5089672287,80.5860171928,80.2506322869,79.2719386878,80.5972826909,77.1511184175,78.0236616035,83.4802101345,88.7330548345,91.1411674971,95.6712910746,98.1214145942,103.406208913,104.309790641,103.878995533,102.889171092,104.007561537,106.767226216,103.090739113,101.2192292,96.3139333636,91.6966088384,87.3363619534,84.2928256894,77.7711445438,74.1693133967,71.5024070816,68.0710220663,64.6342929658,62.4773905472,60.9304115988,58.9425790204,56.4191680299,51.2324619504,48.6635231558,44.959705433,42.2882637222,37.6983729401,31.5642247362,30.492744032,31.687769065,31.5633024133,31.7373829188,33.085798004,33.5084802438,34.0937813037,35.0577113409,34.9622711571,34.9050398142,34.3279832596,33.665056317,31.95574959,32.5154273349,32.8149884541,31.4550716453,29.6665932335,27.5791058563,26.4870015736,25.5410522685,25.6047995975,25.4206376547,25.0604264366,25.1394732393,25.1650985225,24.3834286438,26.0078780429,26.000977589,26.2512109118,27.6575345885,28.4901842901,27.6957502889,28.9555824804,28.3867745102,26.5021720741,26.396686006,27.4757577937,27.4757577937,28.9415575182,29.6123630154,30.5525478494,31.922993838,31.922993838,31.6852179182,31.993233732,31.7652374814,31.5840590461
171,2025-06-21T00:00:00,30.8295256594,30.2096699317,28.6017939132,28.6017939132,28.4314961537,28.197611523,28.197611523,27.1428532935,24.9068869292,25.1419713393,24.6678835948,23.9492550867,24.301385615,24.6422847482,23.4787369565,23.9497792064,23.7369545007,23.3647684718,23.3014465924,23.6662207312,22.8404398531,23.4608342407,22.8613423498,22.1232122237,21.861178567,21.7531959256,21.5789428355,24.9009748801,27.8014331425,29.785184539,30.5584015347,31.6738239436,30.4934270557,31.6383258893,30.9180715808,30.737893305,30.4239169362,30.0361358682,27.607819567,28.1238771179,28.1221914668,27.8010620779,28.8350753391,29.6486368232,29.6211479616,30.4378332695,34.253146088,36.3862210479,38.0629240416,41.6523465203,44.3888266328,49.3500158124,52.4247181841,54.1836267939,54.9300745763,59.226165859,63.1427811044,68.9902220973,75.8161555532,80.2506322869,79.8742334264,79.1922900891,79.9484491991,76.5649210586,77.6271978731,83.0622473501,88.253489898,90.8874769556,95.1933868862,97.4391778598,102.9734197,103.180765806,103.082062149,102.857176018,103.082062149,105.384310909,102.891340333,99.9239659772,95.1333974617,91.2059977049,86.9002072685,83.819339919,77.2435449959,72.9413148007,71.2895011311,66.0350644309,64.5523478129,62.3953205107,60.6233943037,58.5420294654,55.9686236086,50.2521610904,48.0759635606,44.8949543212,41.6829425444,37.1666165025,31.2990731919,30.4265251434,31.5633024133,31.3753504787,31.687769065,33.0013725355,33.4760261985,33.9973591298,34.9837352538,34.9050398142,34.8541193793,34.286675407,33.5937854489,31.854509732,32.3917827963,32.5729479126,31.3278360622,29.5641776778,27.4993149731,26.4296545084,25.5109650561,25.5410522685,25.3348135967,24.8116024366,25.0604264366,25.0658564499,24.2131572485,25.9609984642,25.9609984642,26.1428561223,27.4836171287,28.3867745102,27.4836171287,28.7643306192,28.269673458,26.3443596424,26.1426871369,27.2446934212,27.2446934212,28.7888722643,29.5873861306,30.5330791217,31.7006861846,31.6852179182,31.6852179182,32.9161210417,32.9653020599,31.7457502544
172,2025-06-22T00:00:00,30.9307609678,30.2389746658,28.6017939132,28.6017939132,28.4314961537,28.1502950324,28.197611523,27.1428532935,24.9068869292,25.1419713393,24.6678835948,23.7514207862,24.1790769258,24.5231465602,23.4075029835,23.9497792064,23.7369545007,23.3647684718,23.3647684718,23.7051986387,22.8404398531,23.4608342407,22.8613423498,22.0200181666,21.7531959256,21.4046870394,21.4206090427,24.9009748801,27.7551969382,29.5209906725,30.4934270557,31.6418909089,30.4700756648,31.5899590421,30.9180715808,30.737893305,30.4239169362,30.0361358682,27.607819567,27.6683924776,27.6683924776,27.6519215939,28.7001597488,29.5947047293,29.5270992208,30.2435725073,33.8001577951,36.0790622928,37.9031600376,41.2881705339,44.0112585011,49.037143397,52.4247181841,54.1836267939,54.9300745763,59.226165859,62.9977014548,68.6722602903,75.432470294,79.8742334264,79.5909391365,78.7371957093,79.5909391365,75.4558317123,77.3526145666,82.3640002373,87.8489419688,90.5031217319,94.4310778965,96.816518208,101.570364971,102.072849086,102.432378988,102.420942665,102.889171092,104.94500096,102.857176018,99.6428824301,94.6633908521,90.9745449746,86.6958105424,83.624713289,76.5875395359,72.5645072778,70.8195628814,65.5132570827,64.1378644545,62.2579410057,60.1231443865,58.3629042387,55.5072211228,49.8463354777,47.8519710278,44.654975134,40.904068224,36.5558722444,31.1927487521,30.3643577881,30.8715534926,31.0331779978,31.4062365609,32.9033267595,33.3076155753,33.9656616717,34.9622711571,34.6472053508,34.7567222874,34.1010381778,33.2247509252,31.775021648,32.0539876867,32.5154273349,31.2351580095,29.5641776778,27.4993149731,26.4296545084,25.5109650561,25.5109650561,25.1916753355,24.6845006335,24.7588568488,24.7588568488,24.1278895415,25.878090558,25.878090558,26.000977589,27.3909044286,28.1266562402,27.3909044286,28.636334861,28.0093699684,26.0002270201,25.9537788273,27.0674746697,27.1072351471,28.7567675513,29.4993737402,30.061370679,31.6018082964,31.5979412298,31.5979412298,31.993233732,32.243034597,31.7159134604
173,2025-06-23T00:00:00,30.7789080053,29.8882328911,28.4756434539,28.4756434539,28.4314961537,28.197611523,28.2357209673,27.2063004412,25.1419713393,25.1419713393,24.6102879286,23.5797688647,24.0743234406,24.3355051422,23.4075029835,23.9497792064,23.7369545007,23.3647684718,23.3647684718,23.6662207312,22.741945557,23.2025190242,22.8063927757,21.861178567,21.3938421621,21.3112692493,21.3369854455,24.8264790807,27.4757295361,29.3734115716,30.4700756648,31.1465222711,30.4503075712,31.46840919,30.7536339249,30.6802625726,30.1208258799,29.8150844319,27.2909749068,27.2909749068,27.2909749068,27.3069277726,28.6289932354,29.5103577163,29.4942371168,30.1293334168,33.1663370961,35.4519308437,37.5760378374,41.2253784335,43.889823627,47.7188646003,52.3394964332,54.1502240558,54.3565617391,58.9796761311,62.4345186317,68.3009269559,75.22363813,79.3569907474,79.3052296413,78.4427252498,79.2719386878,74.989004702,76.7671062028,80.6455974364,87.8489419688,90.5031217319,94.4310778965,96.816518208,101.570364971,101.361701063,101.954067654,101.954067654,102.857176018,104.007561537,102.515339411,99.6428824301,95.1333974617,91.2059977049,87.3363619534,84.2928256894,77.7711445438,74.1693133967,71.5024070816,68.0710220663,64.7052809723,62.5384019085,60.9304115988,58.5420294654,55.9686236086,49.8463354777,47.7866131732,44.3634092414,40.3712985018,36.2215573696,31.1306913105,30.1981609273,30.492744032,30.7565605251,31.0936147139,32.5534269449,33.2628534335,33.7659707502,34.944396396,34.355995189,34.615937143,33.7180224476,33.051038764,31.6647478948,31.95574959,32.4846597424,31.2019685438,29.5231253705,27.3025203533,26.3426072224,25.4588427235,25.4588427235,25.1394732393,24.6074701536,24.6713142366,24.6713142366,24.0244573322,25.8396837488,25.8396837488,25.9609984642,27.1805389398,28.0580113873,27.1551814162,28.4901842901,27.870659132,25.9181637981,25.8863304444,26.7764036787,27.0460483982,28.7485176979,29.3558237047,29.6787263669,31.5306690635,31.5306690635,31.5306690635,31.7457502544,31.7554938679,31.6784659796
174,2025-06-24T00:00:00,30.7282180296,29.3037837284,28.4314961537,28.4314961537,28.3873465432,28.1502950324,28.197611523,27.1428532935,24.9068869292,24.9068869292,24.2985180839,23.4953656017,24.0743234406,24.3355051422,23.4075029835,23.9497792064,23.7369545007,23.3014465924,23.3647684718,23.6662207312,22.741945557,23.2025190242,22.8063927757,21.7531959256,21.3938421621,21.3112692493,21.3369854455,24.9009748801,27.7551969382,29.3734115716,30.4700756648,31.1465222711,30.2109857214,31.2821063521,30.7536339249,30.6802625726,30.1208258799,29.8150844319,27.2909749068,27.2060493104,27.2060493104,27.2060493104,28.5827659995,29.1728583352,29.1728583352,30.0251690169,32.753486698,35.0502287053,37.4477274862,40.9479764984,43.6477572828,47.1448905119,52.1580592762,54.0848917538,54.1836267939,57.9007724721,61.571226129,68.0898666261,74.8897287834,79.2134515905,79.2134515905,76.9895627327,78.5589061128,74.8857211631,76.5649210586,80.2406480081,87.3554487178,89.973329201,94.0239921685,95.8811382956,99.9672079381,101.195330517,101.320951546,101.320951546,102.420942665,103.063728524,102.337196742,98.8996267786,94.6633908521,90.9745449746,86.9002072685,84.6610776629,80.0068225399,75.3899214469,72.4069207989,69.3958861536,65.5132570827,63.6266386309,61.3565378367,58.5420294654,55.5072211228,49.5893916274,47.7751096505,43.6662358876,40.1061492379,36.1464534158,31.1306913105,30.3643577881,30.8715534926,31.0331779978,31.4062365609,32.5534269449,33.085798004,33.6013313595,34.9008595101,34.286675407,34.355995189,33.5937854489,33.0288679826,31.5937707829,31.854509732,32.3842348733,30.963038957,29.3220719211,27.0850676358,26.2036125813,25.4290478546,25.4290478546,25.0604264366,24.5766497033,24.6074701536,24.6074701536,23.9628204628,25.8313043064,25.8313043064,25.878090558,26.8834863671,28.0542864634,26.9113950169,28.3867745102,27.6957502889,25.9181637981,25.8863304444,26.7764036787,27.0460483982,28.464875596,29.2462339788,29.6123630154,31.4164234998,31.4164234998,31.4164234998,31.7179562277,31.7351478927,31.3952451793
175,2025-06-25T00:00:00,30.6877802215,28.7187809168,28.3873465432,28.3873465432,28.2973853692,28.1502950324,28.2357209673,27.3403958947,25.5509363691,25.5909737354,24.9342536875,23.9492550867,24.301385615,24.5231465602,23.4075029835,23.7369545007,23.6662207312,23.233219408,23.3647684718,23.6662207312,22.741945557,23.2025190242,22.8063927757,21.3938421621,21.2992383661,21.2992383661,21.3112692493,24.8264790807,27.4757295361,29.2859647804,30.4536153218,30.7863047302,30.0739376739,31.2821063521,30.7536339249,30.6802625726,30.1208258799,29.8150844319,27.607819567,27.6599617024,27.6599617024,27.6519215939,28.8350753391,29.6486368232,29.6211479616,30.4804628821,34.3818985485,36.7596697602,38.2650139047,42.8010884336,44.5336123074,49.9164483995,53.0379400988,54.9300745763,55.2868989677,59.4844331665,63.4332051801,69.3215859152,77.5089672287,80.5860171928,80.2506322869,79.2719386878,80.5972826909,77.1511184175,78.0236616035,83.4802101345,89.0501956386,91.6906103722,95.8811382956,99.402024525,104.120942862,104.309790641,103.878995533,102.889171092,104.007561537,105.384310909,102.891340333,101.2192292,96.4074252384,92.4780690125,88.3960425171,85.1440148452,80.6548177592,75.5438186438,72.7794764199,69.6551945941,68.0710220663,65.1336062905,62.2579410057,59.658109612,56.8500437108,51.3655228452,48.6635231558,44.8949543212,40.904068224,36.5558722444,31.5348210296,30.492744032,31.5729212072,31.3753504787,31.4062365609,32.5534269449,33.2628534335,33.9656616717,34.9622711571,34.6472053508,34.615937143,33.5937854489,33.0101226434,31.5143391043,31.775021648,32.0539876867,30.6064948962,29.2139849191,27.0002893898,26.0900803354,25.4206376547,25.4206376547,24.8116024366,24.4752006237,24.5766497033,24.5766497033,23.9628204628,25.8313043064,25.8313043064,25.878090558,26.8834863671,27.970839724,26.6261153461,28.269673458,27.2857545987,25.812092062,25.8042976577,26.5066166663,26.7764036787,28.3391097352,29.1936850857,29.5873861306,31.1162010888,31.2344600658,31.243306734,31.6852179182,31.7122256727,31.2042196454
176,2025-06-26T00:00:00,30.6678467482,28.6666191384,28.3260872975,28.2719247369,28.2519461967,27.9072749079,28.197611523,27.2063004412,25.2774951732,25.5509363691,24.8604042635,23.7514207862,24.1790769258,24.3355051422,23.3096744396,23.6662207312,23.5146206557,23.233219408,23.3458351327,23.4753281642,22.741945557,23.0741283742,22.7998983997,21.2992383661,21.2962729046,21.2962729046,21.2992383661,24.6164212316,27.39699716,29.269105147,30.211812659,30.5588131324,29.9599578921,30.8299787932,30.6802625726,30.6213586311,30.0361358682,29.8150844319,27.856526121,28.0735254379,28.0735254379,27.8010620779,28.8350753391,29.5947047293,29.5270992208,30.4378332695,34.253146088,36.3862210479,38.0629240416,41.6523465203,44.3888266328,49.3500158124,52.5997828558,54.3565617391,55.1578770404,59.4589688889,63.1427811044,69.3215859152,77.5089672287,80.7929680435,80.5390462543,79.8742334264,81.8031123274,79.8662559417,80.2991046061,85.6724407589,91.1411674971,93.188873899,97.4391778598,99.4992291306,104.120942862,103.180765806,103.082062149,102.857176018,103.082062149,105.384310909,102.891340333,101.2192292,96.4074252384,92.4780690125,88.3505842761,84.8577196061,80.2175793262,75.3899214469,72.7794764199,70.0258157553,68.4070033474,66.4573765154,62.4773905472,60.1231443865,56.8500437108,51.2324619504,48.0759635606,44.654975134,40.3712985018,36.2215573696,31.2990731919,30.4265251434,31.5348210296,31.0331779978,31.0936147139,32.4003498238,33.085798004,33.7659707502,34.944396396,34.355995189,34.355995189,33.2247509252,32.9208452683,31.4550716453,31.6647478948,31.95574959,30.5208872061,28.8593103449,26.8407528491,25.8999451247,25.1911653724,25.1911653724,24.6248443667,24.3812777118,24.392964186,24.392964186,23.9389763953,25.6026323063,25.6026323063,25.8396837488,26.6175533384,27.8705793063,26.6261153461,28.269673458,27.2857545987,25.812092062,25.8042976577,26.3454707904,26.5483398223,28.0689320672,28.9333461174,29.5749360183,30.6988121852,31.0771140002,31.1975846443,31.5979412298,31.6852179182,31.1975846443
177,2025-06-27T00:00:00,30.5975092781,28.5298369102,28.2891916388,28.2000765408,28.2000765408,27.596157045,28.0405507569,27.2063004412,25.5509363691,25.5909737354,24.9342536875,23.9492550867,24.1790769258,24.2359856056,23.1827549764,23.5179533517,23.438611291,23.2137139682,23.3007144886,23.3647684718,22.6998226723,23.0089612755,22.7898401823,21.2962729046,21.2323575071,21.2323575071,21.2962729046,24.5628631683,27.3503317934,29.2170778031,30.0739376739,30.4934270557,29.9103035666,30.6330113327,30.6213586311,30.4790770343,29.8150844319,29.5849965154,28.0735254379,28.1907925391,28.2316806101,28.2316806101,29.5103577163,29.6486368232,29.5270992208,30.2435725073,33.8001577951,36.0790622928,38.0629240416,42.8010884336,44.5336123074,49.9164483995,53.435098576,55.1578770404,55.801826686,59.5466095919,63.6679812807,69.9862635415,75.8161555532,80.5860171928,80.2506322869,79.5909391365,80.9703076663,79.5909391365,80.1587369359,85.4585469684,90.5329023728,92.3470283546,96.816518208,99.402024525,103.406208913,102.072849086,102.432378988,102.420942665,102.889171092,104.94500096,102.857176018,99.9239659772,96.3139333636,91.8589293541,87.9724956722,84.7389142836,80.0068225399,75.1094795078,72.6620833856,69.6551945941,68.2078145078,66.001827009,62.3953205107,59.658109612,56.6403157576,50.2521610904,47.8519710278,44.3634092414,40.1061492379,36.1464534158,31.1927487521,30.3643577881,30.8715534926,30.800487665,31.0936147139,32.4003498238,33.085798004,33.7659707502,34.944396396,34.286675407,34.286675407,33.051038764,32.8149884541,31.264320689,31.5937707829,31.854509732,30.5208872061,28.8593103449,26.8407528491,25.8999451247,25.4206376547,25.1911653724,24.6248443667,24.3812777118,24.392964186,24.1610134969,23.9171420133,25.4353101825,25.4353101825,25.8313043064,26.6175533384,27.8705793063,26.6261153461,28.269673458,27.2857545987,25.6795891676,25.6795891676,26.1426871369,26.4658322397,27.9043554537,28.7888722643,29.4978205388,30.5525478494,30.6988121852,31.1204293538,31.5306690635,31.6180724172,31.1579011655
178,2025-06-28T00:00:00,30.7789080053,29.1575330255,28.3873465432,28.2719247369,28.2000765408,27.445629267,27.6852672248,27.1428532935,25.2774951732,25.5909737354,25.1060626256,24.0743234406,24.743802402,24.743802402,23.4787369565,23.7369545007,23.5146206557,23.2137139682,23.233219408,23.3458351327,22.6998226723,23.0741283742,22.7998983997,21.2992383661,21.2992383661,21.2992383661,21.3112692493,24.9009748801,27.8014331425,29.5209906725,30.4700756648,31.1465222711,30.2109857214,31.2821063521,30.6802625726,30.6213586311,29.8150844319,29.4437773895,27.856526121,28.1238771179,28.1836488293,28.1836488293,29.1728583352,29.5947047293,29.4942371168,30.1293334168,33.1663370961,35.4519308437,37.9031600376,41.6523465203,44.3888266328,49.3500158124,53.0379400988,54.9300745763,55.801826686,59.5466095919,63.4332051801,69.2983086072,75.432470294,80.2506322869,79.8742334264,79.2719386878,80.7929680435,79.2719386878,79.6592115173,85.2260299213,89.7991205536,91.8170218165,95.8811382956,98.1214145942,102.9734197,101.361701063,101.954067654,101.954067654,102.857176018,104.007561537,102.515339411,99.6428824301,95.2246002137,91.6966088384,87.3363619534,84.6610776629,79.1645273302,74.6670714023,72.4069207989,69.5014552006,68.0710220663,65.1336062905,62.2579410057,59.5681968205,56.4191680299,49.8463354777,47.7866131732,43.6662358876,40.0591008555,35.4277152882,31.1306913105,30.1981609273,30.492744032,30.717319568,30.9725606724,32.2544077612,33.0013725355,33.6013313595,34.9008595101,34.1010381778,34.1010381778,33.0288679826,32.1405477224,31.2190922167,31.5143391043,31.854509732,30.6064948962,29.2139849191,27.0002893898,26.0900803354,25.4206376547,25.0604264366,24.5766497033,24.3512073673,24.0712131969,24.0244573322,23.8543759317,25.3794678403,25.3794678403,25.6026323063,26.6175533384,27.8705793063,26.6261153461,28.269673458,27.2857545987,25.6795891676,25.3669032429,25.9537788273,26.3454707904,27.8714594065,28.7888722643,29.5749360183,30.6988121852,31.0771140002,31.1975846443,31.5306690635,31.5542395529,31.1016934479
179,2025-06-29T00:00:00,30.7282180296,28.7057404722,28.3873465432,28.3873465432,28.2519461967,27.596157045,28.0405507569,27.1428532935,25.1419713393,25.5509363691,24.9342536875,24.0039206024,24.6422847482,24.6422847482,23.4075029835,23.6662207312,23.438611291,23.0709755244,23.2137139682,23.2443165431,22.4234362267,23.0089612755,22.7898401823,21.2962729046,21.2962729046,21.2992383661,21.3369854455,25.0973627138,28.0444930293,30.0739376739,30.5584015347,31.6418909089,30.2109857214,31.2821063521,30.6802625726,30.6213586311,29.8150844319,29.4437773895,27.607819567,28.0735254379,28.1221914668,27.8010620779,28.8350753391,29.5947047293,29.5270992208,30.2435725073,33.8001577951,36.0790622928,38.0629240416,41.6523465203,44.5336123074,49.9164483995,54.0848917538,55.2868989677,56.3997435709,60.1487317299,63.6679812807,68.9902220973,75.22363813,79.8742334264,79.5909391365,79.1922900891,80.5972826909,77.1511184175,78.0236616035,84.8268686626,89.4650644037,91.6906103722,95.6712910746,97.4391778598,101.570364971,101.195330517,101.320951546,101.320951546,102.420942665,103.063728524,102.337196742,98.8996267786,94.8612576284,91.2059977049,86.9002072685,84.2928256894,77.7711445438,74.1693133967,72.3200262989,69.3958861536,66.3200932635,64.7052809723,62.157214276,59.3324348332,55.9686236086,49.5893916274,47.7751096505,43.2934387961,39.8158690888,34.0927988591,31.1306913105,30.1981609273,30.492744032,30.717319568,30.9725606724,32.1110111745,32.9033267595,33.5084802438,34.6472053508,33.9930037135,33.9930037135,33.0101226434,31.95574959,31.2019218064,31.4550716453,31.775021648,30.5208872061,28.8593103449,26.8407528491,25.8999451247,25.1911653724,25.0604264366,24.6248443667,24.3812777118,24.392964186,24.1610134969,23.8543759317,25.3794678403,25.4353101825,25.8396837488,27.176593447,27.970839724,26.9113950169,28.0090506654,27.1180567754,25.601470242,25.2504204006,25.8863304444,26.1426871369,27.6314745154,28.7514537535,29.4978205388,30.6988121852,31.0771140002,31.1975846443,31.5979412298,31.6583347921,31.1391652597
180,2025-06-30T00:00:00,30.6877802215,28.6535786938,28.3260872975,28.2719247369,28.2000765408,27.445629267,27.6852672248,27.0453808534,24.9068869292,25.5509363691,24.9342536875,24.0039206024,24.743802402,24.743802402,23.4075029835,23.6662207312,23.438611291,22.9883535457,23.0862194878,23.2137139682,22.2694260183,22.8613423498,22.7391931117,21.2323575071,21.2962729046,21.3112692493,21.4206090427,25.2015203883,28.1039549353,30.0739376739,30.4934270557,31.1465222711,30.0739376739,30.8299787932,30.6213586311,30.4790770343,29.533998211,29.3623613142,27.3007246096,27.6599617024,28.0735254379,27.6519215939,28.7001597488,29.5947047293,29.6181206211,30.2296040537,33.1663370961,36.0790622928,38.2650139047,42.9959620289,45.6223892986,51.2362326313,54.1836267939,55.8787673393,56.4763722926,60.7318319698,64.3348694398,69.2983086072,75.432470294,79.8742334264,79.3052296413,78.7371957093,79.9484491991,76.5649210586,77.6271978731,83.4802101345,89.0501956386,91.6906103722,95.8811382956,99.402024525,104.120942862,104.309790641,103.878995533,102.889171092,104.007561537,106.767226216,102.891340333,99.9239659772,95.2246002137,91.2059977049,86.6958105424,83.819339919,77.2435449959,73.3798041794,71.7289430372,68.9533655642,65.6044909303,64.6342929658,62.0650432059,58.9425790204,55.5072211228,49.2896618237,47.746297139,43.0746673504,39.6464486703,34.0927988591,31.1927487521,30.3643577881,30.8715534926,30.800487665,30.9725606724,31.9594796989,32.6765303711,33.4760261985,34.355995189,33.9656616717,33.7024324758,33.0101226434,32.1405477224,31.2190922167,31.5143391043,31.854509732,30.6064948962,28.8593103449,26.8407528491,25.8999451247,25.1911653724,24.8116024366,24.5766497033,24.3512073673,24.0712131969,24.0244573322,23.762931276,25.2190568875,25.3794678403,25.8313043064,26.8834863671,27.8705793063,26.6261153461,27.8705793063,26.9113950169,25.3540078174,25.1815040382,25.8042976577,25.9531667156,27.4757577937,28.464875596,29.3558237047,30.5525478494,30.6988121852,31.1204293538,31.5306690635,31.5778100424,31.0080942062
181,2025-07-01T00:00:00,30.6678467482,28.488589649,28.2891916388,28.2719247369,28.2000765408,27.596157045,28.0039939058,27.0453808534,24.7839301745,25.2774951732,24.9342536875,24.0039206024,24.743802402,24.743802402,23.4075029835,23.6662207312,23.438611291,22.9883535457,23.0862194878,23.2137139682,22.2248668727,22.8613423498,22.7391931117,21.2323575071,21.2962729046,21.4046870394,21.5789428355,25.2677564732,28.3664690797,30.4579924811,30.5584015347,31.1465222711,30.0739376739,30.8299787932,30.6213586311,30.6213586311,29.8150844319,29.4437773895,27.856526121,28.1238771179,28.1836488293,28.2316806101,29.5947047293,30.0251690169,29.840106107,30.4378332695,33.7112233602,35.4519308437,38.0629240416,42.8010884336,45.4553180341,51.0644439681,54.1502240558,55.2868989677,56.3997435709,60.1487317299,63.6679812807,68.9902220973,75.432470294,80.2506322869,79.8742334264,79.5909391365,80.9703076663,79.2719386878,78.0236616035,83.4802101345,88.7330548345,91.1411674971,95.6712910746,98.1214145942,103.406208913,103.180765806,103.082062149,102.857176018,103.082062149,105.384310909,102.857176018,99.6428824301,94.8612576284,90.9745449746,85.8011902608,83.624713289,76.5875395359,72.7691155004,71.5024070816,68.7050997295,65.5132570827,64.1576537884,61.7213680876,58.5420294654,54.9697527791,49.2896618237,47.7751096505,43.2934387961,39.8158690888,35.4277152882,31.1927487521,30.1981609273,30.492744032,30.717319568,30.800487665,31.9225762345,32.502224582,33.3076155753,34.286675407,33.6994944583,33.5937854489,32.9208452683,31.95574959,31.2019218064,31.4550716453,31.854509732,30.6064948962,28.8593103449,26.8407528491,26.0900803354,25.1911653724,24.8116024366,24.5766497033,24.3512073673,23.9890503652,23.9628204628,23.5952643063,24.7865962892,25.2352525085,25.6026323063,26.6175533384,27.6978403989,26.4731849152,27.6957502889,26.7420639816,25.2504204006,25.1815040382,25.8042976577,25.9531667156,27.6314745154,28.7514537535,29.3558237047,30.5525478494,30.6988121852,31.1204293538,31.5979412298,31.6852179182,31.1975846443
182,2025-07-02T00:00:00,30.9307609678,29.7421667378,28.4756434539,28.6017939132,28.4314961537,28.197611523,28.2519461967,27.4248689983,25.5509363691,25.8547488289,25.5909737354,24.6422847482,25.0027082868,25.0027082868,23.9916991489,24.0893875197,23.9497792064,23.3007144886,23.3458351327,23.4753281642,22.741945557,23.4608342407,22.8613423498,21.7531959256,21.861178567,22.2480019817,22.2542598201,25.6403874242,29.269105147,30.7255478758,31.758913418,31.7764641255,30.4934270557,31.6383258893,31.1666028674,30.7977136286,30.4239169362,29.8150844319,28.1238771179,28.2688293185,28.2316806101,28.4323816024,29.840106107,30.2296040537,29.9550224341,30.5663680592,33.7112233602,35.0502287053,37.9031600376,42.8010884336,45.6223892986,51.6599096613,54.9300745763,56.5208300339,56.5817875875,60.7318319698,63.6679812807,68.6722602903,75.22363813,79.8742334264,79.5909391365,79.2719386878,80.7929680435,77.1511184175,77.6271978731,83.0622473501,88.7330548345,91.6906103722,96.816518208,99.4992291306,104.120942862,104.309790641,103.082062149,102.420942665,102.889171092,104.94500096,102.515339411,98.8996267786,94.6633908521,90.8095196627,85.5600761462,83.624713289,76.5875395359,72.7691155004,71.5024070816,68.7050997295,65.1273709872,64.1576537884,62.0650432059,59.3324348332,56.4191680299,50.2521610904,47.8519710278,43.6662358876,40.0591008555,36.0286210506,31.2990731919,30.4265251434,31.5729212072,31.3753504787,31.4062365609,32.4003498238,33.085798004,33.7659707502,34.944396396,34.286675407,34.1010381778,33.051038764,32.9208452683,31.4550716453,31.6647478948,32.4846597424,31.3278360622,29.5641776778,27.4993149731,26.4870015736,25.5109650561,25.4290478546,25.1394732393,24.6074701536,24.6074701536,24.5766497033,23.9389763953,25.6026323063,25.8313043064,25.9609984642,27.3909044286,28.0580113873,27.3627814654,28.3867745102,27.6957502889,25.812092062,25.8042976577,26.3454707904,26.5483398223,28.3391097352,29.2462339788,29.6123630154,31.5306690635,31.5306690635,31.5306690635,31.993233732,32.243034597,31.7159134604
183,2025-07-03T00:00:00,31.8406643465,30.4690901823,29.1024337482,29.1574087314,28.8369602804,28.3873465432,28.4927430054,27.8714697229,25.8547488289,26.4918608259,26.229881332,25.0352315269,25.3018133601,25.1389395244,24.1937700259,24.1705682367,23.9916991489,23.3458351327,23.4753281642,23.7986773176,23.1134997014,23.8619781257,23.4608342407,22.2430196378,22.3117641738,22.7898401823,22.7343705598,26.2842844425,29.785184539,31.9408179921,32.0429820924,32.1456686913,30.6330113327,31.6492311954,31.1666028674,30.7977136286,30.4239169362,29.5849965154,28.0735254379,28.1907925391,28.1836488293,28.2316806101,29.6486368232,30.1293334168,29.840106107,30.4804628821,33.41521916,34.7642515549,37.5760378374,41.6523465203,45.4553180341,51.2362326313,54.3565617391,56.4763722926,56.4763722926,60.1487317299,63.4332051801,68.3009269559,74.8897287834,79.3569907474,79.3052296413,79.1922900891,80.5972826909,76.5649210586,77.3526145666,82.3640002373,88.253489898,91.1411674971,95.8811382956,99.402024525,103.406208913,103.180765806,102.432378988,101.954067654,102.857176018,104.007561537,102.337196742,98.4233254089,94.5773232668,89.9585726831,84.9518345924,83.5067809471,76.41937532,72.5645072778,71.2895011311,68.2823386033,64.9621319385,63.6266386309,61.7213680876,58.9425790204,55.9686236086,49.8463354777,47.7866131732,43.2934387961,40.0591008555,36.1464534158,31.5348210296,30.492744032,31.7373829188,31.687769065,31.7373829188,33.0013725355,33.5084802438,34.0937813037,34.9837352538,34.355995189,34.286675407,33.2247509252,33.0288679826,31.5937707829,31.854509732,32.5729479126,31.5143391043,29.9320319661,27.9459435046,26.7896036735,25.6863562761,25.5410522685,25.4206376547,25.0604264366,25.1394732393,25.0658564499,24.2131572485,25.9609984642,26.000977589,26.2859048449,27.6978403989,28.3867745102,27.3909044286,28.3867745102,27.6957502889,25.9181637981,25.8863304444,26.7764036787,27.1072351471,28.7567675513,29.4993737402,30.5330791217,31.922993838,31.922993838,31.6852179182,32.9745532454,33.2242704365,31.7652374814
184,2025-07-04T00:00:00,32.097597214,30.7620113467,30.2096699317,29.8051280363,28.9395337877,28.3873465432,28.4927430054,28.0494618635,26.229881332,26.8266658514,26.6047635678,25.5509363691,25.6947226216,25.4049383333,24.4965826377,24.2928383973,24.0830005825,23.3458351327,23.3647684718,23.7051986387,23.1134997014,23.9029563332,23.783801218,22.4158652967,22.7343705598,22.8051240239,22.7898401823,26.4455478963,29.785184539,31.9408179921,32.0429820924,32.1456686913,30.6330113327,31.6383258893,30.9634180704,30.7977136286,30.4239169362,29.4437773895,27.856526121,28.1238771179,28.1221914668,28.1836488293,29.5947047293,30.0251690169,29.840106107,30.5663680592,33.8856597581,35.4519308437,38.0629240416,41.6523465203,45.1014186948,51.0644439681,54.1836267939,55.8787673393,56.3997435709,59.6703846402,63.1427811044,68.0898666261,74.6364177703,79.2134515905,79.2134515905,78.7371957093,79.9484491991,76.5649210586,77.6271978731,83.0622473501,88.7330548345,91.8170218165,97.4391778598,99.8710836914,104.309790641,104.651870747,103.082062149,101.954067654,102.420942665,103.063728524,102.105474887,97.9691297086,94.3322701561,89.7129745933,84.7389142836,82.9119250726,76.0656561518,72.4239270663,70.8195628814,68.0710220663,64.9529016314,63.6266386309,61.7213680876,58.5420294654,55.5072211228,49.5893916274,47.7751096505,43.0746673504,39.8158690888,36.0286210506,31.5738435301,30.7887054746,32.0250241813,31.9534994313,31.9534994313,33.0013725355,33.6013313595,34.9008595101,35.1205505886,34.9622711571,34.8541193793,34.1010381778,33.2247509252,31.775021648,32.0539876867,32.9148122843,31.6647478948,30.0623132559,28.2804488716,26.7896036735,25.6047995975,25.5109650561,25.3348135967,24.8116024366,25.1394732393,25.1650985225,24.3834286438,26.0078780429,26.2949178089,26.4937024446,27.970839724,28.6417147982,27.6957502889,28.4901842901,27.870659132,25.9516278322,25.9537788273,27.0674746697,27.2446934212,28.7567675513,29.3558237047,30.5330791217,32.7938969463,32.7938969463,31.7179562277,33.0108993829,33.3031641761,31.7506220612
185,2025-07-05T00:00:00,31.9993396012,30.7789080053,30.3454652427,30.170285485,29.4096830075,28.6342915526,28.8369602804,28.3165271658,26.6047635678,27.0006356942,26.87852067,25.8547488289,26.2182402959,25.8290988636,24.8993260169,24.743802402,24.3350273798,23.5146206557,23.6662207312,23.8619781257,23.4798907968,23.9204590287,23.8289978636,22.5186950801,22.7898401823,22.86406591,23.0647939756,26.5284401562,29.6460386342,31.758913418,32.0429820924,32.1456686913,30.6330113327,31.6383258893,30.9634180704,30.737893305,30.1208258799,29.3623613142,27.607819567,28.0735254379,28.0735254379,27.8010620779,29.5103577163,29.9550224341,29.7544097524,30.4804628821,33.7112233602,35.0502287053,37.9031600376,41.2881705339,44.5336123074,50.8383768834,54.1502240558,55.2868989677,56.1441487511,59.5466095919,62.9977014548,67.7714978183,74.5366786279,79.1922900891,79.1922900891,78.4427252498,79.5909391365,75.4558317123,77.3526145666,82.3640002373,88.253489898,91.6906103722,96.816518208,99.4992291306,104.120942862,104.309790641,102.432378988,101.320951546,101.954067654,102.857176018,101.2192292,97.7630455238,93.9166321057,89.4764765863,84.6779863562,82.6510322764,75.7472853903,72.3539658939,70.0258157553,66.0350644309,64.7052809723,62.7994876957,61.3565378367,58.3629042387,54.9697527791,49.2896618237,47.746297139,43.0303607141,39.6464486703,35.399631178,31.5348210296,30.492744032,31.7373829188,31.7373829188,31.7373829188,32.9033267595,33.5084802438,34.3064791057,35.0577113409,34.9050398142,34.7567222874,33.7180224476,33.051038764,31.775021648,32.3917827963,33.0204514706,31.8598800093,30.2254021632,28.5328603383,26.7896036735,25.6047995975,25.5410522685,25.440941067,25.1650985225,25.4734014386,25.4638482856,24.6713142366,26.2536132764,26.692527407,26.692527407,28.0580113873,28.7858503681,27.970839724,28.4901842901,27.870659132,26.1235913735,26.396686006,27.4757577937,27.8714594065,29.3558237047,29.6123630154,30.767464018,32.931749252,32.931749252,31.945916058,33.1776034987,33.7743602066,32.7431188706
186,2025-07-06T00:00:00,32.4259779218,31.3667695916,30.5338162991,30.3173520162,29.4096830075,28.4927430054,28.7307507184,28.2776214133,26.4918608259,26.87852067,26.8266658514,25.6947226216,25.9332320843,25.6845473267,24.8993260169,24.842500117,24.4965826377,23.6662207312,23.7051986387,23.91890303,23.4798907968,23.9029563332,23.783801218,22.5186950801,22.8051240239,23.0393001506,23.304214879,26.7572859339,29.785184539,31.9408179921,32.1082313933,32.2634165265,30.7649705473,31.6383258893,30.8720127304,30.6802625726,30.1208258799,29.3623613142,27.607819567,28.0735254379,28.0735254379,27.6519215939,29.1728583352,29.840106107,29.7273039694,30.4378332695,33.41521916,34.7642515549,37.5760378374,41.2253784335,44.3888266328,50.4884703062,54.0848917538,55.1578770404,55.801826686,59.4844331665,62.9141873125,66.8585507396,74.150201048,79.011103904,79.011103904,76.9895627327,79.2719386878,74.989004702,76.7671062028,81.2738377045,87.8489419688,91.1411674971,95.8811382956,99.402024525,103.406208913,103.180765806,101.954067654,101.045568983,101.320951546,102.515339411,99.9239659772,97.6534034563,93.5697594453,88.8190318233,84.6497492057,82.5055884785,75.5438186438,72.3200262989,69.6551945941,65.5132570827,64.6342929658,62.5384019085,60.9304115988,58.1408442025,54.9697527791,49.2896618237,47.746297139,42.9665453142,39.6139351139,34.0927988591,31.5348210296,30.7887054746,32.0250241813,31.9534994313,32.1430530088,33.085798004,33.7289560276,34.944396396,35.2689651035,34.9837352538,34.9050398142,34.286675407,33.665056317,32.5706443106,32.8149884541,33.3726939289,32.0539876867,30.2254021632,28.2804488716,26.7896036735,25.6863562761,25.6863562761,25.5410522685,25.3348135967,25.7177071525,25.4638482856,24.6713142366,26.1704579379,26.5124459618,26.5852852515,28.0542864634,28.7858503681,28.0563203381,28.636334861,28.0093699684,26.3443596424,26.396686006,27.2446934212,27.6314745154,29.2462339788,29.6123630154,31.4522069985,32.9978634104,33.1086100131,32.9745532454,33.8322827668,34.3296280996,33.7647053671
187,2025-07-07T00:00:00,32.3184386262,31.1627600762,30.436210555,30.170285485,29.1325665049,28.4516172757,28.6129625096,28.2420861254,26.3011828054,26.8266658514,26.8266658514,25.8547488289,26.2182402959,25.8290988636,25.0027082868,24.9411156683,24.4965826377,23.6662207312,23.7051986387,23.8619781257,23.4798907968,23.9204590287,23.8289978636,22.7343705598,23.0393001506,23.4038496936,23.7478373593,26.889460264,29.785184539,31.9408179921,32.0429820924,32.1456686913,30.6330113327,31.5899590421,30.7536339249,30.6240861702,30.0361358682,29.0223206813,27.3855696577,27.6599617024,27.6599617024,27.3069277726,28.8350753391,29.6486368232,29.6181206211,30.3765526357,33.41521916,35.0502287053,37.5760378374,41.2253784335,44.3888266328,49.9164483995,53.435098576,55.1578770404,55.8926965981,59.4844331665,62.9141873125,66.8585507396,74.5366786279,79.1922900891,79.1922900891,78.4427252498,79.2719386878,74.8857211631,76.7671062028,81.2738377045,87.7785800914,90.8874769556,95.6712910746,98.1214145942,102.9734197,102.072849086,101.320951546,101.045568983,101.954067654,103.063728524,102.337196742,98.8996267786,94.6633908521,90.8095196627,85.5600761462,83.624713289,76.5875395359,72.7691155004,71.5024070816,68.7050997295,65.1273709872,64.6342929658,62.157214276,59.3324348332,56.6403157576,51.2324619504,48.0759635606,43.6662358876,40.1061492379,36.1464534158,31.7286708899,31.2510845369,32.5105348826,32.3942193259,32.9033267595,33.5084802438,34.0937813037,35.4871547733,35.5562588441,35.2890103723,35.0577113409,34.4531049253,34.1010381778,32.8149884541,32.8149884541,33.4844471535,32.4846597424,30.2573571708,28.5328603383,27.0361511554,25.7941302428,25.7584826112,25.6733266079,25.6047995975,26.2500942222,26.1695781743,25.2072962545,26.5428274332,27.0024067473,26.8834863671,28.0580113873,28.7858503681,27.970839724,28.636334861,28.269673458,26.7420639816,27.1180567754,27.8714594065,27.9999412378,29.3558237047,29.6123630154,31.4522069985,32.9978634104,33.1086100131,32.9745532454,33.8322827668,34.3698367793,33.4606588711
188,2025-07-08T00:00:00,32.3843008694,31.3824972223,30.6678467482,30.436210555,29.8051280363,28.9395337877,28.9395337877,28.3165271658,26.6047635678,26.87852067,26.87852067,26.229881332,26.3135066079,26.0219106972,25.1350235904,25.0288966366,24.5630841274,23.7051986387,23.7986773176,23.91890303,23.7045188373,24.0151675768,23.9029563332,22.7898401823,23.0393001506,23.4038496936,23.7478373593,27.2452843015,30.0131526385,31.9802664021,32.1082313933,32.2634165265,30.6330113327,31.46840919,30.6802625726,30.6102277059,29.8150844319,28.8733745941,27.2574474084,27.3855696577,27.2909749068,27.2060493104,28.7001597488,29.5947047293,29.5270992208,30.2296040537,33.0976799187,34.7642515549,37.4477274862,40.9479764984,44.1880431341,49.4846750353,53.0379400988,54.9300745763,55.7538514949,59.4589688889,62.4185259728,65.9928216075,74.150201048,79.011103904,79.011103904,76.9895627327,78.5589061128,73.0336345456,76.5649210586,80.4150888295,87.3554487178,90.5031217319,95.6172626364,97.4391778598,101.570364971,101.361701063,98.6807782161,99.1736556905,101.320951546,102.857176018,102.105474887,98.4233254089,94.5773232668,89.9585726831,84.9518345924,83.5067809471,76.41937532,72.5645072778,71.2895011311,68.2823386033,64.9952267747,64.1576537884,62.0650432059,58.9425790204,56.4191680299,50.2521610904,47.8519710278,43.2934387961,40.0591008555,36.0286210506,31.5738435301,31.1306913105,32.446926734,32.1430530088,32.5534269449,33.4760261985,33.9973591298,35.3349737016,35.4871547733,35.2689651035,34.9837352538,34.3279832596,34.1010381778,32.9208452683,32.9254576072,33.5906549883,32.6092538265,30.313865583,28.5328603383,27.0361511554,26.0900803354,25.8818140146,25.7014210283,25.6733266079,26.2800780516,26.1695781743,25.1650985225,26.48308799,26.85132985,26.692527407,28.0542864634,28.6417147982,28.0563203381,28.636334861,28.3867745102,27.1180567754,27.4757577937,27.9999412378,28.3391097352,29.5873861306,29.6787263669,31.4522069985,32.9620430668,32.9978634104,32.9620430668,33.7647053671,34.199240855,33.0082096921
189,2025-07-09T00:00:00,32.2855075046,31.2935238762,30.5338162991,30.3454652427,29.7396087753,28.8369602804,28.8369602804,28.2776214133,26.4918608259,26.8266658514,26.8266658514,26.2158718019,26.239355308,25.8841496846,25.0760158228,25.0027082868,24.4965826377,23.6662207312,23.7051986387,23.8619781257,23.4798907968,23.9204590287,23.8289978636,22.7343705598,22.86406591,23.2022395793,23.4709605314,26.889460264,29.785184539,31.9408179921,32.0429820924,32.1456686913,30.5353476208,31.2821063521,30.6213586311,30.4790770343,29.533998211,28.7972325159,27.2264864436,27.2476977056,27.2060493104,27.1613023872,28.6289932354,29.5103577163,29.4942371168,30.1293334168,32.753486698,34.421539062,37.4168963884,40.4537506746,43.962583314,49.2731650672,52.5997828558,54.3565617391,55.2868989677,59.226165859,61.571226129,65.6613198549,72.9292825423,78.7832450589,78.6927015857,76.5649210586,76.9895627327,72.5671449864,75.2617336167,80.2406480081,86.9561411771,89.973329201,95.1804549507,96.816518208,100.851583048,101.195330517,97.2438430101,98.1866297389,101.045568983,102.515339411,101.2192292,97.9691297086,94.3322701561,89.7129745933,84.7389142836,82.9119250726,76.0656561518,72.4239270663,70.8195628814,68.0710220663,64.9529016314,63.6266386309,61.7213680876,58.5420294654,55.9686236086,49.8463354777,47.7866131732,43.2934387961,40.0591008555,36.0286210506,31.5738435301,31.1306913105,32.0250241813,31.9534994313,32.4003498238,33.3076155753,33.9656616717,35.1270514829,35.3617897168,35.1205505886,34.9622711571,34.286675407,33.8434990782,32.8149884541,32.8149884541,33.4844471535,32.5154273349,30.2573571708,28.2804488716,26.8407528491,25.8999451247,25.7895974653,25.6733266079,25.6047995975,26.2500942222,25.8981020367,24.9894086888,26.3102744921,26.692527407,26.5852852515,27.970839724,28.5312277139,27.970839724,28.5312277139,28.269673458,26.9113950169,27.2446934212,27.8934846522,28.2232823788,29.4993737402,29.6123630154,30.767464018,32.931749252,32.9620430668,32.9161210417,33.458104664,34.0060504475,32.9958374076
190,2025-07-10T00:00:00,32.1789625789,31.0319962761,30.436210555,30.3173520162,29.5288113335,28.6342915526,28.7307507184,28.2420861254,26.4918608259,26.8266658514,26.6047635678,25.8547488289,26.2182402959,25.8290988636,25.0288966366,25.0027082868,24.4965826377,23.6662207312,23.7051986387,23.8619781257,23.3647684718,23.9029563332,23.783801218,22.5186950801,22.8051240239,23.0393001506,23.304214879,26.7572859339,29.6460386342,31.758913418,31.9802664021,32.0010185838,30.4934270557,30.9823674659,30.4944679686,30.4312179832,29.4310278134,28.7095824416,27.2060493104,27.2476977056,27.2060493104,27.1613023872,28.6289932354,29.5103577163,29.1728583352,30.0251690169,32.400588745,34.3100505785,37.356546861,40.2972741134,43.889823627,49.037143397,52.4247181841,54.1836267939,55.1578770404,58.9796761311,61.1447260929,65.5263507513,72.2140097175,78.6468604053,78.4427252498,75.4558317123,76.9895627327,73.0336345456,76.7671062028,81.2738377045,87.3554487178,90.5031217319,95.6172626364,97.4391778598,101.570364971,101.361701063,98.6807782161,99.1736556905,101.320951546,102.857176018,102.105474887,98.4233254089,94.3322701561,89.4764765863,84.6779863562,82.6510322764,75.7472853903,72.4239270663,70.8195628814,68.2823386033,64.9952267747,63.6266386309,61.3565378367,58.3629042387,55.5072211228,49.5893916274,47.7751096505,43.0746673504,39.8158690888,35.399631178,31.5348210296,30.7887054746,31.7373829188,31.7373829188,32.1430530088,33.2628534335,33.8146647637,35.1270514829,35.4871547733,35.2689651035,34.9837352538,34.3279832596,33.8434990782,32.5706443106,32.5729479126,33.3726939289,32.4846597424,30.2254021632,28.2804488716,26.8407528491,25.8999451247,25.7895974653,25.6733266079,25.5228543369,26.1695781743,25.7177071525,24.7397449085,26.2536132764,26.5124459618,26.4937024446,27.8705793063,28.4693587798,27.8705793063,28.4693587798,28.0093699684,26.7420639816,27.1180567754,27.8714594065,27.9999412378,29.3558237047,29.5873861306,30.5525478494,32.909125787,32.931749252,32.7938969463,33.1776034987,33.7743602066,32.7431188706
191,2025-07-11T00:00:00,32.252576383,31.0973781761,30.436210555,30.3173520162,29.5288113335,28.4927430054,28.6129625096,28.0494618635,26.3011828054,26.6047635678,26.6047635678,25.8547488289,26.2182402959,25.8290988636,25.0288966366,24.9411156683,24.3350273798,23.5146206557,23.7051986387,23.8619781257,23.3647684718,23.9029563332,23.783801218,22.4158652967,22.8051240239,23.2022395793,23.4709605314,26.889460264,29.785184539,31.758913418,31.9408179921,31.7764641255,30.4700756648,30.7649705473,30.4503075712,30.4239169362,29.3623613142,28.571191485,27.1321512665,27.2060493104,27.1613023872,26.9969494061,28.5827659995,29.1728583352,28.7647809099,29.9550224341,32.137453308,34.253146088,37.2684330459,40.2479336124,43.6477572828,49.037143397,52.4247181841,54.1836267939,55.1578770404,58.9796761311,60.9966450922,64.864862218,72.0097717256,78.4427252498,76.9168679824,74.934245687,76.5649210586,72.5671449864,76.5649210586,80.4150888295,86.9561411771,89.973329201,95.1804549507,96.816518208,100.851583048,101.195330517,97.2438430101,98.1866297389,101.045568983,102.515339411,101.2192292,97.9691297086,93.9166321057,88.8190318233,84.6497492057,82.5055884785,75.5438186438,72.3539658939,70.0258157553,68.0710220663,64.9529016314,62.7994876957,60.9304115988,58.1408442025,54.9697527791,49.5893916274,47.7866131732,43.2934387961,40.0591008555,36.0286210506,31.5348210296,30.7887054746,31.687769065,31.687769065,31.9534994313,33.2628534335,33.8146647637,35.1270514829,35.4871547733,35.2689651035,34.9622711571,34.286675407,33.665056317,32.0847548463,32.5154273349,33.3726939289,32.4846597424,30.2254021632,28.2804488716,26.8407528491,25.7941302428,25.7584826112,25.6047995975,25.4370062812,26.1695781743,25.7177071525,24.7397449085,26.3102744921,26.692527407,26.4937024446,27.8705793063,28.4693587798,27.6957502889,28.4693587798,28.269673458,26.9113950169,27.2446934212,27.9999412378,28.3391097352,29.4993737402,29.6123630154,30.5525478494,32.909125787,32.909125787,31.945916058,33.1086100131,33.7647053671,32.0097078287
192,2025-07-12T00:00:00,32.1382798964,30.8801433136,30.3454652427,30.3173520162,29.7396087753,28.8369602804,28.8369602804,28.3165271658,26.8561918308,26.87852067,26.8266658514,26.229881332,26.239355308,25.8290988636,25.0288966366,24.9411156683,24.2928383973,23.5146206557,23.7986773176,24.0147143215,23.7045188373,24.0151675768,23.9029563332,22.7343705598,22.86406591,23.4038496936,23.7478373593,26.889460264,29.785184539,31.9408179921,31.9802664021,32.0010185838,30.4934270557,30.7649705473,30.4312179832,30.1208258799,29.3623613142,28.7095824416,27.2264864436,27.6599617024,28.0735254379,27.6519215939,29.1728583352,29.840106107,29.5270992208,30.1293334168,32.400588745,34.253146088,37.1973614063,40.2479336124,43.6477572828,49.2731650672,53.0379400988,55.1578770404,56.1441487511,59.4844331665,62.4185259728,65.9928216075,72.9292825423,79.011103904,79.1922900891,78.4427252498,79.5909391365,75.4558317123,78.0236616035,83.2379405813,88.253489898,91.6906103722,96.816518208,99.4992291306,104.120942862,104.309790641,102.432378988,101.954067654,102.857176018,104.813638931,102.857176018,99.6428824301,94.6633908521,89.9585726831,84.7389142836,82.6510322764,75.5438186438,72.3200262989,69.6551945941,66.0350644309,64.7052809723,62.5384019085,60.6233943037,58.0895364691,54.5824742616,49.2896618237,47.7751096505,43.0746673504,39.8158690888,35.399631178,31.2990731919,30.492744032,31.5729212072,31.5633024133,31.7373829188,33.085798004,33.7289560276,34.9856974883,35.3617897168,35.1205505886,34.9050398142,34.1010381778,33.5937854489,31.95574959,32.3917827963,33.0925117031,32.3842348733,30.176332092,27.9459435046,26.7896036735,25.7584826112,25.6863562761,25.5410522685,25.3348135967,25.8981020367,25.4638482856,24.7397449085,26.48308799,27.0024067473,26.8834863671,28.0580113873,28.6417147982,27.8705793063,28.4693587798,28.0093699684,26.9113950169,27.2179406635,27.8934846522,28.2232823788,29.4993737402,29.6123630154,30.5330791217,32.7938969463,32.7938969463,31.945916058,33.1776034987,33.890205327,32.9999615024
193,2025-07-13T00:00:00,32.016231849,30.7451146882,30.2096699317,30.170285485,29.5288113335,28.6342915526,28.7307507184,28.2776214133,26.6047635678,26.8266658514,26.6047635678,26.2158718019,26.2182402959,25.8290988636,25.0760158228,25.0027082868,24.3350273798,23.6662207312,23.7986773176,23.91890303,23.4798907968,23.9204590287,23.8289978636,22.5186950801,22.8051240239,23.2022395793,23.4709605314,26.7572859339,29.6460386342,31.758913418,31.9408179921,31.7764641255,30.4700756648,30.6330113327,30.4239169362,30.0361358682,29.0223206813,28.571191485,27.2060493104,27.6599617024,28.0735254379,27.6519215939,29.1728583352,29.840106107,29.4942371168,30.0251690169,32.137453308,33.8856597581,37.1973614063,40.2479336124,43.6477572828,49.2731650672,52.5997828558,54.9300745763,55.8926965981,59.4844331665,62.4185259728,65.9928216075,72.2140097175,78.7832450589,79.011103904,76.9895627327,79.2719386878,76.5649210586,79.6592115173,83.7712279881,88.7330548345,91.8170218165,96.816518208,99.402024525,103.406208913,103.180765806,101.954067654,101.320951546,102.420942665,103.981811225,102.515339411,99.5663856369,94.5773232668,89.7129745933,84.6779863562,82.5055884785,75.3899214469,71.7289430372,69.5531238978,65.5132570827,64.6342929658,62.4773905472,60.1231443865,58.051654244,54.4293787074,49.2896618237,47.7866131732,43.2934387961,40.0591008555,36.1464534158,31.5348210296,30.492744032,31.5729212072,31.5633024133,31.7373829188,33.085798004,33.7289560276,35.1270514829,35.5562588441,35.2689651035,34.9622711571,34.286675407,33.5937854489,31.854509732,32.0539876867,33.0204514706,32.0539876867,30.0623132559,27.8721993825,26.7816791442,25.6863562761,25.6047995975,25.5109650561,25.2072962545,25.8981020367,25.4638482856,24.7397449085,26.48308799,27.0024067473,26.692527407,28.0542864634,28.5312277139,27.6957502889,28.4693587798,28.0093699684,26.9113950169,27.2179406635,27.8934846522,27.9999412378,29.3558237047,29.5873861306,30.0742314776,32.6832236695,31.922993838,31.7179562277,33.1086100131,33.7695327868,32.9875892179
194,2025-07-14T00:00:00,31.9655551055,30.6877802215,29.9016844202,29.8924343618,29.4096830075,28.4927430054,28.6129625096,28.2420861254,26.4918608259,26.6047635678,26.3158884863,25.8547488289,25.9332320843,25.6845473267,25.0288966366,24.9411156683,24.2928383973,23.5146206557,23.7051986387,23.8619781257,23.3647684718,23.9029563332,23.783801218,22.4158652967,22.7898401823,23.0393001506,23.304214879,26.5284401562,29.404673562,31.1622550323,31.758913418,31.7178249514,30.4503075712,30.5353476208,30.0336881913,29.588690107,28.8733745941,28.5068753773,27.1321512665,27.3855696577,27.6599617024,27.3069277726,28.8350753391,29.6486368232,29.1728583352,29.9550224341,32.0529746157,33.6554454125,37.163262376,40.158673115,43.4199629977,49.037143397,52.4247181841,54.3565617391,55.7538514949,59.4589688889,61.571226129,65.6613198549,72.0097717256,78.6468604053,78.6927015857,76.5649210586,78.8459839258,75.4558317123,78.9127937614,83.2379405813,88.253489898,91.6906103722,95.8811382956,98.1214145942,102.9734197,102.072849086,101.320951546,101.045568983,101.954067654,103.063728524,102.337196742,98.8810904665,94.3322701561,89.4764765863,84.6497492057,82.0019565421,75.3011399421,71.309563532,69.4088033279,65.1273709872,64.5523478129,62.3953205107,59.658109612,57.5692324264,53.7386361895,49.1166332635,47.7751096505,43.2934387961,39.8158690888,36.0286210506,31.2990731919,30.4265251434,31.5348210296,31.3753504787,31.687769065,33.0013725355,33.6013313595,34.9856974883,35.4871547733,35.1205505886,34.9050398142,34.1010381778,33.2247509252,31.775021648,31.95574959,32.9839605756,31.8598800093,30.0623132559,27.9459435046,26.7896036735,25.7584826112,25.6863562761,25.5109650561,25.1650985225,25.7177071525,25.3324253085,24.7397449085,26.48308799,27.0024067473,26.692527407,28.0542864634,28.4693587798,27.4836171287,28.4492795051,27.870659132,26.7420639816,27.1180567754,27.8714594065,27.9999412378,29.2462339788,29.4993737402,29.9469524374,31.9022831306,31.922993838,31.7179562277,33.1086100131,33.7719464967,32.9958374076
195,2025-07-15T00:00:00,31.9135493572,30.6944247125,29.9016844202,29.8924343618,29.5288113335,28.8369602804,28.7307507184,28.2776214133,26.6047635678,26.6047635678,26.229881332,25.6947226216,25.7845378016,25.6235793836,25.0027082868,24.842500117,24.2014709469,23.5146206557,23.7986773176,24.0147143215,23.7904322521,24.1411344171,23.9029563332,22.5186950801,22.7898401823,22.86406591,23.0647939756,26.4455478963,29.404673562,31.758913418,31.9408179921,31.7764641255,30.4700756648,30.5353476208,29.8247791098,29.4310278134,28.7972325159,28.2535791214,26.989661626,27.2476977056,27.2909749068,27.2060493104,28.7001597488,29.5947047293,28.7647809099,29.8619300572,31.9491302042,33.5085161753,37.0361265806,39.9986147245,43.2652364078,47.7188646003,52.3492755441,54.1836267939,55.2868989677,59.226165859,61.1447260929,65.5263507513,71.62336366,78.4427252498,78.4427252498,76.5649210586,78.4691198812,76.5649210586,78.9127937614,83.0622473501,87.8661941021,91.1411674971,95.6712910746,97.4391778598,101.570364971,101.361701063,98.6807782161,99.1736556905,101.320951546,102.857176018,102.105474887,98.8810904665,94.5773232668,89.9585726831,84.9518345924,82.9119250726,75.5438186438,72.3200262989,69.5531238978,65.1273709872,64.1378644545,62.2579410057,59.5681968205,57.3025109445,53.3469108959,49.083003553,47.746297139,43.0746673504,39.6464486703,35.399631178,31.2166369078,30.4265251434,31.5348210296,31.3753504787,31.687769065,33.085798004,33.6013313595,34.9856974883,35.5562588441,35.2890103723,34.9837352538,34.3279832596,33.665056317,31.95574959,32.3917827963,33.0204514706,32.0539876867,30.176332092,27.9459435046,26.7896036735,25.7584826112,25.7584826112,25.6047995975,25.3348135967,26.1695781743,25.4638482856,24.7397449085,26.48308799,27.1805389398,26.8834863671,28.0580113873,28.5312277139,27.4836171287,28.3843199056,27.6957502889,26.5021720741,26.9113950169,27.6314745154,27.8934846522,28.9415575182,29.3558237047,29.7816097928,31.7006861846,31.6852179182,31.6852179182,33.0273957622,33.7622916572,32.7431188706
196,2025-07-16T00:00:00,31.8588855992,30.6678467482,29.5264303902,29.8051280363,29.4096830075,28.6342915526,28.6129625096,28.2420861254,26.4918608259,26.4918608259,26.2158718019,25.5909737354,25.6947226216,25.4049383333,24.9411156683,24.743802402,24.1450204876,23.438611291,23.7051986387,23.91890303,23.7045188373,24.0151675768,23.8289978636,22.4158652967,22.7343705598,22.8051240239,22.8418946614,26.2842844425,29.3467303785,31.1622550323,31.758913418,31.7178249514,30.4503075712,30.4934270557,29.5412970229,29.3127798281,28.7095824416,28.1242782234,26.7138639197,27.2060493104,27.2060493104,27.1613023872,28.6289932354,29.5103577163,28.6289932354,29.8198514242,31.5642909348,33.3733723581,36.9106989664,39.8792640896,43.1586915595,47.1448905119,52.3256625204,54.1502240558,55.1578770404,58.9796761311,60.9966450922,64.864862218,71.2144413329,77.9381561511,77.9381561511,75.4558317123,77.9381561511,75.4558317123,77.8670655363,82.3640002373,87.7785800914,91.1411674971,95.6712910746,97.4391778598,101.570364971,102.072849086,101.954067654,101.045568983,101.954067654,103.063728524,102.105474887,98.4233254089,94.3322701561,89.7129745933,84.7389142836,82.6510322764,75.3899214469,71.7289430372,69.4088033279,64.9952267747,63.6266386309,62.157214276,59.4378281436,56.8526613257,53.2805621562,49.0175071112,47.7377663245,43.0303607141,39.6139351139,34.0927988591,31.1867236273,30.3643577881,30.8715534926,31.0331779978,31.4062365609,33.0013725355,33.5084802438,34.944396396,35.4871547733,35.2689651035,34.9622711571,34.286675407,33.5937854489,31.854509732,32.0539876867,32.9839605756,31.8598800093,30.0623132559,27.8721993825,26.7816791442,25.6863562761,25.6863562761,25.5410522685,25.2072962545,25.8981020367,25.3324253085,24.6713142366,26.3102744921,27.0024067473,26.692527407,28.0542864634,28.4693587798,27.3909044286,28.269673458,27.3857563202,26.3443596424,26.7420639816,27.4757577937,27.8714594065,28.7888722643,29.2462339788,29.6381945057,31.6018082964,31.5979412298,31.5979412298,32.9917133127,33.458104664,32.0097078287
197,2025-07-17T00:00:00,31.8256096956,30.5656627886,29.1024337482,29.7396087753,29.1325665049,28.4927430054,28.4927430054,28.0494618635,26.3011828054,26.3011828054,25.8547488289,25.5509363691,25.4170047724,25.3018133601,24.8993260169,24.5436732558,24.0830005825,23.3647684718,23.6662207312,23.8619781257,23.4798907968,23.9204590287,23.783801218,22.3653993478,22.5186950801,22.7898401823,22.7898401823,26.163962475,29.2848534578,30.7875882798,31.6522235788,31.6738239436,30.2109857214,30.4934270557,29.8247791098,29.4310278134,28.7972325159,28.2535791214,26.7138639197,27.1613023872,27.1613023872,26.9969494061,28.5827659995,29.1728583352,28.4405888547,29.7544097524,31.1713306241,32.8157072139,36.7596697602,39.7656644549,43.054399829,46.3213232918,52.1580592762,54.0848917538,54.9300745763,57.9007724721,60.9739481225,64.3348694398,70.9993385213,75.9074464935,76.8020694132,74.934245687,76.8747641634,74.989004702,77.6271978731,81.9217337904,87.3554487178,90.8874769556,95.6172626364,96.816518208,100.851583048,101.361701063,101.320951546,99.1736556905,101.320951546,102.857176018,101.2192292,97.9691297086,93.9166321057,89.4764765863,84.6779863562,82.5055884785,75.3011399421,71.309563532,69.2954624227,64.9529016314,62.7994876957,62.157214276,59.5681968205,57.3025109445,53.7386361895,49.1166332635,47.746297139,43.0303607141,39.6139351139,34.0927988591,31.1306913105,30.1981609273,30.492744032,30.800487665,31.0936147139,32.9033267595,33.4760261985,34.9008595101,35.3617897168,35.1205505886,34.9050398142,34.1010381778,33.2247509252,31.775021648,31.95574959,32.9148122843,31.775021648,30.018418212,27.6831677714,26.683969598,25.6047995975,25.6047995975,25.5109650561,25.1650985225,25.7177071525,25.2072962545,24.59156377,26.2536132764,26.85132985,26.5852852515,27.970839724,28.4492795051,27.3627814654,28.0090506654,27.2179406635,26.1235913735,26.7420639816,27.4757577937,27.8714594065,28.7888722643,29.2462339788,29.6123630154,31.5306690635,31.5306690635,31.5306690635,32.9745532454,33.1577489815,31.7554938679
198,2025-07-18T00:00:00,31.8030277192,30.4690901823,28.7781314489,29.1574087314,29.0259606356,28.4516172757,28.4357710416,27.9282349198,26.229881332,26.229881332,25.6947226216,25.3250200418,25.3018133601,25.2736123497,24.8356523634,24.4965826377,23.9916991489,23.3458351327,23.4753281642,23.7986773176,23.3647684718,23.9029563332,23.7028610788,22.2694260183,22.3117641738,22.7343705598,22.7343705598,25.9612172449,29.269105147,30.7255478758,31.1465222711,31.6418909089,30.0739376739,30.4700756648,29.5412970229,29.3127798281,28.7095824416,28.1242782234,26.478460956,26.9969494061,26.9969494061,26.7138639197,28.4323816024,28.8350753391,28.2980862865,29.7273039694,30.9813187027,32.400588745,36.3862210479,39.7656644549,43.1586915595,47.7188646003,52.4247181841,54.9300745763,55.8926965981,59.4589688889,61.1329875744,64.3348694398,70.50521108,75.2321759823,75.4558317123,74.2199756166,76.5649210586,74.8857211631,77.3526145666,81.2053031191,86.9561411771,90.5031217319,95.1804549507,95.8811382956,99.8710836914,101.195330517,98.6807782161,98.1866297389,101.045568983,102.515339411,99.9239659772,97.7630455238,93.5697594453,88.8190318233,84.6497492057,82.0019565421,74.7149865109,70.8195628814,68.9332310749,64.8387474569,62.5384019085,62.0650432059,59.4378281436,56.8526613257,53.3469108959,49.083003553,47.7377663245,42.9665453142,39.4888428093,34.0927988591,31.1867236273,30.4265251434,31.5729212072,31.5633024133,31.687769065,33.0013725355,33.4760261985,34.3064791057,35.2890103723,35.0577113409,34.8541193793,33.7180224476,33.051038764,31.6647478948,31.854509732,32.8149884541,31.6647478948,29.9320319661,27.5321270128,26.5703500251,25.5410522685,25.5410522685,25.440941067,25.1394732393,25.4734014386,25.1650985225,24.3834286438,26.1704579379,26.692527407,26.4937024446,27.8705793063,28.3843199056,27.1512359233,27.8705793063,27.1180567754,25.9516278322,26.396686006,27.3446951428,27.6314745154,28.7567675513,29.1936850857,29.5873861306,31.4164234998,31.5306690635,31.5306690635,32.9745532454,33.0393816937,31.7652374814
199,2025-07-19T00:00:00,31.3404088533,30.4011943667,28.6666191384,28.9395337877,28.9395337877,28.4314961537,28.3082907194,27.8526501174,26.2158718019,26.2158718019,25.5909737354,25.1350235904,25.2736123497,25.1350235904,24.743802402,24.3350273798,23.9497792064,23.3007144886,23.3647684718,23.7051986387,23.1134997014,23.8619781257,23.4608342407,22.2430196378,22.2480019817,22.5186950801,22.6006898694,25.8761471157,28.7302715799,30.6089469006,30.7846583394,31.1465222711,29.9599578921,30.4503075712,29.4310278134,28.9424222842,28.6243335965,28.0735254379,26.4321895139,26.7138639197,26.7138639197,26.5192188712,28.4323816024,29.1728583352,28.6289932354,29.8619300572,31.9491302042,32.8157072139,36.7596697602,39.7656644549,43.1586915595,49.037143397,53.0379400988,55.2868989677,56.4763722926,60.1487317299,62.9141873125,65.9928216075,72.0097717256,78.4427252498,77.9381561511,75.4558317123,77.9381561511,74.989004702,77.6271978731,82.3640002373,87.7785800914,91.1411674971,95.8811382956,99.402024525,103.406208913,104.309790641,102.432378988,101.045568983,101.320951546,102.515339411,99.6428824301,97.6534034563,93.5009562643,88.4779835833,84.2928256894,81.415955752,73.424247009,69.8272734155,68.8072772456,64.6788108559,62.4773905472,61.4462955541,59.299937052,56.6830682941,53.2805621562,49.0175071112,47.3966996338,42.8592939027,39.1819290971,34.0927988591,31.1867236273,30.4265251434,31.5348210296,31.3753504787,31.4062365609,32.9033267595,33.3076155753,34.0937813037,35.2689651035,34.9837352538,34.7567222874,33.5937854489,33.0288679826,31.5937707829,31.775021648,32.5729479126,31.5937707829,29.6665932335,27.4993149731,26.4870015736,25.5109650561,25.5109650561,25.4206376547,25.0604264366,25.3348135967,25.0658564499,24.2131572485,26.0078780429,26.5124459618,26.4164518673,27.6978403989,28.1266562402,26.9113950169,27.6957502889,26.9113950169,25.9181637981,26.1426871369,27.2179406635,27.4757577937,28.7485176979,28.9333461174,29.5749360183,31.1162010888,31.4164234998,31.4164234998,32.9620430668,33.0040855972,31.7506220612
200,2025-07-20T00:00:00,30.9813786219,30.326888868,28.6017939132,28.8369602804,28.8369602804,28.3873465432,28.2776214133,27.6522563201,25.8547488289,25.8547488289,25.5509363691,25.0352315269,25.1350235904,25.0760158228,24.5436732558,24.2928383973,23.7369545007,23.233219408,23.3458351327,23.7051986387,23.1134997014,23.8619781257,23.4608342407,22.2430196378,22.1232122237,22.3117641738,22.4885895553,25.7374272435,28.5360363587,30.5294344122,30.5584015347,30.7863047302,29.9103035666,30.4312179832,29.3222445798,28.7972325159,28.554431367,27.8636414278,26.1439780496,26.5192188712,26.5192188712,26.4845941187,28.2316806101,28.8350753391,28.4405888547,29.8198514242,31.5642909348,32.4122159158,36.3862210479,39.7359344431,43.054399829,47.7188646003,52.5997828558,55.1578770404,56.3997435709,60.1487317299,62.4185259728,65.6613198549,71.62336366,77.9381561511,76.8020694132,74.934245687,76.8747641634,74.8857211631,77.3526145666,81.9217337904,87.3554487178,90.8874769556,95.6712910746,98.1214145942,102.9734197,103.180765806,101.954067654,99.1736556905,101.045568983,102.337196742,98.8996267786,97.182944361,93.2984323316,88.3960425171,83.6276835455,80.835369138,72.96845002,69.5531238978,68.6949923258,64.6342929658,62.3953205107,61.2877697033,58.9425790204,56.425705609,52.2680109317,48.9270202917,47.0991401864,42.7664111894,38.1032725658,33.576213485,31.1306913105,30.3643577881,30.8715534926,31.0331779978,31.0936147139,32.5534269449,33.2628534335,33.9973591298,35.1205505886,34.9622711571,34.615937143,33.2247509252,33.0101226434,31.5143391043,31.6647478948,32.5154273349,31.5143391043,29.5641776778,27.3025203533,26.4296545084,25.4588427235,25.4588427235,25.3348135967,24.8116024366,25.2072962545,24.9655744781,24.1278895415,25.9609984642,26.2949178089,26.2859048449,27.6575345885,28.0580113873,26.6261153461,27.4184711902,26.7420639816,25.812092062,25.9537788273,27.0674746697,27.3446951428,28.464875596,28.7888722643,29.4978205388,30.6988121852,31.2344600658,31.243306734,32.9620430668,33.0082096921,31.7603656747
201,2025-07-21T00:00:00,30.8295256594,30.2096699317,28.4756434539,28.6860763331,28.6342915526,28.2973853692,28.2519461967,27.5475141414,25.7543552232,25.6947226216,25.2091761825,25.0027082868,25.0760158228,25.0288966366,24.4965826377,24.2014709469,23.6662207312,23.2137139682,23.3007144886,23.6662207312,23.0089612755,23.8188505617,23.2025190242,22.1232122237,22.0200181666,22.2480019817,22.3117641738,25.6403874242,28.505804404,30.4934270557,30.4934270557,30.5588131324,29.8182677098,30.2071752578,29.2884822582,28.7095824416,28.554431367,28.0735254379,26.4321895139,26.7138639197,26.7138639197,26.4845941187,28.1836488293,28.7001597488,28.2980862865,29.7544097524,31.1713306241,32.3328943435,35.8620793866,39.5227116517,42.9959620289,47.1448905119,52.4247181841,54.9300745763,56.1441487511,59.6703846402,61.571226129,65.5263507513,71.2144413329,75.9074464935,75.4558317123,74.2199756166,76.5649210586,73.0336345456,76.7671062028,81.9217337904,87.7785800914,91.6906103722,97.4391778598,99.4992291306,103.406208913,103.180765806,101.320951546,98.1866297389,99.1736556905,101.954067654,98.0418985443,96.9507286228,92.9636164352,88.3505842761,82.9119250726,80.2337326806,72.96845002,69.5531238978,68.252554886,64.5523478129,62.1870702549,61.2877697033,58.9425790204,56.425705609,52.2680109317,48.9270202917,47.0066710226,42.6035867728,36.8189019379,33.1911261208,30.7887054746,30.1981609273,30.492744032,30.800487665,30.9725606724,32.4003498238,33.085798004,33.9656616717,35.0577113409,34.9050398142,34.355995189,33.2150743419,33.0101226434,31.4550716453,31.5937707829,32.4846597424,31.4550716453,29.5231253705,27.1476913769,26.3426072224,25.4290478546,25.4290478546,25.1916753355,24.6845006335,25.1650985225,24.7397449085,24.0244573322,25.878090558,26.1428561223,26.2512109118,27.4836171287,28.0542864634,26.4731849152,27.1512359233,26.5021720741,25.6795891676,25.8863304444,26.7764036787,27.2179406635,28.3391097352,28.7514537535,29.3558237047,30.5525478494,31.0771140002,31.1975846443,32.9161210417,32.9917133127,31.7457502544
202,2025-07-22T00:00:00,30.7451146882,29.7421667378,28.4314961537,28.6017939132,28.4927430054,28.2519461967,28.2357209673,27.4499251781,25.6920821805,25.5909737354,25.1060626256,24.9137246543,25.0288966366,25.0027082868,24.3350273798,24.1705682367,23.5146206557,23.0709755244,23.233219408,23.4753281642,22.9807339205,23.7904322521,23.0741283742,22.0200181666,21.861178567,22.1232122237,22.2542598201,25.5831948862,28.3664690797,30.4579924811,30.4700756648,30.4934270557,29.5412970229,30.0739376739,29.0873569452,28.6412289741,28.554431367,28.0735254379,26.4321895139,26.7138639197,26.7138639197,25.8175417284,27.8010620779,28.6289932354,28.2980862865,29.8198514242,31.5642909348,32.4122159158,36.3862210479,39.5227116517,42.0050244116,46.3213232918,52.3492755441,54.3565617391,56.1441487511,59.6703846402,61.571226129,65.5263507513,70.9993385213,75.2321759823,75.1745649452,72.6768911182,75.4558317123,72.5671449864,76.5649210586,81.2053031191,87.3554487178,91.1411674971,96.816518208,99.402024525,102.9734197,102.072849086,99.7370971309,98.1866297389,98.7743246444,101.320951546,97.6810853235,96.799368886,92.9636164352,87.4285779004,82.6510322764,80.0068225399,72.7251537243,69.4159951043,68.1098260889,64.1378644545,62.0650432059,60.7122030627,58.5420294654,55.9686236086,51.5609752293,48.813819439,46.7114528133,42.6035867728,38.1032725658,33.576213485,31.1306913105,30.3643577881,30.492744032,30.717319568,30.800487665,32.2544077612,33.085798004,33.9973591298,35.1205505886,34.9622711571,34.615937143,33.2150743419,32.9208452683,31.264320689,31.5143391043,32.3842348733,31.3278360622,29.3220719211,27.0585538592,26.2036125813,25.4206376547,25.4206376547,25.1394732393,24.6074701536,25.1394732393,24.6713142366,23.9628204628,25.8396837488,26.000977589,26.1428561223,27.3909044286,27.970839724,26.4113224849,26.9113950169,26.3195492106,25.601470242,25.8042976577,26.5066166663,27.1072351471,28.2264452526,28.464875596,29.2133883756,30.5330791217,30.6988121852,31.1204293538,31.993233732,32.9708738494,31.7159134604
203,2025-07-23T00:00:00,30.6944247125,29.1575330255,28.3873465432,28.4756434539,28.4516172757,28.2357209673,28.197611523,27.4248689983,25.5909737354,25.5509363691,25.0621606206,24.758008877,25.0027082868,24.9411156683,24.1937700259,24.0893875197,23.438611291,22.9883535457,23.2137139682,23.3647684718,22.8362406684,23.7045188373,23.0741283742,22.1232122237,22.0200181666,22.2480019817,22.3117641738,25.5831948862,28.2175283223,30.211812659,30.4536153218,30.4700756648,29.4653640721,30.0739376739,29.2884822582,28.7095824416,28.6243335965,28.1242782234,26.4321895139,26.5192188712,26.5192188712,25.6496173396,27.6519215939,28.4405888547,28.2002502484,29.7544097524,31.1713306241,32.3328943435,35.8620793866,39.4323280541,41.3647426995,45.8692188854,52.3256625204,54.1836267939,55.8926965981,59.5466095919,61.3424263864,64.864862218,70.50521108,75.1745649452,74.9321112239,72.2007008793,75.4558317123,73.0336345456,76.7671062028,81.2053031191,87.3554487178,91.1411674971,95.8811382956,99.3774976878,101.570364971,101.361701063,99.0862332971,97.2672990769,98.1866297389,101.045568983,97.182944361,96.4207567046,92.9636164352,88.3505842761,83.6276835455,81.415955752,73.8829996809,69.8272734155,68.252554886,64.1378644545,61.4462955541,60.4526837038,58.1637407177,55.539858989,51.4158417092,48.6635231558,46.3801386826,42.4601396188,36.8189019379,33.1911261208,31.1306913105,30.3643577881,30.492744032,30.717319568,30.800487665,32.1110111745,33.0013725355,33.9656616717,35.0577113409,34.9050398142,34.355995189,33.0839642426,32.8149884541,31.2190922167,31.4550716453,32.0539876867,31.2351580095,29.2139849191,27.0002893898,26.0900803354,25.1911653724,25.1911653724,25.0604264366,24.6074701536,25.0604264366,24.6713142366,23.9389763953,25.8313043064,25.9609984642,26.000977589,27.3627814654,27.8705793063,26.3099184042,26.6261153461,26.1173887656,25.3540078174,25.8042976577,26.5066166663,27.1072351471,28.2264452526,28.464875596,28.8519041562,30.061370679,30.5582031281,31.0583780943,31.7457502544,32.4819331548,31.6784659796
204,2025-07-24T00:00:00,30.6744912393,28.7057404722,28.3260872975,28.4314961537,28.4314961537,28.197611523,28.0424730121,27.4176223985,25.5509363691,25.3961274344,24.9244549966,24.6422847482,24.9411156683,24.8993260169,24.0893875197,23.9916991489,23.3976798606,22.9883535457,23.2137139682,23.3647684718,22.8362406684,23.7045188373,23.0089612755,22.0200181666,21.861178567,22.1232122237,22.2542598201,25.4133239935,28.0751884921,30.0739376739,30.211812659,30.4536153218,29.3308286445,29.9599578921,29.0873569452,28.6412289741,28.6243335965,28.1242782234,26.4321895139,26.7138639197,26.9969494061,26.4845941187,28.1836488293,28.7001597488,28.4405888547,29.8619300572,31.9491302042,32.8470697225,36.9106989664,39.7656644549,42.9959620289,46.3213232918,52.3256625204,54.1502240558,55.7538514949,59.4844331665,61.2965758657,64.3348694398,70.1415281164,74.8897287834,74.8296489688,72.1181187111,74.989004702,72.5671449864,76.7671062028,81.9217337904,87.7785800914,91.6906103722,96.816518208,99.3774976878,100.851583048,101.195330517,98.2465536313,97.0469960329,97.9099557911,99.9239659772,97.0469960329,96.3172662302,92.4780690125,87.4285779004,82.9119250726,80.835369138,73.2519565639,69.5531238978,68.252554886,64.5523478129,62.0650432059,60.7122030627,58.9425790204,55.9686236086,51.4158417092,48.3963835678,46.3801386826,42.4601396188,38.1032725658,34.0927988591,31.1867236273,30.3643577881,30.4265251434,30.492744032,30.717319568,31.9594796989,32.9033267595,33.7659707502,34.9837352538,34.6472053508,34.286675407,33.0382832869,32.1405477224,31.2019218064,31.3278360622,31.95574959,31.2019685438,28.8593103449,26.8407528491,25.8999451247,24.830006634,25.0604264366,24.9574974835,24.5766497033,24.9574974835,24.6074701536,23.9171420133,25.6026323063,25.9609984642,26.1428561223,27.3909044286,27.970839724,26.4113224849,26.6261153461,25.9516278322,25.2504204006,25.6795891676,26.3454707904,27.0460483982,28.1985654737,28.2402421145,28.7514537535,29.7816097928,30.5344929414,30.7164676425,31.7179562277,31.7603656747,31.5949171578
205,2025-07-25T00:00:00,30.6293557676,28.6535786938,28.2891916388,28.3873465432,28.3873465432,28.1502950324,28.0039939058,27.3388527392,25.3961274344,25.2399483953,24.8604042635,24.301385615,24.8993260169,24.8356523634,23.9916991489,23.9497792064,23.3569913949,22.8753379653,23.0862194878,23.3458351327,22.741945557,23.4608342407,22.8613423498,21.861178567,21.7531959256,21.8795633546,22.243396311,25.3298783911,28.0444930293,30.0739376739,30.211812659,30.4536153218,29.3308286445,30.0739376739,29.0873569452,28.6412289741,28.6243335965,28.1242782234,26.4321895139,26.5192188712,26.7138639197,25.8175417284,27.8010620779,28.6289932354,28.2980862865,29.8198514242,31.5642909348,32.6908341489,36.7596697602,39.7359344431,42.0050244116,45.8692188854,52.1580592762,54.0848917538,55.2868989677,59.4589688889,61.1244595738,63.8376382445,69.7415064852,74.6364177703,74.6364177703,71.9218270295,74.8857211631,72.3785832646,76.5649210586,81.2053031191,87.3554487178,91.1411674971,95.8811382956,98.1190025355,99.8710836914,99.7370971309,97.2438430101,97.0469960329,98.1866297389,101.045568983,98.0418985443,97.182944361,93.5697594453,88.8190318233,84.6779863562,82.6510322764,75.3011399421,70.8195628814,68.6949923258,64.5523478129,61.4462955541,60.4526837038,58.5420294654,55.539858989,51.3655228452,48.6628699493,46.7114528133,42.6035867728,39.1819290971,35.3012807124,31.2166369078,30.4265251434,30.4681704922,30.6080436237,30.800487665,31.9594796989,32.9033267595,33.7659707502,34.9622711571,34.6472053508,34.286675407,33.0382832869,32.1405477224,31.2019218064,31.2351580095,31.854509732,30.963038957,28.6543051354,26.7896036735,25.7941302428,24.7008532612,24.9574974835,24.7904712477,24.4752006237,24.7377256598,24.5766497033,23.8543759317,25.4353101825,25.878090558,26.000977589,27.3627814654,27.8705793063,26.3099184042,26.4731849152,25.9181637981,25.1815040382,25.3669032429,26.1426871369,26.7764036787,28.0434244435,28.1985654737,28.7251874928,29.6381945057,30.2026982047,30.5626169924,31.6852179182,31.7408784477,31.4726606171
206,2025-07-26T00:00:00,30.7113213711,29.5961005845,28.4314961537,28.4756434539,28.4314961537,28.1502950324,27.9282349198,27.2063004412,25.2399483953,25.1419713393,24.6678835948,24.1790769258,24.8356523634,24.8356523634,24.0893875197,23.9916991489,23.438611291,23.2137139682,23.233219408,23.4753281642,23.0089612755,23.7904322521,23.0741283742,22.2430196378,22.0200181666,22.2480019817,22.4885895553,25.6403874242,28.3664690797,30.5294344122,30.4934270557,30.4934270557,29.4653640721,30.0739376739,28.8334661811,28.611797323,28.554431367,28.0735254379,26.1439780496,26.1548432143,26.5192188712,25.6496173396,27.6519215939,28.6289932354,28.4405888547,29.8619300572,31.9491302042,32.8470697225,36.7596697602,39.5227116517,41.3647426995,45.5568197155,51.9662833739,53.9195568064,55.1578770404,59.226165859,60.9966450922,63.5668257404,69.2371193431,74.5366786279,74.6364177703,72.1181187111,75.4558317123,73.0336345456,77.3526145666,81.9217337904,86.9561411771,90.8874769556,95.6712910746,97.4391778598,99.4300664861,99.0862332971,96.0765937841,96.0765937841,97.9099557911,100.750603111,97.6810853235,96.9507286228,93.5009562643,88.4779835833,84.6497492057,82.5055884785,74.7149865109,69.8272734155,68.252554886,64.1378644545,61.2877697033,60.09410477,58.1637407177,55.4248357107,51.2324619504,48.3963835678,46.3801386826,42.4601396188,38.1032725658,34.0927988591,31.1867236273,30.3643577881,30.4265251434,30.4681704922,30.717319568,31.9225762345,32.6765303711,33.6013313595,34.944396396,34.355995189,34.1010381778,33.0288679826,32.1405477224,31.2190922167,31.3278360622,31.95574959,31.2019685438,28.6543051354,26.7816791442,25.7584826112,24.6089876657,24.7904712477,24.7904712477,24.5766497033,24.9574974835,24.6074701536,23.9171420133,25.4353101825,25.8396837488,25.9609984642,27.3627814654,27.970839724,26.4113224849,26.6261153461,25.9516278322,25.2186971445,25.2504204006,25.9537788273,26.5483398223,27.9043554537,28.0434244435,28.4593751571,29.587413789,29.9540840887,30.5626169924,31.7179562277,32.0041360392,31.6909484732
207,2025-07-27T00:00:00,30.6811357304,29.3332273889,28.3873465432,28.4756434539,28.4516172757,28.197611523,28.0039939058,27.3388527392,25.2399483953,25.0668678621,24.6102879286,24.0743234406,24.743802402,24.743802402,24.0893875197,23.9916991489,23.438611291,23.2137139682,23.233219408,23.3647684718,22.9807339205,23.7904322521,23.0741283742,22.2430196378,22.0200181666,22.2480019817,22.3117641738,25.5831948862,28.2175283223,30.4934270557,30.4700756648,30.4700756648,29.4653640721,30.0739376739,28.8334661811,28.6412289741,28.7095824416,28.2236023648,26.4321895139,26.5192188712,26.5192188712,25.5530147887,27.2486810688,28.4405888547,28.2980862865,29.8198514242,31.5642909348,32.6908341489,36.3862210479,39.4323280541,41.2253784335,45.5568197155,51.9662833739,53.9195568064,55.1578770404,59.226165859,60.9739481225,63.4332051801,68.9902220973,74.150201048,74.1637211093,71.9218270295,74.989004702,73.0336345456,77.6271978731,82.3640002373,87.7785800914,91.8170218165,96.816518208,98.1190025355,99.4300664861,98.2465536313,95.0825722058,95.0825722058,97.6810853235,99.8589478938,97.182944361,96.799368886,93.2984323316,88.3960425171,84.2928256894,82.0019565421,73.8829996809,69.5531238978,68.1098260889,63.6266386309,60.7122030627,59.6565994027,58.051654244,54.9697527791,50.0837575779,48.0170943242,46.0886843962,42.1229313688,36.89519948,33.576213485,31.1306913105,30.1981609273,30.3643577881,30.4265251434,30.6080436237,31.7336936272,32.502224582,33.5428353973,34.9008595101,34.286675407,33.9930037135,33.0101226434,31.95574959,31.2019218064,31.2351580095,31.854509732,30.963038957,28.5328603383,26.683969598,25.6863562761,24.4785345584,24.6248443667,24.6248443667,24.4752006237,24.7377256598,24.6074701536,23.9171420133,25.4353101825,25.8396837488,25.9609984642,27.176593447,27.8705793063,26.3099184042,26.4731849152,25.9181637981,25.1763823284,25.2186971445,25.8863304444,26.4658322397,27.8714594065,27.9043554537,28.2978462123,29.5749360183,29.7753635352,30.2052867021,31.6852179182,31.7506220612,31.622766765
208,2025-07-28T00:00:00,30.6612022571,29.0407259831,28.3260872975,28.4314961537,28.4314961537,28.1502950324,28.0039939058,27.3388527392,25.2399483953,25.0668678621,24.6102879286,24.0039206024,24.6422847482,24.6422847482,23.9916991489,23.9497792064,23.3976798606,23.0709755244,23.2137139682,23.3458351327,22.8362406684,23.7045188373,23.0089612755,22.1232122237,21.861178567,22.1232122237,22.2542598201,25.4133239935,28.0751884921,30.4579924811,30.4536153218,30.4536153218,29.3308286445,30.0739376739,29.0873569452,28.7972325159,29.0223206813,28.571191485,26.7138639197,26.7138639197,26.7138639197,25.6496173396,27.6519215939,28.7001597488,28.7647809099,30.0251690169,32.137453308,33.6554454125,37.163262376,39.8792640896,43.054399829,47.7188646003,52.4247181841,54.3565617391,55.8926965981,59.4844331665,60.9966450922,63.4332051801,68.5852689754,72.5457185168,72.6768911182,71.7261179561,74.8857211631,72.5671449864,77.3526145666,81.9217337904,87.3554487178,91.6906103722,95.8811382956,97.4391778598,99.0862332971,97.8549228068,94.8801944507,94.8801944507,97.182944361,99.6428824301,97.0469960329,96.4207567046,92.9636164352,88.3505842761,83.6276835455,81.415955752,73.2519565639,69.4159951043,68.053949754,62.8734943378,60.4526837038,59.5110273222,57.5692324264,54.9697527791,50.0837575779,48.0170943242,46.0886843962,41.641609456,36.5799876427,33.1911261208,31.1306913105,30.3643577881,30.4265251434,30.4681704922,30.717319568,31.7336936272,32.4686874963,33.501071951,34.6472053508,34.1010381778,33.7024324758,32.9208452683,31.7989890431,31.1246457372,31.2190922167,31.775021648,30.6064948962,28.3833369548,26.5703500251,25.6509539452,24.4302281984,24.4791772196,24.5766497033,24.3812777118,24.6713142366,24.5766497033,23.8543759317,25.3794678403,25.8313043064,25.878090558,26.8834863671,27.6978403989,26.2629615263,26.4113224849,25.812092062,25.021428224,25.1763823284,25.8042976577,26.3454707904,27.6314745154,27.7836666196,28.2161293718,29.5162136159,29.6381945057,29.9540840887,31.5979412298,31.7294173377,31.5392179433
209,2025-07-29T00:00:00,30.5656627886,28.7057404722,28.2891916388,28.3873465432,28.3873465432,28.0328716661,27.9282349198,27.2063004412,25.1419713393,24.8923809968,24.2985180839,23.9492550867,24.301385615,24.5231465602,23.9497792064,23.7369545007,23.3569913949,23.2137139682,23.2292313824,23.3458351327,22.9807339205,23.7045188373,22.8613423498,22.0200181666,21.7531959256,21.8795633546,22.243396311,25.4133239935,28.0444930293,30.211812659,30.211812659,30.4472867752,29.2884822582,29.9599578921,28.8334661811,28.7972325159,29.3623613142,28.7095824416,26.989661626,26.9969494061,26.7138639197,25.5530147887,27.2486810688,28.6289932354,28.6289932354,30.0251690169,32.3328943435,34.253146088,37.356546861,40.2499949995,43.6477572828,49.6345521386,53.8437210693,55.7538514949,56.5817875875,60.7318319698,61.3424263864,64.3348694398,69.7415064852,74.6364177703,74.8296489688,72.6768911182,76.5649210586,74.8857211631,77.6271978731,82.3640002373,87.7785800914,91.8170218165,96.816518208,99.0126600051,99.8710836914,99.0862332971,97.2438430101,97.2672990769,98.7743246444,101.320951546,98.8996267786,97.182944361,93.5009562643,88.3960425171,84.2928256894,81.415955752,72.96845002,69.2972603668,66.0350644309,62.6508731886,60.09410477,59.4236301571,57.4272596569,54.5824742616,49.5893916274,48.0170943242,46.0886843962,41.641609456,36.5799876427,33.576213485,31.2166369078,30.7887054746,30.8715534926,30.800487665,31.0457786575,32.1110111745,32.6765303711,33.7659707502,34.9622711571,34.355995189,33.9930037135,33.0101226434,31.7989890431,31.0032628631,31.2019218064,31.6647478948,30.5208872061,27.9716655254,26.4870015736,25.6001479789,24.3761266357,24.4302281984,24.4752006237,24.3512073673,24.6074701536,24.392964186,23.762931276,25.2190568875,25.8313043064,25.9609984642,27.3627814654,27.970839724,26.4113224849,26.4731849152,25.812092062,24.9392168044,25.021428224,25.6795891676,26.1426871369,27.4757577937,27.6095263187,28.2161293718,29.5749360183,29.7753635352,30.2052867021,31.6852179182,31.7351478927,31.3395459648
210,2025-07-30T00:00:00,30.6293557676,28.7187809168,28.2891916388,28.3873465432,28.3873465432,27.9287154836,27.9282349198,27.2063004412,25.1419713393,24.8923809968,24.6102879286,23.9492550867,24.301385615,24.6422847482,23.9916991489,23.7369545007,23.3569913949,23.2137139682,23.2137139682,23.2847623863,22.8362406684,23.4608342407,22.8063927757,21.861178567,21.3938421621,21.7531959256,22.1232122237,25.3298783911,27.9838362003,30.0739376739,30.0739376739,30.4472867752,29.2884822582,29.9599578921,28.8334661811,28.7972325159,29.0223206813,28.571191485,26.7138639197,26.7138639197,26.5192188712,25.3883165297,26.6189198488,28.4405888547,28.4405888547,29.9550224341,32.137453308,33.8856597581,37.356546861,40.2499949995,43.6477572828,49.445293566,53.3785372314,55.2868989677,56.4763722926,60.1487317299,61.3424263864,64.864862218,70.50521108,75.2321759823,76.8020694132,76.5649210586,78.8004550245,76.8747641634,79.764144402,84.8069369506,89.0501956386,93.3597067149,99.3774976878,99.8710836914,103.189037151,102.072849086,101.320951546,99.3483331768,100.750603111,101.954067654,98.8996267786,96.9507286228,93.2984323316,88.3505842761,83.9875992189,80.835369138,72.7251537243,68.8928014602,65.5132570827,62.6219562433,59.6565994027,59.299937052,57.3469964108,54.4293787074,49.2896618237,47.8519710278,45.7102521088,40.9501198051,36.4594133707,33.1911261208,31.1867236273,30.7887054746,31.5348210296,31.3753504787,31.4062365609,32.4003498238,32.9033267595,33.7659707502,34.944396396,34.286675407,33.7024324758,32.9208452683,31.6647478948,30.9627437696,31.2019218064,31.775021648,30.6064948962,28.3833369548,26.5703500251,25.6001479789,24.2845781201,24.3761266357,24.4302281984,24.2997165784,24.5766497033,24.392964186,23.8543759317,25.3794678403,25.8396837488,26.000977589,27.3627814654,27.8705793063,26.3099184042,26.4113224849,25.6280074656,24.6952776559,24.9392168044,25.3545782961,25.9531667156,27.3340959621,27.3581475821,28.044215162,29.5162136159,29.6381945057,29.9540840887,31.5979412298,31.7122256727,31.2042196454
211,2025-07-31T00:00:00,30.5338162991,28.6666191384,28.2891916388,28.4314961537,28.4516172757,28.1502950324,28.0424730121,27.3388527392,25.1419713393,24.6678835948,24.2985180839,23.7514207862,24.1790769258,24.5231465602,23.9497792064,23.7369545007,23.3976798606,23.2736652512,23.2736652512,23.3647684718,22.9807339205,23.4608342407,22.8063927757,21.861178567,21.3938421621,21.8795633546,22.243396311,25.3298783911,28.0444930293,30.3309928871,30.211812659,30.4700756648,29.4653640721,30.0739376739,29.0873569452,29.3127798281,29.4310278134,28.8733745941,27.2264864436,27.2060493104,26.9969494061,25.5530147887,27.2486810688,28.4405888547,28.4405888547,30.0251690169,32.4122159158,34.3100505785,37.5677122714,40.9479764984,44.2423196219,50.8383768834,54.1836267939,56.4763722926,57.0164977147,60.7318319698,61.3424263864,64.3348694398,70.1415281164,75.1745649452,75.4558317123,75.4558317123,78.4691198812,76.5649210586,79.5654112516,83.7712279881,88.7330548345,93.188873899,99.0126600051,99.4992291306,102.96140908,101.361701063,99.7370971309,98.7743246444,99.3483331768,101.320951546,98.0418985443,96.799368886,92.9636164352,87.4285779004,83.5734204493,80.2337326806,72.6625706843,68.6949923258,65.1273709872,62.5444962181,59.5110273222,58.6247818915,57.3469964108,54.5824742616,50.0837575779,48.3963835678,46.3801386826,41.641609456,36.5799876427,33.576213485,31.2166369078,31.1306913105,31.5729212072,31.3753504787,31.4062365609,32.5534269449,33.0013725355,33.9656616717,34.9622711571,34.286675407,33.7024324758,33.0101226434,31.6647478948,31.0032628631,31.2351580095,31.854509732,30.963038957,28.5328603383,26.5703500251,25.5444967648,24.2407191324,24.3512073673,24.3761266357,24.2693276141,24.392964186,24.2997165784,23.8543759317,25.4353101825,25.878090558,26.1428561223,27.4836171287,28.0542864634,26.4113224849,26.4731849152,25.812092062,24.6952776559,24.6952776559,25.2473391639,25.8861774165,27.1295857823,27.1295857823,27.9043554537,29.4835282385,29.587413789,29.7745741815,31.5469363631,31.6852179182,31.1975846443
212,2025-08-01T00:00:00,30.4690901823,28.5298369102,28.2530985286,28.3873465432,28.4314961537,28.0328716661,28.0424730121,27.3388527392,25.1419713393,24.6678835948,24.6102879286,23.9492550867,24.6422847482,24.743802402,24.0893875197,23.9497792064,23.3976798606,23.2292313824,23.2292313824,23.3458351327,22.8362406684,23.2025190242,22.7998983997,21.7531959256,21.3938421621,22.1232122237,22.2542598201,25.4133239935,28.2175283223,30.4934270557,30.4700756648,30.5399279056,29.8182677098,30.2071752578,29.0873569452,28.9424222842,29.3623613142,28.7972325159,27.2060493104,27.1613023872,26.7138639197,25.3883165297,26.6189198488,28.2249380059,28.2980862865,30.0251690169,32.6908341489,34.7642515549,38.0629240416,41.6523465203,44.5336123074,51.0644439681,54.1836267939,55.9696372514,56.5817875875,60.7318319698,61.571226129,65.5263507513,70.9993385213,75.9074464935,76.8020694132,75.4558317123,77.9381561511,75.4558317123,78.9127937614,83.2379405813,88.253489898,92.8472189429,98.0283961295,99.402024525,101.570364971,101.195330517,99.0862332971,98.1866297389,98.7743246444,101.045568983,97.6810853235,96.4207567046,92.4780690125,86.9002072685,82.9119250726,80.0068225399,72.5986240218,68.8518714101,66.0350644309,62.8734943378,60.4526837038,59.4236301571,57.4272596569,54.5824742616,49.5893916274,48.4606795214,46.7114528133,42.1229313688,36.89519948,34.0927988591,31.2166369078,30.7887054746,31.5348210296,31.0331779978,31.1447397901,32.5534269449,33.085798004,34.0937813037,35.0577113409,34.6472053508,33.9930037135,33.0101226434,31.5937707829,31.0032628631,31.3278360622,31.95574959,31.2019685438,28.8593103449,26.683969598,25.5444967648,24.2845781201,24.4302281984,24.4302281984,24.2997165784,24.6074701536,24.5766497033,23.9389763953,25.8313043064,26.000977589,26.2512109118,27.4836171287,27.970839724,26.3099184042,26.4113224849,25.6280074656,24.5864079887,24.5864079887,25.2473391639,25.8861774165,27.1295857823,27.1295857823,27.9043554537,29.3558237047,29.5749360183,29.7745741815,31.5469363631,31.6919698568,31.2020079784
213,2025-08-02T00:00:00,30.6944247125,29.0407259831,28.3873465432,28.6017939132,28.6342915526,28.197611523,28.2519461967,27.4499251781,25.5509363691,25.1419713393,25.0621606206,24.1790769258,24.8356523634,24.8356523634,24.1937700259,23.9916991489,23.6662207312,23.3647684718,23.3647684718,23.6662207312,23.097682437,23.7904322521,23.0089612755,22.1232122237,22.1232122237,22.7343705598,22.7343705598,25.8761471157,28.7302715799,30.7255478758,30.7846583394,31.1465222711,29.9599578921,30.4312179832,29.0873569452,28.7972325159,29.0223206813,28.7095824416,27.1321512665,26.9969494061,26.5192188712,25.3255994349,26.4845941187,27.9385006628,28.2002502484,29.9550224341,32.4122159158,34.421539062,37.9031600376,41.2881705339,44.3888266328,50.8383768834,54.1502240558,55.7538514949,56.4763722926,60.1487317299,61.3424263864,64.864862218,70.50521108,75.2321759823,75.4558317123,74.934245687,76.8747641634,74.989004702,77.8670655363,83.0622473501,87.8661941021,92.2689798249,97.4391778598,99.3774976878,100.851583048,99.7370971309,98.2465536313,97.2672990769,98.1866297389,100.750603111,97.182944361,96.3172662302,92.1186249112,86.7861157337,82.6510322764,79.1645273302,72.5492899943,68.6949923258,65.5132570827,62.6508731886,60.09410477,59.299937052,57.3469964108,54.4293787074,49.2896618237,48.3535883199,46.3801386826,41.641609456,36.5799876427,33.576213485,31.1867236273,30.492744032,30.8715534926,30.800487665,31.0457786575,32.4003498238,33.0013725355,34.0937813037,35.0577113409,34.6472053508,33.9930037135,33.0101226434,31.5937707829,31.1246457372,31.5143391043,32.4846597424,31.4550716453,29.3220719211,26.7816791442,25.6001479789,24.3761266357,24.4791772196,24.4752006237,24.3812777118,24.7377256598,24.6713142366,24.1278895415,25.9609984642,26.2949178089,26.2859048449,27.6575345885,28.0542864634,26.4113224849,26.4731849152,25.812092062,24.6952776559,24.6952776559,25.3545782961,26.1426871369,27.6314745154,27.7836666196,28.2161293718,29.5162136159,29.587413789,29.7745741815,31.5469363631,31.6987217955,31.2064313125
214,2025-08-03T00:00:00,30.6744912393,28.7057404722,28.3260872975,28.4756434539,28.4927430054,28.1502950324,28.2519461967,27.4499251781,25.5509363691,25.2399483953,25.1060626256,24.2216118875,24.8356523634,24.8356523634,24.1793963077,23.9497792064,23.5146206557,23.3647684718,23.3647684718,23.6662207312,23.097682437,23.7904322521,22.8613423498,22.0200181666,22.0200181666,22.5186950801,22.6006898694,25.7374272435,28.5360363587,30.6509208744,30.6509208744,30.7863047302,29.9103035666,30.4312179832,29.0873569452,28.7972325159,29.0223206813,28.7095824416,26.989661626,26.7138639197,26.4845941187,25.183841097,26.0539867918,27.8362837088,27.9385006628,29.8619300572,32.3328943435,34.3100505785,37.8380704233,41.2253784335,44.2423196219,50.4884703062,54.0848917538,55.2868989677,56.3997435709,59.6703846402,61.2965758657,64.3348694398,70.1415281164,75.1745649452,75.1745649452,74.2199756166,76.5649210586,74.8857211631,77.6271978731,82.3640002373,87.7785800914,91.8170218165,96.816518208,99.0126600051,99.8710836914,99.0862332971,97.2438430101,97.0469960329,97.9099557911,99.8589478938,97.0469960329,95.2246002137,91.7949703578,86.6860486113,82.5557337808,78.6048884297,72.4239270663,68.252554886,65.1273709872,62.6219562433,59.6565994027,58.6247818915,57.2780007543,54.092693957,49.1819594817,48.0170943242,46.0886843962,40.9501198051,36.4594133707,33.1911261208,31.1867236273,30.4265251434,30.6080436237,30.717319568,30.9725606724,32.2544077612,32.9033267595,33.9973591298,34.9837352538,34.355995189,33.7024324758,33.0101226434,31.6647478948,31.2019218064,31.5937707829,32.5729479126,31.5143391043,29.3220719211,26.7816791442,25.6001479789,24.2845781201,24.4302281984,24.4302281984,24.3512073673,24.6713142366,24.6074701536,24.0244573322,25.9609984642,26.2949178089,26.2859048449,27.6575345885,28.0542864634,26.3099184042,26.4113224849,25.6280074656,24.5864079887,24.5864079887,25.2473391639,25.9531667156,27.4757577937,27.6095263187,28.044215162,29.4835282385,29.5749360183,29.7745741815,31.5979412298,31.7351478927,31.5949171578
215,2025-08-04T00:00:00,30.6293557676,28.6767945293,28.3873465432,28.6017939132,28.6064370803,28.197611523,28.2519461967,27.4248689983,25.3961274344,25.1419713393,25.0621606206,24.1790769258,24.743802402,24.743802402,24.0893875197,23.866302547,23.438611291,23.3458351327,23.3647684718,23.6662207312,23.097682437,23.7904322521,23.0089612755,22.1232122237,22.1232122237,22.7343705598,22.7343705598,25.6403874242,28.505804404,30.5904732715,30.5399279056,30.7863047302,29.9599578921,30.4700756648,29.4310278134,29.4310278134,29.4310278134,28.8733745941,27.2060493104,26.9969494061,26.5192188712,25.3255994349,26.0539867918,27.7298586178,27.8362837088,29.8198514242,32.137453308,34.253146088,37.5677122714,40.9479764984,44.1529370689,49.9164483995,53.8437210693,55.1578770404,56.1441487511,59.5466095919,61.1244595738,63.8376382445,69.7415064852,74.8897287834,74.9321112239,72.6768911182,75.4558317123,73.0336345456,77.3526145666,81.9217337904,87.3554487178,91.6906103722,95.8811382956,98.0283961295,99.4300664861,98.2465536313,96.0765937841,96.0765937841,97.6810853235,99.6428824301,96.9448646061,94.8612576284,91.6966088384,85.8011902608,82.4891397097,77.6822300581,72.3302144831,68.1098260889,64.9952267747,62.5444962181,59.5110273222,58.1637407177,57.0020910375,53.659728042,49.1050838693,47.8519710278,45.7102521088,40.756427977,36.3188607835,32.7913303476,31.1306913105,30.3643577881,30.4681704922,30.6080436237,30.800487665,32.1110111745,32.6965893478,33.9656616717,34.9622711571,34.286675407,33.6298780561,32.9208452683,31.5937707829,31.2019218064,31.6647478948,32.9148122843,31.775021648,29.9320319661,27.0585538592,25.7941302428,24.6089876657,24.9574974835,24.7904712477,24.5766497033,24.9574974835,24.6713142366,24.0244573322,25.878090558,26.1428561223,26.2512109118,27.4836171287,28.0542864634,26.4113224849,26.4731849152,25.9181637981,25.021428224,25.021428224,25.6981415864,26.4658322397,27.8714594065,27.7836666196,28.2161293718,29.4835282385,29.5162136159,29.6067245014,31.5469363631,31.7122256727,31.4726606171
216,2025-08-05T00:00:00,30.6964689234,29.2942917082,28.6017939132,28.8369602804,28.8369602804,28.2357209673,28.2519461967,27.4176223985,25.2399483953,25.0668678621,24.9244549966,24.0743234406,24.6422847482,24.6422847482,23.9916991489,23.7174880746,23.3976798606,23.3007144886,23.3458351327,23.6662207312,23.28549449,23.8188505617,23.0741283742,22.2694260183,22.3117641738,22.7898401823,22.7898401823,25.7374272435,28.505804404,30.5294344122,30.4934270557,30.6513324721,29.9103035666,30.4700756648,29.6673430485,29.7147361326,29.6600442366,29.3623613142,27.2264864436,26.9969494061,26.5192188712,25.3255994349,25.7099677424,27.6519215939,27.7298586178,29.7544097524,32.0529746157,33.8856597581,37.4477274862,40.6092853919,43.962583314,49.6345521386,53.3785372314,54.9300745763,55.8926965981,59.4844331665,60.9966450922,63.5668257404,69.2371193431,74.6364177703,74.8296489688,72.2007008793,74.989004702,72.5671449864,76.7671062028,81.2053031191,86.9561411771,91.1411674971,95.6712910746,97.4391778598,99.0862332971,97.8549228068,95.0825722058,95.0825722058,97.182944361,98.8996267786,96.4511139215,94.6633908521,91.2059977049,85.0339596828,81.5346174626,77.2435449959,72.0618874318,67.1872470592,64.8470211659,62.4070917676,59.4236301571,58.0701974908,56.8383786386,53.3469108959,49.083003553,47.7866131732,45.4667337638,40.756427977,36.4594133707,33.576213485,31.2990731919,30.492744032,30.6080436237,30.717319568,30.9725606724,32.2544077612,33.0013725355,34.1199187662,35.0577113409,34.355995189,33.9930037135,33.0288679826,31.6647478948,31.264320689,31.95574959,33.0925117031,32.0539876867,30.0623132559,27.1476913769,25.7941302428,24.4785345584,24.7904712477,24.6248443667,24.4752006237,24.7377256598,24.6074701536,23.9628204628,25.8396837488,26.000977589,26.1428561223,27.3909044286,27.970839724,26.3099184042,26.4113224849,25.9181637981,25.1763823284,25.2186971445,25.8863304444,26.7764036787,27.9043554537,27.9043554537,28.2978462123,29.5162136159,29.5749360183,29.9540840887,31.6852179182,31.7457502544,31.6909484732
217,2025-08-06T00:00:00,30.7005573452,29.3332273889,28.6017939132,28.7046490015,28.8369602804,28.2519461967,28.2776214133,27.4248689983,25.3961274344,25.0668678621,24.8604042635,24.0743234406,24.6422847482,24.6422847482,23.9916991489,23.7174880746,23.3569913949,23.2736652512,23.3007144886,23.4753281642,23.097682437,23.7904322521,23.0089612755,22.2430196378,22.3117641738,22.8051240239,23.0390531274,25.8761471157,28.5360363587,30.5904732715,30.4934270557,30.5399279056,29.9103035666,30.4934270557,29.8247791098,30.0361358682,30.0361358682,29.5849965154,27.3855696577,27.2060493104,26.9969494061,25.3883165297,25.7099677424,27.2486810688,27.6519215939,29.7273039694,32.0529746157,34.253146088,37.8380704233,41.2253784335,44.2423196219,49.9164483995,53.3785372314,54.9300745763,55.8926965981,59.4844331665,60.9739481225,63.4332051801,68.9902220973,74.5366786279,74.8296489688,72.6768911182,76.5649210586,74.989004702,78.9127937614,83.0622473501,87.3554487178,91.6906103722,95.8811382956,97.4391778598,98.0467894525,96.2293637332,94.8801944507,94.8801944507,97.0469960329,98.1866297389,96.3172662302,93.9858268327,90.9745449746,84.8203054765,81.0918711862,76.6996473645,71.6658927836,65.8183887572,64.6788108559,62.1870702549,58.6511302191,58.0701974908,56.8383786386,53.3469108959,49.083003553,47.7866131732,45.3713116121,40.6908148767,36.3188607835,33.1911261208,31.2166369078,30.4265251434,30.4681704922,30.6080436237,30.9725606724,32.2544077612,33.0013725355,34.1199187662,35.1205505886,34.6472053508,34.0662533824,33.0382832869,31.95574959,31.5143391043,32.0539876867,33.3726939289,32.3842348733,30.0623132559,27.0585538592,25.7584826112,24.4302281984,24.6248443667,24.5766497033,24.3812777118,24.6713142366,24.5766497033,23.9628204628,25.8313043064,26.000977589,26.2512109118,27.4836171287,28.0542864634,26.4731849152,26.4731849152,25.9516278322,25.2504204006,25.6576900487,26.1426871369,27.1072351471,28.1985654737,28.0434244435,28.2978462123,29.5749360183,29.6381945057,30.5626169924,31.7457502544,32.5908680588,31.7554938679
218,2025-08-07T00:00:00,30.7407180992,30.2682793999,28.6851918068,28.9395337877,28.9395337877,28.2973853692,28.2776214133,27.4248689983,25.3961274344,25.0668678621,24.6678835948,24.0039206024,24.3026631428,24.6422847482,23.9916991489,23.7174880746,23.3569913949,23.2736652512,23.3007144886,23.6662207312,23.28549449,23.8188505617,23.0741283742,22.2430196378,22.2480019817,22.7898401823,22.8418946614,25.7374272435,28.505804404,30.5294344122,30.4700756648,30.5399279056,29.9599578921,30.6330113327,30.4239169362,30.4239169362,30.4239169362,29.8150844319,27.3855696577,27.2476977056,27.1613023872,25.3883165297,25.7099677424,27.2486810688,27.3789341802,29.6181206211,32.0529746157,34.3100505785,37.9031600376,41.2253784335,44.2423196219,49.6345521386,53.0379400988,54.3565617391,55.7538514949,59.4589688889,60.7318319698,63.2622299415,68.5852689754,74.150201048,74.6364177703,72.2007008793,75.4558317123,74.8857211631,77.8670655363,82.3640002373,86.9561411771,91.1411674971,95.6712910746,96.816518208,96.9079691836,95.7114869331,94.7341543423,94.7341543423,96.9448646061,97.9099557911,96.3172662302,94.6633908521,91.6966088384,86.7861157337,82.6510322764,79.1645273302,72.5492899943,68.6949923258,65.5132570827,62.6508731886,60.09410477,59.4236301571,57.4272596569,54.5824742616,49.5893916274,48.4606795214,46.3801386826,42.1229313688,36.89519948,35.3012807124,31.7000360136,31.1306913105,30.8715534926,30.717319568,30.9725606724,32.1110111745,32.9033267595,34.1199187662,35.2689651035,34.9622711571,34.286675407,33.5451036879,32.9208452683,31.775021648,32.5154273349,33.5906549883,32.4846597424,30.0623132559,27.0002893898,25.6863562761,24.3761266357,24.4791772196,24.4752006237,24.3606258934,24.6074701536,24.4023827121,23.9389763953,25.6026323063,26.000977589,26.2859048449,27.6978403989,28.1266562402,27.2164172223,27.1156312358,26.3195492106,25.3540078174,25.6981415864,26.3454707904,27.2179406635,28.2264452526,28.2402421145,28.7251874928,29.6381945057,29.9540840887,31.1204293538,32.9161210417,32.9999615024,32.3449599178
219,2025-08-08T00:00:00,30.7559940617,30.297584134,28.7781314489,29.1574087314,29.0259606356,28.3873465432,28.3082907194,27.4248689983,25.2399483953,25.0668678621,24.8604042635,24.0743234406,24.6422847482,24.743802402,23.9916991489,23.6662207312,23.3458351327,23.2292313824,23.2736652512,23.4753281642,23.097682437,23.7904322521,23.0741283742,22.2694260183,22.3117641738,22.8051240239,23.0390531274,25.7374272435,28.505804404,30.5904732715,30.4934270557,30.6513324721,30.0739376739,30.6330113327,30.0336881913,30.1208258799,30.4239169362,30.0361358682,27.6951849757,28.0735254379,27.6599617024,25.8175417284,26.6189198488,27.8362837088,27.8362837088,29.8619300572,32.4122159158,34.7642515549,38.2650139047,41.2881705339,44.2423196219,49.445293566,52.5997828558,54.1836267939,55.2868989677,59.226165859,60.1487317299,63.1057376897,68.2791791272,72.5457185168,74.1637211093,72.1181187111,74.989004702,73.0336345456,77.6271978731,81.9350799673,85.8101241399,90.8874769556,95.6172626364,95.8811382956,96.0051105886,95.0515791326,93.5530494915,93.5530494915,96.4511139215,97.6810853235,95.2246002137,93.9858268327,91.2059977049,86.6860486113,82.5557337808,78.6048884297,72.4239270663,68.252554886,65.1273709872,62.6219562433,59.6565994027,59.299937052,57.3469964108,54.4293787074,49.2896618237,48.3535883199,46.0886843962,41.641609456,36.6480635394,35.2019971924,31.5738435301,30.7887054746,30.6080436237,30.6080436237,30.800487665,31.9594796989,32.6965893478,34.0836750475,35.1205505886,34.9050398142,34.1445973054,33.2150743419,32.9208452683,31.854509732,32.8149884541,34.0806270332,32.6092538265,30.176332092,27.0002893898,25.6509539452,24.306608201,24.4302281984,24.4752006237,24.3812777118,24.6713142366,24.5766497033,23.9628204628,25.6026323063,25.9609984642,26.2512109118,27.6575345885,28.0580113873,27.1156312358,27.1156312358,26.5021720741,25.6795891676,25.9537788273,27.0674746697,27.4757577937,28.464875596,28.7514537535,28.7514537535,29.8455283032,30.2026982047,31.1204293538,32.9161210417,33.0040855972,31.997126456
220,2025-08-09T00:00:00,30.7712700241,30.326888868,28.9451419826,29.7396087753,29.3927891344,28.4516172757,28.4927430054,27.5475141414,25.3961274344,25.0668678621,24.6678835948,24.0039206024,24.6422847482,24.743802402,23.9916991489,23.6662207312,23.3458351327,23.2137139682,23.2292313824,23.3647684718,23.0089612755,23.7045188373,23.0089612755,22.2430196378,22.3117641738,22.8051240239,23.0390531274,25.7374272435,28.505804404,30.5294344122,30.4934270557,30.7863047302,30.4503075712,30.8749060121,30.4312179832,30.4239169362,30.4607166943,30.1208258799,28.1238771179,28.6137378333,28.2316806101,26.9969494061,28.1836488293,28.4405888547,28.2002502484,29.9550224341,32.4122159158,34.421539062,38.0629240416,41.2253784335,44.1529370689,49.445293566,53.0379400988,54.3565617391,55.7538514949,59.226165859,59.6703846402,62.9977014548,68.0898666261,72.1181187111,72.6768911182,71.9218270295,74.8857211631,72.5671449864,77.3526145666,81.8565357492,85.4585469684,90.5031217319,95.1804549507,95.6712910746,95.7114869331,94.7376933423,92.3943585255,92.3943585255,96.3172662302,97.182944361,94.8918164366,93.5697594453,90.9745449746,85.8011902608,82.4891397097,77.6822300581,72.3302144831,68.1098260889,64.9952267747,62.5444962181,59.5110273222,58.6247818915,57.2780007543,54.092693957,49.1819594817,48.0170943242,45.7102521088,40.9501198051,36.5779322313,34.0809469728,31.5348210296,30.492744032,30.4681704922,30.4681704922,30.717319568,31.9225762345,32.6303427524,33.9973591298,35.0577113409,34.9050398142,34.286675407,33.5451036879,33.0101226434,31.95574959,32.8149884541,33.8452391412,32.5154273349,30.0623132559,27.0585538592,25.6509539452,24.2702579168,24.3761266357,24.4302281984,24.3606258934,24.6074701536,24.4023827121,23.9389763953,25.6026323063,26.000977589,26.2859048449,27.6978403989,28.1266562402,27.2164172223,27.2164172223,26.7420639816,25.812092062,26.396686006,27.3446951428,27.6314745154,28.7485176979,28.7888722643,28.7514537535,29.8455283032,30.2026982047,31.1204293538,32.9161210417,33.0082096921,31.7603656747
221,2025-08-10T00:00:00,31.8105550447,30.6678467482,29.9016844202,30.3173520162,29.7396087753,28.6064370803,28.6129625096,27.5475141414,25.3961274344,25.1419713393,24.9244549966,24.1790769258,24.8993260169,24.9411156683,24.1793963077,23.7174880746,23.3569913949,23.2137139682,23.2137139682,23.3458351327,22.9807339205,23.4608342407,22.8613423498,22.1232122237,22.3117641738,22.8051240239,23.0390531274,25.7374272435,28.505804404,30.4934270557,30.4934270557,31.1465222711,30.4700756648,31.2821063521,30.6213586311,30.6102277059,30.6102277059,30.4607166943,28.1907925391,28.7876631099,28.4323816024,27.2060493104,28.4323816024,28.7001597488,28.2980862865,29.9550224341,32.3328943435,34.3100505785,37.9031600376,40.9479764984,43.962583314,49.2731650672,52.5997828558,54.1836267939,55.2868989677,58.9796761311,59.4936463554,62.9141873125,67.9453733453,72.1181187111,74.1637211093,72.1181187111,74.989004702,73.0336345456,77.6271978731,81.9350799673,86.9561411771,91.1411674971,95.6712910746,96.816518208,96.9079691836,95.7114869331,94.7341543423,94.7341543423,96.9448646061,97.9099557911,96.4511139215,95.2246002137,92.1186249112,86.9002072685,82.6510322764,78.6048884297,72.4239270663,68.1098260889,64.9952267747,62.5444962181,59.5110273222,58.1637407177,57.0020910375,53.659728042,49.1050838693,47.8519710278,45.4667337638,40.756427977,36.4594133707,33.576213485,31.2990731919,30.4265251434,30.4681704922,30.6080436237,30.9725606724,32.1110111745,32.9867875278,34.0836750475,35.1205505886,34.9050398142,34.1445973054,33.2150743419,32.9208452683,31.95574959,32.8149884541,33.8329335547,32.6092538265,30.2254021632,27.3025203533,25.6863562761,24.306608201,24.3761266357,24.3761266357,24.3503915871,24.5766497033,24.3503915871,23.9171420133,25.4353101825,26.000977589,26.4164518673,27.970839724,28.4492795051,27.4836171287,27.8705793063,27.1832380744,26.1235913735,27.2179406635,27.8934846522,27.9999412378,28.9415575182,29.2462339788,29.2133883756,30.061370679,30.5344929414,31.1204293538,32.9161210417,33.0186003593,31.8811819687
222,2025-08-11T00:00:00,31.494615142,30.5656627886,29.5264303902,30.170285485,29.5288113335,28.4927430054,28.4927430054,27.4499251781,25.2399483953,25.0668678621,24.8604042635,24.0743234406,24.8356523634,24.8993260169,24.1793963077,23.7174880746,23.3569913949,23.2137139682,23.2137139682,23.2847623863,22.8362406684,23.4608342407,22.8613423498,22.1232122237,22.3117641738,22.8051240239,22.8418946614,25.6403874242,28.3664690797,30.4579924811,30.4700756648,30.7863047302,30.4503075712,30.9823674659,30.4944679686,30.4790770343,30.5970718789,30.4239169362,28.1238771179,28.6137378333,28.2316806101,27.1613023872,28.2316806101,28.6289932354,28.2002502484,29.8619300572,32.137453308,34.253146088,37.9031600376,41.2253784335,44.1529370689,49.2731650672,52.5997828558,54.1502240558,55.1578770404,58.9796761311,59.6703846402,63.1057376897,68.0898666261,72.5457185168,74.1637211093,71.9218270295,74.8857211631,72.5671449864,77.3526145666,81.8565357492,85.8101241399,90.8874769556,95.6172626364,96.5493211708,96.9079691836,95.9715118716,95.0825722058,96.0765937841,97.9099557911,99.8589478938,97.6810853235,96.9507286228,93.5009562643,88.3960425171,84.2928256894,80.835369138,72.7251537243,68.8518714101,65.5132570827,62.6219562433,59.5110273222,58.0701974908,56.8383786386,53.3469108959,49.1050838693,47.8519710278,45.7102521088,41.641609456,36.89519948,35.2019971924,31.5348210296,30.492744032,30.6080436237,30.717319568,31.0457786575,32.4003498238,33.085798004,34.3064791057,35.2890103723,34.9837352538,34.286675407,33.2150743419,32.8149884541,31.854509732,32.5729479126,33.5906549883,32.5154273349,30.176332092,27.1476913769,25.6509539452,24.2702579168,24.3512073673,24.3512073673,24.3503915871,24.5766497033,24.3503915871,23.9171420133,25.4353101825,25.9609984642,26.2859048449,27.8705793063,28.3843199056,27.3909044286,27.6957502889,27.1156312358,25.9516278322,27.1180567754,27.8714594065,27.8934846522,28.9415575182,29.2462339788,29.2133883756,30.061370679,30.5344929414,31.0583780943,32.4570116811,32.9958374076,31.7554938679
223,2025-08-12T00:00:00,31.8030277192,30.6811357304,29.9016844202,30.3454652427,29.8924343618,28.8369602804,28.7307507184,27.6522563201,25.3961274344,25.0668678621,24.6678835948,24.0039206024,24.743802402,24.8356523634,24.0893875197,23.6662207312,23.3458351327,23.1275596651,23.1275596651,23.2292313824,22.741945557,23.2025190242,22.8063927757,22.0200181666,22.2480019817,22.7898401823,22.7898401823,25.5831948862,28.2175283223,30.3309928871,30.4700756648,30.7863047302,30.4503075712,30.9823674659,30.4944679686,30.4312179832,30.4607166943,30.1208258799,28.0735254379,28.2688293185,28.1836488293,27.1613023872,28.4323816024,28.8350753391,28.6289932354,30.1293334168,32.3328943435,34.253146088,37.8380704233,41.2253784335,44.2423196219,49.445293566,53.3785372314,54.9300745763,56.1369158431,59.5466095919,60.9739481225,63.4332051801,68.2791791272,72.5457185168,74.1637211093,71.9218270295,73.0336345456,72.3785832646,76.7671062028,81.2053031191,85.4585469684,90.5031217319,95.1804549507,95.8475395786,96.5493211708,95.7114869331,94.8801944507,95.0825722058,97.6810853235,99.6428824301,97.182944361,96.799368886,93.2984323316,88.3505842761,83.9875992189,80.2337326806,72.6625706843,68.6949923258,65.1273709872,62.5444962181,59.4236301571,58.0469459039,56.7623631839,53.2805621562,49.1050838693,47.8519710278,45.7102521088,41.641609456,36.6480635394,34.0809469728,31.2990731919,30.4265251434,30.4681704922,30.6080436237,30.9725606724,32.2544077612,33.0013725355,34.1199187662,35.2689651035,34.9622711571,34.1445973054,33.1601812363,32.9208452683,31.95574959,32.5729479126,33.8329335547,32.6092538265,30.2254021632,27.5178616157,25.8999451247,24.4302281984,24.4302281984,24.4302281984,24.3812777118,24.6074701536,24.4023827121,23.9389763953,25.4353101825,25.878090558,26.2512109118,27.6978403989,28.1266562402,27.3627814654,27.4184711902,27.1156312358,26.1235913735,27.2179406635,27.8934846522,28.1985654737,29.3558237047,29.3558237047,29.3558237047,30.5330791217,30.5344929414,30.9948608014,31.8811819687,32.9764456389,31.7408784477
224,2025-08-13T00:00:00,31.8771068519,30.7026015561,30.2096699317,30.436210555,29.8924343618,28.8369602804,28.7307507184,27.6522563201,25.2399483953,24.8923809968,24.6102879286,23.9492550867,24.6422847482,24.743802402,23.9916991489,23.6662207312,23.3569913949,23.2292313824,23.2292313824,23.3458351327,22.8362406684,23.2025190242,22.7998983997,22.0200181666,22.1232122237,22.7343705598,22.7343705598,25.5831948862,28.3664690797,30.4934270557,30.6509208744,31.6738239436,30.4934270557,31.2821063521,30.4944679686,30.4239169362,30.4239169362,30.0361358682,27.856526121,28.1907925391,28.1221914668,26.9969494061,28.2316806101,28.7001597488,28.4405888547,30.0251690169,32.137453308,33.8856597581,37.5677122714,40.9479764984,44.1529370689,49.445293566,53.0379400988,54.3565617391,55.8926965981,59.5466095919,60.9966450922,63.5458057671,68.9902220973,74.5366786279,74.8296489688,72.6768911182,76.5649210586,74.989004702,78.9127937614,82.3640002373,86.9561411771,90.8874769556,95.1804549507,95.6712910746,95.9715118716,95.0515791326,94.7341543423,94.8801944507,97.182944361,98.8996267786,97.0469960329,96.4207567046,92.9636164352,88.1111980033,83.5734204493,80.2337326806,72.6625706843,69.1116077329,66.0350644309,62.6508731886,60.4526837038,59.299937052,57.3469964108,54.4293787074,50.0468395191,48.6628699493,47.0066710226,42.7664111894,39.4888428093,36.0286210506,31.7517046263,31.1867236273,31.5348210296,30.800487665,31.0457786575,32.4003498238,33.085798004,34.9008595101,35.4871547733,35.2689651035,34.615937143,33.5451036879,33.0288679826,32.5706443106,32.8149884541,34.0148415694,33.0755520851,30.313865583,27.6831677714,26.3426072224,24.830006634,24.7904712477,24.5766497033,24.4752006237,24.6074701536,24.3503915871,23.9171420133,25.4353101825,25.878090558,26.2512109118,27.6978403989,28.1266562402,27.2164172223,27.2164172223,26.9113950169,26.1235913735,27.2179406635,27.8934846522,28.1985654737,29.2462339788,29.2462339788,29.2133883756,30.061370679,30.2026982047,30.7032955289,31.7457502544,32.8367761999,31.7034309668
225,2025-08-14T00:00:00,31.8331370211,30.6944247125,29.9016844202,30.436210555,29.8924343618,28.8369602804,28.8369602804,27.8526501174,25.2399483953,24.8923809968,24.6102879286,23.7514207862,24.3026631428,24.743802402,24.0893875197,23.866302547,23.438611291,23.3007144886,23.2736652512,23.3458351327,22.741945557,23.0741283742,22.7898401823,21.861178567,22.1232122237,22.7898401823,22.8418946614,25.8761471157,28.7302715799,30.5904732715,31.1465222711,31.7178249514,30.4934270557,31.46840919,30.6802625726,30.4312179832,30.4607166943,30.1208258799,27.856526121,28.1238771179,28.1221914668,27.1613023872,28.4323816024,28.8350753391,28.6289932354,30.0251690169,32.0529746157,33.6554454125,37.4477274862,40.6255344318,43.962583314,49.2731650672,52.5997828558,54.1836267939,55.7538514949,59.4844331665,60.9739481225,63.4332051801,68.5852689754,74.150201048,74.8296489688,74.2199756166,77.9381561511,76.8747641634,80.2991046061,84.8069369506,88.253489898,91.8170218165,95.6712910746,95.8475395786,95.9715118716,94.7376933423,94.5931287974,94.7341543423,97.0469960329,98.1866297389,96.9448646061,96.3172662302,92.4780690125,87.3710375361,82.9119250726,80.1561380296,72.7251537243,69.4159951043,68.1098260889,62.8734943378,60.6877660822,59.299937052,57.2780007543,54.092693957,49.5893916274,48.4606795214,46.7114528133,42.6035867728,39.1819290971,35.6071350782,31.7000360136,31.1306913105,30.8715534926,30.717319568,30.9725606724,32.2544077612,33.0013725355,34.9008595101,35.5562588441,35.2890103723,34.7567222874,33.5928331731,33.0382832869,32.5706443106,32.8149884541,33.8329335547,33.0755520851,30.313865583,27.8721993825,26.4296545084,25.1911653724,24.9574974835,24.5766497033,24.3812777118,24.5766497033,24.3503915871,23.9389763953,25.6026323063,25.9609984642,26.2859048449,27.6978403989,28.1266562402,27.2164172223,27.4184711902,26.9113950169,26.1235913735,27.2179406635,27.8714594065,27.9999412378,28.9415575182,29.1936850857,28.8519041562,29.8455283032,29.9540840887,30.5626169924,31.7179562277,32.3449599178,31.6506163723
226,2025-08-15T00:00:00,31.8588855992,30.7118602335,30.3454652427,30.704892022,30.4671517022,29.1325665049,29.0259606356,27.9282349198,25.3961274344,24.8923809968,24.6102879286,23.7514207862,24.3026631428,24.743802402,24.0893875197,23.866302547,23.438611291,23.3007144886,23.2292313824,23.3458351327,22.8362406684,23.2025190242,22.7998983997,22.0200181666,22.1232122237,22.7343705598,22.7898401823,25.7374272435,28.5360363587,30.5294344122,31.1465222711,31.7764641255,30.6330113327,31.6492311954,30.8749060121,30.6240861702,30.6240861702,30.5977537636,28.2535791214,28.7876631099,28.596164226,27.6519215939,28.6289932354,29.5103577163,29.1728583352,30.2296040537,32.4122159158,34.421539062,37.9031600376,41.2881705339,44.3888266328,49.9164483995,53.3785372314,54.9300745763,55.8926965981,59.4844331665,60.7318319698,63.2622299415,68.2791791272,73.229533992,74.6364177703,72.6768911182,76.8747641634,76.5649210586,80.1587369359,83.7712279881,87.8661941021,91.6906103722,95.6172626364,95.6712910746,95.9715118716,94.7376933423,94.5931287974,94.7341543423,97.0469960329,97.9099557911,96.4511139215,95.2246002137,92.1186249112,86.9002072685,82.6510322764,80.0068225399,72.6625706843,69.2972603668,68.053949754,62.6508731886,60.4526837038,58.6247818915,57.0020910375,53.659728042,49.2896618237,48.3535883199,46.3801386826,42.4601396188,38.1032725658,35.6071350782,31.7517046263,31.1867236273,31.5348210296,31.0331779978,31.1447397901,32.4003498238,33.085798004,34.9856974883,35.7833637887,35.4871547733,34.9050398142,33.7180224476,33.1601812363,32.8149884541,32.8149884541,34.0148415694,33.3726939289,30.485759185,27.9459435046,26.4870015736,25.1911653724,24.7904712477,24.4752006237,24.3606258934,24.4023827121,24.3503915871,23.9628204628,25.8396837488,26.2506023912,26.692527407,28.0542864634,28.4492795051,27.3627814654,27.4184711902,26.7420639816,25.9516278322,27.1180567754,27.7255205372,27.9999412378,29.2462339788,29.3558237047,29.3558237047,30.5330791217,30.2026982047,30.5626169924,31.6852179182,31.8811819687,31.5670675505
227,2025-08-16T00:00:00,31.8256096956,30.7190746999,30.436210555,30.7128452534,30.486558098,29.4122113377,29.3927891344,28.0494618635,25.5509363691,25.0668678621,24.6102879286,23.7514207862,24.6422847482,24.8993260169,24.2372631334,23.9916991489,23.5146206557,23.3007144886,23.2137139682,23.2847623863,22.741945557,23.0741283742,22.7998983997,22.1232122237,22.2480019817,22.7898401823,23.0390531274,25.8761471157,28.5360363587,30.5904732715,31.758913418,32.0219184817,31.0677041975,31.7764641255,31.1666028674,30.6797213922,30.6797213922,30.6240861702,28.6309467653,29.0751559166,29.3867038444,28.4323816024,29.1728583352,29.6486368232,29.4942371168,30.2296040537,32.3328943435,34.3100505785,37.8380704233,41.2253784335,44.2423196219,49.6345521386,53.0379400988,54.3565617391,55.7538514949,59.4589688889,60.1487317299,63.1057376897,68.0898666261,72.3388615977,74.1637211093,72.2007008793,76.5649210586,75.4558317123,79.764144402,83.2379405813,87.7785800914,91.1411674971,95.1804549507,95.6172626364,95.7114869331,94.5931287974,93.5266994246,94.5931287974,96.9448646061,97.6810853235,96.3172662302,94.8612576284,91.7949703578,86.7861157337,82.5557337808,79.1645273302,72.5986240218,69.1116077329,66.0350644309,62.6219562433,60.09410477,58.1637407177,56.8383786386,53.3469108959,49.1819594817,48.3535883199,46.3801386826,42.4601396188,38.1032725658,36.0286210506,31.8324134578,31.1867236273,31.5348210296,31.0331779978,31.1447397901,32.2544077612,33.0013725355,34.944396396,35.7015962196,35.3617897168,34.8541193793,33.6298780561,33.0839642426,32.5706443106,32.5729479126,33.8329335547,33.3129141614,30.313865583,27.8721993825,26.4296545084,24.830006634,24.7904712477,24.5766497033,24.3812777118,24.5766497033,24.5766497033,24.0244573322,25.8396837488,26.2982309514,27.176593447,28.0580113873,28.5312277139,27.6957502889,27.7217580807,27.1156312358,26.5021720741,27.2790646581,27.7255205372,27.9999412378,28.9415575182,29.3558237047,29.4978205388,30.6856400715,30.6856400715,31.1204293538,32.4570116811,32.9958374076,31.7554938679
228,2025-08-17T00:00:00,31.8406643465,30.7262891664,30.436210555,30.704892022,30.486558098,29.5288113335,29.4122113377,28.2420861254,25.6920821805,25.1419713393,24.6102879286,23.7514207862,24.6422847482,24.8993260169,24.2372631334,23.9916991489,23.6662207312,23.3458351327,23.2137139682,23.3458351327,22.9807339205,23.2025190242,22.8063927757,22.2430196378,22.2480019817,22.7898401823,23.1764126438,26.163962475,29.269105147,30.7255478758,31.9735205473,32.1456686913,31.4639446748,32.0601152479,31.4364654477,30.737893305,30.726482317,30.6240861702,28.5135579589,29.0751559166,29.5543574422,28.7001597488,29.5947047293,29.9515601279,29.5270992208,30.2296040537,32.137453308,34.253146088,37.5677122714,40.9479764984,44.1529370689,49.445293566,52.5997828558,54.1836267939,55.2868989677,59.226165859,59.6703846402,62.9977014548,67.9453733453,72.1181187111,73.229533992,72.1181187111,75.4558317123,74.989004702,79.5654112516,83.0622473501,87.3554487178,90.8874769556,94.9138083744,95.1804549507,95.6712910746,94.4572892009,92.3943585255,93.5266994246,96.4511139215,97.182944361,95.2246002137,94.6633908521,91.6966088384,86.7475640351,82.5557337808,80.0068225399,72.5986240218,69.1116077329,68.053949754,62.8734943378,60.4526837038,58.6247818915,57.0020910375,53.3469108959,49.1050838693,48.0170943242,46.0886843962,42.1229313688,36.89519948,35.6071350782,31.7517046263,31.1306913105,31.5348210296,31.0331779978,31.1447397901,32.2544077612,33.0013725355,34.9008595101,35.5562588441,35.2890103723,34.7567222874,33.5928331731,33.0839642426,32.8149884541,32.9254576072,34.0148415694,33.4844471535,30.485759185,27.9459435046,26.4870015736,25.1911653724,24.9574974835,24.6248443667,24.4752006237,24.6074701536,24.6074701536,24.1278895415,25.878090558,26.5124459618,27.176593447,28.0580113873,28.5312277139,27.8705793063,27.8705793063,27.2179406635,27.1156312358,27.7255205372,27.9999412378,28.2264452526,29.2462339788,29.3558237047,29.3558237047,30.5525478494,30.5582031281,31.0583780943,31.8811819687,32.9764456389,31.7408784477
229,2025-08-18T00:00:00,31.8771068519,30.7335036328,30.436210555,30.704892022,30.486558098,29.4122113377,29.3927891344,28.0494618635,25.5909737354,25.0668678621,24.2997956118,23.7514207862,24.743802402,24.9411156683,24.3350273798,24.0893875197,23.7174880746,23.3647684718,23.2292313824,23.4654362684,23.097682437,23.4463797123,22.8063927757,22.2430196378,22.1232122237,22.7343705598,23.0390531274,25.9612172449,28.7667585296,30.6509208744,31.9408179921,32.0219184817,31.2809902233,31.7764641255,31.4364654477,30.7977136286,30.7449879434,30.6797213922,28.8733745941,29.5543574422,29.805515126,29.5002708946,29.9894677928,30.2296040537,29.840106107,30.4579823608,32.3328943435,34.253146088,37.5677122714,41.2253784335,44.3888266328,50.4884703062,53.8437210693,55.1578770404,56.1369158431,59.6703846402,60.7318319698,63.2622299415,68.0898666261,72.1181187111,72.4700341991,71.9218270295,74.989004702,74.8857211631,78.9127937614,82.3640002373,87.0316231574,90.5031217319,94.5186612477,94.5588306574,95.0492784363,93.7433150313,92.3943585255,93.5764553428,96.4511139215,97.182944361,95.2246002137,93.9858268327,91.2059977049,86.7475640351,82.4891397097,79.1645273302,72.5492899943,68.8518714101,66.0350644309,62.6508731886,60.09410477,58.1637407177,56.8383786386,53.2805621562,49.083003553,47.8519710278,45.7102521088,41.641609456,36.89519948,36.0286210506,31.8324134578,31.2749726926,31.687769065,31.3753504787,31.1447397901,32.4003498238,33.0013725355,34.944396396,35.7833637887,35.4871547733,34.8541193793,33.7180224476,33.3200085865,33.0101226434,33.3898557405,34.1726800993,33.5437877238,30.5208872061,28.2804488716,26.683969598,25.4290478546,25.1911653724,24.7904712477,24.4752006237,24.5766497033,24.5766497033,24.0244573322,25.8396837488,26.2982309514,26.8834863671,28.0542864634,28.4693587798,27.6957502889,27.7217580807,27.1832380744,26.9113950169,27.595475779,27.8934846522,28.1985654737,28.9415575182,29.2462339788,29.2133883756,30.5330791217,30.5344929414,30.9948608014,31.8811819687,32.9820174284,31.7506220612
230,2025-08-19T00:00:00,31.9135493572,30.7407180992,30.436210555,30.6964689234,30.4671517022,29.3927891344,29.3927891344,28.2420861254,25.6920821805,25.1419713393,24.6678835948,24.0039206024,24.8356523634,25.0027082868,24.4965826377,24.1705682367,23.7174880746,23.3647684718,23.2292313824,23.4654362684,23.0089612755,23.4463797123,22.8063927757,22.2430196378,22.1232122237,22.7898401823,23.1764126438,26.163962475,28.7667585296,30.7255478758,32.0011663,32.2052134433,31.6383258893,32.7850471039,31.6492311954,30.9811152605,30.8749060121,30.7388537019,28.9540864285,29.5543574422,29.637836243,29.1728583352,29.9894677928,30.2296040537,29.840106107,30.4804628821,32.6908341489,34.421539062,38.0629240416,42.9959620289,45.4553180341,51.2362326313,54.3565617391,55.945015079,56.3997435709,60.0365755458,60.9739481225,63.2622299415,67.9453733453,72.0097717256,72.2007008793,71.8010891283,74.8857211631,73.0336345456,77.8670655363,81.9350799673,86.9013609333,89.973329201,94.3021640576,94.3021640576,94.7376933423,93.3276765954,90.6653676118,93.2791185777,96.3172662302,97.0469960329,94.8918164366,93.5697594453,90.9745449746,86.7475640351,82.5557337808,80.1561380296,72.7251537243,69.5531238978,68.6949923258,64.5523478129,61.1878987126,59.299937052,57.0020910375,53.2805621562,49.0175071112,47.7866131732,45.4667337638,41.1949327697,36.6480635394,35.6071350782,31.8324134578,31.2749726926,31.7000360136,31.687769065,31.687769065,32.5534269449,33.2628534335,35.1270514829,35.9672736113,35.5524686949,34.9050398142,33.7180224476,33.1601812363,32.9208452683,33.0925117031,34.0806270332,33.5437877238,30.545678544,28.5159375746,26.7816791442,25.4588427235,25.4206376547,24.7904712477,24.4752006237,24.6074701536,24.6713142366,24.1278895415,25.878090558,26.5124459618,26.8834863671,27.970839724,28.4492795051,27.6957502889,27.7217580807,27.1832380744,26.9113950169,27.595475779,27.8714594065,27.9999412378,28.9415575182,29.2462339788,29.2133883756,30.5330791217,30.5344929414,30.8428470359,31.7457502544,32.9597302704,31.7283959541
231,2025-08-20T00:00:00,31.8588855992,30.7118602335,30.436210555,30.704892022,30.486558098,29.4122113377,29.4122113377,28.2420861254,25.6920821805,25.2399483953,24.8604042635,24.0743234406,24.9411156683,25.0760158228,24.743802402,24.3350273798,23.9916991489,23.5047287599,23.2736652512,23.4654362684,22.9807339205,23.2025190242,22.7998983997,22.2430196378,22.1232122237,22.8051240239,23.304214879,26.163962475,28.7667585296,30.7255478758,32.0011663,32.2052134433,31.6383258893,32.7850471039,31.6492311954,30.9217835176,30.8613994284,30.726482317,28.8733745941,29.3867038444,29.5543574422,28.8350753391,29.9515601279,30.1293334168,29.7544097524,30.4579823608,32.4122159158,34.3100505785,38.0629240416,43.054399829,45.6223892986,51.6599096613,54.9206253941,55.945015079,56.3534226748,59.6703846402,60.7318319698,63.1057376897,67.2302381889,71.7481041301,72.1181187111,71.7074237575,73.0336345456,72.5671449864,77.6271978731,81.9350799673,87.0316231574,90.8874769556,94.9138083744,95.1804549507,95.0492784363,93.4380824453,90.6653676118,92.3943585255,95.9309992902,96.9448646061,93.7796150438,93.5009562643,90.8095196627,86.6788511694,82.4891397097,80.1561380296,72.96845002,69.7348742894,68.8072772456,64.6342929658,61.4462955541,59.5110273222,57.3469964108,53.659728042,49.1819594817,48.0170943242,46.0886843962,42.1229313688,37.3722591011,36.0286210506,31.9586713375,31.2749726926,31.687769065,31.5633024133,31.4062365609,32.4003498238,33.085798004,34.9856974883,35.7833637887,35.4871547733,34.8541193793,33.7180224476,33.3200085865,33.0101226434,33.3898557405,34.1726800993,33.5437877238,30.5208872061,28.5159375746,26.7896036735,25.5109650561,25.4290478546,25.0604264366,24.5766497033,24.6074701536,24.6713142366,24.1278895415,25.878090558,26.5124459618,26.8834863671,28.0542864634,28.5312277139,27.8705793063,27.8705793063,27.2179406635,26.9113950169,27.4757577937,27.7255205372,27.8934846522,28.8387970213,29.1936850857,28.8519041562,30.061370679,30.2026982047,30.6685851159,31.7179562277,32.4679139883,31.6909484732
232,2025-08-21T00:00:00,31.8953281045,30.7190746999,30.436210555,30.704892022,30.486558098,29.3927891344,29.3927891344,28.0494618635,25.5909737354,25.2399483953,24.9244549966,24.2216118875,25.0288966366,25.2736123497,24.8356523634,24.4965826377,24.0830005825,23.6219205651,23.3007144886,23.6219205651,22.9807339205,23.0741283742,22.7898401823,22.1232122237,22.0200181666,22.8051240239,23.304214879,25.9612172449,28.6047197325,30.6509208744,32.0011663,32.2814665223,31.6738239436,33.4818688677,32.7005980872,31.2717483749,31.0538550465,30.8613994284,29.5849965154,30.0361358682,30.1843974843,29.5947047293,30.2393309124,30.7467662783,30.0251690169,30.8368907222,33.1838893868,35.3976851171,39.5075834639,43.889823627,47.2786827605,52.1580592762,55.8541451669,56.596935418,57.0164977147,60.9739481225,61.2965758657,63.5257143874,68.2791791272,72.3388615977,73.229533992,72.1181187111,76.5649210586,75.4558317123,79.764144402,83.7712279881,88.253489898,92.2689798249,95.8475395786,96.5493211708,96.5493211708,94.7376933423,94.5931287974,94.7341543423,96.9448646061,97.182944361,94.8918164366,93.5697594453,90.9745449746,86.7861157337,82.9119250726,81.3293667449,75.3011399421,71.7289430372,69.4088033279,64.9952267747,62.4773905472,60.4526837038,57.5692324264,54.092693957,49.2896618237,48.0170943242,45.7102521088,41.641609456,36.77555009,35.6071350782,31.9586713375,31.5348210296,31.7517046263,31.7716935466,31.9491980703,33.085798004,33.5084802438,35.4871547733,36.3237374081,35.6728093824,34.9050398142,33.7180224476,33.3200085865,33.0101226434,33.0925117031,34.0806270332,33.4844471535,30.5208872061,28.5565964066,27.015945325,25.6696593563,25.6047995975,25.4206376547,24.9574974835,24.9574974835,24.9383855432,24.2131572485,25.9609984642,26.5124459618,26.8834863671,28.0542864634,28.5312277139,27.6957502889,27.7217580807,27.1832380744,26.7420639816,27.3446951428,27.595475779,27.8714594065,28.8387970213,29.2462339788,29.2133883756,30.5525478494,30.5582031281,30.8428470359,31.7179562277,32.5908680588,31.622766765
233,2025-08-22T00:00:00,31.8406643465,30.7005573452,30.3454652427,30.6964689234,30.4671517022,29.1325665049,29.1325665049,27.9282349198,25.5509363691,25.1419713393,24.8604042635,24.1790769258,25.0027082868,25.1350235904,24.8356523634,24.5436732558,24.2014709469,23.7051986387,23.3647684718,23.6662207312,22.9807339205,23.0741283742,22.7898401823,22.1232122237,22.0200181666,22.8051240239,23.304214879,26.163962475,28.7667585296,30.7255478758,32.0429820924,32.5471627834,31.6738239436,33.0629814476,32.698677806,31.2717483749,30.9576656541,30.7977136286,29.3867038444,29.8150844319,30.0143428366,29.5512343321,30.1414255936,30.4681462675,29.9894677928,30.6208601545,33.0570117698,35.0502287053,39.193835776,43.6477572828,47.1140756508,51.9662833739,55.2868989677,56.5208300339,56.5817875875,60.7318319698,61.1244595738,63.4332051801,68.0898666261,72.1181187111,72.4700341991,71.9218270295,75.4558317123,74.989004702,79.5654112516,83.2379405813,87.8661941021,91.8170218165,95.6712910746,95.8475395786,95.9715118716,94.7376933423,94.7341543423,94.8801944507,97.0469960329,97.6810853235,95.0754475894,93.9858268327,91.6966088384,87.8572971863,84.6497492057,82.6510322764,75.799947271,72.5645072778,69.9334166291,65.5132570827,62.5384019085,60.4526837038,57.4272596569,54.092693957,49.5893916274,48.3535883199,46.0886843962,42.1229313688,36.77555009,35.3012807124,31.8324134578,31.2749726926,31.7000360136,31.7000360136,31.7716935466,33.0013725355,33.4760261985,35.3349737016,35.9672736113,35.5524686949,34.9050398142,34.0662533824,33.5617193045,33.0498548294,33.3898557405,34.0806270332,33.3726939289,30.485759185,28.5159375746,26.8407528491,25.6047995975,25.5410522685,25.3348135967,24.7904712477,24.9574974835,24.9383855432,24.2131572485,26.0078780429,26.692527407,26.8834863671,27.970839724,28.4693587798,27.4836171287,27.663514009,27.1156312358,26.5021720741,27.2790646581,27.4757577937,27.6314745154,28.7809929633,29.1936850857,29.1608412885,30.5330791217,30.5344929414,30.6685851159,31.6852179182,32.1130709432,31.5392179433
234,2025-08-23T00:00:00,31.8771068519,30.7026015561,30.3454652427,30.6964689234,30.4671517022,29.0259606356,29.0259606356,27.9282349198,25.5909737354,25.2399483953,25.0621606206,24.3026631428,25.0288966366,25.2736123497,24.9411156683,24.842500117,24.4965826377,23.9521837644,23.6662207312,23.8619781257,23.28549449,23.6264831977,22.8613423498,22.3606499557,22.3117641738,23.1509188189,23.7478373593,26.4455478963,29.2848534578,30.7875882798,32.1082313933,32.698677806,31.7764641255,33.7139039136,33.191563311,31.46840919,31.1556295457,30.8613994284,29.3867038444,29.637836243,29.805515126,29.5002708946,30.0281920611,30.3723110407,29.9515601279,30.5663680592,32.7848492065,34.7642515549,38.6661997944,43.4199629977,46.3277752649,51.9045896219,55.1578770404,56.4763722926,56.4763722926,60.2227386712,60.9966450922,63.2622299415,67.9453733453,72.0097717256,72.2007008793,71.8010891283,74.989004702,74.8857211631,78.9127937614,83.2379405813,88.253489898,92.2689798249,95.8475395786,96.5493211708,95.9715118716,94.5931287974,94.5931287974,94.7341543423,96.9448646061,97.182944361,94.8918164366,93.5697594453,91.2059977049,87.3219474229,84.6497492057,82.6510322764,76.0656561518,72.7128436098,70.3445345363,66.0350644309,63.1565737281,61.4462955541,58.5420294654,55.4248357107,51.2324619504,48.7952719404,47.0991401864,42.7664111894,39.4888428093,36.1821413044,32.6133345489,31.7517046263,32.446926734,32.0659670424,32.1430530088,33.3076155753,33.6013313595,35.3349737016,35.9672736113,35.5524686949,34.9050398142,34.1445973054,33.6505536636,33.3200085865,33.8329335547,34.4531049253,33.5885612364,30.545678544,28.6543051354,27.015945325,25.6696593563,25.6047995975,25.4206376547,24.7904712477,25.0604264366,25.0658564499,24.340856045,26.1704579379,27.0024067473,27.2184366467,28.0580113873,28.6417147982,27.8705793063,27.7217580807,27.1832380744,26.7420639816,27.4757577937,27.8714594065,27.9999412378,28.9415575182,29.2462339788,29.1608412885,30.061370679,30.2026982047,30.5626169924,31.5979412298,31.7603656747,31.3395459648
235,2025-08-24T00:00:00,31.9993396012,30.7407180992,30.436210555,30.704892022,30.4671517022,28.9395337877,28.9395337877,27.8526501174,25.5509363691,25.1419713393,24.9244549966,24.2216118875,25.0027082868,25.1350235904,24.8993260169,24.743802402,24.4965826377,24.001317381,23.7051986387,24.0147143215,23.6264831977,23.7904322521,23.0741283742,22.42315409,22.7343705598,23.2022395793,23.8109581188,26.5108676318,29.3467303785,31.758913418,32.2052134433,32.8422664448,32.5471627834,33.7274067988,33.4488854979,31.5917941138,31.1556295457,30.7977136286,29.0751559166,29.5543574422,29.637836243,29.1728583352,30.0281920611,30.3723110407,29.9515601279,30.5663680592,32.7848492065,34.421539062,38.6661997944,43.6477572828,47.2786827605,52.1580592762,56.3708119392,57.54082972,57.8476297307,61.1244595738,61.571226129,63.6524028113,68.9902220973,74.150201048,74.6364177703,72.6768911182,77.9381561511,76.8747641634,80.2991046061,85.0774108556,89.0501956386,92.8472189429,95.8475395786,95.8475395786,95.9715118716,94.7376933423,94.7341543423,94.8801944507,97.0469960329,97.182944361,93.7796150438,93.5009562643,91.2059977049,87.8572971863,84.6779863562,82.9119250726,76.5875395359,72.9825173166,70.3445345363,66.0350644309,63.1565737281,61.2877697033,58.1637407177,54.9697527791,51.0541772561,48.7875609,47.0066710226,42.6035867728,39.1819290971,36.1464534158,32.6133345489,31.7892314747,32.446926734,32.0659670424,32.1430530088,33.2628534335,33.6013313595,35.3349737016,35.9672736113,35.5524686949,34.9050398142,34.0662533824,33.5937854489,33.1601812363,33.7325223343,34.3099443708,33.5437877238,30.5208872061,28.6543051354,27.1413834306,25.6867520219,25.6696593563,25.440941067,24.7904712477,24.9574974835,25.0658564499,24.340856045,26.1704579379,27.0024067473,27.2184366467,28.0542864634,28.6417147982,27.970839724,27.8705793063,27.2179406635,26.9113950169,27.4757577937,27.7255205372,27.9999412378,29.2462339788,29.3558237047,29.2133883756,30.5330791217,30.5344929414,30.6685851159,31.6852179182,32.3449599178,31.6506163723
236,2025-08-25T00:00:00,31.9486628577,30.7118602335,30.3454652427,30.6964689234,30.4671517022,28.9395337877,28.9395337877,27.8526501174,25.5509363691,25.0668678621,24.9244549966,24.3026631428,25.0288966366,25.2736123497,24.9411156683,24.743802402,24.3350273798,23.9521837644,23.7051986387,24.1370415998,23.7045188373,23.8188505617,23.2025190242,22.42315409,22.5186950801,23.1509188189,23.7478373593,26.4455478963,29.2848534578,31.1622550323,32.2052134433,32.9726717864,32.698677806,33.7831883287,33.7274067988,31.7717896056,31.3994980543,31.0538550465,30.0361358682,30.0617554691,30.1843974843,29.5512343321,30.1414255936,30.4681462675,29.9894677928,30.6208601545,33.0570117698,35.0502287053,39.193835776,43.6477572828,47.2786827605,52.3256625204,56.3708119392,57.54082972,57.8476297307,61.1244595738,61.3424263864,63.5510173192,68.5852689754,73.229533992,74.1637211093,72.2007008793,76.8747641634,76.5649210586,80.1587369359,84.8069369506,88.7330548345,92.2689798249,95.6712910746,95.6712910746,95.7114869331,94.5931287974,94.5931287974,94.7341543423,96.9448646061,97.0469960329,93.5009562643,93.3630709157,90.9745449746,87.3219474229,84.6497492057,82.6510322764,76.41937532,72.9825173166,70.3445345363,68.0710220663,64.1378644545,62.2579410057,59.4236301571,56.425705609,51.5609752293,48.9270202917,47.3966996338,42.7664111894,39.1819290971,36.1464534158,32.6758827507,31.8411254866,32.4971486421,32.3942193259,32.4971486421,33.4760261985,33.9656616717,35.7833637887,36.6348546278,36.3237374081,35.1205505886,34.4531049253,33.8434990782,33.5937854489,34.1064276274,34.4531049253,33.5885612364,30.545678544,28.6543051354,27.015945325,25.6696593563,25.6047995975,25.4206376547,24.6845006335,24.7377256598,24.9655744781,24.2131572485,26.0078780429,26.85132985,27.1414936155,28.0542864634,28.6417147982,27.970839724,27.8705793063,27.2179406635,26.7420639816,27.4757577937,27.7255205372,27.9999412378,29.2462339788,29.4993737402,29.3558237047,30.5525478494,30.5582031281,30.8428470359,31.6852179182,31.8811819687,31.5670675505
237,2025-08-26T00:00:00,31.8953281045,30.6985131343,30.2096699317,30.5404607902,30.3451395691,28.8369602804,28.8369602804,27.6522563201,25.3961274344,24.8923809968,24.8604042635,24.2216118875,25.0027082868,25.2736123497,25.0027082868,24.842500117,24.4965826377,24.001317381,23.7051986387,24.0147143215,23.6264831977,23.8188505617,23.4608342407,22.7343705598,22.7898401823,23.4038496936,23.8109581188,26.5108676318,29.3467303785,31.758913418,32.5682750376,33.3002983674,32.8250733909,33.8729688195,33.7831883287,32.4776548579,31.5472543632,31.2278550885,30.4271280365,30.6351976914,30.7038342838,30.0143428366,30.7467662783,31.0206382128,30.1293334168,30.8368907222,33.0570117698,34.7642515549,38.6661997944,43.4199629977,47.1140756508,52.1580592762,55.8541451669,56.8183516593,57.54082972,60.9966450922,61.2965758657,63.5257143874,68.5852689754,73.229533992,74.6364177703,74.2199756166,78.8004550245,79.2719386878,81.0255782539,85.1091952869,89.4650644037,93.188873899,96.5493211708,96.816518208,98.0467894525,95.9715118716,95.9715118716,97.0469960329,97.9099557911,98.1866297389,95.7165490497,94.6633908521,92.1186249112,88.3960425171,84.8203054765,83.5067809471,76.5875395359,73.7822876648,71.2895011311,68.7803138233,64.9529016314,62.7077559898,60.1231443865,57.3025109445,53.6329796411,49.2896618237,47.7866131732,43.0746673504,39.8158690888,36.5779322313,34.1953113524,32.8727344297,33.7124532918,32.7097715733,33.2628534335,33.7289560276,34.0937813037,36.0035716078,36.8009396694,36.3237374081,35.1205505886,34.4531049253,33.8434990782,33.5617193045,34.0148415694,34.4374172458,33.5437877238,30.5208872061,28.5565964066,26.8407528491,25.6047995975,25.5410522685,25.3348135967,24.6074701536,24.6713142366,24.9383855432,24.1278895415,25.9609984642,26.692527407,26.8834863671,27.970839724,28.5312277139,27.8705793063,27.7217580807,27.1832380744,26.5021720741,27.3446951428,27.595475779,27.8934846522,28.9415575182,29.4993737402,29.4978205388,30.6856400715,30.6856400715,30.9948608014,31.6852179182,31.7506220612,31.4061032909
238,2025-08-27T00:00:00,31.8406643465,30.6811357304,29.9016844202,30.436210555,30.3451395691,28.9395337877,28.9395337877,27.8526501174,25.5509363691,24.8923809968,24.6678835948,24.1790769258,24.9411156683,25.2736123497,25.0288966366,24.9411156683,24.5630841274,24.0830005825,23.7051986387,23.91890303,23.4654362684,23.7904322521,23.2025190242,22.7343705598,22.8051240239,23.4601551997,23.9879162635,26.6747212025,29.3467303785,31.1622550323,32.2814665223,33.0528210535,32.7850471039,33.8321393922,33.7831883287,32.4776548579,31.5472543632,31.3924658035,30.4735610956,30.6351976914,30.7038342838,30.1843974843,30.7467662783,31.0206382128,30.1293334168,30.9795108317,33.0570117698,35.0502287053,38.6661997944,43.6477572828,47.2786827605,52.3256625204,55.8541451669,56.596935418,57.0164977147,60.9739481225,61.1244595738,63.4332051801,68.2791791272,72.3921615285,74.1637211093,72.6768911182,78.4691198812,78.8459839258,80.6444775105,85.0774108556,89.0501956386,92.8472189429,95.8475395786,96.5493211708,96.9079691836,95.7114869331,95.0825722058,96.0765937841,97.6810853235,97.9099557911,95.0754475894,93.9858268327,92.1186249112,88.3960425171,84.8203054765,82.9119250726,76.41937532,73.3082257504,70.8195628814,68.6882514702,64.7052809723,62.5384019085,59.658109612,56.9042053612,53.3469108959,49.1166332635,47.7751096505,43.0303607141,39.8158690888,36.6480635394,34.7615337207,33.856696774,34.1150568406,33.7289560276,33.7002797884,34.0937813037,35.0149214294,36.5201151598,36.8408661547,36.3237374081,35.0577113409,34.4531049253,33.8434990782,33.5617193045,34.0148415694,34.4374172458,33.4844471535,30.485759185,28.5159375746,26.7896036735,25.5410522685,25.5109650561,25.1916753355,24.5766497033,24.6074701536,24.7377256598,24.0244573322,25.878090558,26.5124459618,26.8834863671,27.970839724,28.5312277139,27.8705793063,27.7217580807,27.1156312358,26.3443596424,27.2790646581,27.4757577937,27.8714594065,28.8387970213,29.3558237047,29.3558237047,30.6856400715,30.6856400715,30.9948608014,31.6852179182,31.7554938679,31.2064313125
239,2025-08-28T00:00:00,31.8180823701,30.6293557676,29.5264303902,30.3454652427,30.170285485,28.9395337877,28.9395337877,27.8526501174,25.5509363691,24.8923809968,24.6102879286,24.1790769258,24.9411156683,25.2736123497,25.0288966366,24.9411156683,24.4965826377,24.001317381,23.6662207312,23.91890303,23.4654362684,23.7904322521,23.2025190242,22.7343705598,22.7898401823,23.4038496936,23.8109581188,26.5108676318,29.2848534578,31.1622550323,32.5682750376,33.3002983674,32.8250733909,33.9102062145,33.8729688195,32.7805153249,31.6475748827,31.4606412562,30.5977537636,30.726482317,30.7038342838,30.1843974843,30.7467662783,31.0206382128,30.0251690169,30.9795108317,33.1838893868,35.8066413244,39.6754216919,44.2423196219,49.035536321,53.1046894988,56.596935418,58.3615043805,58.9796761311,61.3424263864,61.571226129,63.5510173192,68.5852689754,72.1812327116,73.229533992,72.2540008101,77.9381561511,78.8459839258,80.6444775105,85.1091952869,89.0501956386,93.188873899,96.5493211708,96.816518208,98.0467894525,95.7114869331,94.8801944507,95.0825722058,97.182944361,97.6810853235,94.8918164366,93.5697594453,91.7949703578,88.3505842761,84.7389142836,82.9119250726,76.41937532,73.3082257504,71.2895011311,68.8923010248,64.9529016314,62.7077559898,60.1231443865,56.9042053612,53.2805621562,49.1166332635,47.7866131732,43.0746673504,40.0591008555,36.7189907709,35.0410294981,34.1150568406,34.4042997176,34.0702302252,33.7289560276,34.182872771,35.2439472474,36.5605275658,36.8768132237,36.5605275658,35.0577113409,34.3279832596,33.8434990782,33.5937854489,34.1064276274,34.5223656065,33.5885612364,30.5208872061,28.5159375746,26.7896036735,25.5109650561,25.5109650561,25.1916753355,24.5766497033,24.6074701536,24.7377256598,23.9628204628,25.8396837488,26.2982309514,26.692527407,27.8705793063,28.4693587798,27.8705793063,27.7217580807,27.1156312358,26.3443596424,27.2790646581,27.3446951428,27.6314745154,28.7809929633,29.2462339788,29.3558237047,30.5525478494,30.5582031281,30.8428470359,31.5979412298,31.7351478927,31.1997963113
240,2025-08-29T00:00:00,31.6488214306,30.5019698096,29.2942917082,30.3173520162,30.170285485,29.0259606356,29.0259606356,27.9282349198,25.5909737354,24.8923809968,24.6102879286,24.2216118875,25.0027082868,25.3018133601,25.0760158228,25.0027082868,24.5630841274,24.1450204876,23.7986773176,24.1370415998,23.6264831977,23.7904322521,23.0741283742,22.5186950801,22.7898401823,23.4601551997,23.9879162635,26.6747212025,29.2848534578,31.1622550323,32.2814665223,33.0528210535,32.7850471039,33.9102062145,33.9102062145,32.9282182518,32.0414171684,31.7131523627,30.6240861702,30.726482317,30.6143342017,30.0143428366,30.493941904,30.9738664511,30.1293334168,31.1367897861,33.41521916,36.0790622928,39.7656644549,44.1529370689,48.3905056107,52.6979224276,56.596935418,58.7598869885,59.4152928198,62.3676088339,62.9977014548,64.864862218,69.9546638485,74.5366786279,74.9321112239,75.39636722,79.2719386878,79.8662559417,81.9350799673,86.331756914,91.1411674971,94.3021640576,98.0283961295,99.0126600051,99.8710836914,97.8549228068,96.6208043663,97.0469960329,97.6810853235,97.6810853235,93.7796150438,93.5009562643,91.6966088384,88.1111980033,84.6779863562,82.6510322764,76.41937532,73.7822876648,71.2895011311,68.7803138233,64.7052809723,62.7077559898,60.1231443865,56.9042053612,53.2805621562,49.1166332635,47.7751096505,43.0303607141,39.8158690888,36.6480635394,34.7615337207,34.0702302252,34.2844169065,33.8358988953,33.7289560276,34.2844169065,35.5562588441,36.6904585888,37.1656635211,36.6348546278,35.0577113409,34.3279832596,34.1010381778,33.6505536636,34.3077506947,34.8155829182,33.7325223343,30.5208872061,28.5159375746,26.7896036735,25.4775755491,25.5109650561,25.3348135967,24.6074701536,24.6713142366,24.9383855432,23.9628204628,25.8313043064,26.2506023912,26.5852852515,27.8705793063,28.5312277139,28.0563203381,28.0090506654,27.2179406635,26.7420639816,27.3446951428,27.3446951428,27.6179481812,28.7809929633,29.2462339788,29.3558237047,30.6856400715,30.6856400715,30.8428470359,31.5979412298,31.7408784477,31.1766370714
241,2025-08-30T00:00:00,31.1862025647,30.5338162991,29.9016844202,30.436210555,30.3451395691,29.1325665049,29.1325665049,27.9282349198,25.5509363691,24.6678835948,24.2997956118,24.1790769258,24.9411156683,25.2736123497,25.0288966366,24.9411156683,24.4965826377,24.0830005825,23.7051986387,24.0147143215,23.4654362684,23.7045188373,23.0089612755,22.42315409,22.7343705598,23.4601551997,24.1616530358,26.6747212025,29.2848534578,31.7194640545,32.2814665223,33.0528210535,32.7850471039,34.0560068809,34.0633454741,33.183331915,32.9247912245,32.598749082,30.726482317,30.7574360426,30.7388537019,30.4176673846,31.1888148817,31.5237489857,30.4789846962,31.5344714962,33.8856597581,36.3862210479,39.7656644549,44.1529370689,47.5751506919,52.5254884892,56.5208300339,58.3615043805,59.2160108085,62.2232724918,62.9141873125,64.3348694398,69.7103292539,74.150201048,74.8296489688,74.934245687,79.0230132471,79.6958720212,81.8565357492,86.331756914,91.7723379626,94.9138083744,99.3774976878,99.402024525,100.851583048,98.2465536313,96.6208043663,96.0765937841,97.182944361,97.6810853235,93.7796150438,93.5009562643,91.6966088384,88.1111980033,84.6497492057,82.5055884785,76.3806354132,73.3082257504,70.8195628814,68.6882514702,64.6342929658,62.5384019085,59.658109612,56.7623631839,52.2680109317,49.083003553,47.746297139,42.9665453142,39.6464486703,36.5779322313,34.1953113524,33.856696774,34.1150568406,33.8358988953,33.7289560276,34.2844169065,35.5562588441,36.6904585888,36.9304101758,36.5605275658,34.9837352538,34.286675407,33.8434990782,33.6505536636,34.3077506947,34.8155829182,33.7325223343,30.5208872061,28.2804488716,26.7816791442,25.4516327175,25.4775755491,25.3348135967,24.6845006335,24.7377256598,24.9655744781,24.1278895415,25.8313043064,26.1428561223,26.4937024446,27.6978403989,28.4693587798,27.970839724,28.0090506654,27.3857563202,26.9113950169,27.4757577937,27.595475779,27.8714594065,28.8387970213,29.3558237047,29.4853122098,30.6856400715,30.6856400715,30.8428470359,31.5979412298,31.7457502544,31.1975846443
242,2025-08-31T00:00:00,31.8256096956,30.6744912393,30.3454652427,30.6964689234,30.4671517022,29.3927891344,29.4122113377,28.2420861254,25.5909737354,25.0668678621,24.8604042635,24.6422847482,25.0288966366,25.4049383333,25.0760158228,24.9411156683,24.3350273798,24.001317381,23.6662207312,23.91890303,23.3647684718,23.6264831977,23.0089612755,22.5186950801,22.8051240239,23.8109581188,24.3642984653,26.7572859339,29.2848534578,31.7194640545,32.5682750376,33.4510185905,32.9726717864,34.0653804872,34.0653804872,33.183331915,32.8093830484,32.446895957,30.6797213922,30.7388537019,30.7038342838,30.1843974843,30.9924600748,31.4615279124,30.4204973432,31.4615279124,33.7112233602,36.0790622928,39.6754216919,43.962583314,47.4032667637,52.369382533,56.4763722926,57.7476314981,58.9796761311,61.5523920513,62.694526098,63.8376382445,69.2371193431,73.229533992,74.6364177703,74.2199756166,78.8004550245,79.5654112516,81.2053031191,85.6724407589,91.1411674971,94.5186612477,99.0126600051,99.3774976878,99.8710836914,97.8549228068,95.9715118716,95.0825722058,97.0469960329,97.182944361,93.5009562643,93.3630709157,91.2059977049,87.8572971863,84.2928256894,82.0019565421,76.0571307638,72.9825173166,70.3445345363,68.2823386033,64.6342929658,62.7077559898,60.6233943037,57.5692324264,53.9857003535,49.5745316376,47.7866131732,43.0303607141,39.6464486703,36.4594133707,34.1953113524,33.856696774,34.1150568406,33.8358988953,33.7289560276,34.182872771,35.3440177734,36.6904585888,37.1656635211,36.6348546278,35.1205505886,34.501855779,34.286675407,33.7325223343,34.4374172458,34.8155829182,33.7325223343,30.545678544,28.5159375746,26.7896036735,25.4775755491,25.4775755491,25.3189872439,24.6845006335,24.7377256598,25.0658564499,24.340856045,25.8396837488,26.2506023912,26.5852852515,27.6978403989,28.4492795051,27.970839724,28.0090506654,27.3857563202,26.9113950169,27.4757577937,27.595475779,27.8934846522,28.9415575182,29.4993737402,29.5749360183,31.1162010888,31.0771140002,31.1204293538,31.8811819687,32.6121132337,31.622766765
243,2025-09-01T00:00:00,31.8030277192,30.5975092781,30.2096699317,30.5404607902,30.3451395691,29.1325665049,29.3927891344,28.0494618635,25.5509363691,24.8923809968,24.6678835948,24.3026631428,25.0027082868,25.3018133601,25.0288966366,24.842500117,24.2928383973,23.9521837644,23.6219205651,23.8619781257,23.28549449,23.4463797123,22.8613423498,22.42315409,22.8051240239,23.8109581188,24.3642984653,26.7572859339,29.2848534578,31.1622550323,32.2814665223,33.3002983674,32.9726717864,34.1088691175,34.152992096,33.4782155463,33.183331915,33.0508653793,30.7388537019,30.7574360426,30.7388537019,30.4176673846,31.3327212515,31.8061629176,30.718384982,31.9582164871,34.253146088,36.3862210479,39.6754216919,43.889823627,47.2786827605,52.3256625204,56.3708119392,57.54082972,58.7961098474,61.5523920513,62.9141873125,64.864862218,69.9546638485,74.5366786279,74.8955147951,75.0281792299,79.2719386878,80.2215387225,82.3640002373,86.9561411771,91.7723379626,94.5186612477,98.0283961295,99.3774976878,99.8710836914,97.8549228068,95.9715118716,95.0825722058,97.0469960329,97.182944361,93.5009562643,93.3630709157,91.2059977049,87.3219474229,83.9875992189,81.5369388031,75.799947271,72.7128436098,70.0182734638,68.0710220663,64.5523478129,62.6698823652,60.6233943037,57.5692324264,53.9857003535,49.5745316376,47.8519710278,43.2934387961,40.0591008555,36.6480635394,34.7615337207,33.856696774,34.0702302252,33.8358988953,33.7289560276,34.182872771,35.3440177734,36.6904585888,36.9304101758,36.5605275658,35.1205505886,34.6067614248,34.3279832596,33.8329335547,34.4531049253,34.8155829182,33.5885612364,30.5208872061,28.2804488716,26.7816791442,25.4516327175,25.4516327175,25.3189872439,24.6845006335,24.7377256598,25.1650985225,24.59156377,25.878090558,26.2982309514,26.692527407,27.6978403989,28.3843199056,27.8705793063,27.8705793063,27.2179406635,26.7420639816,27.3446951428,27.4757577937,27.8714594065,28.9415575182,29.4993737402,29.5749360183,31.1162010888,31.0771140002,31.0583780943,31.7457502544,32.3662050927,31.5392179433
244,2025-09-02T00:00:00,31.3404088533,30.4942812946,29.9016844202,30.436210555,30.170285485,29.0259606356,29.1325665049,27.9282349198,25.3961274344,24.6678835948,24.6102879286,24.2216118875,24.9411156683,25.2736123497,25.0027082868,24.743802402,24.2014709469,23.8702983093,23.4654362684,23.7986773176,23.097682437,23.2025190242,22.8063927757,22.4046311047,22.7898401823,23.7478373593,24.2379184915,26.7050063174,29.269105147,30.7875882798,32.2052134433,33.0528210535,32.8250733909,34.0653804872,34.0819836736,33.4319151297,33.0783204878,32.9247912245,30.726482317,30.7388537019,30.7038342838,30.1843974843,31.1888148817,31.733453437,30.598332608,31.8061629176,33.8856597581,36.0790622928,39.5075834639,43.6477572828,47.1140756508,52.1580592762,55.8541451669,56.8183516593,57.8476297307,61.3424263864,62.694526098,64.864862218,70.1415281164,74.6364177703,75.0260447669,75.39636722,79.5654112516,80.2215387225,81.9350799673,86.331756914,91.1411674971,94.3021640576,98.0283961295,99.402024525,100.851583048,98.2465536313,96.6208043663,95.0825722058,96.9448646061,97.0469960329,93.3630709157,93.2642359119,90.9745449746,86.9002072685,83.5734204493,81.3293667449,75.7026757209,72.5645072778,69.8749511425,67.3611409009,64.1378644545,62.5384019085,60.1231443865,57.3025109445,53.6329796411,49.2896618237,47.7866131732,43.0746673504,39.8158690888,36.5779322313,34.1953113524,33.7176527615,33.8358988953,33.7289560276,33.7002797884,34.0937813037,35.2439472474,36.6091698582,36.8768132237,36.3237374081,35.0577113409,34.501855779,34.286675407,33.7325223343,34.4374172458,34.7126481965,33.5437877238,30.485759185,27.9459435046,26.7523805263,25.4290478546,25.4290478546,25.1916753355,24.6074701536,24.6713142366,25.0658564499,24.4023827121,25.8396837488,26.2506023912,26.5852852515,27.6575345885,28.1266562402,27.6957502889,27.7217580807,27.1832380744,26.5021720741,27.2790646581,27.3446951428,27.8154101459,28.8387970213,29.3558237047,29.523349501,30.9948608014,30.9948608014,30.9948608014,31.7179562277,32.2290154305,31.3395459648
245,2025-09-03T00:00:00,30.9813786219,30.4635272346,29.5264303902,30.3454652427,29.8924343618,28.9395337877,29.0259606356,27.8526501174,25.3961274344,24.6678835948,24.6102879286,24.2216118875,24.8993260169,25.1350235904,24.9411156683,24.5436732558,24.1450204876,23.8478350615,23.3647684718,23.7051986387,23.0089612755,23.0741283742,22.7998983997,22.3838113379,22.7343705598,23.6928292175,24.2379184915,26.7572859339,29.2848534578,31.7194640545,32.5682750376,33.569298248,33.0528210535,34.3319313457,34.3319313457,33.7347480522,33.4782155463,33.1893656267,30.8764370279,31.0561182486,31.0561182486,30.7911217708,31.6803272644,32.2539165385,30.9738664511,32.4122159158,35.0502287053,37.0361265806,39.9689132659,44.2423196219,48.3905056107,52.6979224276,56.596935418,58.7598869885,59.2160108085,62.3676088339,63.1427811044,65.6613198549,70.6616896227,75.1745649452,76.308889402,76.5649210586,79.6958720212,80.5545379272,81.8565357492,85.6724407589,90.5329023728,94.0239921685,97.6110513374,99.3774976878,99.8710836914,97.8549228068,95.9715118716,94.8801944507,96.4511139215,96.9448646061,93.2642359119,93.00511383,90.8095196627,86.7861157337,82.9119250726,80.835369138,75.5438186438,72.4239270663,69.6551945941,65.8647528396,63.6266386309,62.4773905472,59.658109612,56.9042053612,53.3469108959,49.1166332635,47.7751096505,43.0303607141,39.6464486703,36.4594133707,33.856696774,32.8727344297,33.7124532918,33.7002797884,33.533217351,34.0758872387,35.0149214294,36.5605275658,36.8408661547,35.8582231859,34.9837352538,34.4531049253,34.1010381778,33.6505536636,34.3077506947,34.5223656065,33.4844471535,30.313865583,27.8721993825,26.6769226005,25.4206376547,25.4206376547,25.1394732393,24.5766497033,24.6074701536,24.9655744781,24.340856045,25.8313043064,26.1428561223,26.4937024446,27.4836171287,28.0580113873,27.4836171287,27.663514009,27.1156312358,26.3443596424,27.2082212317,27.3030716338,27.6179481812,28.7809929633,29.2462339788,29.4853122098,30.6856400715,30.6856400715,30.8428470359,31.6852179182,31.7652374814,31.2042196454
246,2025-09-04T00:00:00,31.1862025647,30.4712157496,29.5264303902,30.3454652427,29.8051280363,28.8369602804,28.9395337877,27.6522563201,25.2399483953,24.6105777499,24.2997956118,24.1790769258,24.8356523634,25.0760158228,24.8993260169,24.4965826377,24.0830005825,23.797678377,23.3458351327,23.6662207312,22.9807339205,23.0741283742,22.7998983997,22.3838113379,22.7343705598,23.6928292175,24.1971311235,26.7572859339,29.3467303785,31.7761511428,32.7893453674,33.6196488491,33.3002983674,34.4954876992,34.5366801332,33.8729688195,33.7347480522,33.5469164619,31.1593143411,31.2278550885,31.2364523055,30.9921152164,31.6803272644,32.2539165385,30.9738664511,32.4122159158,35.0502287053,37.0361265806,39.8792640896,44.1529370689,47.5751506919,52.5254884892,56.5208300339,58.7598869885,59.063328572,62.3676088339,63.4332051801,65.9928216075,70.6616896227,75.0260447669,75.39636722,76.308889402,79.6958720212,80.6141873901,82.3640002373,86.9561411771,91.1411674971,94.3021640576,98.0283961295,99.402024525,99.8710836914,96.7735743155,95.0825722058,94.7341543423,96.3172662302,96.4511139215,93.00511383,92.9028758262,89.9171299093,86.7475640351,82.6510322764,80.409052573,75.5438186438,72.4239270663,69.5531238978,65.5132570827,63.4966238899,62.3953205107,59.658109612,57.3025109445,53.6329796411,49.5745316376,47.9437026742,43.6662358876,40.1061492379,36.7189907709,34.7615337207,33.7176527615,33.8358988953,33.7002797884,33.533217351,34.0758872387,35.0149214294,36.6091698582,36.8408661547,36.3237374081,35.1205505886,34.501855779,34.286675407,33.7325223343,34.4374172458,34.4799121641,33.3726939289,30.2573571708,27.6831677714,26.5703500251,25.1911653724,25.1911653724,25.0604264366,24.4752006237,24.5766497033,24.9383855432,24.2131572485,25.6026323063,26.000977589,26.4164518673,27.3909044286,28.0542864634,27.3909044286,27.4184711902,26.9113950169,26.1235913735,27.1180567754,27.2753469703,27.4757577937,28.7809929633,29.2462339788,29.4853122098,30.6856400715,30.6856400715,30.6685851159,31.5979412298,31.7457502544,31.1975846443
247,2025-09-05T00:00:00,30.9307609678,30.4372733387,29.2942917082,30.3173520162,29.7396087753,28.7046490015,28.8369602804,27.5475141414,25.1419713393,24.6074928529,24.2216118875,24.0743234406,24.743802402,25.0288966366,24.8356523634,24.3350273798,23.9916991489,23.7051986387,23.3007144886,23.6219205651,22.8833697452,23.0089612755,22.7898401823,22.3606499557,22.5186950801,23.4601551997,24.1616530358,26.7050063174,29.2848534578,31.7761511428,32.8141062166,33.7161664593,33.6377558229,34.8390692498,34.8059322046,34.152992096,34.0819836736,33.7545834047,31.4325122531,31.6803272644,31.8260498489,31.5006724821,32.2539165385,32.5632397714,31.4615279124,33.0570117698,36.167888858,37.2684330459,40.2499949995,44.7288076308,49.035536321,52.6979224276,56.596935418,58.7598869885,58.953326007,62.2232724918,63.1427811044,65.6613198549,70.4292691242,74.8531323546,75.1745649452,75.39636722,79.5654112516,80.5545379272,81.9350799673,86.331756914,90.5329023728,94.0239921685,97.6110513374,99.3774976878,99.4300664861,96.0848698826,94.8801944507,94.5931287974,95.9309992902,96.3172662302,92.9028758262,92.4780690125,89.4764765863,86.6788511694,82.5557337808,80.1561380296,75.3899214469,72.3539658939,69.4088033279,65.1273709872,63.1498545627,62.2579410057,59.5681968205,57.3025109445,53.9857003535,49.7447946404,48.0439477314,44.654975134,40.483982415,37.0398376797,35.2019971924,34.0702302252,34.1150568406,33.8358988953,33.7289560276,34.182872771,35.3440177734,36.6741154706,36.8408661547,35.8582231859,35.0577113409,34.4799121641,34.1010381778,33.6505536636,34.3077506947,34.4528937602,33.3129141614,30.2254021632,27.5791273396,26.4870015736,24.830006634,25.0604264366,24.9574974835,24.3812777118,24.4023827121,24.7377256598,24.1278895415,25.4353101825,25.9609984642,26.2859048449,27.3627814654,27.970839724,27.3627814654,27.2164172223,26.7420639816,25.9516278322,26.9113950169,27.2082212317,27.3446951428,28.7567675513,29.1936850857,29.3558237047,30.5525478494,30.5582031281,30.5626169924,31.5469363631,31.7236867827,31.1579011655
248,2025-09-06T00:00:00,30.7789080053,30.382617992,29.1207443676,30.170285485,29.5288113335,28.6908713211,28.7307507184,27.4499251781,25.0668678621,24.6074928529,24.2997956118,24.1790769258,24.8356523634,25.0760158228,24.8356523634,24.2928383973,23.9916991489,23.797678377,23.3647684718,23.7051986387,23.0089612755,23.0741283742,22.7898401823,22.3838113379,22.6423796759,23.4601551997,24.1616530358,26.7572859339,29.3467303785,31.9735205473,32.9726717864,33.8846994747,33.7441180781,35.1279518673,35.0419839766,34.5994398227,34.5366801332,34.1300444223,31.6581130378,32.0038034865,32.2539165385,31.5006724821,32.2539165385,32.5632397714,31.3327212515,32.9966909311,36.0477703683,37.1973614063,40.0403826274,44.4461922937,48.4172677116,52.5254884892,56.5208300339,58.3615043805,58.7961098474,61.5523920513,62.9977014548,65.5263507513,70.1415281164,74.6364177703,75.0260447669,75.0281792299,79.3894721304,80.2215387225,81.8565357492,85.6724407589,89.7991205536,93.6498184163,97.3906952537,99.0126600051,99.0862332971,95.8637987288,94.8801944507,94.7341543423,96.4511139215,96.9448646061,93.2642359119,92.9028758262,89.4764765863,85.8011902608,82.4891397097,80.0068225399,75.3011399421,72.3200262989,69.2954624227,64.9952267747,62.9133475236,62.157214276,59.5110273222,56.9042053612,53.6329796411,49.5745316376,47.9437026742,44.3634092414,40.3060653351,36.9836495311,35.0410294981,33.856696774,34.0702302252,33.7289560276,33.7002797884,34.0937813037,35.2439472474,36.6091698582,36.8009396694,35.7015962196,34.9837352538,34.4528937602,33.8434990782,33.5937854489,34.1064276274,34.4374172458,33.0755520851,30.176332092,27.5791273396,26.5703500251,25.4206376547,25.1911653724,25.0604264366,24.4752006237,24.4023827121,24.6713142366,24.0244573322,25.3794678403,25.878090558,26.2545240543,27.2184366467,27.8705793063,27.2164172223,27.1156312358,26.5021720741,25.9181637981,26.7420639816,27.0674746697,27.3030716338,28.7485176979,28.9333461174,29.2133883756,30.5330791217,30.5344929414,30.5626169924,31.5979412298,31.7554938679,31.2064313125
249,2025-09-07T00:00:00,30.7612219855,30.297584134,29.0298451525,29.8924343618,29.4122113377,28.6064370803,28.6129625096,27.4248689983,24.8923809968,24.2985180839,24.2216118875,24.0743234406,24.743802402,25.0288966366,24.743802402,24.2014709469,23.9497792064,23.7051986387,23.3647684718,23.7986773176,23.28549449,23.4463797123,22.8063927757,22.4046311047,22.6423796759,23.4038496936,23.9879162635,26.7572859339,29.3467303785,32.0011663,32.9781713474,34.0560068809,33.8324483573,35.6233496719,35.6359296001,34.8175930056,34.7705771794,34.5366801332,32.5545086242,32.486508488,32.486508488,32.2539165385,32.5161131203,33.7112233602,31.9582164871,33.7112233602,36.7381145822,37.4132996092,40.5845148005,45.6223892986,49.413323635,53.3785372314,57.54082972,59.063328572,59.4152928198,62.9977014548,63.5720372924,67.1867693072,71.2144413329,75.1745649452,75.39636722,75.39636722,79.2345122128,79.8662559417,81.3651821183,85.4585469684,89.5593926817,93.3597067149,96.816518208,98.0283961295,98.0467894525,95.7114869331,94.7341543423,94.5931287974,96.3172662302,96.4511139215,93.00511383,92.4780690125,88.8190318233,85.0339596828,81.6556005137,79.6669500083,74.7149865109,71.7289430372,69.1116077329,64.9529016314,62.6698823652,62.0650432059,59.4236301571,56.7623631839,53.3469108959,49.2896618237,47.8519710278,43.6662358876,40.1061492379,36.7189907709,34.7615337207,33.7176527615,33.8358988953,33.7002797884,33.533217351,34.0758872387,35.0149214294,36.5605275658,36.7278251948,35.6728093824,34.9837352538,34.4799121641,34.1010381778,33.6505536636,34.3077506947,34.4374172458,32.9839605756,30.0623132559,27.5178616157,26.4870015736,25.4206376547,25.1911653724,25.0604264366,24.4752006237,24.4023827121,24.6074701536,23.9628204628,25.2982102775,25.8396837488,26.2506023912,27.1414936155,27.6978403989,27.1156312358,26.9113950169,26.3195492106,25.812092062,26.396686006,26.7764036787,27.2753469703,28.464875596,28.7888722643,29.1608412885,30.061370679,30.2026982047,30.2052867021,31.5469363631,31.7351478927,31.1997963113
250,2025-09-08T00:00:00,30.7476886644,30.1803651977,28.9451419826,29.8051280363,29.3927891344,28.4927430054,28.4927430054,27.4176223985,24.7839301745,24.215557966,24.1379708712,24.0039206024,24.6422847482,25.0027082868,24.5436732558,24.1705682367,23.866302547,23.6662207312,23.3458351327,23.7051986387,23.097682437,23.2025190242,22.7998983997,22.3838113379,22.499012007,23.4038496936,23.9879162635,26.7050063174,29.3467303785,32.0429820924,33.1330398714,34.072532934,34.0560068809,35.687591327,35.882375175,34.8549962569,34.8175930056,34.6763345055,33.0508653793,33.0508653793,32.9919634613,32.4553865725,32.9187458149,33.7112233602,31.9582164871,33.7112233602,36.8007397988,37.4477274862,41.2881705339,47.1140756508,49.8000041994,54.1836267939,57.97493523,59.4152928198,59.4589688889,63.4208081931,64.5500037372,67.9453733453,72.0097717256,76.5642114442,76.8020694132,76.308889402,79.2345122128,79.8662559417,81.0832988474,85.2260299213,89.4435922815,93.188873899,96.5493211708,97.6110513374,97.6110513374,95.7114869331,94.9856344074,94.8801944507,97.0469960329,97.6810853235,93.7796150438,93.3630709157,90.9745449746,86.7861157337,82.6510322764,80.1561380296,75.3011399421,71.7289430372,69.1116077329,64.8387474569,62.5384019085,61.4462955541,59.299937052,56.6830682941,53.2805621562,49.1166332635,47.7866131732,43.2934387961,40.0591008555,36.6480635394,34.1953113524,32.8727344297,33.7124532918,33.044302679,33.3117298163,33.9852936989,34.944396396,36.5605275658,36.8009396694,35.7015962196,35.0577113409,34.501855779,34.1010381778,33.5937854489,34.1064276274,34.3077506947,32.6092538265,30.018418212,27.4993149731,26.4296545084,25.1911653724,25.0604264366,24.9574974835,24.3812777118,24.3503915871,24.5766497033,23.9389763953,25.2005077891,25.8396837488,26.2506023912,27.1414936155,27.6978403989,27.1156312358,26.6261153461,26.1173887656,25.6795891676,26.1426871369,26.5066166663,27.2082212317,28.3435124294,28.7514537535,28.8457460571,29.8455283032,29.9540840887,29.9540840887,31.5229506437,31.7122256727,31.1766370714
251,2025-09-09T00:00:00,31.1862025647,30.4712157496,29.5264303902,30.3454652427,29.8051280363,28.8369602804,28.9395337877,27.6522563201,25.2399483953,24.6678835948,24.6678835948,24.3026631428,24.9411156683,25.2736123497,24.9411156683,24.4965826377,24.1450204876,23.8702983093,23.6662207312,24.0147143215,23.6264831977,23.7904322521,23.0741283742,22.6423796759,22.8051240239,23.8109581188,24.2379184915,27.2452843015,29.9731478904,32.2814665223,33.6385859727,34.4862567032,34.3319313457,36.0135794445,36.4282535797,35.1803547833,35.0586865202,34.8809952577,33.2992109819,33.3903687074,33.4433490079,32.7339606705,33.1702084539,34.3062419989,32.6908341489,34.3818985485,37.163262376,37.8380704233,42.0859882541,47.3182801348,50.8383768834,54.8438208059,58.7598869885,59.5466095919,60.0335771054,63.8376382445,65.8251366685,68.7911862142,73.213352002,78.6468604053,78.6927015857,78.300606711,79.9484491991,80.7929680435,82.3640002373,86.9561411771,90.5329023728,93.6498184163,97.3906952537,99.0126600051,99.0862332971,96.7735743155,97.2438430101,97.2672990769,98.1866297389,99.6428824301,96.3172662302,94.6633908521,92.1186249112,88.1111980033,84.2928256894,81.5369388031,75.799947271,72.5645072778,69.6551945941,65.5132570827,63.4966238899,62.3953205107,59.658109612,57.5692324264,54.4293787074,49.8463354777,48.3963835678,44.8949543212,40.756427977,37.1666165025,35.3221295584,34.1150568406,34.2844169065,34.0702302252,33.8358988953,34.2844169065,35.5562588441,36.8098981467,37.1656635211,36.6185115097,35.3617897168,34.8450677906,34.4799121641,34.0148415694,34.4799121641,34.5223656065,33.3726939289,30.2573571708,27.8721993825,26.7523805263,25.4775755491,25.4516327175,25.3189872439,24.6845006335,24.6713142366,24.9383855432,24.2131572485,25.6026323063,26.1428561223,26.4937024446,27.4836171287,28.0580113873,27.4836171287,27.4184711902,26.9113950169,26.1235913735,27.1180567754,27.2753469703,27.4757577937,28.7809929633,29.2462339788,29.4853122098,30.6856400715,30.6856400715,30.8428470359,31.7179562277,32.3520416427,31.5670675505
252,2025-09-10T00:00:00,31.2803129458,30.4789042646,29.5264303902,30.3454652427,29.8051280363,28.7609561685,28.8369602804,27.5475141414,25.2399483953,24.8923809968,24.9244549966,24.9137246543,25.1350235904,25.6235793836,25.0288966366,24.743802402,24.2928383973,24.001317381,23.7986773176,24.1411344171,23.7045188373,23.8188505617,23.2025190242,22.7898401823,23.0390531274,24.2062855456,24.5402564345,27.3510678413,30.2606751239,32.5682750376,33.7442911296,34.7388362775,34.7274772189,36.4189370352,37.5151077488,35.882375175,35.882375175,35.749657163,33.5445642764,33.5559931995,33.7742408334,33.3313620725,34.0700632561,35.1351227495,32.9966909311,35.330296046,37.1973614063,37.8380704233,41.5098479597,47.2577672429,50.1708309975,54.7372736134,58.6157991502,59.4844331665,59.6703846402,63.5720372924,65.5263507513,68.6313711385,72.7224256232,78.4427252498,78.4427252498,77.9139702218,79.6958720212,80.6141873901,81.9350799673,86.331756914,89.7991205536,93.3597067149,96.816518208,98.0283961295,98.0467894525,96.0848698826,96.6208043663,97.0469960329,97.9099557911,98.8996267786,95.7165490497,93.9858268327,91.7949703578,87.8572971863,83.9875992189,81.3293667449,75.7026757209,72.4239270663,69.5531238978,65.5132570827,63.6266386309,62.5384019085,60.6233943037,58.0895364691,54.9697527791,50.2152523765,48.7875609,45.1555378197,41.1863499977,38.5746973603,36.0286210506,34.7615337207,35.0239861851,34.391466009,34.0758872387,34.391466009,35.7185377274,36.8768132237,37.2919020966,36.8406255074,35.8582231859,34.9061933587,34.7567222874,34.4374172458,34.6979764532,34.7126481965,33.3726939289,30.2573571708,27.8721993825,26.7816791442,25.5109650561,25.4775755491,25.3563485471,24.7904712477,24.7377256598,24.9655744781,24.340856045,25.8396837488,26.2506023912,26.4937024446,27.3909044286,28.0542864634,27.3909044286,27.4184711902,26.9113950169,26.1235913735,27.2082212317,27.3446951428,27.8154101459,29.2462339788,29.6123630154,29.5873861306,31.1162010888,30.9948608014,30.9948608014,31.7457502544,32.6121132337,31.7159134604
253,2025-09-11T00:00:00,31.0319962761,30.4865927796,29.9016844202,30.5404607902,30.3451395691,29.0259606356,29.1325665049,27.9282349198,25.5909737354,25.2399483953,25.2091761825,25.0352315269,25.3018133601,25.6845473267,25.0288966366,24.743802402,24.3350273798,24.0830005825,23.8702983093,24.1904946881,23.8619781257,23.9029563332,23.4608342407,22.8919705771,23.1509188189,24.2759761806,24.6164212316,27.39699716,30.3309928871,32.6307760509,33.7161664593,34.5786776491,34.7274772189,36.5270944875,37.6796858611,36.2763869062,36.3104136777,36.2872270151,33.7803946517,34.1527622159,34.2813041038,34.0700632561,34.995452682,36.1470943714,33.8501621461,36.1788466672,37.4333403693,38.2048049952,42.8010884336,48.3905056107,51.8417546501,55.8286000606,59.2036327183,60.0985887253,60.9739481225,64.8458180107,67.0999096585,69.9313865405,74.5366786279,79.0004673906,79.1117357354,79.0004673906,80.7929680435,81.0832988474,83.5280762655,87.7785800914,91.1411674971,93.6498184163,96.816518208,98.0283961295,99.0862332971,96.7735743155,97.2438430101,98.1866297389,98.7743246444,99.8589478938,96.9448646061,95.7165490497,93.00511383,88.4779835833,84.7389142836,82.6510322764,76.41937532,73.3082257504,70.3445345363,68.2823386033,64.7052809723,63.4966238899,62.0650432059,58.9425790204,56.6403157576,51.2324619504,48.8342122957,45.4563631162,41.5063497047,38.5746973603,36.0286210506,34.7615337207,34.7615337207,34.2844169065,34.0702302252,34.391466009,35.8511298198,36.9304101758,37.4639153985,36.8801521336,36.5837702075,34.9837352538,34.8450677906,34.4528937602,34.7493510693,34.7126481965,33.3726939289,30.2573571708,27.8721993825,26.7816791442,25.5109650561,25.4775755491,25.3563485471,24.9574974835,24.9574974835,25.0658564499,24.4023827121,25.9609984642,26.2982309514,26.4937024446,27.4836171287,28.1266562402,27.6957502889,27.7217580807,27.1832380744,26.3443596424,27.2082212317,27.3030716338,27.6179481812,29.2462339788,29.6381945057,29.6123630154,31.4164234998,31.0771140002,30.9948608014,31.7179562277,32.3662050927,31.6784659796
254,2025-09-12T00:00:00,31.588725523,30.6293557676,30.2096699317,30.5404607902,30.170285485,28.9395337877,29.1325665049,27.9282349198,25.5909737354,25.3961274344,25.5509363691,25.0352315269,25.4170047724,25.8841496846,25.0760158228,24.842500117,24.4965826377,24.0830005825,23.7986773176,24.1559526936,23.8188505617,23.8619781257,23.4608342407,23.1509188189,23.2022395793,24.338168402,24.9767893687,27.4818657152,30.4764715763,32.7668604547,33.7442911296,34.8567421167,34.8390692498,36.6628264924,37.7433608793,36.8237111435,37.4223584173,36.649000406,34.2420613895,34.3620766909,34.6763345055,34.2813041038,35.1351227495,36.1470943714,33.8501621461,36.1470943714,37.4333403693,38.2738868442,43.054399829,49.2731650672,52.359603422,56.6797444959,59.3685757911,60.1822387242,60.9739481225,64.5500037372,66.7453458346,69.290408684,74.150201048,78.9687846935,79.0004673906,78.6948764988,80.6141873901,81.0255782539,83.237720039,87.3554487178,90.5329023728,93.3597067149,96.5493211708,97.6110513374,98.0467894525,96.0848698826,96.6208043663,97.2672990769,98.1866297389,99.6428824301,96.4511139215,95.0754475894,92.9028758262,88.3960425171,84.6779863562,82.5055884785,76.3806354132,72.9825173166,70.0182734638,68.0710220663,64.6342929658,63.1498545627,61.7213680876,58.5420294654,56.4191680299,51.2324619504,48.9270202917,45.5883153007,41.6493123488,38.8728768175,36.1464534158,35.0239861851,35.0239861851,34.6496446796,34.0937813037,34.6974919951,36.4555080368,37.2578596235,37.8541400472,36.9437658156,36.7903771174,35.1205505886,34.856719098,34.5223656065,34.8450677906,34.8155829182,33.3726939289,30.2254021632,27.6831677714,26.7523805263,25.4775755491,25.4516327175,25.3189872439,24.7904712477,24.9574974835,25.1650985225,24.59156377,26.1704579379,26.85132985,26.8591245279,27.8705793063,28.4693587798,27.970839724,27.8705793063,27.1832380744,26.1235913735,27.2082212317,27.3446951428,27.8154101459,29.3558237047,29.7479091432,29.6381945057,31.4164234998,31.0771140002,30.9948608014,31.7179562277,32.2290154305,31.5949171578
255,2025-09-13T00:00:00,31.8331370211,30.704645767,30.4712157496,30.7421766065,30.5755614574,29.4122113377,29.5003579826,28.2776214133,25.8547488289,25.6947226216,25.8165338411,25.5909737354,26.0612162423,26.2956721954,25.3873152466,25.1096840291,24.9784490214,24.2928383973,24.1370415998,24.2654687413,24.0147143215,24.1411344171,23.9029563332,23.7478373593,23.6955453815,24.5628631683,25.2143296509,27.8585030348,30.7276842537,32.9204773088,33.9518438062,35.5195222824,35.4574161716,36.8324988936,37.8283903499,37.5033921176,37.6254712995,37.0099396509,34.5462933875,34.7176177958,35.3995106992,34.995452682,36.1253818303,36.5741719817,34.7627558801,36.308679155,37.8040748653,38.4026453326,43.054399829,49.2330719571,52.1580592762,56.596935418,59.3464849137,60.0985887253,60.2832072333,64.29604398,66.6518894445,68.9902220973,73.9922337084,78.9687846935,79.1117357354,79.1117357354,81.3055103941,81.8565357492,83.9710620491,87.7785800914,90.5329023728,93.188873899,96.0848698826,97.3906952537,97.6110513374,96.0848698826,97.2438430101,98.1866297389,98.7743246444,99.7757358479,96.4511139215,94.8612576284,92.4780690125,88.3505842761,84.6497492057,82.0019565421,76.0571307638,72.7128436098,69.8749511425,67.3611409009,64.5523478129,62.9133475236,61.3565378367,58.3629042387,55.9686236086,51.0541772561,48.8342122957,45.4563631162,41.5063497047,38.5746973603,36.0286210506,35.0239861851,35.0239861851,34.6496446796,34.0937813037,34.6974919951,36.0035716078,37.1656635211,37.8541400472,37.1656635211,36.8406255074,35.2890103723,35.0942449387,34.7493510693,34.8478605543,34.8155829182,33.4844471535,30.2254021632,27.8721993825,26.7816791442,25.4775755491,25.4290478546,25.1916753355,24.6845006335,24.9574974835,25.2072962545,24.6713142366,26.2506023912,27.0335854589,27.1414936155,28.0542864634,28.7858503681,28.3843199056,28.4492795051,27.7217580807,26.9113950169,27.595475779,27.8154101459,28.1985654737,29.6381945057,30.07031423,30.0742314776,31.8458542467,31.5306690635,31.1204293538,31.7457502544,32.3449599178,31.4972852202
256,2025-09-14T00:00:00,31.8105550447,30.6964689234,30.42852204,30.7128452534,30.486558098,29.3927891344,29.4122113377,28.2420861254,25.7543552232,25.5909737354,25.6947226216,25.5509363691,25.8950170964,26.1377390503,25.3018133601,25.0288966366,24.9325018335,24.2764005348,24.1370415998,24.2764005348,24.1370415998,24.1518778014,23.9513807897,23.783801218,23.6955453815,24.5628631683,25.2143296509,27.9237024526,30.7689194632,32.9726717864,34.0546405361,35.6233496719,35.5195222824,36.90606836,38.0904153348,37.6801760414,37.8283903499,37.6254712995,34.8044915639,35.1518179503,36.2672589328,36.1281212826,36.3829226,36.789657262,35.330296046,36.5888194693,37.9031600376,38.6661997944,43.9475889072,49.5283953654,52.6095052713,57.4741418122,59.4152928198,60.1822387242,60.2832072333,63.8376382445,65.8251366685,68.7911862142,73.213352002,78.7832450589,79.0004673906,79.0004673906,80.9079751188,81.8005722685,83.6135838549,87.3554487178,89.7991205536,92.8472189429,95.7398264358,96.816518208,96.8594865774,95.8637987288,96.6208043663,97.2672990769,98.1866297389,99.6428824301,96.3172662302,94.6633908521,92.1186249112,88.1111980033,84.2928256894,81.5369388031,75.799947271,72.5645072778,69.6551945941,65.8647528396,64.1378644545,62.6698823652,60.9304115988,58.1408442025,55.5072211228,50.5352113231,48.7952719404,45.4563631162,41.6493123488,39.1819290971,36.1821413044,35.2581670612,35.3571788538,35.1219720538,34.391466009,35.2944109756,36.5201151598,37.2657076626,37.9713153924,37.2919020966,36.8757374747,35.3617897168,35.2689651035,34.8154092606,34.8478605543,34.8155829182,33.4844471535,30.2254021632,27.6831677714,26.7523805263,25.4516327175,25.4206376547,25.1394732393,24.6845006335,24.9574974835,25.2072962545,24.6713142366,26.2506023912,27.0335854589,27.1414936155,28.0542864634,28.7858503681,28.269673458,28.4492795051,27.870659132,27.1156312358,27.711994203,27.8714594065,28.2264452526,29.6381945057,30.07031423,30.0742314776,31.8458542467,31.4164234998,31.0583780943,31.7179562277,31.8811819687,31.371487051
257,2025-09-15T00:00:00,31.8953281045,30.7190746999,30.4712157496,30.7128452534,30.4671517022,29.1325665049,29.3927891344,28.0494618635,25.6920821805,25.5509363691,25.5909737354,25.3250200418,25.7845378016,26.0410909309,25.2736123497,25.0288966366,24.9325018335,24.2764005348,24.1468335086,24.3206077074,24.1411344171,24.160025793,24.1518778014,23.9029563332,23.7478373593,24.8404082471,25.6403874242,27.9838362003,30.9493548679,33.0187741951,34.0633454741,35.6233496719,35.5195222824,36.90606836,38.0904153348,37.6801760414,37.8956112561,37.7066845385,35.1518179503,35.9686583244,36.6312505434,36.194469266,36.3829226,36.7604165913,35.330296046,36.7381145822,38.2048049952,39.6754216919,44.7328236205,49.869898111,53.3785372314,58.2411676023,59.7641166107,61.9304074687,61.4369302408,65.416468407,67.3529596562,69.9313865405,74.5366786279,79.1922900891,79.2678031663,79.2345122128,81.6013555741,81.9386900068,83.9710620491,87.3554487178,89.7991205536,93.188873899,95.7398264358,97.3906952537,98.0467894525,96.7735743155,99.0862332971,100.352736844,100.750603111,101.045568983,97.182944361,95.7165490497,93.00511383,88.3960425171,84.6779863562,82.5055884785,76.0571307638,72.7128436098,70.0182734638,67.7752800151,64.6342929658,62.9133475236,60.9304115988,58.0895364691,54.9697527791,50.2152523765,48.7875609,45.3713116121,41.6493123488,38.8728768175,36.1821413044,35.3365616723,35.8651683362,35.3619573298,35.0239861851,35.9940141189,36.8098981467,37.8541400472,38.3020952879,38.1615501753,37.1690364001,35.6864356231,35.3792358943,34.8450677906,34.8478605543,34.8155829182,33.5437877238,30.2573571708,27.6831677714,26.7523805263,25.4516327175,25.4206376547,25.1394732393,24.6845006335,24.9574974835,25.2072962545,24.59156377,26.2506023912,27.1414936155,27.2184366467,28.0580113873,28.9555824804,28.269673458,28.4492795051,28.0093699684,27.2082212317,27.9999412378,28.2232823788,28.464875596,29.7479091432,30.07031423,30.0742314776,31.8458542467,31.4164234998,31.0583780943,31.7457502544,31.997126456,31.4553524971
258,2025-09-16T00:00:00,32.0618953711,30.9307609678,30.7118602335,30.851074643,30.7541901095,29.7325396374,29.7325396374,28.5168577968,26.229881332,26.2158718019,26.2158718019,25.8165338411,26.239355308,26.6245786894,25.6235793836,25.386617401,25.3018133601,24.512533896,24.2654687413,24.6058900279,24.2577816961,24.263888153,24.2577816961,24.1862060749,24.160025793,25.2115830424,26.2408879116,28.3664690797,31.9460429666,33.2715806385,34.1245444401,35.6721500462,35.637271614,37.6796858611,38.4518936876,37.9230367024,38.5119045975,38.0083065926,36.1575034302,36.7876440789,36.8401233281,36.6312505434,36.789657262,37.2867943588,36.1470943714,37.384341536,38.6346092299,39.9689132659,45.0397620575,50.4528935366,54.2013795153,58.6157991502,60.0985887253,63.044667462,62.9977014548,65.6293443706,67.3529596562,69.5083822789,74.150201048,79.1117357354,79.2134515905,79.1922900891,81.3055103941,81.8565357492,83.6135838549,86.9561411771,89.5593926817,92.8472189429,95.6712910746,96.816518208,97.6110513374,96.0848698826,98.2465536313,99.2651211309,100.352736844,101.045568983,97.6810853235,96.3172662302,93.2984323316,88.4779835833,84.6779863562,82.0019565421,76.0571307638,72.9825173166,70.7984106867,68.6882514702,65.1273709872,63.9330476469,62.157214276,58.9425790204,56.6403157576,51.3655228452,49.0175071112,46.0886843962,42.7664111894,39.7069996056,36.5725417791,36.0286210506,36.3631792274,36.0286210506,35.3619573298,36.5288004854,37.2563838782,38.1615501753,38.8920999216,38.525933251,37.8868609606,36.6451843303,36.6193872699,35.2678144167,35.4044525714,35.2678144167,33.9320409532,30.545678544,28.2804488716,27.015945325,25.6047995975,25.5109650561,25.4206376547,25.1394732393,25.2072962545,25.7134687225,25.1650985225,26.5428274332,27.4841396562,27.4841396562,28.4803658713,29.246762067,28.5312277139,28.7473991808,28.5530328198,27.711994203,28.7296105267,28.7686161761,28.8283874622,30.3221541636,30.6856400715,31.0635126342,32.9078455276,31.8458542467,31.4164234998,32.9161210417,32.9764456389,31.7408784477
259,2025-09-17T00:00:00,32.3529216787,31.3903610377,30.8295256594,31.4556926779,31.3667695916,30.170285485,29.9587879786,29.1325665049,26.8561918308,26.6047635678,26.8266658514,26.3135066079,26.6308754278,26.8618823968,25.9766184683,25.6845473267,25.6235793836,25.0598743224,24.5106228465,24.9714609107,24.3528983376,24.3528983376,24.3528983376,24.3826509548,24.4295781093,25.4268979794,26.6412899633,28.6047197325,32.0429820924,33.2946688851,34.2160769256,35.6721500462,35.637271614,37.5160125769,38.4518936876,38.0904153348,39.0777312647,38.3269968322,36.4838240361,37.0099396509,36.8924971877,36.6312505434,36.789657262,37.384341536,36.1788466672,37.4333403693,38.9984778296,40.0205384202,44.878408975,50.0873964324,53.8437210693,58.3256166145,60.0335771054,62.8599535761,62.4345186317,65.5263507513,67.0999096585,69.1866325994,73.9922337084,79.0004673906,79.1922900891,79.1922900891,81.6013555741,82.3784403955,84.7054856098,88.2417161004,91.7723379626,94.0239921685,96.816518208,99.0126600051,99.8710836914,99.0862332971,101.320951546,101.320951546,101.954067654,102.515339411,99.6432777831,97.182944361,93.9166321057,89.4764765863,85.0275737824,82.6510322764,76.41937532,73.7822876648,71.2895011311,68.8923010248,65.6044909303,64.7052809723,62.5384019085,59.658109612,57.3291891942,52.6400225508,49.328512577,46.4293508506,42.9672782577,40.0981890188,36.6244463192,36.3631792274,36.5115995359,36.4099712271,35.9064527304,37.2563838782,37.8541400472,38.6764787861,39.1478243491,38.8920999216,38.1081275508,36.8406255074,36.8406255074,36.0474232181,36.3147304678,35.6472533731,34.0828940437,31.2269136075,28.6543051354,27.3025203533,25.7941302428,25.6867520219,25.6047995975,25.3563485471,25.6737223537,25.9597958552,25.3539602588,26.9780449081,28.0580113873,28.0542864634,28.9860702515,29.5536185826,29.0802939928,29.1410621289,28.9555824804,28.2609973013,28.8482826578,28.9415575182,29.3331163346,30.6858595892,31.8208878556,32.6240287788,32.9978634104,32.931749252,31.7179562277,33.0186003593,33.3176789381,32.6020116378
260,2025-09-18T00:00:00,32.551009079,31.4458573922,31.0535452596,31.5213294178,31.4555150076,30.3540117818,30.3540117818,29.5725505023,27.0763027331,27.0006356942,27.017985842,26.6514302846,26.8266658514,27.2818198021,26.168226674,26.0125168766,25.8841496846,25.3309291972,24.9714609107,25.1785143822,24.6058900279,24.6058900279,24.4736926797,24.5396235308,24.6118653693,25.6403874242,26.7050063174,28.6456687614,32.0429820924,33.2715806385,34.2160769256,35.7334228932,35.8616591783,37.6956982087,38.9168039213,38.3048875142,39.4421928623,38.4518936876,36.7876440789,37.2933147391,37.0099396509,36.7458320747,36.8401233281,37.384341536,36.1788466672,37.5612947734,39.2294943492,40.300618861,45.209886899,51.2520256388,55.6355905054,59.1286400577,60.6792065826,63.6731928327,63.4748235513,66.0284924322,68.1650448015,70.1415281164,74.733651639,79.2678031663,79.5909391365,79.8742334264,82.3303777239,83.6135838549,85.2260299213,88.8998793211,93.4378605467,95.0966320956,98.5490297482,99.6659154609,102.96140908,101.195330517,102.432378988,101.954067654,101.954067654,102.337196742,99.6406297233,96.9507286228,93.9166321057,89.7129745933,85.6206946523,83.624713289,78.1500947209,75.1094795078,72.3200262989,69.3958861536,65.8947300317,64.7052809723,62.4773905472,59.5681968205,57.3291891942,52.6400225508,49.328512577,46.7114528133,43.2738760553,40.2883703813,36.9836495311,36.6265017306,37.085855656,36.7257816784,36.4555080368,37.4201819349,38.0518159816,39.2794666717,39.8587313507,39.2167673757,38.3370553639,36.9698147902,36.9118077659,36.3487838261,36.3487838261,36.0320562253,34.4846719575,31.4550716453,29.3132114145,27.719459696,26.3426072224,25.9286656872,25.7698258254,25.6696593563,25.8972454491,26.2800780516,25.8396837488,27.1414936155,28.247571202,28.0905216964,29.246762067,29.7865769132,29.2179343115,29.3230865728,29.1959071896,28.5530328198,29.2194188273,29.5658601012,29.6449150835,31.1293702963,32.6832236695,32.9078455276,33.2111716875,33.068958431,32.4575081339,33.458104664,34.0461555017,33.0497723609
261,2025-09-19T00:00:00,32.6556002109,31.8588855992,31.4077513609,31.98355912,31.6618149894,30.7143037606,30.7143037606,29.8133182931,27.4499251781,27.2948522306,27.4468753654,26.9300714949,27.1275820241,27.5479417659,26.5556940908,26.1602203683,26.0457636405,25.6604163573,25.3083381125,25.5601824321,24.9566422337,24.9609590189,24.9828862558,24.8887631308,24.9609590189,25.7473013699,26.7572859339,28.6991741315,32.0429820924,33.2946688851,34.474873591,36.0164989271,35.9307154575,37.7433608793,39.0135468422,38.4518936876,39.8027807194,38.9375898079,37.1069525172,37.446770135,37.0780317735,36.7458320747,36.789657262,37.2867943588,36.1470943714,37.4333403693,39.2294943492,40.4032216887,45.3355019011,51.2520256388,55.6355905054,59.3464849137,61.147318579,64.7432410496,64.29604398,67.6812704199,69.0493159002,70.9993385213,75.432470294,80.5432724291,80.5545379272,80.6141873901,83.6325603692,84.7721163595,86.12994275,89.2041545683,94.0239921685,95.0966320956,97.9351401668,99.4992291306,102.96140908,101.195330517,102.432378988,101.954067654,102.420942665,102.515339411,99.8589478938,97.7115853209,94.6633908521,90.9745449746,86.6788511694,84.6610776629,79.4336086279,75.799947271,72.7232045293,70.0258157553,68.2078145078,66.4573765154,63.5732261439,60.9304115988,57.8776673858,53.4750190433,49.8463354777,47.0597654279,43.4282758142,40.483982415,37.6983729401,37.0398376797,37.4352552123,37.085855656,36.6281994574,37.534944006,38.4397755872,40.0395614214,40.3667089714,39.8686047081,38.685318933,37.4124890732,37.6164696137,36.6348304426,36.4654392956,36.223743748,34.8320033281,31.8343238791,29.5602939258,28.2759021122,26.671583252,26.4296545084,25.9435078331,25.7655873953,26.2193632927,26.7126369012,26.1630751755,27.6542389685,28.760842374,28.750167809,29.576859729,30.5192652863,29.3836073735,29.5044649592,29.331839515,28.8283874622,29.331839515,29.9632270173,29.9632270173,31.5532419221,32.8985290437,32.9340620483,33.4207131472,33.458104664,32.9745532454,34.0497190029,34.2675028274,33.7647053671
262,2025-09-20T00:00:00,32.7613710991,32.0550425013,31.9486628577,32.3317802485,32.2420611603,31.1835741102,31.0231667907,30.3171858565,27.9282349198,27.5475141414,27.8864255637,27.3356313429,27.5373227431,27.8864255637,26.7506972367,26.5440236049,26.2620376852,25.9766184683,25.7166639682,25.9260153506,25.0760171047,25.1262214656,25.3193342113,24.9828862558,25.0767330427,26.4409443978,27.0295347905,29.3467303785,32.2680243592,33.569298248,34.7388362775,36.3959639278,36.4189370352,38.1551319546,39.9446053055,39.1270053533,40.2194711798,39.6003280096,37.5702159309,37.5702159309,37.2977811195,36.7458320747,36.7604165913,37.2867943588,36.1788466672,37.8040748653,39.6754216919,40.9466801861,46.1776816899,51.2520256388,55.2103886509,59.1286400577,60.9245811728,64.7432410496,64.5500037372,67.8191419192,69.9313865405,71.8478190908,77.0277722025,80.7929680435,80.9079751188,81.6013555741,85.0933916612,85.4585469684,87.3554487178,89.6868483303,95.6172626364,95.7398264358,99.402024525,101.052298091,104.120942862,103.396383257,104.430736946,102.857176018,102.857176018,102.515339411,99.6432777831,97.6474588724,94.5773232668,90.8095196627,86.6788511694,84.7389142836,79.6669500083,76.0571307638,72.9825173166,70.0258157553,68.0710220663,66.4573765154,63.9325709421,61.7213680876,58.5420294654,54.0067525138,50.0891675753,47.7377663245,43.8741946572,40.8480504743,39.1584472883,37.4352552123,37.6983729401,37.2636144035,36.9531022462,37.8671324665,38.4621332312,40.1825506874,40.4322797467,40.3667089714,38.8816102555,37.8990656329,37.8990656329,36.8101369467,36.6857045065,36.3487838261,35.049026449,32.4576191351,29.6475384378,28.4918165198,26.7523805263,26.5703500251,26.2193632927,25.8972454491,26.3623022281,27.0074939711,26.2462550514,27.9467580745,28.8108445069,29.0162549593,30.0238627611,30.8348457511,29.6996580009,30.128987042,29.6996580009,29.1410621289,30.0135702511,30.5133366097,30.5214837461,32.6240287788,33.2111716875,33.1406198949,33.7834907011,33.9739576765,33.1086100131,34.2675028274,34.4200237658,34.1828034107
263,2025-09-21T00:00:00,32.826825742,32.2870594355,32.0934453492,32.3846548347,32.4293465425,31.5132699698,31.5942740149,30.5712818509,28.3165271658,28.0494618635,28.710903455,27.9501117753,28.1083958873,28.5633230413,27.1889735175,26.6308754278,26.5766918812,26.1210715426,26.0125168766,26.2861371995,25.3083381125,25.3785803736,25.5474339531,25.3303206453,25.3303206453,26.5050101334,27.1108896125,29.3569508385,32.2680243592,33.569298248,34.7388362775,36.3959639278,36.2523720488,38.1551319546,40.1936808034,39.8027807194,40.4919336965,39.6639109529,37.6765567289,38.0083065926,37.5186919693,36.8924971877,37.0247064831,37.7877629183,36.5741719817,38.2581517129,40.1618998073,42.1820621596,47.2983316483,51.9510192244,56.596935418,59.5793755068,62.2093151093,65.4845765597,65.6293443706,68.3962225903,70.1415281164,71.9979147468,77.0277722025,80.7929680435,81.3055103941,81.9688213831,85.2469013206,85.6564080631,87.3554487178,89.5593926817,95.1804549507,95.7398264358,99.4992291306,102.95013362,104.603763656,104.651870747,105.135655964,102.886352227,102.857176018,102.337196742,99.6406297233,97.6474588724,94.6633908521,91.2059977049,87.3363619534,85.4208284244,80.3338785401,77.2435449959,73.8499992232,71.2895011311,68.2078145078,66.4573765154,63.9325709421,61.7213680876,58.9425790204,55.9686236086,50.5109370104,47.9437026742,44.9270443409,41.5063497047,39.6195112768,38.1462794048,38.4621332312,37.4954558305,37.4201819349,38.1928657014,38.822151858,40.5867862499,40.9622744704,40.9196412009,39.8587313507,38.1081275508,38.0838481977,36.8791895446,36.6857045065,36.3487838261,35.1343137179,32.5154273349,29.8838840922,28.5565964066,26.7896036735,26.7239761348,26.3434341466,26.1630751755,27.0074939711,27.5435563454,26.5428274332,28.5315300469,29.2498492172,29.3604650455,30.1838161629,30.8348457511,29.5914647972,30.128987042,29.8038344071,29.1959071896,30.3221541636,31.0740796733,31.0046872615,32.8985290437,33.2729754646,33.1406198949,33.7243579907,33.9739576765,33.1406198949,34.3965440815,34.8108613046,34.4904628185
264,2025-09-22T00:00:00,32.818662484,32.1880952833,32.0527582114,32.3799827629,32.3803367281,31.4943231394,31.5132699698,30.486558098,28.2776214133,27.9282349198,28.3646681355,27.8864255637,28.1083958873,28.5633230413,27.1889735175,26.6308754278,26.6882667321,26.1602203683,26.0533855464,26.5205702788,25.4238080521,25.3785803736,25.4238080521,25.3080070898,25.3080070898,26.4558833765,27.0295347905,29.3467303785,32.2052134433,33.4345375261,34.6460528182,36.2523720488,36.0900123011,38.1551319546,40.2278822939,40.0893162022,40.8569919318,39.9049199651,37.8956112561,38.340944572,37.5818807682,36.8924971877,36.8924971877,37.5412417409,36.3829226,38.2048049952,40.0205384202,42.0662248781,47.2577672429,51.9007735845,56.4925433787,59.4315894961,61.9304074687,65.416468407,65.4845765597,68.1136905347,69.9862635415,71.8478190908,76.392139407,80.6141873901,80.9079751188,81.8114416568,85.2469013206,86.12994275,87.8401947551,90.4262241909,96.6649339928,97.3906952537,100.774157619,103.995572001,105.676896421,105.676896421,105.478651103,102.886352227,102.420942665,101.954067654,98.8996267786,97.6474588724,94.6633908521,91.2059977049,87.3363619534,85.4208284244,80.3338785401,76.5875395359,73.4177352587,70.8195628814,68.0710220663,66.001827009,63.5732261439,61.3565378367,58.5420294654,55.5072211228,50.349434709,47.8078677468,44.9270443409,41.6493123488,39.7091475406,38.8728768175,38.7998106982,38.1347006615,37.8671324665,38.5368242654,39.2794666717,40.9398445939,41.275741303,41.2051958284,39.8686047081,38.1081275508,38.0538732276,36.8791895446,36.7904969793,36.4005960825,35.3042406989,32.7546880391,30.0623132559,29.2154868986,27.0361511554,26.7816791442,26.5821134087,26.2193632927,27.2052369738,27.6085268227,26.8417092491,28.7605552123,29.5939246571,29.5008136921,30.5192652863,31.2314562969,30.1337700171,30.3361903359,30.1651056596,29.238711777,30.3221541636,31.000134379,31.0046872615,32.9196329595,33.3134367047,33.2111716875,33.7834907011,33.9315640481,33.1086100131,34.3061484153,34.7351714351,34.3698367793
265,2025-09-23T00:00:00,32.9092566928,32.3843008694,32.3317802485,32.4273937828,32.4293465425,31.5942740149,31.6608254792,30.6887586159,28.7420334122,28.7420334122,28.8917824986,28.6920684496,28.5633230413,28.7169858317,27.5479417659,26.7506972367,27.1253939448,26.5205702788,26.3983727851,26.7891662608,25.7982761181,25.4878851429,25.95660594,25.4062909267,25.3785803736,26.5050101334,27.1108896125,29.3467303785,32.1456686913,33.3602910842,34.5605153805,36.0900123011,35.9307154575,38.0904153348,40.2192307575,40.2107279635,40.8569919318,40.0072540177,38.0083065926,38.4249397494,37.5818807682,36.8924971877,36.8924971877,37.5412417409,36.308679155,38.2048049952,40.0205384202,42.0662248781,47.2577672429,51.9007735845,55.8286000606,59.3685757911,61.8457943644,65.0018720112,65.416468407,67.9453733453,69.9313865405,71.5493726571,75.6086662494,80.5432724291,80.7929680435,81.6013555741,85.0933916612,85.6564080631,87.7785800914,89.9653891929,95.8672399989,96.8247367927,100.539363654,103.626000278,105.478651103,105.478651103,105.478651103,102.896229257,102.857176018,102.337196742,99.6406297233,97.6474588724,94.5773232668,90.9745449746,87.3363619534,85.4208284244,80.1561380296,76.3852737679,73.2307502838,70.0258157553,67.7752800151,65.1667011266,62.9983600641,60.9304115988,58.3629042387,55.0427081667,50.5109370104,48.0838116115,45.4563631162,42.9672782577,40.3479694331,40.0981890188,39.6142150912,38.6595849459,38.3064670136,39.1228825848,40.0395614214,41.275741303,41.9789854469,41.3907197155,40.0043239094,38.1892658051,38.0538732276,36.8101369467,36.6857045065,36.3487838261,35.2474718044,32.5540894901,30.018418212,29.2154868986,27.2772885682,26.8407528491,26.7896036735,26.5545029264,27.6085268227,27.7514137815,27.4012490673,28.8688320023,29.9123837724,30.0238627611,30.7567460019,31.6439336177,30.6277165288,30.8832642055,30.5312835313,29.331839515,30.5133366097,31.000134379,30.6659786619,32.9196329595,33.4226314891,33.3516123508,33.9739576765,34.2954379016,33.458104664,34.5516399727,34.8205364481,34.4502541388
266,2025-09-24T00:00:00,32.8474334797,32.3424619485,32.3317802485,32.4273937828,32.6136225811,31.6945755295,31.8318302184,30.6887586159,28.7420334122,28.3646681355,28.8917824986,28.7169858317,28.6920684496,28.7412776725,27.6343537197,26.7506972367,27.0104118017,26.3983727851,26.2300124625,26.7502253352,25.7166639682,25.4878851429,25.95660594,25.4062909267,25.3785803736,26.4558833765,27.0295347905,29.3258380617,32.1456686913,33.3602910842,34.5582840875,36.0164989271,35.8616591783,37.8242949554,40.1936808034,40.2107279635,40.921005934,40.0686103092,38.340944572,38.4746737682,37.5818807682,36.8401233281,36.8401233281,37.4346059868,36.2697825994,38.2048049952,40.0205384202,42.0662248781,47.2577672429,51.9007735845,55.6355905054,59.3464849137,61.147318579,64.8960609693,64.8458180107,67.9453733453,69.9862635415,71.9979147468,77.4847812995,81.5962252694,81.8114416568,82.8273756398,86.12994275,86.2746808258,88.0437246554,90.5798867912,96.6649339928,96.8247367927,99.8807620924,103.2974746,105.252075118,104.651870747,105.135655964,102.886352227,102.420942665,101.954067654,98.8996267786,97.182944361,94.3322701561,90.8095196627,86.9002072685,85.1440148452,80.0068225399,76.0571307638,73.2307502838,71.2895011311,68.3901550881,66.9731835258,64.0967929518,62.0827608936,58.9425790204,55.9686236086,50.9201619462,48.5558390884,45.5883153007,43.4282758142,41.0505335186,40.483982415,40.2883703813,39.6374465822,38.6595849459,39.6100779117,40.4098244112,42.0005962058,42.1528627547,41.5841216953,40.106734429,38.1892658051,37.8990656329,36.7904969793,36.6348304426,36.3147304678,35.1343137179,32.5154273349,29.8838840922,28.7392396494,27.2772885682,27.0230035919,27.1696164982,26.9690115674,27.7514137815,28.0315208318,27.6085268227,29.3950724957,30.4497991254,30.5118113714,31.16880295,32.3046537686,31.2169801098,31.2169801098,30.6277165288,29.4031627526,30.5312835313,31.000134379,30.6659786619,32.9196329595,33.4226314891,33.2729754646,33.9315640481,34.2954379016,33.458104664,34.5516399727,34.8216228835,34.5516399727
267,2025-09-25T00:00:00,32.8886489551,32.3529216787,32.3317802485,32.4273937828,32.4293465425,31.5942740149,31.8318302184,30.7175206205,28.9115180609,28.7420334122,29.1154626005,28.8917824986,28.7412776725,28.9976130814,27.8379235574,26.9549458809,27.1549371094,26.6372470666,26.6095536398,26.9549458809,26.1914974956,25.7982761181,26.199277231,25.7442343762,25.4062909267,26.5050101334,27.1332271265,29.3569508385,32.1456686913,33.3602910842,34.474873591,35.9202681176,35.7241321252,37.7433608793,39.9446053055,40.2107279635,40.921005934,40.108754453,38.5823088348,38.8395790325,38.0083065926,36.9727405359,36.8924971877,37.4346059868,36.1788466672,38.2048049952,40.0205384202,42.0662248781,47.2577672429,51.9007735845,55.2103886509,59.1286400577,60.9245811728,64.7432410496,64.5500037372,67.8191419192,69.9313865405,71.8478190908,77.0277722025,80.9703076663,81.6013555741,82.3303777239,85.6564080631,86.1995915177,87.8401947551,90.4262241909,95.8672399989,96.6857706851,99.6659154609,103.189037151,104.603763656,104.309790641,105.135655964,102.896229257,102.857176018,102.337196742,99.6406297233,97.182944361,93.9166321057,89.9585726831,86.7573259662,84.9334587961,79.6669500083,75.799947271,72.9825173166,70.8195628814,68.2078145078,66.5609672113,64.0372841292,61.7213680876,58.5420294654,55.5072211228,50.5109370104,48.0838116115,45.4563631162,43.108376605,40.8019988932,40.3479694331,40.2460534802,39.6374465822,38.8565984152,40.0395614214,40.6801135674,42.1528627547,42.3044942615,41.9872681622,40.1430850405,38.327228682,38.0538732276,36.7904969793,36.6348304426,36.3147304678,35.2474718044,32.5154273349,29.8838840922,28.7392396494,27.4993149731,27.1696164982,27.2578272276,27.1696164982,28.0109144212,28.5101706128,27.6394806889,29.5412371201,30.5118113714,30.5192652863,31.2277648439,32.319659706,31.3806367751,31.3806367751,30.6277165288,29.331839515,30.5133366097,30.6659786619,30.5475776175,32.8985290437,33.3134367047,33.2111716875,33.8706872613,34.1215658057,33.458104664,34.5516399727,34.822709319,34.673994281
268,2025-09-26T00:00:00,32.9298644305,32.3853627652,32.3846548347,32.6136225811,32.7171710469,32.1067240884,32.2443079456,30.9266194888,29.3927891344,28.9237659435,29.2068619098,28.9976130814,28.8432647939,29.1154626005,27.8864255637,27.0104118017,27.1660148397,26.9549458809,26.8213106177,27.1765264803,26.2798147559,25.7982761181,26.1837400222,25.5169737711,25.3785803736,26.5050101334,27.1332271265,29.3569508385,32.1082313933,33.2946688851,34.3290855677,35.7334228932,35.637271614,37.7194597602,39.8159704282,40.0893162022,40.8569919318,40.2108196434,38.8395790325,38.9255639437,38.2586082009,36.9727405359,36.8401233281,37.384341536,36.1788466672,38.2581517129,40.1618998073,42.0960150325,47.2577672429,51.9007735845,54.8739322836,58.8246249165,60.6792065826,64.5500037372,64.29604398,67.7192169476,69.6120453215,71.5493726571,76.392139407,80.7929680435,81.3055103941,81.9688213831,85.2469013206,86.12994275,87.7785800914,89.9653891929,95.6172626364,96.1184685996,99.4992291306,102.95013362,104.309790641,103.396383257,104.430736946,102.886352227,102.857176018,102.337196742,99.6406297233,97.182944361,93.9166321057,89.7129745933,86.6788511694,84.8203054765,79.4336086279,75.7026757209,72.7846503871,70.0258157553,68.0710220663,66.4573765154,63.9325709421,61.3565378367,58.3629042387,55.0427081667,50.9201619462,48.6635231558,45.7102521088,44.16669075,41.4605698788,40.8681199353,40.3479694331,40.0395614214,39.2301095891,40.3448445029,40.7211575316,42.2198807475,42.5966947568,42.1528627547,40.1850748434,38.4063718364,38.0538732276,36.7904969793,36.6857045065,36.4005960825,35.4044525714,32.7546880391,30.018418212,28.7392396494,27.2772885682,27.1696164982,27.4260550605,27.2578272276,28.1645160383,28.6291234609,27.7514137815,29.9829499794,30.6800775587,30.7414271018,31.6439336177,32.7651038311,31.4852809128,31.4659852927,30.7392610572,29.331839515,30.5133366097,31.000134379,30.6659786619,32.9366991611,33.7243579907,33.6031009573,34.0535142889,34.3965440815,33.7647053671,34.5516399727,34.8237957545,34.4904628185
269,2025-09-27T00:00:00,33.3837124465,32.6444275599,32.6129443376,32.7328507098,32.8928028064,32.2410162366,32.2443079456,30.9266194888,29.3927891344,29.2068619098,29.5725505023,29.2068619098,29.1154626005,29.802055058,28.2432130442,27.2424370458,27.4099059356,27.1863569611,27.017250573,27.2345240235,26.5557382027,26.1914974956,26.2984781342,25.9688739149,25.4905203148,26.7050063174,27.3450898187,29.6373560582,32.2052134433,33.569298248,34.6460528182,36.2523720488,35.9307154575,37.8242949554,39.9446053055,40.0893162022,40.7704998136,40.108754453,38.5823088348,38.8395790325,38.0083065926,36.8924971877,36.789657262,37.2867943588,36.1470943714,38.2048049952,40.0205384202,42.0496539403,47.1140756508,51.9007735845,55.2103886509,59.3464849137,61.8457943644,65.0018720112,65.4845765597,68.3962225903,70.4918393003,72.0724259643,78.300606711,81.5962252694,81.6013555741,81.9688213831,85.0933916612,85.6564080631,87.3554487178,89.6868483303,95.6172626364,96.1184685996,99.4992291306,102.95013362,104.309790641,102.96140908,103.878995533,102.857176018,102.420942665,101.954067654,98.8996267786,96.9507286228,93.5697594453,89.5134844141,86.1298356595,84.7389142836,79.2166965217,75.5438186438,72.6878057696,69.6551945941,67.7752800151,66.001827009,63.7397443028,60.9304115988,58.1408442025,54.6007131085,50.5109370104,48.5558390884,45.5883153007,43.634902582,41.1953189524,40.7614453423,40.2883703813,39.7658721316,39.1228825848,40.1825506874,40.6801135674,42.1878905406,42.4104829709,42.0559707537,40.1430850405,38.327228682,37.8990656329,36.6857045065,36.6348304426,36.3487838261,35.3042406989,32.7546880391,30.0623132559,29.3132114145,27.6511966624,27.8955717835,27.6913224504,27.6085268227,28.185674633,28.8108445069,27.9722623354,30.1735028411,30.7740564954,30.8392387412,31.6739135588,33.2011585218,31.6739135588,31.6534223215,31.0798529898,29.8038344071,31.0740796733,31.1164193435,31.0968799091,33.2729754646,33.7834907011,33.6031009573,34.1096236407,34.6185346668,34.0497190029,34.8405070909,35.1454668462,34.822709319
270,2025-09-28T00:00:00,33.2767404841,32.6549219674,32.6556002109,32.9555214582,33.127583356,32.4293465425,32.3411604521,31.0231667907,29.4122113377,29.2068619098,29.5725505023,29.5289466355,29.5485893537,29.936326883,28.6920684496,27.4099059356,27.6074344581,27.2763627514,27.1863569611,27.31485486,26.7891662608,26.3037912148,26.4565929587,26.1837400222,25.7473013699,26.8086746904,27.3702759338,29.7208023282,32.2680243592,33.569298248,34.6189653776,36.2523720488,36.0900123011,38.0904153348,40.2192307575,40.2941092618,40.8286550533,40.2108196434,39.0777312647,39.0296278077,38.2726179475,37.0099396509,36.8401233281,37.2867943588,36.1253818303,37.9357746398,39.9689132659,41.5098479597,46.480253289,51.8417546501,54.8739322836,59.1286400577,61.147318579,64.8960609693,65.416468407,68.1136905347,70.1415281164,72.0499321687,77.4847812995,80.9703076663,81.3055103941,81.8114416568,84.7721163595,85.4585469684,87.0085748705,89.5593926817,95.1804549507,95.7398264358,99.402024525,101.567546106,104.120942862,102.96140908,104.430736946,102.896229257,102.920384814,102.857176018,99.6432777831,97.182944361,93.9166321057,89.7129745933,86.6788511694,84.9334587961,80.1561380296,76.3852737679,73.4177352587,71.5024070816,68.7803138233,67.4348517988,64.4506863571,62.2396363774,59.3182368467,55.9686236086,51.0541772561,48.7952719404,46.0886843962,44.3613455895,41.6819396127,41.4773094668,40.720823253,40.1906110033,39.2301095891,40.1825506874,40.5867862499,42.1878905406,42.5966947568,42.1528627547,40.1850748434,38.525933251,38.0838481977,36.8101369467,36.7904969793,36.4654392956,35.4044525714,33.0345469325,30.2292912981,29.5231253705,27.8721993825,28.0963274799,27.867090258,27.6586247955,28.5101706128,29.1462642354,28.1886565683,30.3971265723,30.8392387412,30.844835176,32.0836559778,33.2640505474,32.319659706,31.8220469675,31.1988938682,30.0135702511,31.0740796733,31.0968799091,31.0968799091,33.2729754646,33.8706872613,33.7834907011,34.4018109203,34.9518967773,34.2787089061,35.1763270542,35.4871391484,35.1454668462
271,2025-09-29T00:00:00,33.1742300656,32.6129443376,32.6129443376,32.7328507098,33.0716520992,32.3803367281,32.3075520655,30.9266194888,29.3927891344,28.9237659435,29.5725505023,29.5896701979,29.71519472,30.0751003594,28.7169858317,27.4099059356,27.5458641407,27.2345240235,27.1572625225,27.2620077339,26.7502253352,26.2363012392,26.2984781342,25.9688739149,25.5994019819,26.7572859339,27.3450898187,29.6373560582,32.2052134433,33.4345375261,34.5582840875,36.0900123011,35.9307154575,37.8242949554,40.1936808034,40.2107279635,40.7671847789,40.108754453,39.0777312647,39.0296278077,38.340944572,37.0099396509,36.8401233281,37.2867943588,36.1253818303,37.9357746398,40.0205384202,42.0960150325,47.2983316483,52.5054361528,56.4925433787,59.5793755068,62.3491380088,65.416468407,65.4845765597,68.3962225903,70.4918393003,72.0724259643,77.4847812995,80.9703076663,81.6013555741,81.9688213831,85.0933916612,85.6564080631,87.3554487178,89.5593926817,94.9138083744,95.6712910746,99.3774976878,101.052298091,103.647788788,102.896229257,103.878995533,102.886352227,102.920384814,102.902051189,100.750603111,97.7115853209,94.8612576284,91.1618853814,87.9724956722,85.5600761462,80.3613487284,77.368434371,74.1215659546,71.7313753364,69.0407505342,67.6999524637,64.4506863571,62.2396363774,59.5114048745,56.3735393256,51.230354362,48.8342122957,46.0886843962,44.16669075,41.5145065207,41.1953189524,40.4738268926,40.0395614214,39.1228825848,40.1825506874,40.6801135674,42.3044942615,43.1340065231,42.4104829709,40.3667089714,38.685318933,38.0838481977,36.7904969793,36.6857045065,36.4005960825,35.3042406989,32.9839605756,30.2292912981,29.5853862154,27.9174248174,28.1646749786,28.0109144212,27.6586247955,28.2501137245,28.9031711357,28.1844032413,30.1735028411,30.8392387412,30.8842961561,31.8000497569,33.23601033,32.3046537686,31.7417143848,31.1328632266,29.8038344071,31.000134379,31.0740796733,31.0046872615,33.0410436229,33.7834907011,33.7243579907,34.2954379016,34.9091028899,34.264825199,35.1282268527,35.3188920221,35.1282268527
272,2025-09-30T00:00:00,33.2425703446,32.6234387451,32.6129443376,32.7328507098,33.0716520992,32.3411604521,32.2443079456,30.7922476492,29.1325665049,28.7420334122,29.5289466355,29.5289466355,29.5485893537,29.936326883,28.6920684496,27.5458641407,27.6343537197,27.4099059356,27.2345240235,27.3501956874,26.7891662608,26.2363012392,26.2363012392,25.9033756466,25.4905203148,26.7050063174,27.3395517478,29.4277742408,32.1456686913,33.3602910842,34.474873591,36.0164989271,35.8616591783,37.7433608793,40.1936808034,40.2107279635,40.7671847789,40.108754453,39.0777312647,38.9255639437,38.2726179475,36.9727405359,36.789657262,36.9524190658,36.0430270961,37.8380704233,39.9689132659,42.0496539403,47.2577672429,52.1944449556,55.8286000606,59.4315894961,62.2093151093,65.0018720112,65.416468407,68.3962225903,70.4918393003,72.0724259643,77.4847812995,80.7929680435,81.3055103941,81.8114416568,84.7721163595,85.4585469684,87.0085748705,89.4941991648,94.3909084868,95.6172626364,99.0126600051,100.805637562,103.2974746,102.070030221,103.082062149,102.857176018,102.889171092,102.857176018,99.8589478938,97.6474588724,94.6633908521,90.9745449746,87.3363619534,85.4208284244,80.3338785401,77.217205067,73.8499992232,71.6105642081,68.8848192377,67.4348517988,64.0967929518,62.0827608936,59.3182368467,56.241983122,51.2044299006,48.7952719404,45.7102521088,43.634902582,41.4605698788,41.0505335186,40.3479694331,39.7658721316,39.1228825848,40.1825506874,40.6801135674,42.2198807475,42.9616255129,42.310908192,40.2913842288,38.525933251,38.0538732276,36.7904969793,36.7904969793,36.4654392956,35.4044525714,33.0345469325,30.2982480085,29.5853862154,27.9174248174,28.1646749786,28.0109144212,27.6394806889,28.2501137245,29.1462642354,28.1944161546,30.4497991254,30.8842961561,30.9600509102,31.8000497569,33.23601033,32.3046537686,31.7417143848,31.1328632266,29.8038344071,30.6659786619,31.000134379,30.6659786619,32.9366991611,33.7243579907,33.6031009573,34.2282626178,34.816811062,34.264825199,35.1763270542,35.4894733798,35.2265541413
273,2025-10-01T00:00:00,33.3109106235,32.6339331525,32.6129443376,32.6633700037,33.0716520992,32.3411604521,32.2443079456,30.9266194888,29.3927891344,28.7420334122,29.2068619098,29.2068619098,29.2068619098,29.802055058,28.6379463119,27.6074344581,27.7104034753,27.5458641407,27.3222146075,27.6320840585,26.8281714269,26.3037912148,26.2984781342,25.9033756466,25.4062909267,26.7050063174,27.3450898187,29.7208023282,32.2052134433,33.4345375261,34.474873591,35.9202681176,35.7241321252,37.7194597602,39.9446053055,40.0893162022,40.7431193049,40.0686103092,39.0777312647,39.0461797736,38.4424689248,37.2977811195,36.8924971877,37.2867943588,36.1253818303,37.8380704233,39.9689132659,42.0496539403,47.1140756508,51.9510192244,55.6355905054,59.4315894961,62.3491380088,65.4845765597,65.6293443706,68.6734103914,70.9119703272,72.0724259643,77.4847812995,80.9703076663,81.6013555741,82.3303777239,85.2469013206,85.6564080631,87.0085748705,89.4941991648,94.0239921685,95.2690392804,98.5490297482,99.9347858791,103.189037151,101.361701063,102.896229257,102.420942665,102.857176018,102.515339411,99.6432777831,97.182944361,94.5773232668,90.8095196627,87.3363619534,85.5600761462,80.864307664,78.3609479527,75.1094795078,72.3185525384,69.1317422222,67.6999524637,64.4506863571,62.2396363774,59.5114048745,56.6403157576,51.5609752293,49.083003553,46.3274490994,44.16669075,41.4605698788,40.8681199353,40.2883703813,39.6374465822,38.8565984152,40.0395614214,40.5867862499,42.2198807475,42.8455195716,42.310908192,40.3667089714,38.685318933,38.0538732276,36.6857045065,36.6857045065,36.4005960825,35.3042406989,32.9839605756,30.2292912981,29.5231253705,27.8721993825,28.0963274799,28.0109144212,27.6586247955,28.5101706128,29.237148956,28.7216681614,30.563599359,30.9925986944,31.1707411827,32.2399504473,33.2640505474,32.319659706,31.7417143848,31.0798529898,29.6066934153,30.5312835313,30.6659786619,30.5475776175,32.9196329595,33.7243579907,33.7243579907,34.2954379016,34.9091028899,34.3061484153,35.2767910308,35.4906404955,35.2767812283
274,2025-10-02T00:00:00,33.2084002051,32.6004971704,32.5946388911,32.6136225811,32.8928028064,32.2410162366,32.2206728271,30.7922476492,29.1325665049,28.7420334122,29.2068619098,29.2068619098,29.2068619098,29.802055058,28.6195588062,27.5458641407,27.6343537197,27.4099059356,27.2620077339,27.6064633646,26.7968160365,26.3037912148,26.2984781342,25.9033756466,25.4905203148,26.7572859339,27.3450898187,29.7208023282,32.2052134433,33.3602910842,34.3290855677,35.7334228932,35.637271614,37.6956982087,39.8159704282,39.9190455798,40.6227329852,40.0072540177,39.0263061725,39.0018663339,38.4198612889,37.0780317735,36.8401233281,36.9524190658,36.0430270961,37.8040748653,39.7867488827,41.5098479597,46.480253289,51.9007735845,55.2103886509,59.3685757911,62.2093151093,65.416468407,65.4845765597,68.3962225903,70.4918393003,72.0499321687,77.0277722025,80.7929680435,81.3055103941,81.9688213831,85.0933916612,85.4585469684,86.7942671716,89.4326619328,93.4378605467,95.0966320956,97.9351401668,99.6659154609,102.96140908,101.195330517,102.429560123,101.954067654,102.420942665,102.337196742,99.6406297233,96.9507286228,94.3322701561,89.9585726831,86.9002072685,85.4208284244,80.6548177592,78.0128538221,74.6670714023,71.877297272,69.0407505342,67.4348517988,64.0967929518,62.0827608936,59.3182368467,56.4512633613,51.3733974776,48.9430351045,46.0886843962,43.634902582,41.1953189524,40.7614453423,40.2460534802,39.3058947833,38.6595849459,39.7658721316,40.4098244112,42.1878905406,42.8240945515,42.2064456845,40.2913842288,38.525933251,37.8990656329,36.6348304426,36.6348304426,36.3487838261,35.2474718044,32.7546880391,30.176332092,29.4559619376,27.719459696,28.0109144212,27.867090258,27.6394806889,28.2501137245,29.1865440163,28.5315300469,30.5165096788,30.9600509102,31.1248886564,32.0836559778,33.23601033,32.3046537686,31.6734797967,30.8832642055,29.5570377599,30.5133366097,30.5312835313,30.5214837461,32.8985290437,33.6031009573,33.6031009573,34.2282626178,34.816811062,34.2787089061,35.1763270542,35.4450773669,35.2014405977
275,2025-10-03T00:00:00,33.098020827,32.5926861314,32.4273937828,32.5946388911,32.7171710469,32.0840469585,32.017132157,30.7175206205,28.9115180609,28.3646681355,29.1154626005,29.1154626005,29.2068619098,29.802055058,28.6195588062,27.5458641407,27.6343537197,27.2763627514,27.2345240235,27.4247791087,26.7891662608,26.2363012392,26.2363012392,25.7442343762,25.4062909267,26.7050063174,27.3395517478,29.6373560582,32.1456686913,33.2946688851,34.2559317513,35.6721500462,35.6233496719,37.6796858611,39.7860563625,39.8159704282,40.4919336965,39.9049199651,38.9297019351,38.9255639437,38.340944572,37.0099396509,36.789657262,36.8401233281,35.7171021429,37.5612947734,39.6754216919,41.2881705339,46.1776816899,51.8417546501,54.8739322836,59.3464849137,61.9304074687,65.0018720112,65.416468407,68.1136905347,70.1415281164,71.9979147468,76.392139407,80.6141873901,80.9079751188,81.8114416568,84.7721163595,85.2260299213,86.5405654075,89.2041545683,93.2126914084,94.9138083744,97.6110513374,99.4992291306,102.896229257,100.452648466,101.954067654,101.320951546,101.954067654,101.954067654,98.8996267786,96.799368886,93.9166321057,89.7129745933,86.7573259662,85.204915795,80.4737325548,77.5685316309,74.3811716929,71.7313753364,68.8848192377,66.9731835258,64.0372841292,61.7213680876,58.9425790204,56.3735393256,51.3051948828,48.8342122957,45.7102521088,43.4282758142,41.0505335186,40.483982415,39.8113851852,38.895731717,38.5368242654,39.6100779117,40.3667089714,42.1528627547,42.5966947568,42.1528627547,40.1850748434,38.4063718364,37.7914502866,36.6193872699,36.6193872699,36.3147304678,35.1343137179,32.5540894901,30.0623132559,29.3132114145,27.6511966624,27.8955717835,27.7514137815,27.6085268227,28.185674633,29.1462642354,28.2629819798,30.4497991254,30.8842961561,30.9925986944,31.8000497569,33.208495519,32.0991195882,31.6534223215,30.8348457511,29.4031627526,30.3221541636,30.5133366097,30.5133366097,32.7087249956,33.4226314891,33.3516123508,34.1096236407,34.6185346668,34.264825199,35.1282268527,35.2768302406,35.1454668462
276,2025-10-04T00:00:00,32.9719035297,32.5946388911,32.5946388911,32.6633700037,33.127583356,32.4293465425,32.3411604521,31.0691588314,29.4122113377,28.9237659435,29.2068619098,29.1154626005,29.1154626005,29.802055058,28.6379463119,27.6074344581,27.7266465448,27.6064633646,27.4247791087,27.7266465448,27.1765264803,26.7502253352,26.6693606452,26.199277231,25.9688739149,26.8224748578,27.3702759338,29.7208023282,32.1456686913,33.2715806385,34.2058252542,35.6721500462,35.637271614,37.7194597602,39.8159704282,39.9190455798,40.6227329852,39.9049199651,38.8395790325,38.8696242098,38.2726179475,36.9727405359,36.7604165913,36.789657262,35.4604545179,37.4333403693,39.5404101123,40.9466801861,46.1067371795,51.6497928672,54.7448014828,59.1286400577,61.8457943644,64.8960609693,64.8458180107,67.9453733453,69.9862635415,71.8478190908,75.6086662494,80.5432724291,80.7929680435,81.6013555741,84.6663274728,85.1091952869,86.252608887,88.9962317276,93.1653674393,94.5186612477,97.3906952537,99.402024525,101.567546106,99.5539734629,101.320951546,101.045568983,101.320951546,101.320951546,98.0418985443,96.4207567046,93.5697594453,89.5134844141,86.6788511694,85.0983405517,80.3613487284,77.368434371,74.1215659546,71.6105642081,68.7803138233,66.5609672113,63.9325709421,61.3565378367,58.5420294654,56.241983122,51.230354362,48.7952719404,45.5883153007,43.108376605,40.8019988932,40.3479694331,39.6374465822,38.7998106982,38.4882318123,39.4616940678,40.3050956736,42.0719815131,42.4104829709,42.0559707537,40.1430850405,38.327228682,37.721782717,36.4385066621,36.4654392956,36.223743748,35.049026449,32.5154273349,30.018418212,29.2154868986,27.5336107012,27.719459696,27.6913224504,27.5435563454,28.1836577574,29.1462642354,28.2629819798,30.4497991254,30.8842961561,30.9925986944,31.6739135588,33.2011585218,31.8000497569,31.5656306135,30.7392610572,29.331839515,30.2699578685,30.3221541636,30.3221541636,32.6240287788,33.3134367047,33.3516123508,34.2282626178,34.9091028899,34.3965440815,35.4883062641,35.530477657,35.4883062641
277,2025-10-05T00:00:00,33.0559817279,32.5965916509,32.5946388911,32.6633700037,33.127583356,32.3803367281,32.3075520655,31.0691588314,29.4122113377,28.9237659435,29.2068619098,29.1154626005,28.9976130814,29.802055058,28.6920684496,27.6343537197,27.7739266843,27.6304693457,27.4247791087,27.6320840585,26.9759830998,26.6693606452,26.5125733357,26.199277231,26.1837400222,27.0295347905,27.6742375551,30.2606751239,32.4605102026,33.4345375261,34.474873591,35.9202681176,35.7241321252,37.7194597602,39.9446053055,40.2107279635,40.8286550533,40.108754453,39.0263061725,38.9255639437,38.340944572,37.0780317735,36.8401233281,37.2867943588,36.1253818303,37.8040748653,39.6754216919,40.9466801861,45.6157960408,51.2520256388,54.2013795153,58.8246249165,61.147318579,64.8960609693,65.416468407,68.3962225903,70.9119703272,72.2140097175,77.4847812995,80.6141873901,80.7929680435,81.8114416568,84.7721163595,85.4585469684,87.0085748705,89.5509533546,94.0239921685,95.2690392804,97.9351401668,99.4992291306,101.567546106,99.5539734629,100.452648466,100.750603111,101.045568983,101.045568983,97.6810853235,96.3172662302,93.5697594453,89.9366474732,86.7573259662,85.2096342815,80.6548177592,77.5685316309,74.1215659546,71.5024070816,68.3901550881,66.4573765154,63.7397443028,60.9304115988,58.3629042387,56.241983122,51.3051948828,48.8342122957,45.7102521088,43.4282758142,40.8019988932,40.2883703813,39.6142150912,38.6595849459,38.4621332312,39.2794666717,40.1825506874,42.0377297571,42.352479946,41.9872681622,40.106734429,38.1892658051,37.6164696137,36.3487838261,36.4005960825,36.1389997589,34.9491331467,32.4846597424,29.8838840922,28.7392396494,27.4993149731,27.6511966624,27.6511966624,27.4260550605,28.1645160383,28.9031711357,28.1944161546,30.3971265723,30.844835176,30.9600509102,31.6439336177,32.8848159313,31.6739135588,31.4659852927,30.6277165288,29.3230865728,30.1820169571,30.1831807782,30.0364283448,32.3734687689,33.2729754646,33.2729754646,34.1096236407,34.816811062,34.3061484153,35.4883062641,35.5370681879,35.4906404955
278,2025-10-06T00:00:00,32.9298644305,32.5100399571,32.4273937828,32.6633700037,33.135403495,32.6522531673,32.4680564922,31.2220305619,29.49783496,28.9237659435,29.1154626005,28.9976130814,28.8917824986,29.7616763305,28.6920684496,27.7201876936,27.8107081684,27.7104034753,27.6064633646,27.6320840585,26.8281714269,26.5125733357,26.4565929587,26.1837400222,25.9688739149,26.8746673504,27.6742375551,30.1047229618,32.2680243592,33.3602910842,34.3290855677,35.7334228932,35.637271614,37.6956982087,39.9446053055,40.2941092618,40.8569919318,40.2108196434,39.1854605233,39.0018663339,38.4198612889,37.0780317735,36.789657262,36.9524190658,36.0430270961,37.8040748653,39.7867488827,41.2881705339,45.6157960408,51.2520256388,53.8437210693,58.7598869885,60.9245811728,64.7432410496,64.8458180107,68.1136905347,70.4918393003,72.0724259643,77.4847812995,80.5432724291,80.6141873901,81.6013555741,84.6663274728,85.2260299213,86.7942671716,89.4941991648,93.4378605467,95.0966320956,97.6110513374,99.402024525,101.052298091,99.0862332971,99.5539734629,100.352736844,100.750603111,100.750603111,97.182944361,95.7165490497,93.5009562643,89.7129745933,86.6788511694,85.1604211231,80.4737325548,77.368434371,73.8499992232,71.2895011311,68.2078145078,66.001827009,63.5315342643,60.6233943037,58.1408442025,55.9377405159,51.230354362,48.7952719404,45.5883153007,43.108376605,40.483982415,40.2460534802,39.3042907596,38.5371938077,38.3064670136,39.2301095891,40.0395614214,42.0005962058,42.3044942615,41.5841216953,40.106734429,38.1892658051,37.4124890732,36.0474232181,36.3487838261,36.0320562253,34.8320033281,32.4576191351,29.7393904154,28.5565964066,27.2772885682,27.3064868755,27.6376236556,27.2578272276,28.0963274799,28.8108445069,28.1886565683,30.1735028411,30.8392387412,30.8842961561,31.4789214027,32.7651038311,31.6439336177,31.4401314013,30.5905765047,29.238711777,30.0135702511,30.1831807782,30.0364283448,32.3734687689,33.2729754646,33.2729754646,34.0535142889,34.6185346668,34.2787089061,35.3188920221,35.5115221664,35.4871391484
279,2025-10-07T00:00:00,32.8680412174,32.3857167304,32.3846548347,32.6136225811,33.127583356,32.4293465425,32.3411604521,31.1197337606,29.4122113377,28.7420334122,28.9976130814,28.8917824986,28.8432647939,29.6861711144,28.6379463119,27.6343537197,27.7739266843,27.6304693457,27.4247791087,27.6064633646,26.7968160365,26.3037912148,26.2984781342,25.9688739149,25.7473013699,26.8224748578,27.5571977847,30.0253742997,32.2052134433,33.2946688851,34.2559317513,35.6721500462,35.6233496719,37.6796858611,39.8159704282,40.2107279635,40.8569919318,40.3232573516,39.3027273697,39.0461797736,38.4424689248,37.0780317735,36.7604165913,36.8401233281,35.7171021429,37.5612947734,39.6754216919,40.9466801861,45.3355019011,51.0690245196,53.3785372314,58.6157991502,60.6792065826,64.5500037372,64.5500037372,67.9453733453,70.1415281164,72.0499321687,77.0277722025,80.2506322869,80.5545379272,81.3055103941,84.5067009869,85.1091952869,86.5405654075,89.4326619328,93.2126914084,94.9138083744,97.3906952537,99.402024525,101.567546106,100.452648466,101.320951546,101.045568983,101.045568983,100.750603111,97.0469960329,95.7165490497,93.5009562643,89.5134844141,86.1298356595,85.0983405517,80.3613487284,77.217205067,73.4177352587,70.8195628814,68.0710220663,65.1667011266,62.9983600641,60.1231443865,57.8776673858,55.5072211228,51.2044299006,48.6635231558,45.4563631162,42.9672782577,40.3479694331,40.0981890188,39.1357910846,38.4883241979,38.0970017924,39.1228825848,39.7658721316,41.9789854469,42.2064456845,41.4826192299,40.0043239094,38.1081275508,37.3072701309,35.7301954886,36.3147304678,35.9817772422,34.7075800156,32.3793617022,29.6475384378,28.5159375746,27.0361511554,27.1696164982,27.5504565715,27.1696164982,28.0109144212,28.7321273552,28.1844032413,30.0236182879,30.7740564954,30.844835176,31.4237757117,32.5685536798,31.4852809128,31.3806367751,30.5905765047,29.238711777,30.0135702511,30.1831807782,30.0364283448,31.9817847705,33.2111716875,33.2111716875,33.9739576765,34.507186492,34.264825199,35.2767910308,35.4918076112,35.3609243964
280,2025-10-08T00:00:00,32.824104656,32.3843008694,32.3424619485,32.5946388911,33.0716520992,32.3803367281,32.3411604521,31.1197337606,29.4122113377,28.7420334122,28.9976130814,28.7485815637,28.7412776725,29.5485893537,28.6379463119,27.6343537197,27.7739266843,27.6304693457,27.4247791087,27.4247791087,26.7891662608,26.2363012392,26.2363012392,25.9033756466,25.5994019819,26.8086746904,27.4212597906,29.8073566303,32.1456686913,33.2715806385,34.2302962798,35.632290862,35.5195222824,37.6796858611,39.8159704282,40.2941092618,40.921005934,40.6156696142,39.3367488931,39.1854605233,38.4424689248,37.0099396509,36.7604165913,36.8401233281,35.7171021429,37.5612947734,39.6754216919,40.7142234114,45.3355019011,51.2520256388,54.2013795153,58.8246249165,61.147318579,64.8960609693,64.8458180107,67.9453733453,69.9862635415,71.9979147468,76.392139407,80.0891165429,80.5390462543,80.9079751188,84.1313140204,85.0774108556,86.5223881072,89.2041545683,93.1653674393,94.5186612477,96.816518208,99.3774976878,101.052298091,99.5539734629,100.452648466,100.750603111,100.750603111,100.352736844,96.9448646061,95.5420103612,93.2984323316,89.4291942148,85.808080716,84.9334587961,80.3338785401,76.5875395359,73.2307502838,70.0258157553,67.7752800151,64.9529016314,62.6698823652,59.658109612,57.795394447,55.3633316974,51.0541772561,48.5558390884,45.1692018497,42.8430976965,40.2883703813,39.7091475406,38.8728768175,38.4621332312,37.9778679424,38.9590143315,39.6100779117,41.9504036995,42.1528627547,41.3907197155,39.9075082437,38.0838481977,37.045012112,35.5860771179,36.0417273222,35.6472533731,34.4846719575,31.9517631657,29.5950608285,28.4918165198,26.8407528491,27.0230035919,27.4260550605,26.9690115674,27.867090258,28.6291234609,27.9722623354,29.9829499794,30.7521236511,30.8392387412,31.2355177746,32.371673741,31.4401314013,31.2247330405,30.5312835313,29.1959071896,29.8155636203,30.0135702511,29.9632270173,31.7380255413,33.0270118321,33.1406198949,33.9315640481,34.3965440815,34.118764286,35.2767910308,35.4929747268,35.4450675644
281,2025-10-09T00:00:00,32.8474334797,32.3846548347,32.3424619485,32.5946388911,33.0716520992,32.3803367281,32.3411604521,31.1197337606,29.3927891344,28.7420334122,28.9976130814,28.7485815637,28.7169858317,29.5485893537,28.6920684496,27.7201876936,27.8107081684,27.7104034753,27.4247791087,27.3501956874,26.7502253352,26.1914974956,26.199277231,25.7442343762,25.4905203148,26.7572859339,27.4212597906,29.8299106884,32.1456686913,33.2715806385,34.2302962798,35.6233496719,35.4574161716,37.5315392999,39.8159704282,40.3228303891,41.1650366062,40.7671847789,39.6238020123,39.5899091658,38.6727185267,37.5186919693,37.0247064831,37.4346059868,36.1788466672,38.1917595297,40.1618998073,42.0496539403,46.1776816899,51.8417546501,54.7448014828,58.7598869885,60.9245811728,64.7432410496,64.5500037372,67.8191419192,69.9313865405,71.8478190908,75.6086662494,79.85170434,80.2506322869,80.7929680435,83.6325603692,84.7721163595,86.252608887,88.9962317276,92.7196583805,94.5186612477,97.3906952537,99.402024525,102.896229257,101.361701063,102.896229257,102.420942665,102.420942665,101.954067654,97.6810853235,96.3172662302,93.5009562643,89.4291942148,85.6206946523,84.8203054765,80.1561380296,76.3852737679,72.9825173166,69.6551945941,66.274157526,64.7052809723,62.5384019085,59.5681968205,57.6251222936,55.02937203,50.9201619462,48.0838116115,44.9743660105,42.3648273292,40.2460534802,39.6142150912,38.8011966003,38.1347006615,37.9778679424,39.1228825848,40.0395614214,42.0005962058,42.352479946,41.9872681622,40.1850748434,38.4063718364,37.6164696137,36.0474232181,36.3147304678,35.9817772422,34.7075800156,32.4576191351,29.8838840922,29.2154868986,27.5336107012,27.6511966624,27.6511966624,27.4260550605,28.162330635,28.9031711357,28.2629819798,30.3971265723,30.8392387412,30.8842961561,31.4789214027,32.319659706,31.4852809128,31.4401314013,30.6277165288,29.3230865728,30.2699578685,30.5312835313,30.5133366097,32.3734687689,33.2111716875,33.1406198949,33.9315640481,34.3965440815,34.118764286,35.2767910308,35.4991572067,35.3188528123
282,2025-10-10T00:00:00,32.82138357,32.3529216787,32.3317802485,32.4273937828,32.8928028064,32.3411604521,32.3075520655,31.0691588314,29.3112746356,28.5264026041,28.8917824986,28.7169858317,28.6920684496,29.2068619098,28.6379463119,27.6343537197,27.7739266843,27.6304693457,27.3222146075,27.31485486,26.5557382027,25.95660594,26.1837400222,25.5169737711,25.4062909267,26.7050063174,27.3702759338,29.8299106884,32.1456686913,33.1330398714,34.2302962798,35.632290862,35.5195222824,37.6796858611,40.1936808034,40.4919336965,41.247396789,40.8286550533,39.6639109529,39.5899091658,38.5864294768,37.446770135,36.8924971877,37.4346059868,36.2707459504,38.2581517129,40.4261100335,42.1820621596,46.1776816899,51.6497928672,54.2013795153,58.7394383407,60.6792065826,64.5500037372,64.450353189,67.7192169476,69.7151974589,71.5782633743,75.432470294,79.7053737459,80.0891165429,80.7929680435,84.1313140204,85.0774108556,86.550340031,89.2041545683,92.2370896843,94.3021640576,96.816518208,99.3774976878,101.567546106,101.195330517,102.429560123,101.954067654,101.954067654,101.320951546,97.182944361,95.7165490497,93.2984323316,89.0690797444,85.5600761462,84.7389142836,80.0068225399,76.0571307638,72.7846503871,69.5531238978,65.8947300317,64.6342929658,62.4773905472,59.5110273222,57.3291891942,54.6007131085,50.9201619462,48.0838116115,44.9270443409,42.117468768,40.0981890188,39.6142150912,38.8728768175,38.4883241979,38.3064670136,39.4616940678,40.3667089714,42.1528627547,42.8240945515,42.310908192,40.4433408945,38.6980635903,37.8875472542,36.4385066621,36.3487838261,35.9817772422,34.4846719575,32.4846597424,30.0623132559,29.4559619376,27.719459696,27.8955717835,27.6913224504,27.4260550605,28.162330635,29.1462642354,28.5315300469,30.4497991254,30.844835176,30.9600509102,31.4789214027,32.319659706,31.4852809128,31.4401314013,30.7392610572,29.4031627526,30.3221541636,30.5312835313,30.5133366097,32.3734687689,33.0270118321,33.1086100131,33.8706872613,34.2954379016,34.0677682937,35.1763270542,35.4894733798,35.2265541413
283,2025-10-11T00:00:00,32.9298644305,32.3853627652,32.3846548347,32.6136225811,33.127583356,32.6522531673,32.8300288359,31.3389287071,29.49783496,28.9237659435,29.1154626005,28.9976130814,28.8432647939,29.6708569781,28.7169858317,27.7201876936,27.8107081684,27.7104034753,27.4247791087,27.4247791087,26.7968160365,26.2363012392,26.199277231,25.7442343762,25.4062909267,26.7050063174,27.4212597906,30.0253742997,32.2680243592,33.3602910842,34.3290855677,35.6721500462,35.6233496719,37.6796858611,39.9446053055,40.3578634971,41.247396789,40.8286550533,39.6639109529,39.5899091658,38.6727185267,37.5818807682,37.0247064831,37.5412417409,36.308679155,38.2581517129,40.2657454084,42.0960150325,46.1067371795,51.2520256388,53.8437210693,58.6108211818,60.4992775883,64.474923635,64.2808377079,67.6812704199,69.5599730319,71.4906073344,75.22363813,79.4180807828,79.85170434,80.6141873901,83.6325603692,84.7721163595,86.4937382839,88.9962317276,91.7723379626,94.0239921685,96.5493211708,99.0126600051,101.052298091,100.452648466,101.954067654,101.320951546,101.320951546,101.045568983,97.0469960329,95.5420103612,93.00511383,88.731316195,85.2428497369,84.6610776629,79.6669500083,75.799947271,72.6878057696,69.4883464228,65.6044909303,64.1576537884,62.3953205107,59.3182368467,57.2023183338,54.0067525138,50.5109370104,48.0838116115,44.9743660105,42.8430976965,40.2883703813,40.0981890188,39.3042907596,38.5371938077,38.4882318123,40.0395614214,40.6801135674,42.2198807475,43.1340065231,42.9616255129,40.9517696236,38.9926041872,38.1389281594,36.6857045065,36.4654392956,36.0320562253,34.4846719575,32.4576191351,30.0623132559,29.5231253705,27.8721993825,28.0109144212,27.867090258,27.6085268227,28.1747572041,29.1865440163,28.7605552123,30.563599359,30.8842961561,30.9925986944,31.6739135588,32.371673741,31.4852809128,31.4401314013,30.8348457511,29.5570377599,30.5312835313,31.0740796733,31.0046872615,32.9196329595,33.3134367047,33.2729754646,33.9739576765,34.3965440815,34.0677682937,35.2767910308,35.5115221664,35.2767812283
284,2025-10-12T00:00:00,33.0139426288,32.3857167304,32.3846548347,32.5946388911,33.0716520992,32.4293465425,32.4680564922,31.3389287071,29.564858691,29.1613374313,29.1613374313,29.1154626005,28.8432647939,29.6708569781,28.7169858317,27.7201876936,27.7739266843,27.6304693457,27.3222146075,27.4247791087,26.7968160365,26.2363012392,26.199277231,25.8714513695,25.4062909267,26.6601894566,27.3702759338,29.8299106884,32.2052134433,33.2946688851,34.2559317513,35.632290862,35.5195222824,37.5315392999,39.8159704282,40.3228303891,41.1650366062,40.7671847789,39.6238020123,39.5899091658,38.8301043739,37.7444074506,37.2977811195,37.7877629183,36.308679155,38.2048049952,40.1618998073,42.0960150325,46.1067371795,51.6497928672,54.7448014828,58.8246249165,61.147318579,64.7432410496,64.450353189,67.6812704199,69.430521955,71.4906073344,75.432470294,79.7053737459,80.0891165429,80.7929680435,83.5280762655,84.7721163595,86.4937382839,89.2041545683,92.5035165781,94.5186612477,97.588016017,99.6659154609,102.96140908,102.070030221,103.082062149,102.857176018,102.420942665,101.954067654,97.182944361,95.5420103612,92.9028758262,88.4779835833,85.2428497369,84.6610776629,79.6669500083,75.799947271,72.6620833856,69.3958861536,65.5132570827,63.9330476469,62.2579410057,59.3182368467,57.3291891942,54.6007131085,50.5109370104,47.9437026742,44.9270443409,42.3648273292,40.2460534802,39.7091475406,39.1357910846,38.4883241979,38.4621332312,39.7658721316,40.6801135674,42.2198807475,43.1340065231,43.1340065231,41.0457229421,38.9926041872,38.1389281594,36.6857045065,36.4005960825,36.0320562253,34.7075800156,32.4846597424,30.2982480085,29.7531769827,28.0963274799,28.162330635,28.0963274799,27.6586247955,28.2501137245,29.7728279681,28.8688320023,30.6800775587,30.8842961561,30.9600509102,31.6439336177,32.319659706,31.4401314013,31.4378273511,30.7392610572,29.4031627526,30.5312835313,31.0740796733,31.0046872615,32.9196329595,33.3134367047,33.2111716875,33.9315640481,34.2954379016,34.0677682937,35.2767910308,35.5177046462,35.3609243964
285,2025-10-13T00:00:00,32.9092566928,32.3843008694,32.3424619485,32.4273937828,32.8928028064,32.3803367281,32.3411604521,31.2220305619,29.564858691,29.3365785101,29.3365785101,29.1613374313,28.8917824986,29.6708569781,28.6920684496,27.6343537197,27.7266465448,27.6064633646,27.2620077339,27.3501956874,26.7891662608,26.1914974956,26.1837400222,25.7370200553,25.3785803736,26.6325860595,27.3450898187,29.7611711466,32.1456686913,33.2715806385,34.2302962798,35.6233496719,35.4574161716,37.4796829107,39.8159704282,40.3578634971,41.247396789,40.8286550533,39.6639109529,39.5899091658,38.8232401303,37.7444074506,37.2977811195,37.5412417409,36.308679155,38.2581517129,40.1618998073,42.0496539403,46.0982068176,51.2520256388,54.2013795153,58.7598869885,60.9245811728,64.5500037372,64.2808377079,67.3481776985,69.0493159002,71.2899173279,75.22363813,79.4180807828,79.85170434,80.6141873901,83.237720039,84.6663274728,86.4937382839,89.4326619328,92.7196583805,94.9138083744,97.9351401668,100.805637562,103.189037151,102.896229257,103.878995533,102.886352227,102.88029513,102.856102879,99.6406297233,96.7327711798,93.5697594453,89.4291942148,85.808080716,84.9334587961,80.3338785401,76.5875395359,73.2307502838,69.6551945941,65.8947300317,64.1576537884,62.2579410057,58.9425790204,57.2023183338,54.0067525138,50.349434709,47.8078677468,44.8949543212,42.3648273292,40.2460534802,39.7091475406,39.3042907596,38.5371938077,38.5368242654,40.3448445029,40.9120290185,42.4673055452,43.4252152411,43.3265195621,41.1518162313,39.1214189904,38.327228682,36.7904969793,36.4654392956,36.1389997589,34.8320033281,32.5154273349,30.485759185,29.8778161144,28.162330635,28.1749161444,28.162330635,27.6913224504,28.5101706128,29.8234216493,28.8688320023,30.563599359,30.844835176,30.8842961561,31.4789214027,32.3046537686,31.4378273511,31.3804582319,30.7392610572,29.4031627526,30.5312835313,31.0968799091,31.1293702963,32.9196329595,33.3134367047,33.2111716875,33.9739576765,34.3965440815,34.118764286,35.2767910308,35.5238871261,35.2516676848
286,2025-10-14T00:00:00,32.8474334797,32.3424619485,32.3317802485,32.3846548347,32.7171710469,32.3411604521,32.3075520655,31.1197337606,29.4965427629,29.3365785101,29.5276544383,29.3365785101,28.9976130814,29.6966347445,28.6920684496,27.6074344581,27.7104034753,27.5458641407,27.2345240235,27.31485486,26.7502253352,25.95660594,25.95660594,25.5169737711,25.3303206453,26.6325860595,27.3702759338,30.0253742997,32.2052134433,33.2946688851,34.2559317513,35.5195222824,35.1220898581,37.3053852289,39.7860563625,40.3228303891,41.1650366062,40.7671847789,39.6238020123,39.4489943179,38.6727185267,37.5818807682,37.0247064831,37.4346059868,36.2707459504,38.2048049952,40.0205384202,41.9902779925,45.615715013,51.0690245196,53.8437210693,58.7394383407,60.6792065826,64.474923635,63.8376382445,66.7868934218,68.9558929225,71.1562003567,75.0260447669,79.2678031663,79.7053737459,80.5545379272,82.9947020211,84.5067009869,86.252608887,89.2041545683,92.5035165781,94.5186612477,97.7128404802,99.9347858791,102.96140908,102.070030221,103.082062149,102.88029513,102.856102879,102.515339411,98.8996267786,96.4116965823,93.5009562643,89.0690797444,85.6206946523,84.8203054765,80.1561380296,76.3852737679,72.9825173166,69.5531238978,65.6044909303,63.9330476469,62.2143770092,58.5420294654,57.1676509359,53.6655585889,50.1989362151,47.7751096505,44.8554942332,42.117468768,40.0981890188,39.7091475406,39.6142150912,38.6595849459,38.6595849459,40.5867862499,40.9120290185,42.352479946,43.3265195621,43.1340065231,41.0457229421,38.9926041872,38.1389281594,36.6857045065,36.4005960825,36.0320562253,34.7075800156,32.4846597424,30.485759185,29.9941463005,28.1920468549,28.5113686136,28.185674633,27.867090258,28.6198144149,29.8234216493,28.8108445069,30.5165096788,30.8392387412,30.844835176,31.4237757117,32.1190594032,31.3804582319,31.3804582319,30.7392610572,29.4031627526,30.5312835313,31.0968799091,31.0968799091,32.8985290437,33.2729754646,33.1406198949,33.9315640481,34.2954379016,34.0677682937,35.1763270542,35.4991572067,35.1763270542
287,2025-10-15T00:00:00,32.82138357,32.2645880441,32.2420611603,32.3799827629,32.6633700037,32.2410162366,32.2443079456,31.0691588314,29.4965427629,29.3365785101,29.564858691,29.5896701979,29.1154626005,29.7616763305,28.7169858317,27.6074344581,27.6343537197,27.5458641407,27.2345240235,27.31485486,26.7502253352,25.95660594,25.8714513695,25.4062909267,25.3080070898,26.5050101334,27.3450898187,29.8299106884,32.1456686913,33.2715806385,34.2302962798,35.5195222824,35.1220898581,37.0395307753,39.4794286769,40.3228303891,41.247396789,40.8286550533,39.6639109529,39.5899091658,38.8232401303,37.7444074506,37.446770135,38.2524350773,36.6748326243,38.4348974519,40.4261100335,42.0960150325,46.1067371795,51.6497928672,54.2013795153,58.7598869885,60.9245811728,64.474923635,63.5720372924,66.7868934218,68.7911862142,70.9993385213,74.8531323546,79.2134515905,79.7053737459,80.6141873901,83.5280762655,84.7721163595,86.4937382839,89.2041545683,92.2105389013,94.3021640576,97.588016017,99.6659154609,102.896229257,101.361701063,102.896229257,102.856102879,102.420942665,102.337196742,98.0418985443,96.3172662302,93.2984323316,89.0690797444,85.808080716,85.0983405517,80.3613487284,77.217205067,73.2307502838,69.5531238978,65.5132570827,63.7397443028,62.1537872716,58.4147297421,56.8837110878,54.0067525138,50.9201619462,48.5558390884,45.1692018497,43.0516467423,40.483982415,40.3479694331,40.2883703813,39.6374465822,39.2301095891,40.720823253,40.9206381941,42.352479946,43.1340065231,42.9616255129,40.9517696236,38.8993031533,38.0838481977,36.6348304426,36.3487838261,35.9817772422,34.7075800156,32.5154273349,30.5345442484,30.0623132559,28.2759021122,28.6110687138,28.185674633,27.867090258,28.6759464842,29.9770510922,28.8108445069,30.5165096788,30.8392387412,30.8392387412,31.2355177746,32.1190594032,31.4378273511,31.4378273511,30.8348457511,29.6066934153,31.000134379,31.1164193435,31.1293702963,32.9196329595,33.2729754646,33.1086100131,33.9315640481,34.3965440815,34.118764286,35.2767910308,35.5370681879,35.2265541413
288,2025-10-16T00:00:00,32.826825742,32.2870594355,32.3317802485,32.3799827629,32.6633700037,32.3411604521,32.3075520655,31.0691588314,29.4965427629,29.5276544383,29.564858691,29.5896701979,29.1154626005,29.7616763305,28.6920684496,27.5458641407,27.611860585,27.4099059356,27.1863569611,27.2620077339,26.5557382027,25.8660751042,25.8714513695,25.4062909267,25.3080070898,26.5050101334,27.3702759338,29.8299106884,32.1456686913,33.2715806385,34.2302962798,35.4574161716,34.9423844801,36.9731878515,39.1270053533,40.2941092618,41.1650366062,40.8286550533,39.7028052386,39.6003280096,38.8326925767,38.0786165835,37.446770135,37.7877629183,36.5741719817,38.3787498847,40.2657454084,42.0496539403,46.1067371795,51.2520256388,53.8437210693,58.7598869885,60.9245811728,64.474923635,63.5720372924,66.7868934218,68.6313711385,70.9119703272,74.8531323546,79.2678031663,79.85170434,80.8502462422,84.1313140204,85.1091952869,86.6831166245,89.5509533546,93.1653674393,95.0966320956,98.5490297482,99.9347858791,102.896229257,101.361701063,103.082062149,102.88029513,102.88029513,102.88029513,99.8589478938,96.9507286228,93.9588987777,89.9366474732,86.7573259662,85.5600761462,81.4451208489,78.2165380548,74.3811716929,71.2895011311,67.7752800151,64.7052809723,62.3953205107,59.2804230567,57.2023183338,54.5701820463,50.9201619462,48.0838116115,44.9743660105,42.9672782577,40.483982415,40.483982415,40.4738268926,40.1906110033,39.7658721316,40.9398445939,41.9133422148,42.9077334825,43.7100938835,43.4252152411,41.2032527896,39.2056215322,38.327228682,36.7904969793,36.6193872699,36.223743748,35.049026449,33.0345469325,31.1950007364,30.4152027753,28.6759464842,28.81465181,28.6198144149,28.1747572041,28.8108445069,30.1047492554,29.1865440163,30.7454108336,30.9925986944,30.9925986944,31.6739135588,32.5685536798,31.6739135588,31.6534223215,31.1988938682,30.2011488575,31.1164193435,31.196043471,31.196043471,32.8985290437,33.2111716875,33.1086100131,33.9315640481,34.3965440815,34.118764286,35.2767910308,35.5115221664,35.1512135106
289,2025-10-17T00:00:00,32.818662484,32.2195538566,32.2420611603,32.3799827629,32.6136225811,32.3411604521,32.3075520655,31.0691588314,29.4122113377,29.3365785101,29.5276544383,29.5289466355,28.9976130814,29.7616763305,28.6920684496,27.5458641407,27.611860585,27.4099059356,27.1572625225,27.2345240235,26.484167725,25.7982761181,25.8588607833,25.3785803736,25.1290643578,26.4558833765,27.3450898187,29.7611711466,32.1456686913,33.2946688851,34.2559317513,35.5195222824,35.1220898581,36.9731878515,39.0135468422,40.2107279635,40.9782258844,40.7671847789,39.6639109529,39.6003280096,38.8326925767,38.0786165835,37.5186919693,38.2524350773,36.5741719817,38.3787498847,40.2657454084,42.0496539403,46.1776816899,51.8417546501,54.8739322836,59.3685757911,61.9304074687,64.7432410496,63.8376382445,66.7868934218,68.1650448015,70.6483178429,74.733651639,79.2134515905,79.7053737459,80.7929680435,83.7892880384,85.0774108556,86.550340031,89.4941991648,92.9712490833,94.9138083744,97.9351401668,99.6659154609,101.567546106,101.195330517,102.896229257,102.856102879,102.88029513,102.902051189,101.2192292,97.6474588724,94.5773232668,90.6874931079,86.9002072685,85.6206946523,82.2033047,79.3111545559,75.5438186438,71.877297272,68.7803138233,66.4573765154,62.9983600641,59.658109612,57.8776673858,55.5000941851,51.3051948828,48.8342122957,45.7102521088,43.4282758142,41.4605698788,41.1953189524,41.4773094668,40.8681256292,40.3448445029,41.9102292087,41.9537357104,42.9616255129,43.7100938835,43.4252152411,41.2620742138,39.5795722871,38.4063718364,36.8791895446,36.7904969793,36.4514207866,35.3956965105,33.3595151079,31.4270214203,30.6272186451,29.2929866687,29.3628751177,29.1386422185,28.5113686136,29.1518837569,30.2527296725,29.7728279681,30.7841573476,31.1689086122,31.2355177746,32.0534332168,33.1984179694,32.1190594032,31.7826970026,31.3804582319,30.2699578685,31.1164193435,31.196043471,31.196043471,32.8985290437,33.2111716875,33.1086100131,33.9000012926,34.2954379016,34.0677682937,35.1763270542,35.4918076112,35.1339735172
290,2025-10-18T00:00:00,32.7872957055,32.2191882376,32.2192796424,32.3413824218,32.5558663343,32.2410162366,32.2443079456,31.0231667907,29.4965427629,29.5276544383,29.564858691,29.7003648068,29.2068619098,29.7872251448,28.7169858317,27.6074344581,27.611860585,27.2763627514,27.1572625225,27.2345240235,26.484167725,25.7982761181,25.8588607833,25.3303206453,25.0767330427,26.4409443978,27.3395517478,29.7241640299,32.1082313933,33.2715806385,34.2302962798,35.4574161716,34.9423844801,36.9034357824,38.9404591474,40.0893162022,40.921005934,40.7431193049,39.6238020123,39.5899091658,38.8232401303,38.0786165835,37.446770135,37.7877629183,36.3829226,38.304513002,40.1618998073,41.9902779925,46.1067371795,51.6497928672,54.7448014828,59.3464849137,61.8457943644,64.5500037372,63.5720372924,66.6518894445,67.9453733453,70.4292691242,74.6150673404,79.1922900891,79.5677866828,80.6141873901,83.5681403523,84.7721163595,86.4937382839,89.4941991648,93.1653674393,95.2690392804,98.9318353356,100.805637562,102.896229257,101.195330517,102.882059671,102.420942665,102.856102879,102.88029513,100.750603111,97.6474588724,94.5773232668,90.6874931079,86.7573259662,85.6206946523,82.4406882332,79.4336086279,75.7026757209,72.3185525384,68.7803138233,66.001827009,62.6698823652,59.5681968205,57.795394447,55.3633316974,51.230354362,48.7952719404,45.5883153007,43.2978298076,41.1953189524,41.0505335186,41.1953189524,40.720823253,40.1825506874,41.2055528328,41.9419831779,42.9077334825,43.5730984212,43.3265195621,41.2620742138,39.5795722871,38.4063718364,36.9118077659,36.9959438654,36.5610075779,35.4849400997,33.4986924391,31.9037027902,30.7218951633,29.3628751177,29.7531769827,29.2188344048,28.6759464842,29.2312503306,30.3878341917,29.9829499794,30.8392387412,31.418688283,31.6439336177,32.3046537686,33.23601033,32.6375415999,32.6028813526,31.4659852927,30.5312835313,31.1341087385,31.2443996016,31.2443996016,32.9366991611,33.4226314891,33.3516123508,34.0535142889,34.5307803028,34.2787089061,35.3188920221,35.5238871261,35.2516676848
291,2025-10-19T00:00:00,32.815941398,32.2421166527,32.3317802485,32.4177006436,32.7171710469,32.3803367281,32.3075520655,31.0231667907,29.4122113377,29.5276544383,29.564858691,29.7003648068,29.2068619098,29.7872251448,28.6920684496,27.6074344581,27.611860585,27.2763627514,27.1863569611,27.2620077339,26.484167725,25.7982761181,25.8588607833,25.3303206453,25.0767330427,26.2958942641,27.2452843015,29.7241640299,32.1082313933,33.2715806385,34.2302962798,35.4574161716,34.8390692498,36.8544731537,38.9168039213,39.9190455798,40.8569919318,40.7124841552,39.6003280096,39.4489943179,38.6727185267,37.7444074506,37.2977811195,37.5412417409,36.308679155,38.304513002,40.109525982,41.4968658574,46.0982068176,51.2520256388,54.2013795153,59.1286400577,61.147318579,64.474923635,63.5257143874,66.1380921962,67.8259338655,70.1415281164,74.5366786279,79.1117357354,79.3894721304,80.5545379272,83.5280762655,84.6663274728,86.252608887,89.4326619328,93.1653674393,95.2690392804,98.5490297482,99.9347858791,101.567546106,100.706664479,102.426722443,101.954067654,102.420942665,102.856102879,99.8589478938,97.182944361,94.3322701561,89.9366474732,86.6788511694,85.5600761462,82.2033047,79.3111545559,75.7026757209,72.3378826678,68.8848192377,66.4573765154,62.9983600641,59.658109612,57.795394447,55.3633316974,51.230354362,48.7952719404,45.4563631162,43.1540728062,41.1953189524,41.1953189524,41.6464346441,41.1953189524,40.720823253,41.9290041318,41.9537357104,42.9616255129,43.5730984212,43.3265195621,41.2620742138,39.7915877661,38.4063718364,36.8791895446,36.8316770166,36.4514207866,35.4447940216,33.4739488886,31.6385450279,30.7218951633,29.4559619376,29.8764240355,29.2936568157,28.7125847072,29.2312503306,30.298033562,29.8238594842,30.8392387412,31.418688283,31.6439336177,32.3046537686,33.2640505474,32.7651038311,32.6641676551,31.6609980041,31.0968799091,31.3804582319,31.6498454397,31.6585416459,33.2729754646,33.6031009573,33.3516123508,34.0535142889,34.5307803028,34.2787089061,35.3188920221,35.530477657,35.1763270542
292,2025-10-20T00:00:00,32.7613710991,32.2193710471,32.2420611603,32.3846548347,32.6633700037,32.3411604521,32.2443079456,30.9266194888,29.4122113377,29.5276544383,29.5276544383,29.5896701979,29.1154626005,29.7616763305,28.6379463119,27.5458641407,27.6064633646,27.2345240235,27.1572625225,27.2345240235,26.2798147559,25.7355015935,25.7503117432,25.3080070898,25.0767330427,26.2958942641,27.2452843015,29.7241640299,32.1082313933,33.1330398714,34.2019793042,35.0946473316,34.7739375824,36.8544731537,38.8486827394,39.8159704282,40.8569919318,40.7431193049,39.6238020123,39.5899091658,38.8232401303,37.7444074506,37.2977811195,37.7877629183,36.3829226,38.3787498847,40.2657454084,42.0496539403,46.1067371795,51.6497928672,54.7448014828,59.1286400577,60.9245811728,64.4412895284,63.5257143874,66.6518894445,67.9453733453,70.1415281164,74.5366786279,79.0499590914,79.2678031663,80.5390462543,83.237720039,84.5067009869,86.12994275,89.2041545683,92.9712490833,95.0966320956,97.9351401668,99.6659154609,101.052298091,100.333028801,101.954067654,101.320951546,101.954067654,102.515339411,99.8589478938,97.182944361,94.3322701561,89.9366474732,86.6788511694,85.4208284244,81.935876568,79.1957683844,75.5438186438,72.3378826678,69.3958861536,67.4348517988,64.0372841292,60.9304115988,58.3629042387,56.241983122,51.7173010563,49.2023414908,46.3274490994,44.16669075,42.117468768,42.0052189188,42.0388491144,41.9290041318,41.0505562943,42.0045988957,42.1878905406,43.4252152411,43.7571168155,43.5730984212,41.2718777211,39.8587313507,38.4063718364,36.9118077659,37.0841590841,36.6193872699,35.5174102684,33.6737174504,32.1362347639,30.7882019927,29.7148404785,29.9888659841,29.4986002197,29.1386422185,29.7728279681,30.404731626,30.0236182879,30.8759201039,31.5211367136,31.8000497569,32.371673741,33.2922411565,32.8093198228,32.7651038311,31.7037825273,31.0968799091,31.2938156215,31.565016524,31.5435279296,33.0410436229,33.4226314891,33.2729754646,33.9739576765,34.4963612712,34.264825199,35.2767910308,35.5053396865,35.1397201817
293,2025-10-21T00:00:00,32.6835972797,32.156271091,32.2192796424,32.3799827629,32.6633700037,32.3803367281,32.3075520655,31.0231667907,29.4965427629,29.5276544383,29.3365785101,29.5289466355,28.9976130814,29.7616763305,28.6379463119,27.5458641407,27.6064633646,27.2345240235,27.017250573,27.2008334234,26.1914974956,25.7046728744,25.5206327096,25.1551915425,25.0674147374,26.2052713457,27.1332271265,29.7129601777,32.0429820924,33.0187741951,34.1245444401,35.0946473316,34.7739375824,36.8544731537,38.7039433262,39.7860563625,40.8286550533,40.7124841552,39.6003280096,39.4489943179,38.6727185267,37.5818807682,37.2977811195,37.7877629183,36.3829226,38.4348974519,40.4261100335,42.0496539403,46.1776816899,51.9007735845,55.2103886509,59.4315894961,62.2093151093,64.8960609693,64.450353189,67.7192169476,68.9558929225,70.9993385213,75.0260447669,79.2678031663,79.85170434,80.8502462422,84.1313140204,85.1091952869,86.4937382839,89.4326619328,92.9712490833,94.9138083744,97.7128404802,99.4992291306,100.805637562,99.5539734629,101.320951546,101.045568983,101.320951546,102.337196742,99.6432777831,96.9507286228,94.3322701561,89.9366474732,86.6788511694,85.4208284244,81.935876568,78.8003285738,75.3899214469,72.3185525384,69.1317422222,66.9731835258,63.9325709421,60.6233943037,58.2173201775,55.9377405159,51.4864216954,49.083003553,46.0886843962,43.634902582,41.6819396127,41.9378257016,41.9502777259,41.9102292087,40.9398445939,41.9869139024,42.1528627547,43.3265195621,43.7296008752,43.4252152411,41.2620742138,39.7915877661,38.327228682,36.8791895446,37.0841590841,36.6348304426,35.9817772422,34.0148415694,32.3793617022,31.0394761693,29.7148404785,29.978005336,29.4986002197,29.1518837569,29.8234216493,30.6739917225,30.298033562,30.9265467012,31.6357310484,32.1035957928,33.1984179694,33.386906616,33.1984179694,32.8981106766,31.7417143848,31.0968799091,31.2938156215,31.6498454397,31.6585416459,33.2729754646,33.6031009573,33.3516123508,33.9739576765,34.3965440815,34.264825199,35.3188920221,35.5436587188,35.2767812283
294,2025-10-22T00:00:00,32.6684268227,32.0596110812,32.2185089329,32.3413824218,32.6136225811,32.3411604521,32.2443079456,30.9266194888,29.4122113377,29.3365785101,29.1613374313,29.3365785101,28.8917824986,29.6966347445,28.6195588062,27.4099059356,27.5458641407,27.1863569611,26.9549458809,27.2008334234,26.1914974956,25.7046728744,25.5206327096,25.1551915425,24.9828862558,25.9708188487,27.1108896125,29.6373560582,32.0011663,32.9830763966,34.1245444401,35.0415880201,34.8390692498,36.9034357824,38.8486827394,39.8159704282,40.921005934,40.7431193049,39.6003280096,39.5899091658,38.8232401303,37.5818807682,37.446770135,37.7877629183,36.3829226,38.3787498847,40.2657454084,41.9902779925,46.1067371795,51.8417546501,54.8739322836,59.3685757911,61.9304074687,64.7432410496,64.2808377079,67.6812704199,68.7911862142,70.9993385213,75.22363813,79.4180807828,80.2506322869,81.6013555741,84.5067009869,85.3466715518,86.7942671716,89.5509533546,93.4378605467,95.6172626364,98.9318353356,100.805637562,102.96140908,101.361701063,102.896229257,102.856102879,102.856102879,102.856102879,99.8589478938,96.9507286228,94.3322701561,89.7129745933,86.3341669492,85.4208284244,81.935876568,79.1957683844,75.799947271,72.4309205028,69.4883464228,67.4348517988,63.9325709421,60.4883620365,58.1106779337,55.8408928867,51.3733974776,48.9430351045,45.7102521088,43.4282758142,41.5145065207,41.6503501233,41.9290041318,41.6464346441,40.9120290185,41.9523858134,42.1528627547,43.4252152411,43.7571168155,43.5730984212,41.2718777211,39.7915877661,38.1389281594,36.8101369467,36.9959438654,36.6193872699,35.6472533731,33.9320409532,32.3793617022,31.2269136075,29.7531769827,29.9888659841,29.7983743438,29.2312503306,29.9770510922,30.6739917225,30.3971265723,30.9925986944,31.6599427606,32.2253276268,33.2066901775,33.386906616,32.8981106766,32.8093198228,31.7037825273,31.0740796733,31.2443996016,31.6498454397,31.6961865258,33.2729754646,33.6031009573,33.6031009573,34.1096236407,34.4963612712,34.2787089061,35.4883062641,35.5502492497,35.2014405977
295,2025-10-23T00:00:00,32.6576349413,32.0504739214,32.0931841183,32.3317802485,32.5558663343,32.2410162366,32.2206728271,30.9266194888,29.4122113377,29.3365785101,29.1613374313,29.3365785101,28.8432647939,29.6708569781,28.5497389886,27.3080148406,27.4099059356,27.1572625225,26.9304874737,27.1837755601,25.95660594,25.5878108263,25.4238080521,25.0760171047,24.9609590189,25.8745183632,27.0295347905,29.4277742408,31.9460429666,32.9742605739,34.072532934,34.8964282079,34.7739375824,36.8544731537,38.7039433262,39.7860563625,40.8569919318,40.7124841552,39.4506619921,39.4489943179,38.6727185267,37.5561222132,37.446770135,37.7877629183,36.3829226,38.3787498847,40.2657454084,41.4968658574,46.0982068176,51.8417546501,55.2103886509,59.5793755068,62.8790377408,65.416468407,65.416468407,67.8688512311,69.5599730319,71.5782633743,76.392139407,80.2506322869,80.6141873901,81.9688213831,84.6663274728,85.3466715518,86.6831166245,89.4941991648,93.2126914084,95.2690392804,98.5490297482,100.227392467,102.896229257,101.195330517,102.882059671,102.420942665,102.420942665,102.515339411,99.6432777831,96.799368886,93.9588987777,89.5134844141,86.0475093184,85.2096342815,81.5369388031,78.8003285738,75.7026757209,72.3497776357,69.3958861536,66.9731835258,63.7397443028,60.1030243532,57.8776673858,55.5000941851,51.3051948828,48.8342122957,45.5883153007,43.2978298076,41.4605698788,41.4773094668,41.9290041318,41.6464346441,40.9120290185,41.9523858134,42.1528627547,43.3265195621,43.7296008752,43.4252152411,41.2718777211,39.8587313507,38.4063718364,36.9959438654,37.404819368,36.8316770166,36.0320562253,34.0646306678,32.4852356429,31.2950080247,29.9941463005,30.1086529804,29.8764240355,29.2312503306,29.8234216493,30.6739917225,30.4497991254,31.1416083083,32.0577889226,32.3046537686,33.278590853,33.4468606174,33.2011585218,33.1984179694,31.7826970026,31.0968799091,31.2443996016,31.565016524,31.6585416459,33.0410436229,33.6031009573,33.6031009573,34.1096236407,34.4963612712,34.2787089061,35.3188920221,35.5238871261,35.1454668462
296,2025-10-24T00:00:00,32.6556002109,32.0230802635,32.0527582114,32.2420611603,32.4177006436,32.0840469585,32.017132157,30.7922476492,29.3927891344,29.1613374313,29.1154626005,29.1613374313,28.7412776725,29.5485893537,28.2432130442,27.2424370458,27.260342005,27.017250573,26.8213106177,27.1765264803,25.8660751042,25.4878851429,25.3947646242,25.0760171047,24.9129027552,25.7516558095,26.8561102202,29.3569508385,31.4606886107,32.9726717864,34.0633454741,34.8292953396,34.7274772189,36.8244532046,38.6405995658,39.7641116828,40.8286550533,40.6156696142,39.4057133947,39.3388661755,38.6409468324,37.5561222132,37.2977811195,37.5786719848,36.308679155,38.304513002,40.1618998073,41.2881705339,45.615715013,51.6497928672,54.8739322836,59.4315894961,62.3491380088,65.1673358205,64.8458180107,67.8137110083,69.430521955,71.4906073344,75.8710812582,80.0891165429,80.5545379272,81.8114416568,84.5067009869,85.203278917,86.550340031,89.4326619328,93.1653674393,95.0966320956,97.9351401668,99.8027692956,101.567546106,100.706664479,102.426722443,101.954067654,101.954067654,102.337196742,99.6406297233,96.7327711798,93.8379441264,89.4291942148,85.808080716,85.1604211231,81.4451208489,78.3609479527,75.5438186438,72.3378826678,69.1317422222,66.5609672113,63.5315342643,59.658109612,57.795394447,55.3633316974,51.230354362,48.7952719404,45.4563631162,43.1540728062,41.1953189524,41.1953189524,41.9102292087,41.4773094668,40.9120290185,41.9869139024,42.1878905406,43.4252152411,43.7571168155,43.5689630917,41.2718777211,39.8587313507,38.4063718364,36.9118077659,37.3072701309,36.6865295058,36.0320562253,34.0646306678,32.4852356429,31.2950080247,30.0623132559,30.1086529804,29.978005336,29.7399263861,30.0280030351,30.725790997,30.6739917225,31.1689086122,31.8704010234,32.2433136071,33.2399524169,33.4314807067,33.1984179694,32.8981106766,31.7826970026,31.1164193435,31.2938156215,31.6498454397,31.6961865258,33.0410436229,33.4226314891,33.3516123508,34.0535142889,34.3965440815,34.264825199,35.2767910308,35.4991572067,35.1282268527
297,2025-10-25T00:00:00,32.630027633,31.9655551055,32.0230802635,32.2192796424,32.3803367281,31.98355912,31.8318302184,30.7175206205,29.3112746356,29.1613374313,29.1154626005,29.1613374313,28.7412776725,29.5485893537,28.5497389886,27.4099059356,27.6064633646,27.2345240235,26.9549458809,27.1837755601,25.95660594,25.4878851429,25.3947646242,25.0760171047,24.9129027552,25.7088747456,26.8086746904,29.3467303785,31.3299039109,32.9582433374,34.0546405361,34.8292953396,34.7739375824,36.8544731537,38.7039433262,39.7860563625,40.8286550533,40.4919336965,39.3367488931,39.3027273697,38.5864294768,37.5178897734,37.2977811195,37.7877629183,36.5741719817,38.4348974519,40.4261100335,41.4968658574,45.5721157937,51.2520256388,54.7448014828,59.3685757911,62.2093151093,64.9417390294,64.5500037372,67.7961897206,69.0493159002,71.2899173279,75.5140803365,79.85170434,80.5390462543,81.6013555741,84.1313140204,85.1091952869,86.4937382839,89.2041545683,92.9712490833,94.9138083744,97.7128404802,99.6659154609,101.052298091,100.333028801,101.954067654,101.320951546,101.320951546,101.954067654,99.0855732083,96.4116965823,93.5697594453,89.0690797444,85.6206946523,85.0983405517,80.864307664,78.2165380548,75.3899214469,72.3185525384,69.0407505342,66.4573765154,62.9983600641,59.5681968205,57.6251222936,55.02937203,51.2044299006,48.6635231558,45.1692018497,43.1540728062,41.4605698788,41.4773094668,41.9502777259,41.9290041318,41.2213578039,42.0798987682,42.230273686,43.4252152411,43.7296008752,43.4252152411,41.2620742138,39.7915877661,38.4063718364,36.9118077659,37.3072701309,36.6865295058,36.1389997589,34.0646306678,32.4852356429,31.4270214203,30.2483542368,30.1447232506,30.0282190273,29.9797566759,30.1047492554,30.7468269329,30.7097695639,31.227838499,32.0577889226,32.319659706,33.2922411565,33.5747915923,33.2011585218,32.8981106766,31.7417143848,31.1164193435,31.2938156215,31.6498454397,31.6961865258,33.0472123363,33.4226314891,33.3516123508,34.0535142889,34.3965440815,34.118764286,35.1763270542,35.4894733798,35.0038755631
298,2025-10-26T00:00:00,32.5926861314,31.8953281045,31.9486628577,32.2185089329,32.3411604521,31.8004038974,31.8318302184,30.7922476492,29.4122113377,29.3709215563,29.2996397931,29.2996397931,28.7412776725,29.3709215563,28.2432130442,27.3080148406,27.5458641407,27.1863569611,26.9304874737,27.1765264803,25.8660751042,25.4238080521,25.3785803736,24.9828862558,24.8301373676,25.6403874242,26.7572859339,29.3258380617,31.2806358646,32.9168928544,33.9518438062,34.8292953396,34.8390692498,36.9034357824,38.8486827394,39.8159704282,40.8286550533,40.3232573516,39.3027273697,39.1854605233,38.5326350937,37.446770135,37.0247064831,37.5786719848,36.3829226,38.3787498847,40.2657454084,41.2881705339,45.3355019011,51.0690245196,54.2013795153,59.3464849137,61.9304074687,64.8960609693,64.450353189,67.7192169476,69.0493159002,71.4906073344,76.392139407,80.5432724291,80.7929680435,81.9688213831,84.5067009869,85.1091952869,86.252608887,88.9962317276,92.6726173859,94.5186612477,97.588016017,99.4992291306,100.805637562,99.5539734629,101.320951546,101.045568983,101.045568983,101.320951546,98.7608873594,96.3172662302,93.5009562643,88.731316195,85.6206946523,85.0983405517,80.6548177592,78.131256028,75.1094795078,71.877297272,68.8848192377,66.001827009,62.6698823652,59.5110273222,57.3291891942,54.8270918985,51.0541772561,48.5558390884,44.9743660105,43.0516467423,41.1953189524,41.1953189524,41.9290041318,41.9102292087,41.2213578039,42.1878905406,42.4407883791,43.5689630917,43.7571168155,43.4252152411,41.2032527896,39.5795722871,38.327228682,36.8791895446,37.2449127272,36.6348304426,36.0320562253,34.0828940437,32.7430547611,31.8095737163,30.5021998013,30.1747642522,30.0282190273,29.9770510922,30.1047492554,30.7603132615,30.7386868229,31.4346239063,32.2721778719,32.5685536798,33.3249253698,33.9151026967,33.2535823017,33.2011585218,31.9935980969,31.2938156215,31.4589116099,31.6609980041,31.7380255413,33.2192417702,33.6031009573,33.7243579907,34.1096236407,34.4963612712,34.264825199,35.1763270542,35.4030155853,34.8259686254
299,2025-10-27T00:00:00,32.4676549742,31.9135493572,31.9486628577,32.0931841183,32.2420611603,31.6529688989,31.7666538471,30.7922476492,29.4122113377,29.3709215563,29.2996397931,29.1613374313,28.7169858317,29.1699231928,28.1693394779,27.2424370458,27.4099059356,27.1572625225,26.8213106177,27.0217640654,25.7982761181,25.3947646242,25.3193342113,24.9609590189,24.7482554433,25.5831948862,26.7050063174,29.2799082093,31.0730437495,32.8469142806,33.9518438062,34.8292953396,34.8390692498,36.9034357824,38.7039433262,39.7860563625,40.7671847789,40.2108196434,39.1854605233,39.0461797736,38.4746737682,37.2977811195,36.8924971877,37.5178897734,36.308679155,38.304513002,40.1618998073,40.9466801861,45.209886899,50.8383768834,53.8437210693,59.1286400577,61.8457943644,64.7432410496,64.2808377079,67.6812704199,68.9558929225,71.2899173279,75.8710812582,80.2506322869,80.6141873901,81.8114416568,84.1313140204,85.0774108556,86.12994275,88.8998793211,92.5035165781,94.3021640576,97.3906952537,99.402024525,100.620727612,99.5539734629,101.320951546,101.045568983,101.045568983,101.320951546,98.0418985443,95.8759705963,93.2984323316,88.4779835833,85.5600761462,84.9334587961,80.4737325548,77.9806950984,74.6670714023,71.7313753364,68.7803138233,65.1667011266,62.5384019085,59.3455741759,57.2023183338,54.5701820463,50.9201619462,48.0838116115,44.9270443409,42.9672782577,41.0505335186,41.0505335186,41.9102292087,41.6464346441,41.0505562943,42.1878905406,42.8205392774,43.7148452753,43.8788272509,43.7296008752,41.2838667117,39.8587313507,38.4063718364,36.8791895446,37.0841590841,36.6193872699,35.9817772422,34.0646306678,32.5540894901,31.628575945,30.4152027753,30.1447232506,29.9888659841,29.9770510922,30.1047492554,30.7603132615,30.7386868229,31.4346239063,32.2368757389,32.371673741,33.2922411565,33.8767699285,33.2341666754,33.1984179694,31.7826970026,31.2038759156,31.3804582319,31.6498454397,31.6961865258,33.0351980661,33.4226314891,33.6031009573,34.0535142889,34.3965440815,34.118764286,35.1282268527,35.2768204381,34.822709319
300,2025-10-28T00:00:00,32.551009079,31.9317706099,31.9486628577,32.0931841183,32.2420611603,31.5942740149,31.6529688989,30.7175206205,29.3927891344,29.2996397931,29.1613374313,29.1154626005,28.6920684496,29.1154626005,28.1083958873,27.1770553086,27.260342005,27.017250573,26.7891662608,26.9549458809,25.7982761181,25.3947646242,25.3193342113,24.9609590189,24.7482554433,25.4268979794,26.6412899633,28.927374287,30.9883418667,32.8141062166,33.8162456259,34.7388362775,34.7739375824,36.8544731537,38.7039433262,39.7860563625,40.7671847789,40.2108196434,39.1854605233,39.0018663339,38.4582273981,37.0780317735,36.8401233281,37.4346059868,36.2707459504,38.2581517129,40.109525982,40.7142234114,45.1815571882,50.4528935366,53.3785372314,58.8246249165,61.147318579,64.5500037372,63.8376382445,67.3481776985,68.7911862142,71.1562003567,75.5140803365,80.0891165429,80.5545379272,81.6013555741,83.9065973804,84.7721163595,85.6609934742,88.8436891494,92.2105389013,94.0239921685,96.9906466981,99.3774976878,99.8374008941,99.0862332971,100.706664479,100.750603111,100.750603111,101.045568983,97.6810853235,95.6072518121,93.0409342352,88.3960425171,85.2428497369,84.8203054765,80.3613487284,77.5685316309,74.3811716929,71.6105642081,68.3901550881,65.1667011266,62.6698823652,59.5681968205,57.795394447,55.5000941851,51.3051948828,48.8342122957,45.5883153007,43.4282758142,41.6819396127,41.6503501233,41.9502777259,41.9290041318,41.6464346441,42.230273686,42.8396480292,43.7571168155,43.8788272509,43.7100938835,41.2718777211,39.7915877661,38.327228682,36.8101369467,36.9959438654,36.5610075779,35.6472533731,34.0148415694,32.4852356429,31.4270214203,30.4152027753,30.1747642522,30.0282190273,29.9797566759,30.1238344906,30.7468269329,30.7244410392,31.418688283,32.2253276268,32.319659706,33.278590853,33.5747915923,33.208495519,32.8981106766,31.7417143848,31.2038759156,31.3804582319,31.6498454397,31.6961865258,33.0351980661,33.4226314891,33.7243579907,34.0535142889,34.3965440815,34.118764286,34.9851925491,35.2767812283,34.8156988763
301,2025-10-29T00:00:00,32.6051332986,31.9486628577,31.9486628577,32.0931841183,32.2192796424,31.5132699698,31.6529688989,30.7677101202,29.4122113377,29.3709215563,29.1613374313,28.9976130814,28.6379463119,28.9976130814,27.9501117753,27.1770553086,27.260342005,27.017250573,26.7891662608,26.9549458809,25.7166639682,25.3785803736,25.2921972627,24.9129027552,24.5958217212,25.3785803736,26.5050101334,28.6991741315,30.940432801,32.7893453674,33.7772061531,34.6371276462,34.7274772189,36.8244532046,38.6405995658,39.7641116828,40.7431193049,40.108754453,39.0777312647,38.9255639437,38.4413300826,37.0099396509,36.789657262,37.384341536,36.2622654516,38.2581517129,40.1618998073,40.9466801861,45.209886899,50.8383768834,53.8437210693,59.1286400577,61.8457943644,64.7432410496,64.2808377079,67.3481776985,68.6313711385,70.9993385213,75.432470294,79.85170434,80.5390462543,81.3055103941,83.754195357,84.6663274728,85.5431789181,88.7082329243,91.7723379626,94.0239921685,97.3906952537,99.402024525,100.620727612,99.5539734629,100.706664479,100.750603111,101.045568983,101.954067654,99.0855732083,96.7327711798,93.5697594453,88.731316195,85.5600761462,84.8203054765,80.3338785401,77.368434371,74.1215659546,71.5024070816,68.2078145078,64.9529016314,62.5384019085,59.5110273222,57.6251222936,55.3633316974,51.230354362,48.7952719404,45.4563631162,43.2978298076,41.5145065207,41.4773094668,41.9290041318,41.9102292087,41.2213578039,42.1878905406,42.8205392774,43.7148452753,43.8393435325,43.6898636655,41.2620742138,39.5795722871,38.1389281594,36.7904969793,36.8316770166,36.4514207866,35.5174102684,33.9320409532,32.4576191351,31.4270214203,30.4152027753,30.1747642522,30.0282190273,29.9770510922,30.1047492554,30.7468269329,30.7386868229,31.4346239063,32.2368757389,32.371673741,33.278590853,33.4468606174,33.2011585218,32.8093198228,31.7037825273,31.1341087385,31.2938156215,31.565016524,31.6585416459,32.9860219943,33.3134367047,33.6031009573,33.9739576765,34.2954379016,34.0677682937,34.9091028899,35.1763270542,34.8011861611
302,2025-10-30T00:00:00,32.5093320266,31.8771068519,31.8588855992,32.0527582114,32.2185089329,31.4943231394,31.5942740149,30.7175206205,29.3927891344,29.2996397931,29.1154626005,28.8917824986,28.6195588062,28.9976130814,27.9501117753,27.1770553086,27.260342005,27.017250573,26.6095536398,26.9304874737,25.6518305251,25.3193342113,25.1519257379,24.8887631308,24.5958217212,25.4268979794,26.6412899633,28.927374287,30.9883418667,32.7668604547,33.7442911296,34.5582840875,34.6371276462,36.7243383287,38.5342839957,39.4747668638,40.7124841552,40.0686103092,39.0263061725,38.8696242098,38.4198612889,36.9727405359,36.7604165913,37.2867943588,36.2104491496,38.2048049952,40.109525982,40.7142234114,45.1815571882,50.4528935366,53.3785372314,58.8246249165,61.8457943644,64.8960609693,64.5500037372,67.7961897206,69.430521955,71.5782633743,77.0277722025,80.6141873901,80.8502462422,82.3303777239,84.6663274728,85.203278917,86.4937382839,89.2041545683,92.9712490833,95.0966320956,98.5490297482,100.227392467,102.896229257,101.195330517,101.954067654,101.045568983,101.045568983,101.320951546,98.7608873594,96.4116965823,93.5009562643,88.4779835833,85.2428497369,84.7389142836,80.1561380296,77.217205067,74.1215659546,71.6105642081,68.3901550881,65.1667011266,62.6698823652,59.5681968205,57.7710902352,55.3633316974,51.230354362,48.6635231558,45.1692018497,43.1540728062,41.4605698788,41.1953189524,41.9102292087,41.6464346441,41.0505562943,42.0798987682,42.4407883791,43.6898636655,43.8001597975,43.5689630917,41.2032527896,39.2056215322,38.0838481977,36.6857045065,36.7904969793,36.4005960825,35.4849400997,33.6737174504,32.3793617022,31.3897835946,30.2483542368,30.1447232506,29.9888659841,29.9770510922,30.1238344906,30.7603132615,30.7521236511,31.6073983354,32.2721778719,32.4256243444,33.2399524169,33.4314807067,33.1984179694,32.7651038311,31.6609980041,31.1341087385,31.2938156215,31.5224742231,31.5435279296,32.9366991611,33.2729754646,33.3516123508,33.9315640481,34.1215658057,34.0497190029,34.8405070909,35.1339735172,34.7683563125
303,2025-10-31T00:00:00,32.3843008694,31.8256096956,31.8105550447,31.98355912,32.0840469585,31.4174089762,31.5132699698,30.6887586159,29.3112746356,29.1613374313,28.9976130814,28.7485815637,28.5497389886,28.8625669334,27.8864255637,27.1549371094,27.260342005,27.017250573,26.6095536398,26.9304874737,25.7166639682,25.3785803736,25.2921972627,24.9129027552,24.7482554433,25.5831948862,26.5050101334,28.6991741315,30.940432801,32.6264262227,33.7161664593,34.4862567032,34.5008692025,36.6820482009,38.4872812734,39.1270053533,40.6156696142,40.0072540177,38.9297019351,38.8326925767,38.3961592381,36.8924971877,36.6748326243,36.9524190658,36.1659528011,38.1917595297,40.0124060156,40.6543676214,45.144879337,50.367796025,53.2750564482,58.7598869885,61.147318579,64.7432410496,64.450353189,67.7192169476,69.0493159002,71.4906073344,76.392139407,80.5432724291,80.7929680435,81.9688213831,84.5067009869,85.1091952869,86.252608887,88.9962317276,92.6726173859,94.9138083744,97.9351401668,99.8027692956,101.567546106,100.706664479,101.320951546,100.750603111,100.750603111,101.045568983,98.0418985443,96.3172662302,93.2984323316,88.3960425171,85.1604211231,84.6610776629,80.0068225399,76.5875395359,73.8499992232,71.5024070816,68.2078145078,64.9529016314,62.5384019085,59.5110273222,57.6208462438,55.02937203,51.2044299006,48.5558390884,44.9743660105,43.0516467423,41.1953189524,41.0505335186,41.6464346441,41.4773094668,41.0030031161,42.0045988957,42.230273686,43.5689630917,43.7571168155,43.4252152411,41.1518162313,39.1214189904,38.0838481977,36.7904969793,36.8316770166,36.4514207866,35.5174102684,33.6737174504,32.2308581527,31.2950080247,30.1747642522,30.1086529804,29.978005336,29.8234216493,30.1047492554,30.7468269329,30.7521236511,31.6073983354,32.2721778719,32.4256243444,33.278590853,33.4468606174,33.1984179694,32.7651038311,31.6609980041,31.1164193435,31.2443996016,31.4150561705,31.4150561705,32.9196329595,33.2111716875,33.3516123508,33.9315640481,34.1215658057,34.0497190029,34.8405070909,35.032952494,34.7263678972
304,2025-11-01T00:00:00,32.4676549742,31.8331370211,31.8105550447,31.98355912,32.0840469585,31.3667695916,31.4943231394,30.7175206205,29.3927891344,29.2996397931,29.1154626005,28.7485815637,28.2417072974,28.7412776725,27.8379235574,27.1253939448,27.1863569611,26.9549458809,26.5205702788,26.8213106177,25.6518305251,25.3785803736,25.2921972627,24.9129027552,24.7482554433,25.6403874242,26.5050101334,28.6991741315,30.940432801,32.7668604547,33.7442911296,34.5021718539,34.5167843532,36.6820482009,38.4872812734,39.0135468422,40.4919336965,39.9049199651,38.8421672352,38.8232401303,38.3361146328,36.8401233281,36.5741719817,36.8401233281,36.1470943714,37.9353689096,39.9689132659,40.5790896609,45.0397620575,50.0869806958,53.1046894988,58.7407041472,61.147318579,64.8960609693,64.5500037372,67.8137110083,69.5599730319,71.5341496439,75.8710812582,80.2506322869,80.6141873901,81.8114416568,84.1313140204,85.0774108556,86.12994275,88.9962317276,92.9712490833,95.2690392804,98.9709759136,100.805637562,102.96140908,101.361701063,102.426722443,101.320951546,101.320951546,101.320951546,98.7608873594,96.3172662302,93.0409342352,88.3624329248,84.9486840336,84.2928256894,79.6669500083,76.3852737679,73.4177352587,71.5024070816,68.3901550881,66.001827009,62.9983600641,59.6377471132,57.7710902352,55.02937203,51.0541772561,48.3146829037,44.9743660105,42.9672782577,41.4605698788,41.1953189524,41.9102292087,41.6464346441,41.0030031161,41.9869139024,42.1878905406,43.4252152411,43.7296008752,43.3265195621,41.1518162313,39.1214189904,38.0838481977,36.7904969793,36.8316770166,36.4005960825,35.4849400997,33.5552569016,32.2308581527,31.3897835946,30.2483542368,30.1447232506,29.9888659841,29.8234216493,30.1000899087,30.725790997,30.7454108336,31.5986303638,32.2368757389,32.3475890331,33.2399524169,33.4314807067,32.8981106766,32.6641676551,31.6609980041,31.1341087385,31.2938156215,31.5224742231,31.5435279296,32.9196329595,33.0270118321,33.2729754646,33.9000012926,34.0535142889,33.9241367919,34.8216228835,34.8841224872,34.6025202081
305,2025-11-02T00:00:00,32.3738411392,31.8030277192,31.5172914576,31.8357882593,31.98355912,31.2815398805,31.2543304346,30.6887586159,29.3112746356,29.1613374313,29.1154626005,28.7485815637,28.2417072974,28.7412776725,27.9501117753,27.1770553086,27.5458641407,27.2345240235,26.9304874737,27.1765264803,25.8660751042,25.4238080521,25.3193342113,24.9129027552,24.7482554433,25.6403874242,26.5050101334,28.6456687614,30.7689194632,32.7668604547,33.7442911296,34.5021718539,34.5167843532,36.6820482009,38.4518936876,38.8662234189,40.3578634971,39.8159704282,38.8232401303,38.6955063025,38.2726179475,36.7708892325,36.5415874164,36.8401233281,36.1470943714,37.9353689096,39.9689132659,40.5790896609,44.9086968883,49.869898111,52.733350949,58.734776824,60.9245811728,64.7432410496,64.450353189,67.7961897206,69.430521955,71.4906073344,75.5140803365,80.0891165429,80.5545379272,81.6013555741,83.9065973804,84.7721163595,85.6609934742,88.8998793211,92.6726173859,95.0966320956,98.9318353356,100.227392467,102.896229257,101.195330517,101.954067654,101.045568983,101.045568983,101.045568983,98.0418985443,95.8759705963,92.9533283224,88.3443216223,84.8203054765,84.0605443265,79.4336086279,76.0571307638,73.2307502838,71.316315685,68.2078145078,65.1667011266,62.6698823652,59.5681968205,57.6208462438,54.8270918985,50.9201619462,48.0282739044,44.9270443409,42.8430976965,41.1953189524,41.0505335186,41.6464346441,41.6464346441,41.0030031161,41.9869139024,42.1878905406,43.3265195621,43.7100938835,43.1340065231,41.0457229421,38.9926041872,38.0538732276,36.6857045065,36.7904969793,36.3487838261,35.4447940216,33.4986924391,32.1362347639,31.2950080247,30.1747642522,30.1086529804,29.978005336,29.7399263861,30.0280030351,30.7097695639,30.7454108336,31.5986303638,32.2368757389,32.3475890331,33.278590853,33.4314807067,32.8981106766,32.6641676551,31.7037825273,31.1341087385,31.2938156215,31.5224742231,31.5435279296,32.8985290437,32.9366991611,33.2111716875,33.8845559821,33.9739576765,33.8845559821,34.8011861611,34.8259686254,34.5140566293
306,2025-11-03T00:00:00,32.3424619485,31.5172914576,31.4077513609,31.6618149894,31.8357882593,31.1642326363,31.0878195602,30.5712818509,29.1123459008,28.9237659435,28.9976130814,28.7169858317,28.1083958873,28.7169858317,27.8864255637,27.1770553086,27.5458641407,27.2345240235,26.9304874737,27.1765264803,25.7982761181,25.3947646242,25.2921972627,24.8887631308,24.5958217212,25.6187499405,26.4558833765,28.6456687614,30.940432801,32.7893453674,33.7442911296,34.5021718539,34.5167843532,36.6628264924,38.3654813374,38.7039433262,40.2960709346,39.7860563625,38.6955063025,38.6409468324,38.2586082009,36.7708892325,36.5741719817,36.9524190658,36.1659528011,38.1917595297,39.9689132659,40.4032216887,44.8516663806,49.8319976342,52.6263045501,58.6108211818,60.9245811728,64.5500037372,64.2808377079,67.7961897206,69.5599730319,71.5341496439,75.8710812582,80.2506322869,80.5545379272,81.3055103941,83.754195357,84.6663274728,85.5431789181,88.8436891494,92.5035165781,94.9138083744,98.5490297482,99.8027692956,101.567546106,100.706664479,101.320951546,100.750603111,100.750603111,100.750603111,97.6810853235,95.6072518121,92.9533283224,88.3624329248,84.9486840336,84.2928256894,79.6669500083,76.0571307638,73.2307502838,71.2479938822,68.0710220663,64.9529016314,62.5384019085,59.5110273222,57.3291891942,54.5701820463,50.5109370104,47.9437026742,44.8949543212,42.7130879735,41.0505335186,40.8681199353,41.4773094668,41.4773094668,40.9330047208,41.9523858134,42.1528627547,43.2789483148,43.6898636655,42.9616255129,40.9517696236,38.8993031533,38.0010369043,36.6348304426,36.6857045065,36.3147304678,35.3956965105,33.4739488886,32.1362347639,31.3897835946,30.4152027753,30.1747642522,30.0282190273,29.8234216493,30.1000899087,30.7097695639,30.7454108336,31.5986303638,32.2368757389,32.319659706,33.2399524169,33.386906616,32.8093198228,32.6148545899,31.7417143848,31.2038759156,31.3708374092,31.565016524,31.5435279296,32.7087249956,32.9196329595,33.1406198949,33.8620490501,33.9315640481,33.7959455551,34.7403640356,34.8216228835,34.4963612712
307,2025-11-04T00:00:00,32.2870594355,31.4172778687,31.3700820347,31.5213294178,31.6618149894,31.0768924638,31.0549494891,30.5712818509,29.1123459008,28.9237659435,28.9976130814,28.7169858317,28.1083958873,28.6920684496,27.8864255637,27.2424370458,27.6064633646,27.2345240235,26.9304874737,27.1765264803,25.7166639682,25.3785803736,25.214598503,24.8887631308,24.5958217212,25.5818372892,26.4409443978,28.6047197325,30.940432801,32.8141062166,33.7772061531,34.5582840875,34.6371276462,36.6628264924,38.3048875142,38.6405995658,40.2108196434,39.7641116828,38.6955063025,38.6409468324,38.2586082009,36.7708892325,36.5741719817,36.8401233281,36.1470943714,37.9353689096,39.7867488827,40.300618861,44.7328236205,49.7547361331,52.6095052713,58.3256166145,60.6792065826,64.474923635,63.8376382445,67.7192169476,69.430521955,71.4906073344,75.5140803365,80.0891165429,80.5390462543,81.3055103941,83.9065973804,84.7721163595,86.12994275,88.9962317276,92.9712490833,95.2690392804,99.0518414795,101.567546106,103.2974746,102.070030221,102.882059671,101.954067654,101.954067654,101.320951546,98.7608873594,95.8759705963,92.9533283224,88.3443216223,84.8203054765,84.0605443265,79.4336086279,75.799947271,72.9825173166,70.9548855674,67.7752800151,64.7407704799,62.4773905472,59.3455741759,57.2023183338,54.0067525138,50.349434709,47.8078677468,44.8554942332,42.3390547112,40.8019988932,40.7614453423,41.1953189524,41.1953189524,40.9120290185,41.9419831779,42.0719815131,43.1264922453,43.5689630917,42.9616255129,40.9517696236,38.8993031533,38.0010369043,36.6348304426,36.6348304426,36.223743748,35.3042406989,33.4176722833,31.9037027902,31.2950080247,30.2483542368,30.1447232506,29.9888659841,29.7399263861,30.0280030351,30.6821587761,30.7386868229,31.5136346205,32.2253276268,32.3046537686,33.2066901775,33.3249253698,32.7651038311,32.6028813526,31.7037825273,31.1341087385,31.2938156215,31.5224742231,31.4150561705,32.6240287788,32.8985290437,33.1086100131,33.8114936004,33.9315640481,33.8845559821,34.8011861611,34.8550455563,34.6438027711
308,2025-11-05T00:00:00,32.2196452613,31.4268043766,31.4077513609,31.6618149894,31.8357882593,31.1642326363,31.0549494891,30.486558098,28.9115180609,28.8321440936,28.8917824986,28.7169858317,28.1083958873,28.6920684496,27.8864255637,27.2424370458,27.5458641407,27.1863569611,26.9304874737,27.1765264803,25.7166639682,25.3947646242,25.2921972627,24.8887631308,24.5958217212,25.5818372892,26.374953903,28.5360363587,30.7689194632,32.7893453674,33.7442911296,34.5021718539,34.5167843532,36.6014612061,38.3048875142,38.7039433262,40.29299355,39.7860563625,38.8232401303,38.6409468324,38.0786165835,36.7458320747,36.5415874164,36.789657262,36.1253818303,37.8380704233,39.6754216919,40.2499949995,44.7009899354,49.623235122,52.526648543,58.2411676023,60.4992775883,64.4412895284,63.5720372924,67.6812704199,69.0493159002,71.2899173279,75.432470294,79.85170434,80.2506322869,81.0122623401,83.754195357,84.6663274728,85.6609934742,88.8998793211,92.6726173859,95.0966320956,98.9709759136,101.052298091,103.189037151,101.361701063,102.426722443,101.320951546,101.320951546,101.045568983,98.0418985443,95.6072518121,92.9028758262,88.1111980033,84.7389142836,83.8402154451,79.2166965217,75.7026757209,72.8382857745,70.7479617124,66.274157526,64.6543166117,62.3953205107,59.2804230567,57.1676509359,53.6655585889,50.1989362151,47.7751096505,44.2882057941,42.117468768,40.7089043585,40.483982415,40.8883193148,41.0505562943,40.8441996076,41.9419831779,42.1528627547,43.1264922453,43.5689630917,42.9616255129,40.9517696236,38.8816102555,37.8875472542,36.6193872699,36.6193872699,36.1389997589,35.3042406989,33.4739488886,32.1362347639,31.3897835946,30.4152027753,30.1447232506,29.9888659841,29.8234216493,30.1000899087,30.7097695639,30.7454108336,31.5136346205,32.2253276268,32.319659706,33.2399524169,33.386906616,32.8093198228,32.6028813526,31.7037825273,31.2038759156,31.3708374092,31.565016524,31.5435279296,32.6240287788,32.7915678253,33.0084118613,33.7721167073,33.9000012926,33.7959455551,34.7403640356,34.8237957545,34.519955082
309,2025-11-06T00:00:00,32.2193710471,31.7315936538,31.5172914576,31.8357882593,31.98355912,31.1642326363,31.0216090927,30.4671517022,28.8321440936,28.7319493458,28.8321440936,28.6920684496,27.9501117753,28.6379463119,27.8379235574,27.1770553086,27.5458641407,27.1863569611,26.9304874737,27.1765264803,25.7166639682,25.3785803736,25.214598503,24.8270864764,24.5396235308,25.4268979794,26.2250362554,28.5360363587,30.7689194632,32.7893453674,33.7442911296,34.5021718539,34.4758817696,36.5727964478,38.1551319546,38.6405995658,40.2108196434,39.7860563625,38.8421672352,38.6955063025,38.2665280587,36.8401233281,36.5741719817,36.789657262,36.1253818303,37.8380704233,39.6754216919,40.2499949995,44.7009899354,49.5283953654,52.5054361528,57.9697164001,60.1822387242,64.2808377079,63.5257143874,67.3481776985,68.9558929225,71.1562003567,75.22363813,79.7053737459,80.0891165429,80.8502462422,83.5981563421,84.5067009869,85.5431789181,88.8436891494,92.5035165781,94.9138083744,98.9318353356,100.805637562,102.96140908,101.195330517,101.954067654,101.045568983,101.045568983,100.750603111,97.6810853235,95.5420103612,92.4780690125,87.8572971863,84.6779863562,83.7372375842,79.0028678733,75.5438186438,72.7626604742,70.0258157553,65.8947300317,64.6342929658,62.2579410057,58.9425790204,56.8837110878,53.5793583371,50.0891675753,47.746297139,44.2882057941,42.117468768,40.7089043585,40.3479694331,40.8883193148,41.0505562943,40.8441996076,41.9290041318,42.0719815131,42.9616255129,43.4252152411,42.8455195716,40.8502563436,38.7400813009,37.7914502866,36.5610075779,36.5610075779,36.0320562253,35.2474718044,33.4176722833,31.9037027902,31.2950080247,30.2483542368,30.1086529804,29.978005336,29.7399263861,30.0280030351,30.6821587761,30.7386868229,31.4346239063,32.0577889226,32.3046537686,33.2066901775,33.3249253698,32.7651038311,32.4578039699,31.7037825273,31.2038759156,31.3708374092,31.565016524,31.4150561705,32.3734687689,32.6832236695,32.973931365,33.7243579907,33.8845559821,33.7647053671,34.561237645,34.8156988763,34.5022597239
310,2025-11-07T00:00:00,32.1877296643,31.4458573922,31.4077513609,31.6618149894,31.8357882593,31.0768924638,30.9266194888,30.3540117818,28.8321440936,28.7319493458,28.8321440936,28.6920684496,27.9501117753,28.6195588062,27.8379235574,27.1770553086,27.5458641407,27.1863569611,26.9304874737,27.0217640654,25.6518305251,25.3193342113,25.1333424991,24.8270864764,24.5396235308,25.3785803736,26.1531133423,28.505804404,30.7276842537,32.7668604547,33.7442911296,34.5582840875,34.5167843532,36.6014612061,38.3048875142,38.6405995658,40.0893391222,39.7641116828,38.8232401303,38.6409468324,38.2586082009,36.7708892325,36.5415874164,36.789657262,36.1470943714,38.1917595297,40.0124060156,40.6543676214,45.0397620575,49.869898111,52.733350949,58.734776824,61.0689299619,64.7432410496,64.450353189,67.8137110083,69.7151974589,71.6368697435,75.8710812582,80.5432724291,80.6141873901,81.8114416568,84.1313140204,85.0774108556,86.252608887,88.9962317276,92.6726173859,95.0966320956,98.9318353356,100.805637562,102.896229257,101.158269386,101.320951546,101.038850545,100.750603111,100.614435432,97.182944361,95.3568893193,92.1186249112,87.6127441304,84.6497492057,83.624713289,78.7580070731,75.3899214469,72.6878057696,69.6551945941,65.6044909303,64.1576537884,62.2143770092,58.5420294654,56.7309761797,53.4750190433,50.0258135544,47.7377663245,43.8741946572,41.6493123488,40.4749797341,40.2883703813,40.720823253,40.8681256292,40.720823253,41.9102292087,42.0045988957,42.9077334825,43.3265195621,42.5991212285,40.8005649761,38.6980635903,37.721782717,36.4244881531,36.4514207866,35.9817772422,35.1343137179,33.3595151079,31.8097640503,31.2269136075,30.1747642522,30.0282190273,29.8764240355,29.4203818243,30.0280030351,30.7097695639,30.7454108336,31.5986303638,32.2721778719,32.3475890331,33.2399524169,33.4314807067,32.8093198228,32.4578039699,31.7037825273,31.2038759156,31.3708374092,31.565016524,31.4150561705,32.3734687689,32.6832236695,32.9340620483,33.6031009573,33.8165530752,33.458104664,34.4963612712,34.7963485893,34.4502541388
311,2025-11-08T00:00:00,32.0933539444,31.4077513609,31.3700820347,31.5213294178,31.6618149894,31.0768924638,31.0216090927,30.4671517022,29.3112746356,29.2996397931,29.1154626005,28.7416570111,28.2676154162,28.6920684496,27.9501117753,27.3080148406,27.6064633646,27.1863569611,26.8213106177,26.9549458809,25.6518305251,25.3193342113,25.1333424991,24.8270864764,24.5197449816,25.3303206453,26.1171788829,28.3664690797,30.7253494852,32.6264262227,33.7161664593,34.5021718539,34.4758817696,36.5727964478,38.1551319546,38.5119045975,40.0072540177,39.7028052386,38.6955063025,38.5864294768,38.2586082009,36.7708892325,36.5415874164,36.789657262,36.2104491496,38.1917595297,40.0124060156,40.6543676214,45.144879337,50.0869806958,53.2750564482,58.8246249165,61.9304074687,64.9417390294,64.5500037372,67.8137110083,69.5599730319,71.5341496439,75.5140803365,80.2506322869,80.5545379272,81.6013555741,83.9065973804,84.7721163595,86.12994275,88.8998793211,92.5035165781,94.9138083744,98.5490297482,100.227392467,101.567546106,100.707628616,101.158269386,100.750603111,100.614435432,100.334949445,97.0469960329,95.0244074419,91.7949703578,87.3172641968,84.2928256894,83.5067809471,78.2323130579,75.1094795078,72.6620833856,69.5531238978,65.5132570827,63.9330476469,62.1537872716,58.4147297421,56.6752215431,53.312589193,49.8463354777,47.3966996338,43.5751211141,41.5063497047,40.3479694331,40.2460534802,40.4738268926,40.720823253,40.5902922256,41.6854180672,41.9537357104,42.8400860193,43.1340065231,42.5404514261,40.6693884657,38.685318933,37.6164696137,36.3487838261,36.4005960825,35.6472533731,35.049026449,33.3129141614,31.6812196101,31.1968728034,30.0623132559,29.9888659841,29.7983743438,29.2312503306,30.0280030351,30.725790997,30.7521236511,31.6073983354,32.2863027124,32.3475890331,33.2066901775,33.386906616,32.7651038311,32.3759365454,31.6609980041,31.1341087385,31.2938156215,31.5224742231,31.4150561705,32.3734687689,32.6832236695,32.9340620483,33.6031009573,33.7721167073,33.2341235005,34.4963612712,34.8011861611,34.4963612712
312,2025-11-09T00:00:00,32.2194624518,31.588725523,31.4077513609,31.5213294178,31.6618149894,31.1642326363,31.0549494891,30.486558098,29.3927891344,29.2996397931,28.9976130814,28.7416570111,28.2676154162,28.6920684496,27.9501117753,27.3080148406,27.6064633646,27.1863569611,26.8213106177,26.9549458809,25.6518305251,25.2921972627,25.1105160924,24.7662229789,24.5156201989,25.3080070898,25.954634031,28.2175283223,30.6509208744,32.5299041084,33.6385859727,34.4758817696,34.3319313457,36.5653361407,38.0904153348,38.4518936876,39.9049199651,39.6639109529,38.6409468324,38.5326350937,38.0786165835,36.7458320747,36.379803812,36.7604165913,36.1659528011,37.9353689096,39.9689132659,40.5790896609,45.0397620575,49.869898111,53.1046894988,58.7598869885,61.8457943644,64.8960609693,64.450353189,67.7961897206,69.430521955,71.4906073344,75.432470294,80.0891165429,80.5390462543,81.3055103941,83.754195357,84.6663274728,85.6609934742,88.8436891494,92.2105389013,94.5186612477,97.9351401668,99.8027692956,101.168456765,100.588965458,100.707628616,100.614435432,100.588965458,100.200085222,97.0469960329,95.0244074419,91.7949703578,87.3172641968,84.2928256894,83.2384497121,77.9806950984,74.6670714023,72.6527023732,69.4883464228,65.1273709872,63.7397443028,62.0650432059,58.3509416284,56.6403157576,52.6400225508,49.7447946404,47.0597654279,43.5087196068,41.4605698788,40.3479694331,40.2460534802,40.4738268926,40.720823253,40.5902922256,41.4568236283,41.9419831779,42.8240945515,42.9616255129,42.4104829709,40.5982127716,38.5482906747,37.5863709945,36.0474232181,36.3487838261,35.6472533731,35.049026449,33.3129141614,31.6812196101,31.1968728034,29.9941463005,29.978005336,29.7399263861,29.1865440163,29.9850490086,30.7097695639,30.7454108336,31.5986303638,32.2721778719,32.319659706,33.2066901775,33.386906616,32.7651038311,32.3759365454,31.6609980041,31.1164193435,31.2443996016,31.4150561705,31.2984924428,32.2301184991,32.6240287788,32.9196329595,33.4207131472,33.7628565223,33.1406198949,34.3965440815,34.754360174,34.410045459
313,2025-11-10T00:00:00,32.2196452613,31.6601595884,31.4077513609,31.5213294178,31.6618149894,31.0768924638,31.0216090927,30.4671517022,29.3927891344,29.2996397931,28.9976130814,28.7169858317,28.1847495279,28.6379463119,27.8864255637,27.2424370458,27.5458641407,27.1572625225,26.7891662608,26.9304874737,25.5757775906,25.2585315109,25.0742275508,24.6003136051,24.4258556546,25.2178643077,25.8745183632,28.0751884921,30.5904732715,32.4605102026,33.6196488491,34.3319313457,34.2405479511,36.5270944875,37.9230367024,38.3654813374,39.8159704282,39.6238020123,38.5448401966,38.5326350937,38.0786165835,36.7458320747,36.379803812,36.7604165913,36.1470943714,37.8380704233,39.7867488827,40.4032216887,44.9086968883,49.8319976342,52.733350949,58.7407041472,61.5282135538,64.7432410496,64.2808377079,67.7192169476,69.0493159002,71.2899173279,75.22363813,79.85170434,80.2506322869,81.0122623401,83.5981563421,84.5067009869,85.5431789181,88.7082329243,91.7723379626,94.5186612477,97.9351401668,99.8027692956,101.168456765,100.588965458,100.588965458,100.588965458,100.333028801,99.7583759539,96.9448646061,94.8612576284,91.6966088384,87.2114281378,84.0605443265,82.8506771179,77.9806950984,75.1094795078,72.6878057696,70.0258157553,66.274157526,64.6543166117,62.3953205107,59.2804230567,57.1676509359,53.6655585889,50.1989362151,47.746297139,43.8741946572,41.5063497047,40.3479694331,40.0981890188,40.3479694331,40.5902922256,40.3448445029,41.1069862865,41.9133422148,42.6170671403,42.8455195716,42.310908192,40.4433408945,38.4923667311,37.410733729,35.7301954886,36.3147304678,35.4969229298,34.9491331467,33.2075200846,31.5989677932,31.0347794622,29.8778161144,29.8764240355,29.4986002197,29.1518837569,29.9770510922,30.6821587761,30.7386868229,31.5986303638,32.2863027124,32.3475890331,33.2399524169,33.4314807067,32.7651038311,32.1315892158,31.6498454397,31.0968799091,31.196043471,31.2984924428,31.2443996016,32.109520371,32.5453526081,32.9078455276,33.3129571192,33.458104664,33.1086100131,34.3061484153,34.6438027711,34.2894194198
314,2025-11-11T00:00:00,32.2193710471,31.4363308844,31.3700820347,31.4556926779,31.5213294178,31.0768924638,31.0549494891,30.486558098,29.4122113377,29.3709215563,28.9976130814,28.6920684496,28.1083958873,28.6195588062,27.8379235574,27.1770553086,27.4099059356,27.017250573,26.707763178,26.8213106177,25.4878851429,25.2585315109,25.1105160924,24.7662229789,24.5156201989,25.3080070898,25.8745183632,28.0444930293,30.4978955701,32.2680243592,33.569298248,34.2405479511,34.2019793042,36.4189370352,37.8283903499,38.3048875142,39.7860563625,39.6003280096,38.4701183994,38.5326350937,38.0786165835,36.7458320747,36.379803812,36.789657262,36.1659528011,37.9353689096,40.0124060156,40.7142234114,45.144879337,49.869898111,53.1046894988,58.7598869885,61.8457943644,64.8960609693,64.2808377079,67.6812704199,68.9558929225,71.1562003567,75.0260447669,79.7053737459,80.0891165429,80.8502462422,83.5981563421,84.6663274728,86.12994275,88.9237055781,92.2105389013,95.0966320956,98.5490297482,100.227392467,102.896229257,101.195330517,101.954067654,101.158269386,101.045568983,100.614435432,97.1760060831,95.0244074419,91.6966088384,87.0809671691,83.9515723996,82.6510322764,77.5685316309,74.6670714023,72.6878057696,70.0258157553,67.7752800151,64.7407704799,62.4773905472,59.2804230567,56.8837110878,53.5793583371,50.349434709,47.8078677468,44.8949543212,42.7130879735,41.0505335186,40.3479694331,40.720823253,40.720823253,40.3448445029,41.0030031161,41.6854180672,42.5472822525,42.8240945515,42.2064456845,40.3783849836,38.5482906747,37.5863709945,36.0474232181,36.4005960825,35.6472533731,34.9491331467,33.2075200846,31.6812196101,31.0347794622,29.8778161144,29.8764240355,29.7399263861,29.1518837569,29.9770510922,30.6821587761,30.7386868229,31.5986303638,32.2863027124,32.3475890331,33.278590853,33.4468606174,32.8981106766,32.6028813526,31.7417143848,31.1341087385,31.2443996016,31.2984924428,31.196043471,31.942174556,32.3562049876,32.7938969463,33.2729754646,33.2341235005,33.068958431,34.2675028274,34.5140566293,34.2729819755
315,2025-11-12T00:00:00,32.1877296643,31.398224853,31.359733887,31.4077513609,31.4943231394,31.0231667907,31.0216090927,30.4671517022,29.4122113377,29.3709215563,28.9976130814,28.6920684496,28.1083958873,28.5801941044,27.7325393791,27.1549371094,27.260342005,26.9549458809,26.5895737799,26.7891662608,25.4238080521,25.2069985162,25.0742275508,24.6003136051,24.4258556546,25.2178643077,25.8062874334,27.9838362003,30.4559505243,32.2052134433,33.3957020522,34.2019793042,34.1597942181,36.2763869062,37.7706482032,38.1551319546,39.7641116828,39.4421928623,38.4238009072,38.5326350937,38.0786165835,36.7458320747,36.379803812,36.789657262,36.1659528011,37.8380704233,39.9689132659,40.6543676214,45.0397620575,49.8319976342,52.733350949,58.7407041472,61.5282135538,64.7432410496,64.2808377079,67.6812704199,68.9558929225,71.1562003567,74.8531323546,79.4180807828,79.85170434,80.7929680435,83.5364624324,84.5067009869,85.6609934742,88.8913702168,91.7723379626,94.9138083744,98.2469799489,99.8027692956,101.567546106,101.158269386,101.320951546,101.038850545,100.750603111,100.334949445,97.0469960329,94.8612576284,91.511800137,86.8703534332,83.8219791682,82.5055884785,77.368434371,74.4823914591,72.6620833856,69.6551945941,66.274157526,64.6543166117,62.3953205107,58.9425790204,56.7309761797,53.4750190433,50.1989362151,47.7751096505,44.8554942332,42.3390547112,40.8019988932,40.2883703813,40.4738268926,40.5902922256,40.1825506874,40.9330047208,41.5114103082,42.4110622145,42.5990117309,42.1528627547,40.3667089714,38.4923667311,37.410733729,35.7301954886,36.3487838261,35.4969229298,34.8320033281,33.1159157146,31.5989677932,30.7882019927,29.7531769827,29.7531769827,29.7155373614,29.1518837569,29.8234216493,30.6678044955,30.7244410392,31.5136346205,32.2721778719,32.319659706,33.278590853,33.5232074442,33.1984179694,32.6148545899,31.7826970026,31.1341087385,31.196043471,31.2443996016,31.1578249448,31.900453326,32.2301184991,32.7938969463,33.3129571192,33.458104664,33.1086100131,34.3061484153,34.519955082,34.222413545
316,2025-11-13T00:00:00,32.0933539444,31.3700820347,31.2815398805,31.3700820347,31.4555150076,30.8555469399,30.9266194888,30.3540117818,29.3927891344,29.2996397931,28.8917824986,28.5216938527,27.9501117753,28.5402981009,27.6343537197,27.1253939448,27.1863569611,26.9304874737,26.5205702788,26.7502253352,25.3136015164,25.1675311302,24.9828862558,24.5396235308,24.338168402,25.189733999,25.7225326515,27.9237024526,30.3309928871,32.1456686913,33.2958825674,34.1245444401,34.0813453786,36.1355943975,37.7433608793,38.0904153348,39.7641116828,39.4421928623,38.4238009072,38.5864294768,38.2586082009,36.7458320747,36.379803812,36.789657262,36.1470943714,37.8040748653,39.7867488827,40.6543676214,44.9086968883,49.7547361331,52.6263045501,58.734776824,61.0689299619,64.5500037372,63.8376382445,67.3481776985,68.7911862142,70.9993385213,74.733651639,79.2678031663,79.7053737459,80.6141873901,83.5280762655,84.1313140204,85.5431789181,88.8436891494,91.4309322565,94.5186612477,97.8829417076,99.6659154609,101.168456765,100.707628616,101.158269386,100.750603111,100.614435432,100.200085222,96.9448646061,94.6633908521,91.1618853814,86.7861157337,83.5455812106,82.4406882332,77.217205067,74.3299837628,72.6527023732,69.5531238978,65.8947300317,64.6342929658,62.2579410057,58.5420294654,56.6752215431,53.312589193,50.0891675753,47.746297139,44.2882057941,42.117468768,40.7089043585,40.2460534802,40.3479694331,40.5902922256,40.1825506874,40.9330047208,41.5114103082,42.4110622145,42.5404514261,42.0559707537,40.2913842288,38.4063718364,37.3072701309,35.5860771179,36.3147304678,35.4044525714,34.7075800156,33.0345469325,31.4368674704,30.7218951633,29.7155373614,29.7531769827,29.7399263861,29.1865440163,29.9770510922,30.6821587761,30.7244410392,31.4346239063,32.2368757389,32.3046537686,33.2399524169,33.4468606174,32.8981106766,32.6028813526,31.7417143848,31.1341087385,31.196043471,31.196043471,31.1223483951,31.8113210982,32.1107405702,32.6832236695,33.2729754646,33.2341235005,33.068958431,34.2675028274,34.4963612712,34.1035831421
317,2025-11-14T00:00:00,32.0611136602,31.3605619978,31.1642326363,31.359733887,31.4077513609,30.7889402533,30.8337859576,30.3171858565,29.3112746356,29.1613374313,28.8917824986,28.5216938527,27.9501117753,28.5402981009,27.6343537197,27.0104118017,27.1660148397,26.7354566048,26.3983727851,26.6396816959,25.2836680542,25.1262214656,24.9609590189,24.5197449816,24.2759761806,25.1056449981,25.6403874242,27.8585030348,30.3309928871,32.1456686913,33.2715806385,34.072532934,34.0633454741,36.0681828822,37.7026174333,37.9230367024,39.7028052386,39.3367488931,38.3961592381,38.5864294768,38.2586082009,36.7458320747,36.379803812,36.789657262,36.1253818303,37.7683232522,39.6754216919,40.5790896609,44.8516663806,49.623235122,52.6095052713,58.6108211818,60.9245811728,64.474923635,63.5720372924,66.7868934218,68.6313711385,70.9119703272,74.6150673404,79.2134515905,79.5677866828,80.5545379272,83.4128614526,83.9710620491,85.4585469684,88.7082329243,91.2167464013,94.3021640576,97.7128404802,99.4992291306,101.035392274,100.707628616,101.320951546,101.158269386,101.320951546,100.750603111,97.1760060831,94.8612576284,91.511800137,86.7861157337,83.3814843945,82.4406882332,77.368434371,74.4823914591,72.6620833856,70.0258157553,67.7752800151,64.6543166117,62.3953205107,58.9425790204,56.6752215431,53.312589193,50.1989362151,47.746297139,43.8741946572,41.6493123488,40.4749797341,40.0981890188,40.2883703813,40.3770857663,40.1825506874,41.0030031161,41.9133422148,42.582144812,42.6842957406,42.1528627547,40.2913842288,38.327228682,37.045012112,35.4215572362,36.0417273222,35.3042406989,34.4846719575,33.0345469325,31.4368674704,30.7218951633,29.7155373614,29.7531769827,29.7399263861,29.1865440163,29.9770510922,30.6678044955,30.7097695639,31.418688283,32.2253276268,32.276053416,33.2066901775,33.4314807067,32.8093198228,32.4578039699,31.7037825273,31.1164193435,31.1578249448,31.1578249448,31.0968799091,31.7161252018,31.9424796058,32.6484866718,33.2111716875,33.1406198949,33.0021039799,34.118764286,34.4200237658,33.9481278873
318,2025-11-15T00:00:00,32.0599410937,31.3202228284,31.0535452596,31.2815398805,31.3667695916,30.7548426807,30.7987239157,30.170285485,29.1123459008,29.1613374313,28.9976130814,28.6920684496,28.1083958873,28.5801941044,27.6343537197,26.9549458809,27.1660148397,26.7354566048,26.3983727851,26.6396816959,25.2836680542,25.1105160924,24.9568478285,24.5156201989,24.2759761806,25.1056449981,25.6403874242,27.8585030348,30.3309928871,32.1082313933,33.1330398714,34.0633454741,34.0560068809,36.0135794445,37.691487627,37.8283903499,39.6149927062,39.3027273697,38.3361146328,38.5326350937,38.0786165835,36.672359497,36.3231571781,36.7604165913,36.1116054042,37.5539612447,39.5838159716,40.4032216887,44.7328236205,49.5283953654,52.526648543,58.3256166145,60.6792065826,64.4412895284,63.5257143874,66.6518894445,68.1650448015,70.6483178429,74.5366786279,79.1922900891,79.3894721304,80.5390462543,83.2089714714,83.9710620491,85.4585469684,88.7082329243,91.2167464013,94.3021640576,97.588016017,99.402024525,100.805637562,100.588965458,101.158269386,101.038850545,101.045568983,100.614435432,97.0469960329,94.6633908521,91.1618853814,86.7475640351,83.212960428,82.2033047,77.217205067,74.3299837628,72.6527023732,69.6551945941,66.274157526,64.6342929658,62.2579410057,58.5420294654,56.6403157576,53.3103028166,50.1989362151,47.7377663245,43.5751211141,41.5063497047,40.3479694331,39.7091475406,40.2460534802,40.1906110033,40.0395614214,40.9330047208,41.6854180672,42.5472822525,42.5640894026,42.0559707537,40.2100770931,38.1892658051,36.9118077659,35.2678144167,35.6472533731,35.2474718044,34.3633375319,32.9839605756,31.3897835946,30.6272186451,29.7115680574,29.7155373614,29.7155373614,29.1518837569,29.8234216493,30.5915482932,30.6739917225,31.227838499,32.0577889226,32.2368757389,33.1984179694,33.386906616,32.7651038311,32.3759365454,31.6609980041,31.0968799091,31.1270868373,31.1270868373,31.0046872615,31.5532419221,31.812851968,32.6205222062,33.1406198949,33.1086100131,32.9745532454,34.0677682937,34.3396064063,33.7743602066
319,2025-11-16T00:00:00,32.0541161978,31.237706964,30.8592135115,31.1642326363,31.2815398805,30.7143037606,30.7846167771,30.0093078217,28.9115180609,28.9237659435,28.8917824986,28.5216938527,27.9501117753,28.5402981009,27.5479417659,26.9203142497,27.1549371094,26.5895737799,26.2300124625,26.5748944896,25.2572156599,25.1105160924,24.9609590189,24.5396235308,24.4258556546,25.2178643077,25.7225326515,27.8585030348,30.2606751239,32.0429820924,33.0190145737,34.0560068809,33.9102062145,35.919538247,37.6796858611,37.7706482032,39.4421928623,39.1854605233,38.2710314556,38.4746737682,38.0786165835,36.7458320747,36.379803812,36.789657262,36.1253818303,37.5539612447,39.5217033048,40.3534011682,44.7009899354,49.4505971192,52.5054361528,58.2411676023,60.6792065826,64.4412895284,63.5257143874,66.6518894445,68.1650448015,70.6483178429,74.5366786279,79.1922900891,79.3894721304,80.5390462543,83.2089714714,83.7703115241,85.3466715518,88.6769017654,91.0410259422,94.0239921685,97.3906952537,99.3774976878,100.620727612,100.333028801,100.707628616,100.750603111,100.750603111,100.334949445,96.9448646061,93.9858268327,90.9745449746,86.6788511694,83.212960428,82.2033047,77.217205067,74.1504238476,72.4292228072,69.5531238978,65.8947300317,64.1576537884,62.2143770092,58.4147297421,56.4512633613,52.6982654576,50.0891675753,47.3966996338,43.5751211141,41.5063497047,40.3479694331,39.7091475406,39.8113851852,40.0395614214,39.7658721316,40.9120290185,41.5114103082,42.4110622145,42.5404514261,41.9872681622,40.1693857181,38.1081275508,36.8791895446,35.232273679,35.4969229298,34.934539559,34.2897791852,32.7546880391,31.3164031225,30.6011365206,29.5546272758,29.7155373614,29.7155373614,29.1518837569,29.9770510922,30.6678044955,30.6739917225,31.227838499,32.0577889226,32.2253276268,32.974708117,33.3363245,32.6375415999,32.1315892158,31.6498454397,31.0740796733,31.1164193435,31.1164193435,30.6659786619,31.4150561705,31.7161252018,32.5605810128,33.1086100131,33.068958431,32.9620430668,34.0497190029,34.2839402717,33.7671190769
320,2025-11-17T00:00:00,32.0434327169,31.1397411937,30.7863299683,30.880762495,31.1642326363,30.5755614574,30.7677101202,29.9275862077,28.8321440936,28.9237659435,28.8917824986,28.5216938527,27.9501117753,28.5402981009,27.3719487025,26.7506972367,27.1253939448,26.5205702788,26.1602203683,26.5205702788,25.1785143822,25.0742275508,24.9568478285,24.5197449816,24.338168402,25.189733999,25.6403874242,27.83671078,30.1047229618,32.0011663,33.0190145737,34.0560068809,33.9102062145,35.919538247,37.6796858611,37.7066845385,39.3367488931,39.1854605233,38.2710314556,38.4746737682,38.0786165835,36.7458320747,36.3231571781,36.7604165913,36.1116054042,37.4333403693,39.4780251916,40.2980640288,44.7009899354,49.4505971192,52.5054361528,58.2411676023,60.6792065826,64.2808377079,63.4748235513,66.1380921962,67.9453733453,70.6483178429,74.5366786279,79.1922900891,79.5677866828,80.6141873901,83.5280762655,84.5067009869,86.12994275,88.9237055781,92.2105389013,94.9138083744,97.7128404802,99.3774976878,100.620727612,99.5539734629,100.588965458,100.614435432,100.614435432,100.200085222,96.7631283967,93.5697594453,90.8095196627,85.9414898795,82.8506771179,81.935876568,76.5875395359,74.0776124432,72.3497776357,69.4883464228,65.6044909303,63.9330476469,62.1537872716,58.3509416284,56.3735393256,52.4950904427,50.0258135544,47.0597654279,43.5087196068,41.4605698788,40.2883703813,39.6142150912,39.8113851852,40.1906110033,40.0395614214,40.9330047208,41.6854180672,42.4110622145,42.4104829709,41.9872681622,40.1693857181,38.1081275508,36.8791895446,35.232273679,35.4044525714,34.856719098,34.1726800993,32.5540894901,31.2772782848,30.5345442484,29.4672631846,29.5066290456,29.4953277986,29.1386422185,29.8234216493,30.6678044955,30.6739917225,31.227838499,32.0577889226,32.2253276268,32.974708117,33.3363245,32.6375415999,32.1315892158,31.6498454397,30.6985257502,31.0968799091,31.0968799091,30.5475776175,31.2671626646,31.5532419221,32.531895928,32.9978634104,32.9890680075,32.9161210417,34.0497190029,34.2894194198,33.7719464967
321,2025-11-18T00:00:00,32.023032066,31.0535452596,30.7553266456,30.880762495,31.2815398805,30.7143037606,30.7846167771,30.0093078217,28.8321440936,28.9237659435,28.8917824986,28.5216938527,27.9501117753,28.5402981009,27.2985255323,26.6922293026,27.0104118017,26.3983727851,26.1234363338,26.5205702788,25.1785143822,25.0742275508,24.9568478285,24.5197449816,24.2759761806,25.1056449981,25.6187499405,27.7634968482,30.0253742997,31.9735205473,32.9987795853,33.9521853924,33.8324483573,35.8616591783,37.6732386523,37.6801760414,39.3027273697,39.0777312647,38.0786165835,38.4582273981,37.963407844,36.672359497,36.2743654562,36.6748326243,36.1116054042,37.5539612447,39.5217033048,40.2980640288,44.4461922937,49.413323635,52.359603422,57.9697164001,60.4992775883,63.6731928327,63.4748235513,66.1379452939,67.8259338655,70.4292691242,74.4303457849,79.1117357354,79.3894721304,80.5545379272,83.4128614526,84.1313140204,85.6609934742,88.8913702168,91.7723379626,94.5186612477,97.588016017,99.0518414795,99.8374008941,99.0862332971,100.333028801,100.588965458,100.588965458,99.7583759539,96.4116965823,93.5009562643,90.6874931079,85.6206946523,82.6510322764,81.5369388031,76.41937532,73.7822876648,72.3378826678,69.3958861536,65.5132570827,63.7397443028,62.0650432059,58.2173201775,56.241983122,52.4632390537,49.8463354777,46.7452711397,43.4282758142,41.1770507342,40.2460534802,39.2128711616,39.8113851852,40.1906110033,40.0395614214,40.9330047208,41.6854180672,42.352479946,42.352479946,41.6992860085,40.1430850405,38.0838481977,36.8406255074,34.9330166703,35.2678144167,34.8478605543,34.0828940437,32.5154273349,31.2269136075,30.485759185,29.4439188249,29.4439188249,29.3628751177,28.9366519417,29.7728279681,30.6678044955,30.6739917225,31.227838499,32.0577889226,32.2253276268,32.7877166393,33.3150394132,32.388920721,32.0534332168,31.565016524,30.5905765047,31.0740796733,31.0740796733,30.5214837461,31.196043471,31.5532419221,32.531895928,32.9978634104,32.9890680075,32.9161210417,34.0497190029,34.2675028274,33.7647053671
322,2025-11-19T00:00:00,31.9824473534,30.8801433136,30.7482947696,30.7863299683,31.2351565207,30.7548426807,30.8337859576,30.3171858565,29.1123459008,29.1613374313,28.8917824986,28.2944459469,27.8864255637,28.3837330104,27.1889735175,26.6469843002,26.9549458809,26.3983727851,26.1234363338,26.5205702788,25.1785143822,25.0742275508,24.9568478285,24.5396235308,24.338168402,25.2178643077,25.8062874334,27.83671078,29.925964258,31.9408179921,32.9830763966,33.8846994747,33.7953117507,35.7241321252,37.5151077488,37.6732386523,39.1854605233,39.0263061725,37.963407844,38.4238009072,37.7268299528,36.6312505434,36.2622654516,36.5741719817,36.0407688077,37.4333403693,39.4780251916,40.2634804793,44.2684649419,49.2731650672,52.1580592762,57.7493721796,60.1822387242,63.4761264393,63.341049726,65.9009932658,67.7209149342,70.1415281164,74.1269978526,79.0499590914,79.2678031663,80.5390462543,83.2089714714,83.9710620491,85.5431789181,88.8436891494,91.4309322565,94.3021640576,97.588016017,99.3774976878,100.805637562,100.588965458,101.320951546,101.158269386,101.320951546,100.614435432,96.9448646061,93.5697594453,90.6874931079,85.2445171507,82.5557337808,81.4451208489,76.41937532,73.7822876648,72.3378826678,69.4883464228,66.2123657505,64.1576537884,62.2579410057,58.9425790204,56.6403157576,52.6982654576,50.0258135544,46.7452711397,43.2978298076,41.1770507342,40.2460534802,39.2128711616,39.8113851852,40.3770857663,40.0395614214,40.9330047208,41.6854180672,42.352479946,42.3044942615,41.5150298385,40.106734429,38.0538732276,36.8014191167,34.856719098,35.232273679,34.8155829182,34.0646306678,32.4846597424,31.1950007364,30.4152027753,29.3628751177,29.3628751177,29.2936568157,28.8693062025,29.7237627569,30.5915482932,30.6739917225,31.418688283,32.2253276268,32.2368757389,32.974708117,33.3150394132,32.319659706,31.8910484038,31.4659852927,30.5312835313,31.0740796733,31.0740796733,30.5214837461,31.2671626646,31.7161252018,32.531895928,32.9978634104,32.9890680075,32.7938969463,33.9241367919,34.1431932764,33.4814402056
323,2025-11-20T00:00:00,31.9317706099,30.7671173254,30.7482947696,30.7863299683,31.2351565207,30.7548426807,30.8337859576,30.170285485,29.0808645367,29.1298560672,28.8917824986,28.2944459469,27.8864255637,28.2676154162,27.1549371094,26.6308754278,26.7397943268,26.3983727851,26.1602203683,26.5711092154,25.2572156599,25.1105160924,24.9568478285,24.5197449816,24.2759761806,25.189733999,25.7225326515,27.7634968482,29.8077385971,31.9301150429,32.9742605739,33.8057508314,33.7953117507,35.8616591783,37.6732386523,37.6801760414,39.3027273697,39.0263061725,37.8956112561,38.3961592381,37.5818807682,36.568332209,36.1788466672,36.5415874164,35.7171021429,37.384341536,39.2294943492,40.2446480063,44.2684649419,49.2731650672,52.359603422,57.7493721796,60.1822387242,63.6400533329,63.4748235513,66.1379452939,67.8259338655,70.6483178429,74.4303457849,78.989857271,79.2678031663,80.5390462543,83.2089714714,83.9710620491,85.5431789181,88.7082329243,91.2167464013,94.0239921685,97.3906952537,99.0518414795,100.620727612,100.333028801,101.158269386,101.038850545,101.045568983,100.334949445,96.7631283967,93.5009562643,89.8952046995,84.9486840336,82.4891397097,81.3280595082,76.3806354132,73.6403251137,72.3185525384,69.3958861536,65.8947300317,63.9330476469,62.2143770092,58.5420294654,56.4512633613,52.4950904427,49.8463354777,46.648563765,43.2461552388,41.045966464,40.2460534802,39.2128711616,39.8113851852,40.3770857663,40.0395614214,40.9120290185,41.5114103082,42.3044942615,42.2064456845,41.4826192299,40.0043239094,38.0010369043,36.7904969793,34.8478605543,34.9330166703,34.7126481965,34.0148415694,32.4596996141,30.8270831345,30.2546255962,29.3406399309,29.3406399309,29.2188344048,28.7649234022,29.6897504314,30.4919050047,30.6739917225,31.4346239063,32.2721778719,32.3046537686,33.1984179694,33.3150394132,32.319659706,31.7826970026,31.4401314013,30.3231725673,31.000134379,31.000134379,30.5133366097,31.196043471,31.5532419221,32.3562049876,32.9620430668,32.9620430668,32.6691973792,33.9241367919,34.1828034107,33.7622916572
324,2025-11-21T00:00:00,31.8771068519,30.7476886644,30.7421766065,30.7553266456,31.1574721648,30.7143037606,30.7987239157,30.0093078217,28.9115180609,28.9237659435,28.8321440936,28.124182374,27.6684860484,28.1847495279,27.1253939448,26.6245786894,26.6362557234,26.2300124625,26.1602203683,26.5992457695,25.2836680542,25.1262214656,24.9609590189,24.5197449816,24.1862060749,25.189733999,25.8062874334,27.83671078,29.925964258,31.8464948233,32.9726717864,33.7471489336,33.7765139472,35.7241321252,37.5151077488,37.6732386523,39.1854605233,38.9297019351,37.8283903499,38.3361146328,37.5561222132,36.5415874164,36.1470943714,36.379803812,35.5526120739,37.2226590686,39.1337547309,40.1618998073,44.2137498867,49.2330719571,52.1580592762,57.6374080433,60.0985887253,63.4761264393,63.341049726,65.9009932658,67.7209149342,70.4292691242,74.1269978526,78.9687846935,79.2134515905,80.2506322869,82.9947020211,83.7703115241,85.4585469684,88.6769017654,91.0410259422,93.8910953393,96.9906466981,98.9709759136,99.8374008941,99.5539734629,100.707628616,100.750603111,100.750603111,100.200085222,96.4116965823,93.3630709157,89.5134844141,84.9486840336,82.4891397097,80.835369138,76.3806354132,73.7822876648,72.3378826678,69.4883464228,66.2123657505,63.9330476469,62.1537872716,58.4147297421,56.3735393256,52.4632390537,49.7447946404,46.4293508506,43.2461552388,40.8480504743,40.0981890188,38.8728768175,39.6374465822,40.3770857663,40.0395614214,40.9120290185,41.5114103082,42.3044942615,42.1528627547,41.3907197155,39.9075082437,37.8875472542,36.6608223109,34.8450677906,34.856719098,34.6837325541,33.9630660689,32.4532660838,30.7218951633,30.2121143356,29.2929866687,29.2929866687,29.1560559487,28.7337799948,29.4114807759,30.404731626,30.5915482932,31.418688283,32.2368757389,32.276053416,33.0762242641,33.2922411565,32.3046537686,31.7417143848,31.4378273511,30.2699578685,30.6659786619,30.6659786619,30.3221541636,31.1578249448,31.2926741406,32.2301184991,32.931749252,32.9620430668,32.6691973792,33.9241367919,34.222413545,33.7671190769
325,2025-11-22T00:00:00,31.8331370211,30.7407180992,30.7118602335,30.7482947696,31.0768924638,30.5755614574,30.7846167771,29.9275862077,28.9115180609,28.9237659435,28.8321440936,28.124182374,27.5748522674,28.1083958873,27.1253939448,26.6308754278,26.7397943268,26.3983727851,26.3983727851,26.7502253352,25.4238080521,25.2585315109,25.1105160924,24.6003136051,24.2759761806,25.2178643077,25.8745183632,27.8528056344,30.0253742997,31.9301150429,32.9726717864,33.7161664593,33.7441180781,35.687591327,37.4202497466,37.6254712995,39.0777312647,38.8395790325,37.7177034418,38.2979514109,37.5178897734,36.4664356076,36.1470943714,36.379803812,35.5526120739,37.2226590686,39.1337547309,40.109525982,43.9475889072,49.035536321,51.9510192244,57.4741418122,60.0335771054,63.341049726,63.1228414876,65.7594785449,67.3529596562,70.1415281164,73.9922337084,78.8674570926,79.1922900891,79.8742334264,82.8273756398,83.5981563421,85.3466715518,88.6297878539,90.5329023728,93.6319838152,96.7272481614,98.9318353356,99.4300664861,99.0862332971,100.588965458,100.614435432,100.614435432,99.7583759539,96.3172662302,93.2642359119,89.4291942148,84.8203054765,82.4406882332,80.4898859092,76.0571307638,73.6403251137,72.3185525384,69.3958861536,65.8947300317,63.7397443028,62.0650432059,58.3509416284,56.241983122,52.1041954312,49.328512577,46.3274490994,43.1480843682,40.756427977,39.9804518144,38.8011966003,39.6142150912,40.1906110033,39.7658721316,40.8732853029,41.4271276675,42.2198807475,42.0559707537,41.3130510432,39.8686047081,37.7914502866,36.6193872699,34.8154092606,34.8478605543,34.5210985613,33.9221734747,32.3793617022,30.6238994157,30.1747642522,29.2245240886,29.17165757,29.1386422185,28.7125847072,29.2312503306,30.3878341917,30.5234969123,31.227838499,32.2368757389,32.2729194893,32.9442994524,33.2922411565,32.319659706,31.7826970026,31.4401314013,30.3231725673,30.6659786619,30.6659786619,30.3221541636,31.1578249448,31.2926741406,32.2301184991,32.9196329595,32.9620430668,32.6691973792,33.9241367919,34.2620236793,33.7719464967
326,2025-11-23T00:00:00,31.8105550447,30.7118602335,30.6964689234,30.7421766065,30.8650503126,30.486558098,30.7677101202,29.9025182035,28.8321440936,28.8321440936,28.7384974974,27.9501117753,27.5270995702,27.9501117753,26.9544576121,26.6308754278,26.7397943268,26.3983727851,26.3983727851,26.7891662608,25.5757775906,25.3193342113,25.214598503,24.8270864764,24.338168402,25.2178643077,25.8062874334,27.83671078,29.925964258,31.8464948233,32.9582433374,33.6385859727,33.7162464201,35.6361511822,37.2914973581,37.5033921176,38.749082461,38.7020295442,37.6765567289,38.2979514109,37.5178897734,36.4664356076,36.1470943714,36.379803812,35.4384896311,37.0413672073,38.9984778296,40.0124060156,43.8060556293,48.9400611068,51.9007735845,57.0567366224,59.956187038,63.044667462,62.9977014548,65.6814918679,67.0999096585,70.0344170479,73.4626316648,78.7584568869,79.1117357354,79.7053737459,82.3303777239,83.5364624324,85.203278917,88.2417161004,89.8724265566,93.3597067149,96.5493211708,98.4382443562,99.0862332971,98.9796283965,100.333028801,100.588965458,100.588965458,99.6428824301,95.8759705963,93.0409342352,89.0690797444,84.7513832329,82.3355689575,80.3516662561,75.799947271,73.2906297199,71.7289430372,69.1317422222,65.6044909303,63.5584109258,61.7213680876,58.2173201775,55.9377405159,51.8521671861,49.1166332635,46.2723322025,43.0516467423,40.756427977,39.9804518144,38.8011966003,39.6142150912,40.1906110033,39.6374465822,40.8348378082,41.1069862865,42.1878905406,42.0005962058,41.275741303,39.8587313507,37.721782717,36.5610075779,34.7493510693,34.8450677906,34.4799121641,33.8153097973,32.3793617022,30.5345442484,30.0623132559,29.2013076983,28.920857432,29.1386422185,28.7125847072,29.2312503306,30.3878341917,30.5234969123,31.1689086122,32.2253276268,32.2368757389,32.7877166393,33.278590853,32.3046537686,31.7417143848,31.4378273511,30.2699578685,30.5312835313,30.5312835313,30.2724230338,31.1223483951,31.2926741406,32.2301184991,32.9196329595,32.9620430668,32.6691973792,33.8845559821,34.1035831421,33.7647053671
327,2025-11-24T00:00:00,31.6601595884,30.6985131343,30.6964689234,30.7421766065,30.8650503126,30.486558098,30.7677101202,29.8782541461,28.7681922418,28.7319493458,28.7169858317,27.8864255637,27.3692939468,27.8864255637,26.7506972367,26.6308754278,26.7397943268,26.3983727851,26.3983727851,26.7891662608,25.4878851429,25.2921972627,25.1333424991,24.7662229789,24.2759761806,25.189733999,25.7225326515,27.83671078,29.925964258,31.8464948233,32.9582433374,33.7161664593,33.7162464201,35.6361511822,37.1978401993,37.4223584173,38.6405995658,38.6653654186,37.6254712995,38.2649415667,37.446770135,36.3617955568,36.1470943714,36.5415874164,35.5526120739,37.384341536,39.4780251916,40.2446480063,44.2137498867,49.035536321,51.9510192244,56.9208740712,59.8532753611,62.8599535761,62.8029673503,65.6293443706,67.0999096585,70.1415281164,74.1269978526,78.9687846935,79.2678031663,80.5545379272,82.9947020211,83.7703115241,85.4585469684,88.6297878539,89.8724265566,93.188873899,96.359123723,98.2192836009,98.9796283965,98.9709759136,99.5539734629,100.333028801,100.333028801,99.0855732083,95.6072518121,92.9533283224,88.731316195,84.7264174221,82.179269578,80.1561380296,75.7026757209,73.0405167303,71.5024070816,68.8923010248,65.5132570827,63.4966238899,61.3565378367,58.1106779337,55.8408928867,51.6764640548,49.083003553,46.0779809325,42.9672782577,40.7089043585,39.8437367114,38.5717810165,39.3042907596,40.0395614214,39.4685362355,40.720823253,41.0030031161,42.1528627547,41.9789854469,41.2620742138,39.2709935411,37.6164696137,36.4642830482,34.6979764532,34.8154092606,34.4528937602,33.7883167893,31.9517631657,30.5345442484,30.0623132559,29.1552190722,28.7649234022,28.9366519417,28.6759464842,29.1865440163,30.298033562,30.4497991254,31.1416083083,32.2253276268,32.2729194893,32.9442994524,33.2922411565,32.319659706,31.7417143848,31.4119130441,30.2011488575,30.5133366097,30.5133366097,30.1497990861,31.0968799091,31.1679558664,32.1365858619,32.9078455276,32.931749252,32.566695486,33.7959455551,34.0532825041,33.4814402056
328,2025-11-25T00:00:00,31.8406643465,30.7262891664,30.7118602335,30.7421766065,30.7863299683,30.4671517022,30.7512274954,29.8517831888,28.7184823994,28.5264026041,28.710903455,27.8466571357,27.2985255323,27.8379235574,26.6922293026,26.6245786894,26.6362557234,26.3983727851,26.3983727851,26.7891662608,25.5757775906,25.2921972627,25.1105160924,24.6003136051,24.1862060749,25.1056449981,25.6403874242,27.7634968482,29.8077385971,31.7545272966,32.9582433374,33.7161664593,33.7162464201,35.6361511822,37.2914973581,37.4223584173,38.6405995658,38.6653654186,37.6254712995,38.0786165835,37.3501433759,36.3231571781,36.1253818303,36.379803812,35.4384896311,37.2226590686,39.2294943492,40.1618998073,43.9475889072,48.9400611068,51.9007735845,56.8447418182,59.7641166107,62.4049675387,62.3907209822,65.5263507513,66.7453458346,70.0344170479,73.9922337084,78.8674570926,79.2134515905,80.5390462543,82.8273756398,83.5981563421,85.3466715518,88.2417161004,89.6636076712,92.9712490833,96.0457201999,98.0577034526,98.9709759136,98.4480260927,99.0862332971,100.200085222,100.200085222,98.7608873594,95.0754475894,92.9028758262,88.4779835833,84.6779863562,82.179269578,80.1561380296,75.7026757209,72.9407452794,71.316315685,68.7803138233,65.1273709872,63.1498545627,60.9304115988,58.0895364691,55.6673003474,51.4864216954,49.083003553,46.0779809325,42.9672782577,40.756427977,39.8437367114,38.4174386423,39.1357910846,39.7658721316,39.2794666717,40.6801135674,40.9466971362,42.0719815131,41.9504036995,41.2032527896,38.9933379727,37.5863709945,36.3020902687,34.6837325541,34.7493510693,34.4528937602,33.7883167893,31.9517631657,30.5345442484,30.0623132559,29.1552190722,28.7649234022,29.1386422185,28.7337799948,29.4114807759,30.3878341917,30.5234969123,31.1416083083,32.0577889226,32.2368757389,32.7877166393,33.278590853,32.3046537686,31.6734797967,31.374024291,30.1651056596,30.3221541636,30.3221541636,30.0053617105,31.0968799091,31.2926741406,32.3562049876,32.931749252,32.9890680075,32.7938969463,33.9241367919,34.1828034107,33.7743602066
329,2025-11-26T00:00:00,31.8180823701,30.7026015561,30.6964689234,30.7128452534,30.7541901095,30.4389100908,30.7143037606,29.8080227129,28.5264026041,28.3189133676,28.5264026041,27.6193950392,27.2985255323,27.8379235574,26.6922293026,26.6245786894,26.6362557234,26.2300124625,26.2300124625,26.7502253352,25.5757775906,25.3193342113,25.214598503,24.8887631308,24.4258556546,25.189733999,25.6403874242,27.7634968482,29.8077385971,31.7194640545,32.8563557877,33.6385859727,33.7110338582,35.6233496719,37.1978401993,37.4068890435,38.5119045975,38.6409468324,37.5702159309,37.963407844,37.2774845595,36.1902241585,36.1116054042,36.3231571781,35.4384896311,37.2226590686,39.2294943492,40.1618998073,43.9475889072,48.3788823422,51.8417546501,56.8447418182,59.7641166107,62.4049675387,62.3907209822,65.5263507513,66.7453458346,69.9750246101,73.4626316648,78.7584568869,79.1922900891,80.2506322869,82.3303777239,83.5364624324,85.203278917,88.2417161004,89.6636076712,92.8001779482,95.7398264358,97.8486721983,98.4480260927,98.2192836009,98.9796283965,99.2477612369,99.2477612369,98.1866297389,94.8918164366,92.7649100898,88.3591432532,84.6497492057,81.5895205396,80.0068225399,75.5438186438,72.8382857745,71.2479938822,68.6882514702,64.9952267747,62.9133475236,60.6233943037,58.051654244,55.4584777847,51.4158417092,49.0175071112,45.7102521088,42.8592939027,40.7089043585,39.6594510504,38.3401456945,38.8728768175,39.6374465822,39.2301095891,40.5867862499,40.9206381941,42.0377297571,41.6929735744,41.1518162313,38.8993031533,37.410733729,35.7885576266,34.5210985613,34.6979764532,34.4374172458,33.7319682947,31.8343238791,30.5345442484,30.0623132559,28.8207744792,28.7337799948,28.9366519417,28.7125847072,29.2312503306,30.3878341917,30.5234969123,31.1187701234,31.8704010234,32.2253276268,32.5685536798,33.2640505474,32.2892691821,31.6534223215,31.374024291,30.1651056596,30.2699578685,30.1831807782,29.9632270173,31.0046872615,31.1679558664,32.2301184991,32.9196329595,32.9620430668,32.6691973792,33.8845559821,34.0604095066,33.7671190769
330,2025-11-27T00:00:00,31.7315936538,30.6944247125,30.6678467482,30.704892022,30.7143037606,30.3472826465,30.5755614574,29.770129937,28.471103029,28.2423007097,28.3189133676,27.5270995702,27.2985255323,27.8864255637,26.7506972367,26.6308754278,26.7397943268,26.2300124625,26.1892146958,26.6396816959,25.4878851429,25.2921972627,25.1333424991,24.8270864764,24.338168402,25.1728302097,25.6187499405,27.7091280123,29.7611711466,31.5696403791,32.8141062166,33.6196488491,33.6377558229,35.5195222824,37.1978401993,37.4223584173,38.6405995658,38.6653654186,37.6254712995,37.963407844,37.0780317735,36.1902241585,36.1116054042,36.3231571781,35.4384896311,37.2226590686,39.1337547309,40.109525982,43.9475889072,48.3788823422,51.8417546501,56.8447418182,59.7641166107,62.2232724918,62.2232724918,65.4613145925,66.6518894445,69.9313865405,73.0849969886,78.6468604053,79.1117357354,79.8742334264,82.1193276656,83.5280762655,85.1091952869,87.8661941021,89.5593926817,92.6416098508,95.6712910746,97.7128404802,98.2192836009,98.0827058864,98.4480397248,98.7743246444,98.7743246444,97.9099557911,94.8851260448,92.4461711655,88.1111980033,84.2928256894,81.4451208489,79.9410007797,75.5438186438,72.7626604742,71.1566814646,68.6882514702,64.9952267747,62.8658415656,60.5099599272,57.8219133668,55.3633316974,51.3655228452,48.9270202917,45.7102521088,42.9672782577,40.756427977,39.8437367114,38.4174386423,39.1357910846,39.6374465822,39.2301095891,40.5867862499,40.9206381941,42.0005962058,41.5150298385,40.9759668858,38.8816102555,37.3667176808,35.5860771179,34.4799121641,34.6837325541,34.3077506947,33.6344379474,31.8059825081,30.485759185,29.9941463005,28.7141153745,28.7125847072,28.8693062025,28.6759464842,29.1865440163,30.298033562,30.4497991254,30.9925986944,31.8178325905,32.1035957928,32.371673741,33.23601033,32.1159254765,31.5823677148,31.2938156215,30.1274885222,30.1820169571,30.1274885222,29.9469524374,30.9744815346,31.0548993457,32.2301184991,32.9196329595,32.9620430668,32.7007405744,33.8845559821,34.0461555017,33.6218659314
331,2025-11-28T00:00:00,31.5172914576,30.6678467482,30.6327015067,30.6964689234,30.5755614574,30.3171858565,30.486558098,29.7325396374,28.3165271658,28.1922893393,28.0585066237,27.5270995702,27.2818198021,27.8379235574,26.6922293026,26.6245786894,26.6362557234,26.1892146958,26.1588077481,26.5992457695,25.4238080521,25.2585315109,25.1105160924,24.7662229789,24.2759761806,25.1018116299,25.5818372892,27.5636338457,29.7241640299,31.3680815517,32.7893453674,33.569298248,33.569298248,35.4574161716,37.0597835194,37.4068890435,38.5119045975,38.6409468324,37.5702159309,37.6801706039,37.0099396509,36.1281212826,36.0723440755,36.2815720531,35.3699271368,37.0413672073,38.9984778296,40.0124060156,43.8060556293,48.169624149,51.6497928672,56.6797444959,59.6162282625,61.9304074687,61.9304074687,65.416468407,66.6475012527,69.7151974589,72.7224256232,78.5651940398,79.0499590914,79.7053737459,81.9451727171,83.4128614526,85.0774108556,87.7785800914,89.4941991648,92.5035165781,95.6172626364,97.588016017,97.8829417076,97.8549228068,98.1072079976,98.3967137868,98.1866297389,97.6810853235,93.7796150438,91.8589293541,87.8572971863,84.0605443265,81.4136389,79.6570874131,75.3899214469,72.6774448501,70.9337333726,68.3951159516,64.9529016314,62.6674742818,60.1084238259,57.5141332451,55.4584777847,51.4864216954,49.083003553,46.3274490994,43.2926167379,41.4605698788,40.2883703813,38.8728768175,39.6142150912,39.7658721316,39.2301095891,40.3448445029,40.9120290185,41.9789854469,41.4826192299,40.8780049247,38.7400813009,37.3071337389,35.3792358943,34.4528937602,34.5210985613,34.2321652167,33.6344379474,31.5578973937,30.4152027753,29.8778161144,28.6759464842,28.6759464842,28.7649234022,28.6198144149,29.1865440163,30.298033562,30.4497991254,30.9925986944,31.8178325905,32.0534332168,32.319659706,33.208495519,32.0534332168,31.5481470927,31.1988938682,30.0053617105,30.1274885222,30.0053617105,29.9419725207,30.6837834038,30.9924137051,32.1365858619,32.9078455276,32.931749252,32.652865898,33.7959455551,33.8287192656,33.2005887539
332,2025-11-29T00:00:00,31.4127329674,30.6398266943,30.5266911115,30.5404607902,30.486558098,30.170285485,30.4671517022,29.6286556977,28.2776214133,28.0392202109,27.9709580645,27.3692939468,27.1869009977,27.7325393791,26.6469843002,26.5766918812,26.5766918812,26.1588077481,26.1234363338,26.5711092154,25.3136015164,25.2069985162,25.1105160924,24.8270864764,24.338168402,25.1728302097,25.6187499405,27.7091280123,29.7241640299,31.3680815517,32.7893453674,33.569298248,33.4670398725,35.2361381473,36.9823098519,37.2265563287,38.4518936876,38.6332718114,37.4569298919,37.5702159309,36.9727405359,36.0746023639,35.9368836219,36.2650304518,35.3699271368,37.2226590686,39.1337547309,40.109525982,43.9475889072,48.169624149,51.1573564798,56.596935418,59.5505360262,61.5322398958,61.5322398958,64.8458180107,65.91423075,69.4563099893,72.5719306595,78.4279676255,79.0191144601,79.5677866828,81.8774147702,83.2089714714,84.8069369506,87.3554487178,89.4326619328,92.2983202276,95.4014823272,97.5435970638,97.7128404802,97.7128404802,97.6420207147,98.1072079976,97.9099557911,97.6051602943,93.5009562643,91.6966088384,87.6127441304,83.9515723996,81.3205158301,79.4336086279,75.3011399421,72.6527023732,70.7479617124,68.265187917,64.7407704799,62.5384019085,59.9302699454,57.3025109445,55.3633316974,51.4158417092,49.0175071112,46.2723322025,43.2461552388,41.1770507342,40.2460534802,38.8011966003,39.3042907596,39.6374465822,39.1228825848,40.1907631633,40.8732853029,41.9504036995,41.3357997012,40.8361749224,38.6980635903,37.2770402092,35.3792358943,34.4528937602,34.5210985613,34.3077506947,33.7319682947,31.5578973937,30.485759185,30.0623132559,28.8207744792,28.7337799948,28.9366519417,28.6759464842,29.1865440163,30.2527296725,30.3971265723,30.9265467012,31.7531196185,31.8607277095,32.3046537686,33.2011585218,31.8910484038,31.4659852927,31.1328632266,29.8038344071,30.0053617105,29.9632270173,29.9052545921,30.5525478494,30.9819082054,32.0925521314,32.7938969463,32.909125787,32.566695486,33.7959455551,33.8830783246,33.4814402056
333,2025-11-30T00:00:00,31.3630463301,30.5761337153,30.4712157496,30.4461387262,30.4671517022,29.8924343618,30.3540117818,29.5956534749,28.2420861254,28.0392202109,27.9709580645,27.3692939468,27.2818198021,27.773122862,26.6469843002,26.5766918812,26.5766918812,26.1234363338,26.0463548382,26.5205702788,25.2836680542,25.1675311302,25.0742275508,24.7662229789,24.338168402,25.1728302097,25.6187499405,27.7091280123,29.7241640299,31.2806358646,32.7668604547,33.4670398725,33.4285879381,35.0748925558,36.9034357824,37.0597835194,38.3654813374,38.5119045975,37.4134640944,37.5186919693,36.8924971877,35.9368836219,35.9368836219,36.2650304518,35.3699271368,37.2226590686,39.1337547309,40.0124060156,43.8060556293,48.0896667591,50.9911430188,56.4925433787,59.5383780116,61.0698975793,61.3545152816,64.5500037372,65.6814918679,69.1866325994,72.3869958673,78.300606711,78.9847986431,79.3894721304,81.8774147702,83.4128614526,85.1091952869,87.7785800914,89.5593926817,92.6416098508,95.6712910746,97.8486721983,98.9709759136,98.4480260927,99.0862332971,100.200085222,100.200085222,98.7608873594,95.0754475894,92.9028758262,88.4779835833,84.6779863562,81.5895205396,79.9410007797,75.799947271,72.9407452794,71.2479938822,68.7803138233,65.1273709872,62.9133475236,60.6233943037,58.0895364691,55.8408928867,52.1041954312,49.328512577,46.4293508506,43.2926167379,41.1770507342,40.0981890188,38.5717810165,39.1357910846,39.3058947833,38.9943200094,40.1577482532,40.8361749224,41.6929735744,41.275741303,40.8005649761,38.685318933,36.9698147902,35.2890103723,34.4374172458,34.4799121641,34.2321652167,33.6344379474,31.4550716453,30.4152027753,29.9941463005,28.7141153745,28.7125847072,28.8693062025,28.6198144149,29.1518837569,30.1609622222,30.298033562,30.8759201039,31.6599427606,31.7531196185,32.3046537686,33.2011585218,31.8910484038,31.4659852927,31.1328632266,29.6066934153,29.9486015017,29.9451877203,29.9052545921,30.5525478494,30.9819082054,32.0925521314,32.7938969463,32.909125787,32.652865898,33.8953029745,34.0568460054,33.9019864145
334,2025-12-01T00:00:00,31.1644162977,30.4942812946,30.4384502112,30.4222527842,30.4389100908,29.8051280363,30.3171858565,29.5956534749,28.2420861254,28.0392202109,27.9709580645,27.3692939468,27.1869009977,27.7189346333,26.6308754278,26.5440236049,26.5205702788,26.1140408345,26.0125168766,26.2861371995,25.2836680542,25.2069985162,25.1105160924,24.8270864764,24.4258556546,25.1728302097,25.5818372892,27.5636338457,29.7129601777,31.0987167802,32.640209153,33.4285879381,33.3097117019,35.0419839766,36.8544731537,37.0597835194,38.0258123362,38.4620081295,37.4122203255,37.5186919693,36.8924971877,35.9368836219,35.9368836219,36.2650304518,35.3189152696,37.0413672073,39.1337547309,40.109525982,43.9475889072,48.169624149,51.1573564798,56.4925433787,59.472209698,60.9739481225,61.1329875744,64.450353189,65.6293443706,68.9902220973,72.2567214491,78.2438843065,78.9687846935,79.2345122128,81.8039088127,83.2089714714,85.0774108556,87.3554487178,89.4941991648,92.5035165781,95.6172626364,97.7128404802,98.9709759136,98.9709759136,99.5539734629,100.588965458,100.614435432,99.6428824301,95.8759705963,93.0409342352,89.0690797444,84.7264174221,82.179269578,79.9410007797,75.7026757209,72.9407452794,71.2479938822,68.7803138233,65.581686711,63.5584109258,61.7213680876,58.2173201775,56.241983122,52.4632390537,49.328512577,46.4293508506,43.2926167379,41.045966464,39.9804518144,38.4174386423,38.8728768175,38.895731717,38.8309782775,40.0395614214,40.7211575316,41.5114103082,41.2620742138,40.6999654285,38.5482906747,36.8791895446,35.2689651035,34.3077506947,34.4528937602,34.205428355,33.5676658031,31.4550716453,30.4152027753,29.9941463005,28.6759464842,28.6759464842,28.7649234022,28.5113686136,29.1386422185,30.1238344906,30.2527296725,30.844835176,31.6357310484,31.6739135588,32.2892691821,33.1984179694,31.8213777446,31.4401314013,31.0798529898,29.5570377599,29.9052545921,29.9052545921,29.7994242727,30.5330791217,30.974262017,31.989513543,32.7007405744,32.7938969463,32.566695486,33.8845559821,34.0173216843,33.8254106897
335,2025-12-02T00:00:00,31.4292951798,30.6255763191,30.5266911115,30.4461387262,30.4389100908,29.8051280363,30.3540117818,29.6286556977,28.3165271658,28.2423007097,28.5264026041,27.7087594096,27.3692939468,27.8864255637,26.9544576121,26.6469843002,26.9549458809,26.2300124625,26.1892146958,26.6396816959,25.5757775906,25.3785803736,25.3193342113,24.9828862558,24.5958217212,25.3303206453,25.8062874334,27.8528056344,29.925964258,31.7194640545,32.8563557877,33.6385859727,33.6377558229,35.5195222824,37.1978401993,37.4352488628,38.6405995658,38.6653654186,37.6254712995,38.0786165835,37.2774845595,36.3231571781,36.1470943714,36.5415874164,35.7171021429,37.5539612447,39.5838159716,40.2980640288,44.7009899354,49.2330719571,51.9510192244,56.9208740712,59.7641166107,62.2232724918,62.2232724918,65.4613145925,66.6518894445,69.9313865405,73.0849969886,78.5651940398,79.1117357354,79.8742334264,82.3303777239,83.5364624324,85.203278917,87.7785800914,89.4941991648,92.2983202276,95.4014823272,97.588016017,98.4480260927,98.4480260927,99.0862332971,100.333028801,100.588965458,99.0855732083,95.8759705963,93.2642359119,89.5134844141,84.9486840336,82.5557337808,80.4898859092,76.1517720313,73.2906297199,71.316315685,68.7803138233,65.5132570827,63.7397443028,62.0650432059,58.3509416284,56.4512633613,53.3103028166,50.0258135544,46.7452711397,43.3878607946,41.045966464,39.8437367114,38.3401456945,38.8011966003,38.7998106982,38.6595849459,39.9304938463,40.6801135674,41.3357997012,41.2032527896,40.6999654285,38.5482906747,36.8791895446,35.2689651035,34.3077506947,34.4374172458,34.1577988978,33.5437877238,31.408601072,30.2982480085,29.8778161144,28.6330331627,28.6330331627,28.7649234022,28.6198144149,29.1518837569,30.1238344906,30.2527296725,30.844835176,31.6045452085,31.6439336177,32.2729194893,33.0762242641,31.7531196185,31.4378273511,30.8832642055,29.4031627526,29.7994242727,29.7994242727,29.7994242727,30.5330791217,30.974262017,31.989513543,32.7007405744,32.7007405744,32.566695486,33.8953029745,34.0639730078,34.0315756891
336,2025-12-03T00:00:00,31.8105550447,30.6964689234,30.6964689234,30.6964689234,30.486558098,30.170285485,30.486558098,29.770129937,28.7184823994,28.8321440936,28.8321440936,28.124182374,27.7835045742,28.2676154162,27.2985255323,26.9549458809,27.1660148397,26.5895737799,26.5205702788,26.8213106177,25.7309758802,25.4878851429,25.5206327096,25.174400526,24.9609590189,25.6187499405,26.1171788829,28.0444930293,30.3271774846,31.9408179921,32.9830763966,33.8846994747,33.7765139472,35.7241321252,37.6732386523,37.6801760414,39.3027273697,39.0263061725,37.8956112561,38.3961592381,37.5561222132,36.568332209,36.3231571781,36.789657262,36.1470943714,37.9353689096,40.0124060156,40.6543676214,45.0397620575,49.5283953654,52.526648543,57.6374080433,60.0985887253,63.341049726,63.1228414876,65.7594785449,67.7209149342,70.4292691242,74.4303457849,78.9687846935,79.3894721304,80.5787523546,83.4128614526,84.1313140204,85.6039751674,88.6769017654,90.2408732749,92.9712490833,95.7398264358,97.8486721983,98.9709759136,98.9709759136,99.5539734629,100.588965458,100.614435432,99.6428824301,95.8759705963,93.2642359119,89.5134844141,84.9486840336,82.5557337808,80.3516662561,76.0020462653,73.2906297199,71.5024070816,68.8923010248,65.8947300317,64.6543166117,62.2579410057,58.5420294654,56.6752215431,53.4750190433,50.349434709,47.3207850524,43.5751211141,41.4605698788,39.9804518144,38.4174386423,38.8011966003,38.6595849459,38.5368242654,39.7458635949,40.5867862499,41.275741303,41.1518162313,40.6058570123,38.5482906747,36.9698147902,35.2890103723,34.4528937602,34.5210985613,34.3077506947,33.6344379474,31.5204907425,30.4152027753,29.8778161144,28.6330331627,28.6759464842,28.8693062025,28.6759464842,29.1865440163,30.1238344906,30.1453473223,30.8392387412,31.5136346205,31.6439336177,32.2892691821,33.1984179694,31.8213777446,31.4401314013,30.8832642055,29.3533039506,29.5984398277,29.6449150835,29.6449150835,30.5162354536,30.974262017,32.0925521314,32.9078455276,32.909125787,32.7007405744,33.9308202319,34.1035831421,33.9343837331
337,2025-12-04T00:00:00,31.6601595884,30.6744912393,30.6678467482,30.5404607902,30.4671517022,30.170285485,30.486558098,29.770129937,28.7184823994,28.8321440936,28.7384974974,27.9501117753,27.6444995904,28.1847495279,27.1889735175,26.9203142497,27.1549371094,26.5205702788,26.3983727851,26.7891662608,25.7035414461,25.4878851429,25.7371684057,25.2921972627,25.0767330427,25.8062874334,26.4409443978,28.505804404,30.4978955701,31.9735205473,32.9987795853,33.9521853924,33.7953117507,35.8616591783,37.6796858611,37.6801760414,39.3027273697,39.0777312647,37.963407844,38.4238009072,37.5818807682,36.568332209,36.3231571781,36.8401233281,36.2104491496,38.2581517129,40.2446480063,40.7620447423,44.9086968883,49.4505971192,52.5054361528,57.6374080433,60.0985887253,63.044667462,62.9977014548,65.6814918679,67.3529596562,70.1415281164,74.1269978526,78.8674570926,79.2678031663,80.5545379272,83.2089714714,83.9710620491,85.5431789181,88.6297878539,89.8290253538,92.8001779482,95.6712910746,97.7128404802,98.9709759136,98.9796283965,100.333028801,100.614435432,101.045568983,99.7583759539,96.3172662302,93.3630709157,89.7284978989,85.2445171507,82.5557337808,80.3516662561,76.0020462653,73.2906297199,71.316315685,68.7803138233,65.7983028856,64.6342929658,62.2579410057,58.5420294654,56.6403157576,53.4418248985,50.1989362151,47.0597654279,43.5087196068,41.1770507342,39.8437367114,38.3401456945,38.7968943544,38.5371938077,38.4882318123,39.6100779117,40.4098244112,41.2051958284,41.0254329925,40.4145921018,38.4923667311,36.8791895446,35.2689651035,34.4374172458,34.4799121641,34.2321652167,33.5676658031,31.4550716453,30.2982480085,29.7531769827,28.5864926435,28.6330331627,28.7649234022,28.6198144149,29.1518837569,30.1047492554,30.1038852863,30.7841573476,31.4346239063,31.6357310484,32.2729194893,33.0762242641,31.7531196185,31.4378273511,30.8348457511,29.3288172229,29.4031627526,29.5658601012,29.5658601012,30.3221541636,30.6837834038,31.989513543,32.7938969463,32.7938969463,32.652865898,33.8953029745,34.0532825041,33.8509359313
338,2025-12-05T00:00:00,31.4458573922,30.6469518819,30.6327015067,30.5404607902,30.4671517022,30.170285485,30.486558098,29.770129937,28.5264026041,28.7319493458,28.7169858317,27.8864255637,27.6444995904,28.1847495279,27.2985255323,27.0104118017,27.1820896553,26.7354566048,26.707763178,26.9549458809,25.8660751042,25.7982761181,25.95660594,25.4062909267,25.2178643077,26.2958942641,26.7050063174,28.6456687614,30.7253494852,32.1082313933,33.0318102306,34.0560068809,33.9102062145,36.0135794445,37.7026174333,37.7706482032,39.6149927062,39.3367488931,38.3361146328,38.5326350937,38.2586082009,36.7708892325,36.5741719817,37.2867943588,36.2622654516,38.2581517129,40.2446480063,40.9466801861,45.144879337,49.7547361331,52.733350949,58.3256166145,60.6792065826,63.4761264393,63.341049726,65.7594785449,67.3529596562,70.4292691242,74.5366786279,78.9687846935,79.3894721304,80.5787523546,83.2089714714,83.7703115241,85.4585469684,88.2417161004,89.6636076712,92.6416098508,95.6172626364,97.588016017,98.4480260927,98.9709759136,99.5539734629,100.588965458,100.750603111,99.6428824301,95.8759705963,93.2642359119,89.5134844141,84.9486840336,82.4891397097,80.1561380296,75.799947271,73.0405167303,71.2479938822,68.6882514702,65.581686711,64.2022189678,62.2143770092,58.4147297421,56.4512633613,53.3103028166,50.0891675753,46.7452711397,43.4282758142,41.045966464,39.7974838758,38.1086341245,38.571434541,38.4883241979,38.4621332312,39.4616940678,40.3667089714,41.1518162313,40.9466971362,40.3667089714,38.4456785643,36.8406255074,35.2379376282,34.3077506947,34.4528937602,34.205428355,33.5437877238,31.408601072,30.2292912981,29.7148404785,28.5471477021,28.6110687138,28.7337799948,28.5113686136,29.1386422185,30.1000899087,30.0196069181,30.7603132615,31.418688283,31.6045452085,32.2335125791,32.8538482197,31.6739135588,31.4119130441,30.7392610572,29.3230865728,29.3533039506,29.4740700642,29.4740700642,30.3221541636,30.6837834038,31.989513543,32.7938969463,32.7938969463,32.566695486,33.8845559821,33.9884878668,33.7743602066
339,2025-12-06T00:00:00,31.396170755,30.6008550172,30.5266911115,30.4461387262,30.4389100908,29.8924343618,30.4671517022,29.7325396374,28.471103029,28.7319493458,28.7169858317,27.8864255637,27.6444995904,28.1847495279,27.1889735175,27.0104118017,27.1820896553,26.7354566048,26.707763178,26.9549458809,25.7982761181,25.7355015935,25.8714513695,25.4062909267,25.3080070898,26.4409443978,26.7572859339,28.927374287,30.7689194632,32.1456686913,33.2715806385,34.072532934,34.0560068809,36.0135794445,37.7026174333,37.7066845385,39.4421928623,39.3027273697,38.3361146328,38.5864294768,38.2665280587,36.8401233281,36.6748326243,37.384341536,36.2650304518,38.304513002,40.2792308883,41.2881705339,45.144879337,49.7547361331,52.733350949,58.3256166145,60.6792065826,63.4761264393,63.1228414876,65.6814918679,67.0999096585,70.1415281164,74.4303457849,78.8674570926,79.2678031663,80.5545379272,82.9947020211,83.5981563421,85.3466715518,87.8661941021,89.5593926817,92.5035165781,95.4014823272,97.5435970638,98.2192836009,98.4480260927,99.0862332971,100.333028801,100.614435432,99.1162829277,95.6072518121,93.0409342352,89.4291942148,84.8203054765,82.4406882332,80.0068225399,75.7026757209,72.9407452794,71.1566814646,68.3951159516,65.581686711,64.2022189678,62.2143770092,58.3509416284,56.3735393256,53.0149082061,50.0258135544,46.648563765,43.3878607946,40.8480504743,39.6551393926,37.9147394986,38.4883241979,38.4621332312,38.3064670136,39.2794666717,40.3050956736,41.0527924851,40.9206381941,40.2058859368,38.3370553639,36.8014191167,35.0870581008,34.2321652167,34.4374172458,34.1577988978,33.4844471535,31.3897835946,30.176332092,29.5853862154,28.5285458049,28.5421638817,28.7125847072,28.33107473,29.1300088756,30.0280030351,29.9829499794,30.7521236511,31.227838499,31.45547603,32.1035957928,32.7651038311,31.6439336177,31.374024291,30.6277165288,29.238711777,29.3533039506,29.4740700642,29.4740700642,30.3221541636,30.6837834038,31.9183352895,32.7938969463,32.7938969463,32.566695486,33.8953029745,34.0604095066,33.8254106897
340,2025-12-07T00:00:00,31.2968363193,30.5019698096,30.4712157496,30.4222527842,30.3384104337,29.8051280363,30.3540117818,29.6286556977,28.3165271658,28.5264026041,28.7169858317,27.8864255637,27.6444995904,28.1847495279,27.2985255323,27.0104118017,27.1820896553,26.7354566048,26.7891662608,26.9304874737,25.7982761181,25.7982761181,26.1837400222,25.5169737711,25.3303206453,26.4558833765,26.8086746904,29.2799082093,30.940432801,32.2052134433,33.2958825674,34.072532934,33.9102062145,35.919538247,37.691487627,37.6801760414,39.3367488931,39.1854605233,38.2710314556,38.5864294768,38.2979514109,36.8924971877,36.7604165913,37.5178897734,36.2779525473,38.2581517129,40.2446480063,41.2881705339,45.1815571882,49.8319976342,53.1046894988,58.3256166145,60.4992775883,63.341049726,62.9977014548,65.6814918679,67.3529596562,70.6483178429,74.5366786279,78.989857271,79.5677866828,80.6434263029,83.2089714714,83.9710620491,85.6039751674,88.7082329243,90.416546007,92.9712490833,95.6712910746,97.7128404802,98.4480260927,98.4480260927,99.0862332971,100.333028801,100.588965458,98.954511219,95.0754475894,92.9533283224,89.0690797444,84.7513832329,82.3355689575,79.9410007797,75.5438186438,72.8382857745,70.9337333726,68.265187917,65.5132570827,64.0503322432,62.1537872716,58.2173201775,56.241983122,52.6324940366,49.8463354777,46.4293508506,43.2926167379,40.756427977,39.6195112768,37.8566671932,38.4621332312,38.1347006615,38.0970017924,39.2301095891,40.1907631633,41.0030031161,40.9120290185,40.1637002704,38.2584548409,36.7904969793,34.9837352538,34.205428355,34.3077506947,34.0806270332,33.4176722833,31.3355242119,30.0623132559,29.5231253705,28.4949685774,28.4949685774,28.6759464842,28.2113644672,28.9348448261,29.9850490086,29.8238594842,30.7454108336,31.1689086122,31.2355177746,32.0534332168,32.5685536798,31.5799955388,31.2247330405,30.5905765047,29.1959071896,29.3288172229,29.3896344741,29.3896344741,30.2724230338,30.5525478494,31.812851968,32.7007405744,32.7007405744,32.531895928,33.8845559821,34.0461555017,33.7719464967
341,2025-12-08T00:00:00,31.0982062869,30.4712157496,30.4384502112,30.3454652427,30.170285485,29.770129937,30.3171858565,29.5956534749,28.2776214133,28.3189133676,28.710903455,27.8466571357,27.5748522674,28.1083958873,27.1889735175,26.9549458809,27.1820896553,26.9304874737,26.8013579908,26.9549458809,25.8660751042,25.7982761181,25.95660594,25.4062909267,25.3080070898,26.4409443978,26.7572859339,28.927374287,30.7689194632,32.2052134433,33.2958825674,34.072532934,33.9102062145,36.0135794445,37.691487627,37.6801760414,39.3367488931,39.1854605233,38.0786165835,38.5326350937,38.2665280587,36.8401233281,36.6748326243,37.4346059868,36.2779525473,38.304513002,40.2792308883,41.3087277588,45.1815571882,49.8319976342,52.733350949,58.2411676023,60.1822387242,63.044667462,62.8172053843,65.6293443706,67.0999096585,70.4292691242,74.4303457849,78.9687846935,79.3894721304,80.5787523546,82.9947020211,83.7703115241,85.5431789181,88.6769017654,90.2408732749,92.8001779482,95.6172626364,97.588016017,98.2192836009,98.2192836009,98.9796283965,100.200085222,100.333028801,98.7608873594,94.9256988131,92.9028758262,88.731316195,84.7264174221,82.179269578,79.6570874131,75.3899214469,72.7626604742,70.7479617124,68.1984193456,65.1273709872,63.9330476469,62.0650432059,58.1106779337,55.9377405159,52.6324940366,49.8463354777,46.4293508506,43.2926167379,40.756427977,39.6139351139,37.6983729401,38.1347006615,37.9347246674,37.9778679424,39.1228825848,40.1577482532,40.9466971362,40.8732853029,39.9610152788,38.1757624555,36.7271200573,34.8802435792,34.205428355,34.3077506947,34.0806270332,33.4176722833,31.3355242119,30.018418212,29.4672631846,28.2892019665,28.2759021122,28.6198144149,28.185674633,28.8693062025,29.9770510922,29.7728279681,30.7386868229,31.1416083083,31.1707411827,31.8910484038,32.371673741,31.470169568,31.1816232229,30.5312835313,29.1904018944,29.3230865728,29.3670217508,29.3670217508,30.2552023046,30.5330791217,31.7161252018,32.6668921883,32.652865898,32.4099125994,33.7959455551,33.9308202319,33.7647053671
342,2025-12-09T00:00:00,30.9307609678,30.4447194671,30.4222527842,30.3173520162,29.8924343618,29.7325396374,30.170285485,29.5847978285,28.2420861254,28.2423007097,28.5264026041,27.7087594096,27.5270995702,27.9501117753,27.1549371094,26.9203142497,27.1660148397,26.7354566048,26.7891662608,26.9304874737,25.7982761181,25.7355015935,25.8714513695,25.3785803736,25.2178643077,26.2958942641,26.7050063174,28.6991741315,30.7276842537,32.1456686913,33.2715806385,34.0633454741,33.8324483573,35.919538247,37.6796858611,37.6732386523,39.3027273697,39.0777312647,37.963407844,38.4746737682,38.2586082009,36.7708892325,36.5741719817,37.384341536,36.2650304518,38.2581517129,40.2446480063,41.2711628863,45.144879337,49.7547361331,52.6263045501,57.9697164001,60.0985887253,62.8599535761,62.7627292093,65.5263507513,66.7453458346,70.1415281164,74.1269978526,78.8674570926,79.2678031663,80.5545379272,82.8376881636,83.5981563421,85.4585469684,88.6297878539,89.8290253538,92.6416098508,95.4014823272,97.5435970638,97.8829417076,98.0827058864,98.4480397248,99.2477612369,100.200085222,98.1866297389,94.8851260448,92.7649100898,88.4779835833,84.6779863562,81.5895205396,79.4336086279,75.3011399421,72.6774448501,70.4344196561,68.0710220663,64.9952267747,63.7397443028,61.7213680876,58.0895364691,55.8408928867,52.4950904427,49.7447946404,46.3274490994,43.2461552388,40.7089043585,39.4888428093,37.4954558305,37.9347246674,37.8389529809,37.9156766019,38.9943200094,40.0395614214,40.9206381941,40.8361749224,39.8934693237,38.1081275508,36.6451843303,34.856719098,34.0915464258,34.2321652167,34.0148415694,33.3595151079,31.321293053,29.8838840922,29.4439188249,28.2263851638,28.1920468549,28.5113686136,28.1836577574,28.848724939,29.8234216493,29.7030453984,30.7244410392,31.1187701234,31.1416083083,31.8213777446,32.319659706,31.4401314013,31.1328632266,30.3907948309,29.1410621289,29.2458236386,29.3533039506,29.3533039506,30.0180573897,30.5162354536,31.5532419221,32.6484866718,32.566695486,32.3520416427,33.7647053671,33.8254106897,33.4814402056
343,2025-12-10T00:00:00,30.7789080053,30.4272168698,30.3454652427,30.170285485,29.8051280363,29.6197168872,29.9587879786,29.5725505023,28.1922893393,28.1922893393,28.3189133676,27.5869701871,27.3692939468,27.8864255637,27.1253939448,26.7506972367,27.1549371094,26.7354566048,26.7891662608,26.9304874737,25.7982761181,25.7355015935,25.8588607833,25.3303206453,25.174400526,26.2052713457,26.6412899633,28.6456687614,30.7253494852,32.1082313933,33.1330398714,34.0560068809,33.7953117507,35.8616591783,37.6732386523,37.6254712995,39.1854605233,39.0263061725,37.8956112561,38.4582273981,38.0786165835,36.7458320747,36.5741719817,37.384341536,36.2650304518,38.304513002,40.4261100335,41.3087277588,45.144879337,49.623235122,52.6095052713,57.7493721796,60.0335771054,62.7876542913,62.3907209822,65.4613145925,66.6518894445,70.0344170479,73.9922337084,78.7584568869,79.2134515905,80.5390462543,82.7987774315,83.5364624324,85.3466715518,88.2417161004,89.6636076712,92.5035165781,95.218327187,97.3859523368,97.7128404802,97.8549228068,98.1072079976,98.7743246444,99.2477612369,97.9099557911,94.2995253046,92.4461711655,88.3591432532,84.6497492057,81.4451208489,79.2917654221,74.7978256352,72.6527023732,70.2746066902,67.7752800151,64.9529016314,63.5761219299,61.7213680876,58.0895364691,55.8408928867,52.4632390537,49.328512577,46.2723322025,43.1480843682,40.4749797341,39.3639735097,37.4352552123,37.8849056144,37.692695314,37.8671324665,38.9333941937,39.9304938463,40.9120290185,40.8005649761,39.8686047081,38.0838481977,36.6193872699,34.8478605543,34.0148415694,34.205428355,33.9630660689,33.3129141614,31.3031332321,29.7393904154,29.4439188249,28.2263851638,28.1920468549,28.5113686136,28.1836577574,28.8108445069,29.7728279681,29.6845710918,30.6941295686,30.9925986944,31.1187701234,31.7531196185,32.3046537686,31.4378273511,31.0798529898,30.2868634344,28.9676919021,29.2194188273,29.2929932907,29.3300940425,29.9469524374,30.3199640444,31.4160671509,32.566695486,32.531895928,32.163709922,33.458104664,33.7695327868,33.0601630281
344,2025-12-11T00:00:00,30.7612219855,30.4011943667,30.2096699317,30.041386183,29.7396087753,29.5025132186,29.8486026301,29.564858691,28.0392202109,28.0392202109,28.0585066237,27.5270995702,27.2985255323,27.8379235574,26.9544576121,26.6922293026,27.1253939448,26.5895737799,26.7891662608,26.9304874737,25.7982761181,25.7355015935,25.8588607833,25.3080070898,25.1207805991,25.9708188487,26.5050101334,28.6456687614,30.7253494852,32.1082313933,33.1330398714,34.0560068809,33.7765139472,35.7241321252,37.5151077488,37.5033921176,39.0777312647,38.9297019351,37.8283903499,38.4238009072,37.963407844,36.7158691075,36.5415874164,37.2867943588,36.2622654516,38.2581517129,40.2792308883,41.2711628863,45.0397620575,49.5283953654,52.526648543,57.6374080433,59.956187038,62.3942804907,62.2232724918,65.416468407,66.6475012527,69.9750246101,73.8123464181,78.6468604053,79.1922900891,80.2506322869,82.3303777239,83.5280762655,85.203278917,87.8661941021,89.5593926817,92.2983202276,95.0966320956,96.9906466981,97.588016017,97.7128404802,97.6420207147,98.3967137868,98.7743246444,97.6810853235,94.2109861784,92.4461711655,88.4779835833,84.6497492057,81.4136389,79.190921101,74.5928712424,72.5628095822,70.0182734638,67.4613361005,64.8212614183,63.5279283025,61.3565378367,58.051654244,55.7467839594,52.2658718276,49.1166332635,46.0779809325,43.0516467423,40.3943109632,39.1584472883,37.35552449,37.8566671932,37.4954558305,37.8295134018,38.822151858,39.7458635949,40.8732853029,40.6999654285,39.8587313507,38.0538732276,36.4783015572,34.8450677906,33.9320409532,34.0915464258,33.9221734747,33.2803843841,31.2772782848,29.6475384378,29.3601945298,28.1920468549,28.1749161444,28.33107473,28.1747572041,28.7524005287,29.7030453984,29.5572270768,30.6700817237,30.9600509102,30.9925986944,31.6739135588,32.2892691821,31.4119130441,30.8832642055,30.2011488575,28.8752497108,29.1959071896,29.2369587909,29.2879463867,29.9419725207,30.2552023046,31.1029004209,32.531895928,32.4099125994,32.0925521314,33.1776034987,33.6862449089,33.0289910265
345,2025-12-12T00:00:00,30.7730126654,30.4197707414,30.2096699317,29.9424063041,29.5671945281,29.4665916638,29.8051280363,29.4965427629,27.9709580645,27.9709580645,27.9709580645,27.3692939468,27.2818198021,27.773122862,26.7506972367,26.6469843002,27.0104118017,26.5205702788,26.707763178,26.8463392441,25.7309758802,25.7046728744,25.8049433671,25.2921972627,25.0897575693,25.8745183632,26.4558833765,28.6047197325,30.6509208744,32.0429820924,33.0318102306,33.9521853924,33.7441180781,35.687591327,37.4202497466,37.4352488628,38.749082461,38.8395790325,37.7177034418,38.3961592381,37.7268299528,36.665487037,36.379803812,36.9524190658,36.2104491496,38.2048049952,40.2446480063,40.9466801861,44.9086968883,49.4505971192,52.5054361528,57.4741418122,59.8973425973,62.2232724918,61.9304074687,64.8458180107,65.91423075,69.9313865405,73.4217053397,78.5651940398,79.1117357354,79.8742334264,82.1193276656,83.4128614526,85.1091952869,87.7785800914,89.4941991648,92.1658775094,94.9138083744,96.7272481614,97.5435970638,97.5690443495,97.2240180793,98.1072079976,98.1866297389,97.6051602943,93.6353325073,91.8589293541,88.3591432532,84.2928256894,81.3205158301,79.0028678733,74.4823914591,72.4239270663,69.8749511425,67.2325723127,64.7099288539,63.4966238899,60.9304115988,57.8219133668,55.64555485,52.0559342911,49.083003553,45.7102521088,42.9672782577,40.3418598618,38.8728768175,37.2782049843,37.8281461565,37.4352552123,37.5278991346,38.6595849459,39.6100779117,40.8361749224,40.6058570123,39.6406465135,38.0264600472,36.3020902687,34.7567222874,33.8438269769,34.0148415694,33.8438269769,33.2015974127,31.2269136075,29.6475384378,29.3601945298,28.1920468549,28.1749161444,28.33107473,28.162330635,28.7337799948,29.6845710918,29.4033515958,30.5915482932,30.8842961561,30.9600509102,31.6439336177,32.1159254765,31.374024291,30.8348457511,30.1651056596,28.8466606425,29.1959071896,29.2369587909,29.2879463867,29.9419725207,30.2552023046,30.9915356344,32.4099125994,32.170791647,32.0362450817,33.1086100131,33.3820579156,33.0040855972
346,2025-12-13T00:00:00,30.7553266456,30.3454652427,30.0506362414,29.8503027566,29.4893826288,29.4089125461,29.8051280363,29.564858691,28.1922893393,28.1922893393,28.5264026041,27.5869701871,27.2985255323,27.773122862,26.7506972367,26.6308754278,26.9549458809,26.3983727851,26.5895737799,26.8013579908,25.7035414461,25.5878108263,25.7371684057,25.214598503,25.0897575693,25.9708188487,26.5050101334,28.6456687614,30.7253494852,32.1082313933,33.0318102306,33.9521853924,33.7441180781,35.687591327,37.2914973581,37.4122203255,38.6405995658,38.7020295442,37.6765567289,38.3361146328,37.7268299528,36.7158691075,36.5415874164,37.2867943588,36.2622654516,38.2048049952,40.1618998073,40.7620447423,44.8516663806,49.413323635,52.359603422,57.2193786645,59.8424321743,61.9304074687,61.5322398958,64.5500037372,65.91423075,69.9313865405,73.4217053397,78.5651940398,79.1117357354,79.7053737459,81.9451727171,83.2089714714,85.0774108556,87.3554487178,89.4326619328,91.8170218165,94.9138083744,96.7272481614,97.588016017,97.8549228068,98.333927487,98.7743246444,99.2477612369,97.9099557911,94.522498946,92.4461711655,88.4779835833,84.2928256894,81.0918711862,78.6883239851,74.3366732046,72.3539658939,69.6551945941,67.0847231535,64.6543166117,63.1498545627,60.6233943037,57.5141332451,55.4584777847,51.8521671861,49.0175071112,45.5883153007,42.8592939027,40.2883703813,38.8011966003,37.0872783762,37.692695314,37.4201819349,37.4352552123,38.5368242654,39.4616940678,40.7071336288,40.4145921018,39.2167673757,37.9997769818,35.8582231859,34.6979764532,33.7976622426,33.9320409532,33.7976622426,33.0514133383,31.1950007364,29.5950608285,29.2929866687,28.1749161444,28.162330635,28.2368533546,28.162330635,28.7337799948,29.6845710918,29.4033515958,30.5915482932,30.844835176,30.8842961561,31.6357310484,32.0534332168,31.2247330405,30.7392610572,30.1651056596,28.9676919021,29.2458236386,29.3533039506,29.3300940425,29.9469524374,30.2552023046,30.9915356344,32.4099125994,32.170791647,31.9770521113,33.068958431,33.1245420056,32.9917133127
347,2025-12-14T00:00:00,30.7459460231,30.3640416174,30.0506362414,29.8503027566,29.4893826288,29.4089125461,29.770129937,29.4965427629,28.0392202109,28.0392202109,28.3189133676,27.5270995702,27.2818198021,27.7189346333,26.6922293026,26.6245786894,26.7397943268,26.2300124625,26.5205702788,26.7891662608,25.6776268044,25.4878851429,25.5206327096,25.174400526,25.0767330427,25.8745183632,26.4558833765,28.6047197325,30.6509208744,32.0429820924,33.0022188781,33.8846994747,33.7162464201,35.687591327,37.4202497466,37.4352488628,38.749082461,38.8395790325,37.6765567289,38.2979514109,37.5818807682,36.665487037,36.379803812,36.9524190658,36.2104491496,38.1917595297,40.109525982,40.6880235125,44.7328236205,49.2731650672,52.1580592762,57.0590855652,59.7641166107,61.5322398958,61.3545152816,64.450353189,65.6814918679,69.7151974589,73.0849969886,78.4279676255,79.0499590914,79.5677866828,81.8774147702,83.0622473501,84.8069369506,87.1635318751,89.2658462961,91.6906103722,94.5186612477,96.5493211708,97.5435970638,97.7128404802,98.1072079976,98.3967137868,98.7743246444,97.6810853235,94.2109861784,91.8589293541,88.3591432532,84.2032915509,80.783556689,78.6077368779,74.2991648243,72.3200262989,69.5531238978,66.8883074047,64.6342929658,62.9133475236,60.5099599272,57.3025109445,55.3633316974,51.6764640548,48.9270202917,45.4563631162,42.7664111894,40.2460534802,38.5717810165,37.0398376797,37.4954558305,37.352943769,37.4201819349,38.4882318123,39.2794666717,40.6058570123,40.3667089714,38.9933379727,37.9997769818,35.8582231859,34.6979764532,33.8438269769,34.0148415694,33.7976622426,32.9839605756,30.9614779819,29.5602939258,29.2245240886,28.162330635,28.0963274799,28.1975713127,28.0963274799,28.7180988232,29.4350752776,29.237148956,30.5450457492,30.8392387412,30.844835176,31.6045452085,31.8910484038,31.1816232229,30.6277165288,30.1274885222,28.8752497108,29.2194188273,29.2929932907,29.2879463867,29.9419725207,30.0180573897,30.974262017,32.170791647,32.0925521314,31.7857766035,33.0186003593,33.0289910265,32.7305374979
348,2025-12-15T00:00:00,30.7407180992,30.2682793999,29.9424063041,29.8051280363,29.4665916638,29.3927891344,29.7325396374,29.4665916638,27.9709580645,27.9709580645,28.0585066237,27.3692939468,27.1869009977,27.6343537197,26.6469843002,26.5766918812,26.6362557234,26.1892146958,26.3983727851,26.7502253352,25.6462463592,25.4238080521,25.4238080521,25.1279388145,25.0674147374,25.8745183632,26.5050101334,28.6047197325,30.5904732715,32.0011663,32.9987795853,33.8057508314,33.7110338582,35.6361511822,37.2914973581,37.4122203255,38.6405995658,38.7020295442,37.6254712995,38.2649415667,37.5561222132,36.6312505434,36.3231571781,36.8401233281,36.1659528011,37.9353689096,40.0124060156,40.6543676214,44.7009899354,49.2330719571,51.9510192244,56.9756868275,59.6162282625,61.0698975793,61.1329875744,64.413324266,65.6293443706,69.4563099893,72.7224256232,78.4279676255,79.1117357354,79.7053737459,81.9451727171,83.4128614526,85.0774108556,87.1635318751,89.2658462961,91.6906103722,94.3021640576,96.359123723,97.2240180793,97.5690443495,97.6420207147,98.1072079976,98.1866297389,97.6051602943,93.6353325073,91.6966088384,88.1111980033,84.0602043133,80.409052573,78.5336999552,74.1504238476,71.7289430372,69.4088033279,66.6260379487,64.5523478129,62.8658415656,60.1084238259,57.2023183338,55.1929948992,51.4864216954,48.8342122957,45.3713116121,42.6195683195,40.2460534802,38.5717810165,37.0398376797,37.4954558305,37.352943769,37.4201819349,38.5368242654,39.2794666717,40.6058570123,40.3667089714,38.9933379727,37.8814808425,35.6864356231,34.6159635134,33.7976622426,33.9320409532,33.7883167893,32.6092538265,30.6611230655,29.5231253705,29.2013076983,28.0963274799,28.0109144212,28.1975713127,28.0963274799,28.7180988232,29.4350752776,29.237148956,30.5165096788,30.7740564954,30.8392387412,31.4702418421,31.8213777446,31.0035677452,30.408467884,30.0232746562,28.8466606425,29.1959071896,29.2369587909,29.2369587909,29.9400014356,29.9469524374,30.6837834038,32.0925521314,32.0362450817,31.7179562277,32.9917133127,32.9999615024,32.3449599178
349,2025-12-16T00:00:00,30.7190746999,30.1479329586,29.8503027566,29.7396087753,29.418554386,29.1601335999,29.6286556977,29.4089125461,27.9200961004,27.9200961004,27.9709580645,27.2985255323,27.1275820241,27.5748522674,26.6308754278,26.5440236049,26.5766918812,26.1588077481,26.2300124625,26.6396816959,25.5757775906,25.3947646242,25.3947646242,25.1105160924,24.9828862558,25.8062874334,26.4558833765,28.5360363587,30.4978955701,31.9735205473,32.9830763966,33.7471489336,33.6377558229,35.6233496719,37.1978401993,37.4068890435,38.5119045975,38.6653654186,37.5702159309,38.0786165835,37.5178897734,36.568332209,36.2743654562,36.789657262,36.1470943714,37.8380704233,39.9689132659,40.5790896609,44.4461922937,49.035536321,51.9007735845,56.9208740712,59.5505360262,60.9739481225,60.9966450922,64.2753820452,65.5263507513,69.1866325994,72.6226429728,78.300606711,79.0499590914,79.5677866828,81.8774147702,83.2089714714,84.8069369506,87.0152431881,89.0116546596,91.1411674971,94.0239921685,96.1488130296,96.9501631338,97.2240180793,97.2240180793,97.6420207147,97.9099557911,97.3526484285,93.5009562643,91.6394017642,87.8572971863,83.9515723996,80.050652513,78.0611802352,73.9631092742,71.3363780858,69.2954624227,66.0466746176,64.1824296339,62.6674742818,59.9302699454,57.1676509359,54.917166477,51.4158417092,48.7952719404,45.1555378197,42.5774315744,40.0981890188,38.4174386423,36.9836495311,37.4352552123,37.2784170844,37.2945814456,38.4882318123,39.2301095891,40.5690986051,40.3050956736,38.931771006,37.7376732346,35.6354800453,34.5885521194,33.7883167893,33.8438269769,33.7319682947,32.5154273349,30.545678544,29.4672631846,28.9784308383,27.9174248174,27.8955717835,28.185674633,28.0109144212,28.7090470811,29.237148956,29.1865440163,30.4497991254,30.7521236511,30.7740564954,31.4237757117,31.7531196185,30.8612665341,30.2963260125,29.9813603791,28.8332891294,28.9610610048,28.9682723883,28.9682723883,29.9048721156,29.9419725207,30.5525478494,31.989513543,31.9770521113,31.6852179182,32.9745532454,32.9820174284,32.1522541571
350,2025-12-17T00:00:00,30.7026015561,30.0182040023,29.6418449758,29.620424,29.3977279245,29.0745606419,29.5956534749,29.3927891344,27.8526501174,27.8526501174,27.9240248046,27.2889649843,27.014388019,27.537718593,26.6245786894,26.4042361167,26.5205702788,26.1367393927,26.1892146958,26.5992457695,25.4878851429,25.3785803736,25.3785803736,25.0742275508,24.9609590189,25.7813495938,26.4409443978,28.505804404,30.4559505243,31.9408179921,32.9742605739,33.7161664593,33.569298248,35.5195222824,37.0597835194,37.2265563287,38.4518936876,38.6409468324,37.4569298919,37.963407844,37.446770135,36.5415874164,36.2622654516,36.7604165913,36.1253818303,37.8040748653,39.7867488827,40.4032216887,44.3602281422,48.9400611068,51.8417546501,56.8447418182,59.5383780116,60.5698321819,60.9739481225,63.8376382445,65.4613145925,68.9902220973,72.5657507125,78.2438843065,79.0191144601,79.3894721304,81.8039088127,83.0622473501,84.7054856098,86.9027167071,88.9237055781,90.8874769556,93.8910953393,96.0029299472,96.7272481614,96.6416397755,97.0619674255,97.2240180793,97.6810853235,97.1146126861,93.3630709157,91.4995882203,87.6127441304,83.8976392857,79.9410007797,77.6158044757,73.7536618725,71.2479938822,69.1116077329,65.8035131544,64.0503322432,62.5384019085,59.6377471132,56.8837110878,54.5824742616,51.3655228452,48.7875609,44.959705433,42.461684553,40.0591008555,38.3401456945,36.8719603203,37.35552449,37.2636144035,37.2636144035,38.4621332312,39.1228825848,40.4098244112,40.1907631633,38.8920999216,37.6094482371,35.5079076109,34.561176683,33.7718885663,33.7976622426,33.5885612364,32.4909898288,30.5208872061,29.4439188249,28.6840852588,27.8721993825,27.719459696,28.1836577574,27.867090258,28.6759464842,29.1865440163,29.1462642354,30.3971265723,30.7400110024,30.7521236511,31.2355177746,31.6739135588,30.8348457511,30.2711596919,29.8038344071,28.8283874622,28.8769929431,28.8769929431,28.8769929431,29.7994242727,29.9400014356,30.5330791217,31.8246104523,31.8246104523,31.6396156682,32.9620430668,32.9597302704,31.9720744163
351,2025-12-18T00:00:00,30.6964689234,29.9424063041,29.5410731913,29.5410731913,29.3927891344,29.0259606356,29.5847978285,29.3112746356,27.7087594096,27.7087594096,27.8864255637,27.2815335778,26.9284158234,27.5203719448,26.5556940908,26.3687057794,26.3983727851,26.1197313904,26.1588077481,26.5711092154,25.4238080521,25.3193342113,25.3193342113,24.9828862558,24.9129027552,25.7345557968,26.374953903,28.3664690797,30.4353329157,31.9301150429,32.9726717864,33.6385859727,33.4670398725,35.4664169633,36.9823098519,37.0597835194,38.3654813374,38.6332718114,37.42635454,37.6801706039,37.3501433759,36.4664356076,36.1788466672,36.6748326243,36.1116054042,37.7683232522,39.6754216919,40.3534011682,44.2628360068,48.3788823422,51.6497928672,56.6797444959,59.472209698,60.1822387242,60.4867590476,63.5720372924,64.8544186701,68.7911862142,72.3869958673,78.2336538214,78.9847986431,79.2345122128,81.6013555741,82.9689673292,84.6663274728,86.708449547,88.8913702168,90.5113934149,93.6319838152,95.7398264358,96.5493211708,96.1879627123,96.6208043663,97.0854234923,97.3595867065,97.0469960329,93.2642359119,91.0509955827,87.3172641968,83.8130549589,79.6570874131,77.4856122978,73.6403251137,71.1566814646,68.8923010248,65.581686711,63.7998621489,62.4773905472,59.5681968205,56.7623631839,54.4293787074,51.2427835881,48.6628699493,44.8949543212,42.2882637222,39.9794237887,37.9693134188,36.7580107587,37.2782049843,37.2578704974,37.2578704974,38.3064670136,38.9943200094,40.3667089714,40.1637002704,38.8816102555,37.410733729,35.3617897168,34.4955870504,33.7279997489,33.7883167893,33.5437877238,32.478694341,30.485759185,29.3601945298,28.5864926435,27.719459696,27.6511966624,28.1747572041,27.7514137815,28.6198144149,29.1865440163,29.1462642354,30.3971265723,30.7400110024,30.7521236511,31.2355177746,31.6739135588,30.8348457511,30.2711596919,29.8038344071,28.7686161761,28.8638261644,28.8638261644,28.8387970213,29.7479091432,29.9048721156,30.323881292,31.7276646899,31.7276646899,31.588228652,32.9161210417,32.7394733286,31.8169467151
352,2025-12-19T00:00:00,30.6811357304,29.7259643498,29.4655807097,29.4761874624,29.1601335999,28.9395337877,29.5673817136,29.1765451571,27.6198314679,27.7087594096,27.8864255637,27.2815335778,26.9284158234,27.5203719448,26.4042361167,26.2615637284,26.3983727851,26.1197313904,26.1588077481,26.5711092154,25.4238080521,25.2921972627,25.2921972627,24.9609590189,24.8301373676,25.7088747456,26.2250362554,28.2175283223,30.3488440045,31.8464948233,32.9582433374,33.6196488491,33.4285879381,35.4506255914,36.9034357824,36.9823098519,38.0258123362,38.5119045975,37.4122203255,37.5702159309,37.2774845595,36.3617955568,36.1470943714,36.5741719817,36.0774077648,37.6266461086,39.5838159716,40.2980640288,44.2137498867,48.169624149,51.1573564798,56.596935418,59.4152928198,60.0985887253,60.1614704406,63.5257143874,64.5500037372,68.6313711385,72.2567214491,77.9053120115,78.9687846935,79.1922900891,81.3055103941,82.8376881636,84.16931733,86.6001962322,88.8436891494,90.416546007,93.4380824453,95.6712910746,96.359123723,96.0029299472,96.1879627123,97.0469960329,97.1744982562,96.9448646061,93.0409342352,90.8095196627,87.2114281378,83.5455812106,79.5424616049,77.3593894675,73.2343605334,70.9337333726,68.8072772456,65.5132570827,63.7064479283,62.3953205107,59.5110273222,56.6830682941,54.2124166505,51.2044299006,48.4004733978,44.654975134,42.117468768,39.8437367114,37.8566671932,36.6939125347,37.2578704974,37.085855656,36.9531022462,38.1928657014,38.9333941937,40.3050956736,39.9610152788,38.7332975351,37.3667176808,35.2890103723,34.4799121641,33.6505536636,33.7718885663,33.4844471535,32.4596996141,30.313865583,29.2929866687,28.5471477021,27.6511966624,27.3486962916,28.162330635,27.6913224504,28.5101706128,29.1462642354,29.1300088756,30.2465357822,30.7244410392,30.7400110024,31.1816232229,31.6439336177,30.7392610572,30.2011488575,29.7211580278,28.7296105267,28.8466606425,28.8466606425,28.8283874622,29.6381945057,29.8360179366,30.2552023046,31.7006861846,31.6852179182,31.5306690635,32.7285710214,32.5019847628,31.7554938679
353,2025-12-20T00:00:00,30.6612022571,29.5676879273,29.4655807097,29.4761874624,29.1601335999,28.9395337877,29.5673817136,29.0837186822,27.5664660914,27.7087594096,27.8864255637,27.2815335778,26.9284158234,27.5203719448,26.3687057794,26.2028714822,26.3687057794,26.1140408345,26.1234363338,26.5205702788,25.3136015164,25.2585315109,25.214598503,24.9129027552,24.7482554433,25.6403874242,26.1531133423,28.0751884921,30.3065091074,31.7545272966,32.8563557877,33.569298248,33.3097117019,35.2361381473,36.8544731537,36.8712530266,37.8956112561,38.4620081295,37.3456769956,37.5186919693,37.0780317735,36.3231571781,36.1253818303,36.5415874164,36.0327839699,37.520375341,39.5217033048,40.2634804793,43.9475889072,48.0896667591,50.9911430188,56.4925433787,59.3831917775,60.0335771054,60.0985887253,63.4748235513,64.450353189,68.3009269559,72.1314436938,76.7061148607,78.6927015857,79.1117357354,81.2293608982,82.4279558024,84.0174671506,86.534154258,88.7081580402,90.1893952342,93.3263111801,95.6172626364,96.1488130296,95.8637987288,95.8895719362,96.2930446248,97.0854234923,96.7631283967,92.9533283224,90.6874931079,87.0809671691,83.3814843945,79.4220803491,77.2149438412,73.0264494337,70.7617742956,68.6949923258,65.1273709872,63.5761219299,62.2579410057,59.4236301571,56.4578009404,54.1520857261,51.0541772561,48.338536789,44.4697702661,41.6606663738,39.7974838758,37.6983729401,36.6617243231,37.085855656,37.0398376797,36.7872026079,38.0780261816,38.822151858,40.1907631633,39.8728587046,38.685318933,37.2919020966,35.2689651035,34.4528937602,33.5937854489,33.7279997489,33.4176722833,32.3798818219,30.2573571708,29.2245240886,28.5285458049,27.5336107012,27.232759106,28.0963274799,27.6586247955,28.5101706128,29.1462642354,29.1300088756,30.2465357822,30.7244410392,30.7400110024,31.2355177746,31.6715533177,30.8348457511,30.2711596919,29.7211580278,28.5530328198,28.8332891294,28.8332891294,28.7803603987,29.6123630154,29.8360179366,30.2552023046,31.6434827348,31.6396156682,31.5306690635,32.7285710214,32.5627928729,31.7652374814
354,2025-12-21T00:00:00,30.6398266943,29.5122195449,29.4159026978,29.418554386,29.0745606419,28.8369602804,29.4965427629,28.9499608458,27.5377042404,27.6198314679,27.8466571357,27.0950964026,26.8618823968,27.3692939468,26.2615637284,26.1602203683,26.2615637284,26.0457636405,26.0463548382,26.2861371995,25.2836680542,25.2069985162,25.1333424991,24.8887631308,24.5958217212,25.6187499405,26.1171788829,28.0444930293,30.2606751239,31.7194640545,32.8141062166,33.4670398725,33.2715806385,35.0748925558,36.7111970936,36.7383975976,37.8283903499,38.446974114,37.2112533167,37.446770135,37.0099396509,36.1902241585,36.1116054042,36.379803812,35.7171021429,37.4333403693,39.4780251916,40.2446480063,43.8060556293,47.5622005906,50.8248233306,56.1871517723,59.3630892932,59.956187038,60.0335771054,63.4208081931,64.413324266,68.0898666261,72.0097717256,76.2849007639,78.5651940398,79.0297245797,81.008808103,82.2376723167,83.9636868102,86.4937382839,88.6297878539,89.917058488,93.188873899,95.4014823272,96.0029299472,95.7114869331,95.4477080322,95.8895719362,97.0469960329,96.4116965823,92.9028758262,90.2787570354,86.8703534332,83.212960428,79.2917654221,76.6996473645,72.9407452794,70.7283119106,68.3951159516,64.9952267747,63.5279283025,62.2143770092,59.3272743813,56.3735393256,54.0008934714,50.7723664068,48.2748190235,44.3367964087,41.5435192992,39.6540194832,37.4014739282,36.6265017306,37.0398376797,36.9836495311,36.7414486932,37.9778679424,38.6595849459,40.1577482532,39.8587313507,38.5482906747,37.1690364001,35.2379376282,34.3279832596,33.5617193045,33.5885612364,33.3595151079,32.0539876867,30.2254021632,29.2013076983,28.5131556151,27.4993149731,27.1696164982,28.0109144212,27.6394806889,28.3307752298,29.1300088756,28.9980736893,30.1381890009,30.6941295686,30.7244410392,31.1816232229,31.6439336177,30.7392610572,30.2011488575,29.6898043895,28.4693587798,28.8283874622,28.8283874622,28.7567675513,29.5873861306,29.7843824057,30.0180573897,31.588228652,31.588228652,31.4164234998,32.652865898,32.3732868176,31.7506220612
355,2025-12-22T00:00:00,30.6008550172,29.4500344313,29.4015834505,29.1631761425,29.0259606356,28.7669936144,29.4665916638,28.8417547898,27.4499251781,27.5728444147,27.7087594096,27.0070864065,26.8266658514,27.2985255323,26.168226674,26.1367393927,26.2028714822,26.0125168766,26.0125168766,26.2019535661,25.2836680542,25.2069985162,25.1333424991,24.8887631308,24.5958217212,25.5818372892,26.1033096578,27.9838362003,30.1047229618,31.5696403791,32.7893453674,33.4285879381,33.0952151958,35.0419839766,36.6051019582,36.6841896268,37.7706482032,38.4212722968,37.0614739628,37.42635454,36.9727405359,36.1281212826,36.0774077648,36.3231571781,35.5526120739,37.384341536,39.2294943492,40.1618998073,43.7314305446,47.4136936837,50.5656802781,56.1074006783,59.3464849137,59.8973425973,59.956187038,63.1427811044,64.2753820452,67.9453733453,71.9230055591,75.9957196802,78.4279676255,78.9847986431,81.008808103,82.4279558024,84.16931733,86.708449547,88.9237055781,90.5113934149,93.4380824453,95.6172626364,96.0029299472,95.416714959,95.1893270018,95.2862648002,96.9448646061,96.3172662302,92.7649100898,89.9970564998,86.7861157337,82.9073325,79.0216350984,76.4852580546,72.8382857745,70.7168129719,68.1839718872,64.9529016314,63.4966238899,62.1537872716,59.2804230567,56.241983122,53.8967960438,50.6912687648,48.0282739044,44.3063557847,41.5063497047,39.6139351139,37.1019219821,36.5725417791,36.9836495311,36.8719603203,36.7414486932,37.9170410965,38.5368242654,40.0395614214,39.6406465135,38.4923667311,36.9437658156,35.1133637507,34.286675407,33.3308086948,33.4348340949,33.2892234736,31.8598800093,30.176332092,28.9784308383,28.4918165198,27.3194979842,27.1696164982,28.0109144212,27.6394806889,28.3307752298,29.1300088756,28.9023128084,30.1038852863,30.6700817237,30.6941295686,31.16880295,31.6357310484,30.6277165288,30.1651056596,29.5914647972,28.3520698834,28.7686161761,28.7686161761,28.7485176979,29.4993737402,29.7479091432,29.9469524374,31.5306690635,31.5306690635,31.243306734,32.566695486,32.3449599178,31.7283959541
356,2025-12-23T00:00:00,30.6678467482,29.5410731913,29.4159026978,29.1631761425,28.9395337877,28.7521318062,29.4089125461,28.8172655178,27.4499251781,27.5728444147,27.7087594096,27.0070864065,26.8618823968,27.2985255323,26.168226674,26.1367393927,26.2028714822,25.9766184683,26.0125168766,26.2019535661,25.2836680542,25.2069985162,25.1333424991,24.8270864764,24.5396235308,25.4268979794,25.9528125282,27.9237024526,30.0253742997,31.3680815517,32.7668604547,33.3692660793,33.0095584048,34.9423844801,36.5727964478,36.6051019582,37.7066845385,38.3961592381,37.0099396509,37.4122203255,36.8924971877,36.0796660532,36.0643592377,36.2815720531,35.4384896311,37.2226590686,39.1337547309,40.109525982,43.6147334274,47.4032667637,50.3959927104,55.7557593765,59.3290053123,59.6440697602,59.8973425973,62.9977014548,63.8376382445,67.8259338655,71.6076658516,75.8007072537,78.300606711,78.6948764988,80.8502462422,82.2376723167,84.0174671506,86.6001962322,88.8913702168,90.416546007,93.3263111801,95.4014823272,95.8637987288,95.218327187,94.9649999758,94.9649999758,96.7631283967,95.8759705963,92.4461711655,89.8557885253,86.7475640351,82.8335337924,78.7670172678,76.4427543287,72.7031638114,70.4344196561,68.1098260889,64.8542511455,63.1498545627,62.0650432059,58.9425790204,55.9377405159,53.6329796411,50.4690195144,47.9437026742,44.0245634468,41.1863499977,39.5921546759,37.0398376797,36.4977293255,36.8719603203,36.808708113,36.6789468889,37.9052319068,38.4882318123,39.9304938463,39.4616940678,38.4456785643,36.8801521336,35.0577113409,34.2337360189,33.2636616039,33.3595151079,33.2015974127,31.8059825081,30.0623132559,28.9117139204,28.4295913182,27.232759106,27.0230035919,27.867090258,27.6085268227,28.2113644672,28.9348448261,28.8530247865,30.1038852863,30.6941295686,30.7400110024,31.4237757117,31.7285091661,30.8348457511,30.2011488575,29.5914647972,28.2609973013,28.7296105267,28.7296105267,28.464875596,29.4590078006,29.6381945057,29.9404426149,31.4164234998,31.4164234998,31.1975846443,32.4137197006,32.0880189036,31.6909484732
357,2025-12-24T00:00:00,30.6469518819,29.4811269881,29.4015834505,29.0328524094,28.8369602804,28.7480394772,29.3927891344,28.7669936144,27.4248689983,27.5392988212,27.6198314679,26.9900019018,26.8266658514,27.2818198021,26.1367393927,26.1173665992,26.1892146958,25.9365156036,25.9444698766,26.1892146958,25.2572156599,25.1675311302,25.1105160924,24.7662229789,24.5197449816,25.3785803736,25.8745183632,27.8896344955,29.925964258,31.2806358646,32.640209153,33.2958825674,32.9987795853,34.8390692498,36.5653361407,36.5688945469,37.6765567289,38.3548580965,36.9727405359,37.3456769956,36.8401233281,36.0643592377,35.9368836219,36.2650304518,35.3699271368,37.0413672073,38.9984778296,40.0124060156,43.3887138594,47.3182801348,50.0869806958,55.5582696207,59.2000722168,59.5505360262,59.6440697602,62.8172053843,63.5720372924,67.7209149342,71.5221495166,75.4963371219,78.2438843065,78.5651940398,80.7929680435,81.9386900068,83.9636868102,86.534154258,88.8436891494,90.1893952342,93.188873899,95.218327187,95.7114869331,95.1562162401,94.8992820449,94.8992820449,96.4116965823,95.2725076267,91.8254917239,89.7284978989,85.8366918172,82.7816269552,78.6399417089,76.41937532,72.6625706843,70.2746066902,68.053949754,64.8161532627,62.9133475236,61.6280869881,58.5420294654,55.8408928867,53.4658735378,50.349434709,47.8519710278,43.9258889327,41.045966464,39.4837287114,36.9836495311,36.4436173878,36.7812488595,36.7715516074,36.6281994574,37.8671324665,38.4621332312,39.6512333404,39.2794666717,38.3370553639,36.8757374747,34.9837352538,34.205428355,33.1988973856,33.2892234736,33.0595338668,31.7712998334,30.018418212,28.8012653225,28.274782356,27.0361511554,26.8407528491,27.7514137815,27.5435563454,28.185674633,28.8693062025,28.8108445069,30.0196069181,30.6700817237,30.7244410392,31.2355177746,31.7285091661,30.8348457511,30.2011488575,29.5914647972,28.3520698834,28.7296105267,28.4601488032,28.3391097352,29.3896344741,29.6123630154,29.8447046474,31.1835881057,31.2344600658,31.1445010172,32.3520416427,31.8686559488,31.622766765
358,2025-12-25T00:00:00,30.6255763191,29.4329685645,29.2843121963,28.9451419826,28.7669936144,28.6984137609,29.1325665049,28.7521318062,27.3403958947,27.5207670019,27.5728444147,26.9284158234,26.7322273207,27.1869009977,26.1173665992,26.0457636405,26.1588077481,25.8421903434,25.8717090647,26.1306849156,25.1785143822,25.1262214656,25.0742275508,24.6003136051,24.5156201989,25.3303206453,25.8062874334,27.8528056344,29.8077385971,31.1312699303,32.5958508543,33.2715806385,32.9781713474,34.7739375824,36.5155649114,36.5155649114,37.6254712995,38.3269968322,36.7876440789,37.2774845595,36.7708892325,35.9368836219,35.827922433,36.2622654516,35.3189152696,36.8244782543,38.9345300808,39.9689132659,43.2137109122,47.2577672429,49.8687433059,55.2468183236,59.0937364078,59.5383780116,59.5505360262,62.7627292093,63.5257143874,67.1867693072,71.2117898678,75.2321759823,77.905836103,78.4279676255,80.6434263029,81.8565357492,83.7703115241,86.4937382839,88.7081580402,89.917058488,92.9712490833,95.0966320956,95.6712910746,94.9452735994,94.8801944507,94.8801944507,96.3172662302,94.9917615431,91.6394017642,89.5134844141,85.5906504228,82.6510322764,78.6077368779,76.1786789134,72.6527023732,70.0182734638,67.8550683754,64.7818213436,62.6698823652,61.3417098361,58.4147297421,55.7467839594,53.3205758803,50.3000342756,47.7866131732,43.8282639188,40.8480504743,39.3639735097,36.8719603203,36.4071386703,36.7414486932,36.7715516074,36.6789468889,37.9052319068,38.4882318123,39.9304938463,39.2794666717,38.2584548409,36.8406255074,34.9061933587,34.0845861741,33.1625286124,33.2015974127,33.0204514706,31.7617460114,29.9320319661,28.6865539222,28.2263851638,26.9729207855,26.7896036735,27.6913224504,27.5435563454,28.185674633,28.8693062025,28.8108445069,30.0196069181,30.5915482932,30.6941295686,31.1816232229,31.6715533177,30.7392610572,30.1651056596,29.5570377599,28.2609973013,28.4049613556,28.3391097352,28.2663646159,29.3569480748,29.5873861306,29.7570575592,31.0643960102,31.1445010172,31.1077113638,32.163709922,31.7554938679,31.5392179433
359,2025-12-26T00:00:00,30.5514124134,29.405923186,29.1327733951,28.921935889,28.7521318062,28.6984137609,29.1325665049,28.7521318062,27.3403958947,27.5207670019,27.5270995702,26.8618823968,26.6514302846,27.1275820241,26.0410909309,26.0125168766,26.1367393927,25.7908964377,25.7982761181,26.0463548382,25.1262214656,25.1105160924,25.0742275508,24.6003136051,24.5156201989,25.3303206453,25.8745183632,27.8896344955,29.9098939173,31.1312699303,32.5958508543,33.0530614321,32.9726717864,34.7274772189,36.4160546412,36.4160546412,37.5033921176,38.2710314556,36.7177838942,37.0780317735,36.7458320747,35.827922433,35.6740913451,36.2104491496,35.2445203907,36.7381145822,38.6265199338,39.8792640896,43.1477632567,47.1140756508,49.8000041994,55.1200803115,58.8246249165,59.4844331665,59.5383780116,62.6667211074,63.4332051801,66.7301435037,71.0721526322,75.1745649452,76.8020694132,78.300606711,80.5787523546,81.8005722685,83.5981563421,86.252608887,88.6297878539,89.7621393353,92.8001779482,94.5588306574,95.6712910746,94.9452735994,94.8801944507,94.8801944507,96.3172662302,94.9256988131,91.0828959894,89.0783317014,85.0339596828,82.5557337808,78.5336999552,76.1012829064,72.5969263261,69.6764088028,67.7284502924,64.7066863643,62.5384019085,61.2877697033,58.2302765534,55.64555485,53.2805621562,50.1906651471,47.7751096505,43.5751211141,40.756427977,39.1584472883,36.7162841254,36.3631792274,36.6423725272,36.7414486932,36.6281994574,37.8671324665,38.4621332312,39.6512333404,39.1478243491,38.1881023707,36.8009396694,34.8650705851,33.8720162579,33.1394520072,33.1625286124,32.9839605756,31.6647478948,29.7514273838,28.6323496583,28.0750550925,26.9729207855,26.8407528491,27.7514137815,27.6085268227,28.2113644672,28.8693062025,28.7605552123,29.9829499794,30.5450457492,30.6700817237,31.16880295,31.6439336177,30.6277165288,30.128987042,29.4031627526,28.0093699684,28.2663646159,28.2663646159,28.2117081882,29.3305979156,29.5676366719,29.6381945057,31.0342485881,31.1445010172,31.1077113638,32.163709922,31.7603656747,31.5949171578
360,2025-12-27T00:00:00,30.6540770695,29.4500344313,29.2843121963,28.9451419826,28.7669936144,28.6984137609,29.1325665049,28.7521318062,27.4248689983,27.5207670019,27.5270995702,26.9284158234,26.7322273207,27.1869009977,26.1173665992,26.0457636405,26.1367393927,25.7309758802,25.7982761181,26.0463548382,25.1262214656,25.1105160924,25.1105160924,24.6003136051,24.5156201989,25.3303206453,25.8745183632,27.8528056344,29.8077385971,31.0642597104,32.5299041084,32.9987795853,32.9582433374,34.6156016332,36.2763869062,36.2763869062,37.4352488628,38.0786165835,36.7094753442,37.0099396509,36.7158691075,35.6740913451,35.6032727396,36.1659528011,35.0739997884,36.6673106647,38.5450379884,39.7656644549,43.054399829,46.480253289,49.6345521386,54.8739322836,58.7598869885,59.4589688889,59.4844331665,62.3676088339,63.1427811044,66.6475012527,70.9836609738,75.0260447669,76.4507928185,78.2438843065,80.5545379272,81.3520253842,83.5521291347,85.9018695227,88.5536901071,89.6636076712,92.4019658983,94.3021640576,95.4144142627,94.7376933423,94.7341543423,94.7341543423,95.9309992902,94.8851260448,90.8095196627,88.5404955636,84.8203054765,82.4532245587,78.325648158,76.0020462653,72.5492899943,69.5531238978,67.4613361005,64.6543166117,62.4773905472,60.7122030627,58.1086554628,55.4911156509,53.0149082061,50.0891675753,47.746297139,43.5087196068,40.7089043585,38.8728768175,36.6617243231,36.2098161503,36.5262565317,36.6789468889,36.5335578852,37.8295134018,38.4397755872,39.4616940678,39.1023112748,38.1615501753,36.7903771174,34.856719098,33.7976622426,33.0498548294,33.0543206854,32.954765999,31.6183773356,29.6475384378,28.5864926435,27.9863921977,26.8365737315,26.7896036735,27.6913224504,27.5435563454,28.185674633,28.848724939,28.7216681614,29.811563705,30.5192652863,30.563599359,31.0008472351,31.6357310484,30.5328086811,30.0236492862,29.3533039506,27.8857089581,28.2462602369,28.2663646159,28.2117081882,29.3305979156,29.5676366719,29.6381945057,30.9915356344,31.0643960102,31.0583780943,32.0427064046,31.7408784477,31.4972852202
361,2025-12-28T00:00:00,30.6327015067,29.4159026978,29.1327733951,28.921935889,28.7521318062,28.6838122397,29.0259606356,28.7178340271,27.3403958947,27.4468753654,27.4468753654,26.8618823968,26.6514302846,27.1275820241,26.0410909309,26.0125168766,26.1173665992,25.7035414461,25.7982761181,26.1306849156,25.2572156599,25.1675311302,25.214598503,24.7662229789,24.5156201989,25.3080070898,25.8062874334,27.83671078,29.7611711466,31.0304483922,32.4605102026,32.9830763966,32.8214889364,34.5448040407,36.1624954508,36.1624954508,37.4122203255,37.963407844,36.642127946,36.9727405359,36.665487037,35.6032727396,35.5875896233,36.1470943714,34.9895245231,36.5736853674,38.4026453326,39.6754216919,43.0000339827,46.2567240138,49.4672909452,54.7857687923,58.7407041472,59.4152928198,59.4589688889,62.2232724918,62.9977014548,65.9926747053,70.6616896227,74.8531323546,76.2849007639,77.905836103,79.9484491991,81.2293608982,83.5328751105,85.5993897563,88.2256351131,89.5593926817,92.2649600224,93.952653764,95.218327187,94.5931287974,94.5931287974,94.5931287974,95.7804305321,94.6287540745,90.6874931079,88.3591432532,84.7513832329,82.3355689575,78.0135987887,75.7472853903,72.5336209159,69.4159951043,67.2325723127,64.6342929658,62.3953205107,60.5099599272,58.051654244,55.4248357107,52.673806009,50.0568306187,47.7377663245,43.4074235354,40.4749797341,38.8011966003,36.6480635394,36.147526501,36.4883997021,36.6281994574,36.5048820362,37.5278991346,38.3020952879,39.2794666717,38.9943200094,38.0487310027,36.7271200573,34.8478605543,33.7976622426,33.0498548294,32.9654113219,32.9096674379,31.5882027419,29.6475384378,28.5864926435,27.8960268232,26.7896036735,26.7816791442,27.6511966624,27.5435563454,28.2113644672,28.8693062025,28.7605552123,29.811563705,30.5192652863,30.5192652863,30.8636457454,31.5788180714,30.3902261818,29.8083126435,29.3288172229,27.8154101459,28.2072034858,28.2663646159,28.2117081882,29.3305979156,29.5676366719,29.6381945057,30.974262017,31.0342485881,31.0342485881,31.8169467151,31.7179562277,31.371487051
362,2025-12-29T00:00:00,30.6469518819,29.4244356312,29.1327733951,28.921935889,28.7480394772,28.6780775544,28.9395337877,28.6908623984,27.2948522306,27.3414698725,27.3515834908,26.8266658514,26.6308754278,26.9544576121,26.0113486992,25.9766184683,26.0457636405,25.6776268044,25.7309758802,26.0463548382,25.1785143822,25.1262214656,25.1333424991,24.6003136051,24.4258556546,25.2178643077,25.7813495938,27.7634968482,29.7241640299,30.9883418667,32.2680243592,32.9742605739,32.7850471039,34.500147218,36.1144865275,36.1144865275,37.3456769956,37.8956112561,36.5277749324,36.7876440789,36.6312505434,35.5924806641,35.5417165046,36.1253818303,34.925266464,36.5736853674,38.5450379884,39.7656644549,43.054399829,46.480253289,49.4672909452,54.7372736134,58.6981601771,59.3831917775,59.4152928198,61.6007476321,62.9141873125,65.7505608387,70.4292691242,74.6364177703,75.9957196802,76.8747641634,79.7053737459,81.0798446103,83.5280762655,85.4585469684,87.8661941021,89.4941991648,92.1658775094,93.7223335686,94.9525236457,94.4572892009,93.861037167,93.861037167,95.2725076267,94.460523602,90.2787570354,88.1111980033,84.7264174221,82.179269578,77.6323213209,75.5438186438,72.4221420932,69.2972603668,66.9148339437,64.5523478129,62.1870702549,60.4379631432,57.8219133668,55.3682608328,52.5636613425,50.0224932563,47.5836097971,43.2686629856,40.3943109632,38.5717810165,36.6244463192,36.0286210506,36.4824937647,36.5262565317,36.4883997021,37.4352552123,38.2497148219,39.2794666717,39.1023112748,38.1615501753,36.7903771174,34.856719098,33.7976622426,33.0101226434,32.9096674379,32.8149884541,31.5143391043,29.6105958367,28.5471477021,27.8721993825,26.7816791442,26.7523805263,27.6376236556,27.4260550605,28.2113644672,28.8693062025,28.7605552123,29.811563705,30.5192652863,30.5118113714,30.8392387412,31.470169568,30.2963260125,29.7951243463,29.3288172229,27.7436979277,28.0418299096,28.2085453145,28.1985654737,29.2879463867,29.4959957022,29.6123630154,30.828585729,30.9915356344,30.9915356344,31.7457502544,31.6919698568,31.2803051218
363,2025-12-30T00:00:00,30.6255763191,29.4044766075,29.0900987095,28.8369602804,28.6984137609,28.6064370803,28.8417547898,28.5217627848,27.0968826981,27.2948522306,27.2973806352,26.7322273207,26.6245786894,26.8618823968,25.9766184683,25.9766184683,26.0457636405,25.6776268044,25.7309758802,26.0463548382,25.1262214656,25.1105160924,25.1105160924,24.5396235308,24.338168402,25.189733999,25.7199200426,27.7091280123,29.7129601777,30.9254620761,32.2052134433,32.9726717864,32.7797279884,34.4758817696,36.02347404,36.02347404,37.2112533167,37.8283903499,36.4594150765,36.7177838942,36.5558570568,35.5872165345,35.4479234786,36.1116054042,34.7800509006,36.3829226,38.4026453326,39.6754216919,43.0000339827,46.2567240138,49.413323635,54.3271187646,58.6016670201,59.3358969046,59.3831917775,61.4014693558,62.7869746914,65.6814918679,70.1870294036,74.5366786279,75.8007072537,76.5649210586,79.6727195675,81.0255782539,83.4047459166,85.400579898,87.7785800914,89.4063151892,91.8170218165,93.5942520228,94.7376933423,93.9845919542,93.4606698836,93.4000199519,94.9649999758,93.6866772398,89.9970564998,87.8572971863,84.6779863562,82.0845877075,77.4897415091,75.3899214469,72.3302144831,69.1116077329,66.101623906,64.1824296339,62.0650432059,60.09410477,57.5141332451,55.1942271831,52.4777997804,49.8463354777,47.3582453484,43.1480843682,40.2999557638,38.4174386423,36.6244463192,36.0286210506,36.4824937647,36.6281994574,36.5048820362,37.4352552123,38.2497148219,39.2794666717,38.9943200094,38.0487310027,36.7271200573,34.8478605543,33.7883167893,32.960798983,32.8149884541,32.5729479126,31.4550716453,29.5898161406,28.5285458049,27.719459696,26.7523805263,26.7239761348,27.5504565715,27.3000366437,28.185674633,28.848724939,28.7216681614,29.701248248,30.5118113714,30.4497991254,30.8392387412,31.470169568,30.2963260125,29.7951243463,29.3288172229,27.697447732,27.9609550264,28.0418299096,28.0418299096,29.2369587909,29.4590078006,29.5873861306,30.6478284988,30.974262017,30.8428470359,31.7179562277,31.6590408239,31.2064313125
364,2025-12-31T00:00:00,30.5514124134,29.3711807031,29.0298451525,28.7644001252,28.6838122397,28.4927430054,28.8172655178,28.471103029,27.0283537177,27.2815335778,27.2815335778,26.6514302846,26.5556940908,26.7378095305,25.9135601289,25.9365156036,26.0125168766,25.6548321914,25.7035414461,25.9485511928,25.1105160924,25.1018490656,25.1105160924,24.5396235308,24.338168402,25.189733999,25.7199200426,27.5636338457,29.6373560582,30.7651767819,32.1456686913,32.9582433374,32.76572751,34.3319313457,35.882375175,35.882375175,36.8054330931,37.7706482032,36.2672589328,36.7094753442,36.4664356076,35.5417165046,35.417808704,36.0774077648,34.7165540199,36.308679155,38.4026453326,39.6633893424,42.9876633375,46.1593227649,49.2731650672,54.1836267939,58.3256166145,59.2000722168,59.3358969046,61.3424263864,62.6667211074,65.6293443706,70.0907480952,74.4303457849,75.6901414571,76.4507928185,79.5654112516,80.8635676581,83.2069425873,85.337397634,87.3554487178,89.0095725355,91.727596854,93.4380824453,94.4836392678,93.7223335686,93.2942810606,93.2791185777,94.8992820449,93.3630709157,89.8557885253,87.6127441304,84.6497492057,81.574116588,77.3593894675,75.3011399421,72.0618874318,68.8518714101,65.8035131544,64.0503322432,61.6280869881,59.6565994027,57.4272596569,54.917166477,52.2658718276,49.7447946404,47.1363842346,43.0516467423,40.2460534802,38.3401456945,36.5725417791,35.9701928248,36.4436173878,36.5262565317,36.4883997021,37.4201819349,38.1881023707,39.1257814913,38.9622071205,37.9997769818,36.5837702075,34.8450677906,33.7718885663,32.9096674379,32.5729479126,32.5154273349,31.408601072,29.5898161406,28.5285458049,27.6511966624,26.7239761348,26.7239761348,27.5504565715,27.3000366437,28.185674633,28.848724939,28.5315300469,29.5572270768,30.4497991254,30.4497991254,30.8606713347,31.470169568,30.3902261818,29.9465201359,29.3288172229,27.4992692991,27.8857089581,27.9609550264,27.9609550264,29.117764782,29.3896344741,29.5749360183,30.5525478494,30.828585729,30.7957319837,31.6852179182,31.6194844808,31.1997963113
